{
  "type": "FeatureCollection",
  "features": [
    {
      "type": "Feature",
      "geometry": {
        "type": "MultiPolygon",
        "coordinates": [
          [
            [
              [
                52.00278306694698,
                71.06937537455643
              ],
              [
                52.002139303067814,
                71.06920756235456
              ],
              [
                52.00297748794397,
                71.06884954699555
              ],
              [
                52.003406659475665,
                71.06896142003747
              ],
              [
                52.002903754196254,
                71.06917623098732
              ],
              [
                52.00311834278526,
                71.06923216770839
              ],
              [
                52.00278306694698,
                71.06937537455643
              ]
            ]
          ]
        ]
      },
      "properties": {
        "id": "3ba504936e891703",
        "class": "floe_instance_candidate",
        "ice_identity": "optical_candidate",
        "grounding": "unverified",
        "confirmed_stamukha": false,
        "confidence": "low",
        "review_status": "unreviewed",
        "region": "barents",
        "observed_at": "2026-02-25T09:00:06.641000Z",
        "source_id": "S2C_T39WWU_20260225T085937_L2A",
        "source_collection": "sentinel-2-c1-l2a",
        "source_level": "L2A",
        "area_m2": 1200.0,
        "equivalent_diameter_m": 39.09,
        "longitude": 52.0027847,
        "latitude": 71.0691164,
        "truncated": false,
        "minimum_threshold_iou": 0.632,
        "threshold_stable": true,
        "inferred_boundary_fraction": 0.0,
        "touching_floes_may_be_split": false,
        "isolated_stable_candidate": true,
        "low_sun": true,
        "sun_elevation_deg": 10.2149731551564,
        "processing_method": "distance_watershed_experimental_v1",
        "native_green_m": 10,
        "native_swir_m": 20,
        "notice": "Candidate outline; shape splitting can divide one floe or merge multiple floes; 30 m completeness unvalidated"
      }
    },
    {
      "type": "Feature",
      "geometry": {
        "type": "MultiPolygon",
        "coordinates": [
          [
            [
              [
                51.87678760654045,
                71.02614835424944
              ],
              [
                51.875932666844726,
                71.02592395964945
              ],
              [
                51.87643585916227,
                71.02570950659434
              ],
              [
                51.87664959129028,
                71.02576560504276
              ],
              [
                51.876817319253774,
                71.02569412014364
              ],
              [
                51.877031052326856,
                71.0257502181175
              ],
              [
                51.87719877873269,
                71.02567873284312
              ],
              [
                51.878267461336996,
                71.02595921762351
              ],
              [
                51.877764282960285,
                71.02617367597468
              ],
              [
                51.877336804326404,
                71.0260614816594
              ],
              [
                51.87716907508536,
                71.02613296702603
              ],
              [
                51.87695533733921,
                71.02607686925799
              ],
              [
                51.87678760654045,
                71.02614835424944
              ]
            ]
          ]
        ]
      },
      "properties": {
        "id": "21ee2d1e52120acd",
        "class": "floe_instance_candidate",
        "ice_identity": "optical_candidate",
        "grounding": "unverified",
        "confirmed_stamukha": false,
        "confidence": "low",
        "review_status": "unreviewed",
        "region": "barents",
        "observed_at": "2026-02-25T09:00:06.641000Z",
        "source_id": "S2C_T39WWU_20260225T085937_L2A",
        "source_collection": "sentinel-2-c1-l2a",
        "source_level": "L2A",
        "area_m2": 2700.0,
        "equivalent_diameter_m": 58.63,
        "longitude": 51.877095,
        "latitude": 71.0259274,
        "truncated": false,
        "minimum_threshold_iou": 0.628,
        "threshold_stable": true,
        "inferred_boundary_fraction": 0.0,
        "touching_floes_may_be_split": false,
        "isolated_stable_candidate": true,
        "low_sun": true,
        "sun_elevation_deg": 10.2149731551564,
        "processing_method": "distance_watershed_experimental_v1",
        "native_green_m": 10,
        "native_swir_m": 20,
        "notice": "Candidate outline; shape splitting can divide one floe or merge multiple floes; 30 m completeness unvalidated"
      }
    },
    {
      "type": "Feature",
      "geometry": {
        "type": "MultiPolygon",
        "coordinates": [
          [
            [
              [
                51.8971109005973,
                71.01438921348077
              ],
              [
                51.8966835715072,
                71.0142770653778
              ],
              [
                51.89685112427799,
                71.014205559581
              ],
              [
                51.89663746191422,
                71.01414948532496
              ],
              [
                51.89680501374215,
                71.01407797955898
              ],
              [
                51.89701867579914,
                71.01413405361217
              ],
              [
                51.89735377509254,
                71.0139910411586
              ],
              [
                51.898208433362214,
                71.01421533303302
              ],
              [
                51.89787333652344,
                71.0143583471092
              ],
              [
                51.8976596694679,
                71.01430227414232
              ],
              [
                51.89749211886719,
                71.0143737807196
              ],
              [
                51.89727845275448,
                71.01431770727832
              ],
              [
                51.8971109005973,
                71.01438921348077
              ]
            ]
          ]
        ]
      },
      "properties": {
        "id": "b289e3b7d96a7834",
        "class": "floe_instance_candidate",
        "ice_identity": "optical_candidate",
        "grounding": "unverified",
        "confirmed_stamukha": false,
        "confidence": "low",
        "review_status": "unreviewed",
        "region": "barents",
        "observed_at": "2026-02-25T09:00:06.641000Z",
        "source_id": "S2C_T39WWU_20260225T085937_L2A",
        "source_collection": "sentinel-2-c1-l2a",
        "source_level": "L2A",
        "area_m2": 1400.0,
        "equivalent_diameter_m": 42.22,
        "longitude": 51.8973903,
        "latitude": 71.0142068,
        "truncated": false,
        "minimum_threshold_iou": 0.667,
        "threshold_stable": true,
        "inferred_boundary_fraction": 0.0,
        "touching_floes_may_be_split": false,
        "isolated_stable_candidate": true,
        "low_sun": true,
        "sun_elevation_deg": 10.2149731551564,
        "processing_method": "distance_watershed_experimental_v1",
        "native_green_m": 10,
        "native_swir_m": 20,
        "notice": "Candidate outline; shape splitting can divide one floe or merge multiple floes; 30 m completeness unvalidated"
      }
    },
    {
      "type": "Feature",
      "geometry": {
        "type": "MultiPolygon",
        "coordinates": [
          [
            [
              [
                51.871542045913,
                71.0083678271636
              ],
              [
                51.870474441780075,
                71.0080872927013
              ],
              [
                51.870642038169784,
                71.00801581186884
              ],
              [
                51.870428521396065,
                71.00795970436523
              ],
              [
                51.8705961168421,
                71.00788822356347
              ],
              [
                51.87016908765285,
                71.0077760081479
              ],
              [
                51.87050427601941,
                71.00763304683919
              ],
              [
                51.87029076390928,
                71.00757693913005
              ],
              [
                51.87062594789043,
                71.00743397753841
              ],
              [
                51.87019892863905,
                71.00732176211739
              ],
              [
                51.870534108845746,
                71.00717880064843
              ],
              [
                51.87074761723608,
                71.00723490808902
              ],
              [
                51.87091520516047,
                71.00716342689354
              ],
              [
                51.872409796727105,
                71.00755616996133
              ],
              [
                51.872242210941046,
                71.00762765257633
              ],
              [
                51.87266924895528,
                71.00773986284516
              ],
              [
                51.87283683413028,
                71.00766837982457
              ],
              [
                51.87326387652967,
                71.00778058860249
              ],
              [
                51.87359904191031,
                71.00763762123378
              ],
              [
                51.872744964552105,
                71.00741320421498
              ],
              [
                51.87291254659108,
                71.00734172108362
              ],
              [
                51.87269903067961,
                71.0072856163534
              ],
              [
                51.87303419162161,
                71.00714264997997
              ],
              [
                51.87324770692201,
                71.00719875430461
              ],
              [
                51.873415285214,
                71.00712727065695
              ],
              [
                51.87384231895065,
                71.00723947808667
              ],
              [
                51.873674741269774,
                71.00731096213993
              ],
              [
                51.87388826031714,
                71.00736706565058
              ],
              [
                51.873720681692845,
                71.0074385497345
              ],
              [
                51.87393420229479,
                71.00749465317665
              ],
              [
                51.87376662272707,
                71.00756613729128
              ],
              [
                51.87398014488362,
                71.00762224066486
              ],
              [
                51.87364498261221,
                71.00776520878337
              ],
              [
                51.87407203189479,
                71.00787741552773
              ],
              [
                51.8739044494967,
                71.0079488997344
              ],
              [
                51.87411797631719,
                71.00800500290237
              ],
              [
                51.87395039297561,
                71.00807648713975
              ],
              [
                51.874163921350785,
                71.00813259023917
              ],
              [
                51.873996337065726,
                71.00820407450723
              ],
              [
                51.87420986699561,
                71.00826017753813
              ],
              [
                51.87404228176706,
                71.00833166183688
              ],
              [
                51.874255813251686,
                71.00838776479922
              ],
              [
                51.87408822707962,
                71.00845924912869
              ],
              [
                51.87387469528938,
                71.00840314596354
              ],
              [
                51.873707107562566,
                71.00847462991808
              ],
              [
                51.872852991670555,
                71.00825021373292
              ],
              [
                51.872685401472275,
                71.00832169670416
              ],
              [
                51.87247187531655,
                71.0082655917767
              ],
              [
                51.87230428356358,
                71.00833707437302
              ],
              [
                51.872090758351455,
                71.00828096897146
              ],
              [
                51.87192316504382,
                71.00835245119285
              ],
              [
                51.8717096407753,
                71.00829634531715
              ],
              [
                51.871542045913,
                71.0083678271636
              ]
            ]
          ]
        ]
      },
      "properties": {
        "id": "5c5766627b608d0f",
        "class": "floe_instance_candidate",
        "ice_identity": "optical_candidate",
        "grounding": "unverified",
        "confirmed_stamukha": false,
        "confidence": "low",
        "review_status": "unreviewed",
        "region": "barents",
        "observed_at": "2026-02-25T09:00:06.641000Z",
        "source_id": "S2C_T39WWU_20260225T085937_L2A",
        "source_collection": "sentinel-2-c1-l2a",
        "source_level": "L2A",
        "area_m2": 13400.0,
        "equivalent_diameter_m": 130.62,
        "longitude": 51.8722137,
        "latitude": 71.007821,
        "truncated": false,
        "minimum_threshold_iou": 0.754,
        "threshold_stable": true,
        "inferred_boundary_fraction": 0.0,
        "touching_floes_may_be_split": false,
        "isolated_stable_candidate": true,
        "low_sun": true,
        "sun_elevation_deg": 10.2149731551564,
        "processing_method": "distance_watershed_experimental_v1",
        "native_green_m": 10,
        "native_swir_m": 20,
        "notice": "Candidate outline; shape splitting can divide one floe or merge multiple floes; 30 m completeness unvalidated"
      }
    },
    {
      "type": "Feature",
      "geometry": {
        "type": "MultiPolygon",
        "coordinates": [
          [
            [
              [
                51.9623521081266,
                71.02409913752673
              ],
              [
                51.962138143957155,
                71.02404314592096
              ],
              [
                51.962305537787145,
                71.02397157720678
              ],
              [
                51.961877613818835,
                71.02385959358433
              ],
              [
                51.962045007018524,
                71.0237880251042
              ],
              [
                51.961403131372364,
                71.0236200482377
              ],
              [
                51.96157052425166,
                71.02354848019442
              ],
              [
                51.96114261402494,
                71.02343649466155
              ],
              [
                51.9613100062739,
                71.02336492685228
              ],
              [
                51.96109605334566,
                71.0233089338804
              ],
              [
                51.96092866078681,
                71.02338050148687
              ],
              [
                51.95964496761107,
                71.02304453672366
              ],
              [
                51.959477571942955,
                71.02311610294161
              ],
              [
                51.9588357413024,
                71.02294811627762
              ],
              [
                51.959003137899906,
                71.02287655066807
              ],
              [
                51.958575257676344,
                71.0227645586037
              ],
              [
                51.95874265364332,
                71.02269299322815
              ],
              [
                51.95895659282028,
                71.0227489891936
              ],
              [
                51.959123987227386,
                71.02267742344362
              ],
              [
                51.95933792734464,
                71.02273341893414
              ],
              [
                51.959505320191866,
                71.02266185280975
              ],
              [
                51.95971926124941,
                71.02271784782532
              ],
              [
                51.96055620518558,
                71.02236001361514
              ],
              [
                51.96098408795253,
                71.0224720008018
              ],
              [
                51.961151472369956,
                71.02240043303935
              ],
              [
                51.96222119961353,
                71.02268039522944
              ],
              [
                51.96238858123145,
                71.02260882628136
              ],
              [
                51.96260253012036,
                71.02266481770013
              ],
              [
                51.9627699101783,
                71.02259324837765
              ],
              [
                51.962983860007306,
                71.02264923932147
              ],
              [
                51.963151238505276,
                71.02257766962461
              ],
              [
                51.96422100485097,
                71.0228576192471
              ],
              [
                51.96405362790292,
                71.02292918995798
              ],
              [
                51.96448154381154,
                71.02304116830742
              ],
              [
                51.96431416623347,
                71.02311273925227
              ],
              [
                51.96452812637292,
                71.02316872822152
              ],
              [
                51.96419336808657,
                71.02331187000213
              ],
              [
                51.96440733009618,
                71.02336785910482
              ],
              [
                51.96407256742946,
                71.0235110006047
              ],
              [
                51.96428653130926,
                71.0235669898408
              ],
              [
                51.96395176426207,
                71.02371013105997
              ],
              [
                51.96373779976221,
                71.02365414141825
              ],
              [
                51.96306824942572,
                71.02394042098618
              ],
              [
                51.962854284936,
                71.02388443026102
              ],
              [
                51.9623521081266,
                71.02409913752673
              ]
            ]
          ]
        ]
      },
      "properties": {
        "id": "24bc8fbfde78b4e6",
        "class": "floe_instance_candidate",
        "ice_identity": "optical_candidate",
        "grounding": "unverified",
        "confirmed_stamukha": false,
        "confidence": "low",
        "review_status": "unreviewed",
        "region": "barents",
        "observed_at": "2026-02-25T09:00:06.641000Z",
        "source_id": "S2C_T39WWU_20260225T085937_L2A",
        "source_collection": "sentinel-2-c1-l2a",
        "source_level": "L2A",
        "area_m2": 20200.0,
        "equivalent_diameter_m": 160.37,
        "longitude": 51.9619935,
        "latitude": 71.0231194,
        "truncated": false,
        "minimum_threshold_iou": 0.783,
        "threshold_stable": true,
        "inferred_boundary_fraction": 0.0,
        "touching_floes_may_be_split": false,
        "isolated_stable_candidate": true,
        "low_sun": true,
        "sun_elevation_deg": 10.2149731551564,
        "processing_method": "distance_watershed_experimental_v1",
        "native_green_m": 10,
        "native_swir_m": 20,
        "notice": "Candidate outline; shape splitting can divide one floe or merge multiple floes; 30 m completeness unvalidated"
      }
    },
    {
      "type": "Feature",
      "geometry": {
        "type": "MultiPolygon",
        "coordinates": [
          [
            [
              [
                51.89214259653661,
                71.0038462198572
              ],
              [
                51.89150200058243,
                71.00367797591493
              ],
              [
                51.8916694801007,
                71.00360647400163
              ],
              [
                51.89124242298535,
                71.00349431042187
              ],
              [
                51.89140990186776,
                71.00342280874207
              ],
              [
                51.89119637548875,
                71.0033667267478
              ],
              [
                51.891363853429056,
                71.00329522509878
              ],
              [
                51.89157737950185,
                71.00335130689034
              ],
              [
                51.89174485588767,
                71.00327980486666
              ],
              [
                51.892812503444794,
                71.00356020873978
              ],
              [
                51.89264502859022,
                71.00363171177706
              ],
              [
                51.892858562152824,
                71.00368779194018
              ],
              [
                51.89269108635623,
                71.00375929500822
              ],
              [
                51.89290462147343,
                71.00381537510263
              ],
              [
                51.89273714473479,
                71.00388687820144
              ],
              [
                51.89231007513615,
                71.00377471733574
              ],
              [
                51.89214259653661,
                71.0038462198572
              ]
            ]
          ]
        ]
      },
      "properties": {
        "id": "20419132392b2785",
        "class": "floe_instance_candidate",
        "ice_identity": "optical_candidate",
        "grounding": "unverified",
        "confirmed_stamukha": false,
        "confidence": "low",
        "review_status": "unreviewed",
        "region": "barents",
        "observed_at": "2026-02-25T09:00:06.641000Z",
        "source_id": "S2C_T39WWU_20260225T085937_L2A",
        "source_collection": "sentinel-2-c1-l2a",
        "source_level": "L2A",
        "area_m2": 2200.0,
        "equivalent_diameter_m": 52.93,
        "longitude": 51.8920636,
        "latitude": 71.0035788,
        "truncated": false,
        "minimum_threshold_iou": 0.773,
        "threshold_stable": true,
        "inferred_boundary_fraction": 0.0,
        "touching_floes_may_be_split": false,
        "isolated_stable_candidate": true,
        "low_sun": true,
        "sun_elevation_deg": 10.2149731551564,
        "processing_method": "distance_watershed_experimental_v1",
        "native_green_m": 10,
        "native_swir_m": 20,
        "notice": "Candidate outline; shape splitting can divide one floe or merge multiple floes; 30 m completeness unvalidated"
      }
    },
    {
      "type": "Feature",
      "geometry": {
        "type": "MultiPolygon",
        "coordinates": [
          [
            [
              [
                51.969188948833406,
                71.02427285829224
              ],
              [
                51.96897496275139,
                71.02421687524203
              ],
              [
                51.96914233256622,
                71.02414529986665
              ],
              [
                51.96871436477323,
                71.0240333333552
              ],
              [
                51.96888173395842,
                71.02396175821389
              ],
              [
                51.96823979257575,
                71.02379380701348
              ],
              [
                51.96807242245986,
                71.02386538154637
              ],
              [
                51.967644467168306,
                71.02375341231273
              ],
              [
                51.96881603607041,
                71.023252389819
              ],
              [
                51.968602062471255,
                71.02319640621347
              ],
              [
                51.96876942476722,
                71.02312483108808
              ],
              [
                51.96898339805614,
                71.02318081449081
              ],
              [
                51.96915075879183,
                71.02310923899107
              ],
              [
                51.97000666320693,
                71.02333316906865
              ],
              [
                51.96983930371226,
                71.0234047453796
              ],
              [
                51.97005328325144,
                71.02346072742124
              ],
              [
                51.96988592281699,
                71.02353230376342
              ],
              [
                51.97009990391652,
                71.02358828573564
              ],
              [
                51.969932542542296,
                71.02365986210907
              ],
              [
                51.970146525202196,
                71.02371584401186
              ],
              [
                51.969979162888166,
                71.02378742041654
              ],
              [
                51.97019314710846,
                71.02384340224992
              ],
              [
                51.96952368659235,
                71.02412970696436
              ],
              [
                51.96973767330397,
                71.0241856893367
              ],
              [
                51.96957030535987,
                71.02425726528924
              ],
              [
                51.969356318337965,
                71.02420128271406
              ],
              [
                51.969188948833406,
                71.02427285829224
              ]
            ]
          ]
        ]
      },
      "properties": {
        "id": "27ecbe1d5e7dec39",
        "class": "floe_instance_candidate",
        "ice_identity": "optical_candidate",
        "grounding": "unverified",
        "confirmed_stamukha": false,
        "confidence": "low",
        "review_status": "unreviewed",
        "region": "barents",
        "observed_at": "2026-02-25T09:00:06.641000Z",
        "source_id": "S2C_T39WWU_20260225T085937_L2A",
        "source_collection": "sentinel-2-c1-l2a",
        "source_level": "L2A",
        "area_m2": 6200.0,
        "equivalent_diameter_m": 88.85,
        "longitude": 51.9691197,
        "latitude": 71.0236649,
        "truncated": false,
        "minimum_threshold_iou": 0.816,
        "threshold_stable": true,
        "inferred_boundary_fraction": 0.0,
        "touching_floes_may_be_split": false,
        "isolated_stable_candidate": true,
        "low_sun": true,
        "sun_elevation_deg": 10.2149731551564,
        "processing_method": "distance_watershed_experimental_v1",
        "native_green_m": 10,
        "native_swir_m": 20,
        "notice": "Candidate outline; shape splitting can divide one floe or merge multiple floes; 30 m completeness unvalidated"
      }
    },
    {
      "type": "Feature",
      "geometry": {
        "type": "MultiPolygon",
        "coordinates": [
          [
            [
              [
                51.954194304835966,
                71.01977157287348
              ],
              [
                51.953980412800625,
                71.0197155706987
              ],
              [
                51.954147799295924,
                71.01964400947223
              ],
              [
                51.95372001959341,
                71.01953200471206
              ],
              [
                51.95405479007266,
                71.01938888255539
              ],
              [
                51.953840902714894,
                71.01933288017277
              ],
              [
                51.95400828638942,
                71.01926131903979
              ],
              [
                51.95379440059079,
                71.0192053165879
              ],
              [
                51.95396178332507,
                71.01913375548605
              ],
              [
                51.95374789908557,
                71.0190777529649
              ],
              [
                51.95358051604185,
                71.01914931386398
              ],
              [
                51.953152750693015,
                71.01903730759997
              ],
              [
                51.953989656509336,
                71.01867950341617
              ],
              [
                51.95484518601689,
                71.01890351080044
              ],
              [
                51.9546778085907,
                71.01897507279153
              ],
              [
                51.955961142198184,
                71.01931107692292
              ],
              [
                51.95512424560718,
                71.01966889038754
              ],
              [
                51.95491035200084,
                71.01961288936522
              ],
              [
                51.954575583997396,
                71.01975601314417
              ],
              [
                51.95436169102179,
                71.01970001144423
              ],
              [
                51.954194304835966,
                71.01977157287348
              ]
            ]
          ]
        ]
      },
      "properties": {
        "id": "b65360a0ce47b240",
        "class": "floe_instance_candidate",
        "ice_identity": "optical_candidate",
        "grounding": "unverified",
        "confirmed_stamukha": false,
        "confidence": "low",
        "review_status": "unreviewed",
        "region": "barents",
        "observed_at": "2026-02-25T09:00:06.641000Z",
        "source_id": "S2C_T39WWU_20260225T085937_L2A",
        "source_collection": "sentinel-2-c1-l2a",
        "source_level": "L2A",
        "area_m2": 5800.0,
        "equivalent_diameter_m": 85.93,
        "longitude": 51.9545161,
        "latitude": 71.0192451,
        "truncated": false,
        "minimum_threshold_iou": 0.716,
        "threshold_stable": true,
        "inferred_boundary_fraction": 0.0,
        "touching_floes_may_be_split": false,
        "isolated_stable_candidate": true,
        "low_sun": true,
        "sun_elevation_deg": 10.2149731551564,
        "processing_method": "distance_watershed_experimental_v1",
        "native_green_m": 10,
        "native_swir_m": 20,
        "notice": "Candidate outline; shape splitting can divide one floe or merge multiple floes; 30 m completeness unvalidated"
      }
    },
    {
      "type": "Feature",
      "geometry": {
        "type": "MultiPolygon",
        "coordinates": [
          [
            [
              [
                51.96671249054346,
                71.02120222606936
              ],
              [
                51.96628460265567,
                71.02109025297109
              ],
              [
                51.96695400539654,
                71.02080395955358
              ],
              [
                51.966740064567546,
                71.02074797340728
              ],
              [
                51.967074759059564,
                71.02060482607473
              ],
              [
                51.966860820100436,
                71.02054884006185
              ],
              [
                51.96702816578192,
                71.02047726634106
              ],
              [
                51.966814228382546,
                71.02042128025877
              ],
              [
                51.966981573124386,
                71.02034970656918
              ],
              [
                51.966125837264,
                71.02012576032955
              ],
              [
                51.96629318199627,
                71.02005418727948
              ],
              [
                51.966079251465366,
                71.01999820024196
              ],
              [
                51.966246595258,
                71.01992662722314
              ],
              [
                51.96603266628676,
                71.01987064011622
              ],
              [
                51.9663673507431,
                71.01972749396946
              ],
              [
                51.966153423641494,
                71.01967150699592
              ],
              [
                51.966488103719385,
                71.01952836056849
              ],
              [
                51.96627417848737,
                71.01947237372835
              ],
              [
                51.966943524888215,
                71.01918607962605
              ],
              [
                51.96672960214578,
                71.0191300933248
              ],
              [
                51.96689693593213,
                71.01905851957314
              ],
              [
                51.96668301474923,
                71.0190025332025
              ],
              [
                51.967017679193376,
                71.01885938559008
              ],
              [
                51.966803759879994,
                71.01880339935282
              ],
              [
                51.96730574810505,
                71.01858867725596
              ],
              [
                51.966877915086684,
                71.0184767051815
              ],
              [
                51.967212568896095,
                71.01833355707029
              ],
              [
                51.967426484160555,
                71.0183895428381
              ],
              [
                51.967761132352244,
                71.0182463936353
              ],
              [
                51.96861680342412,
                71.01847033236314
              ],
              [
                51.96844948119315,
                71.01854190786129
              ],
              [
                51.968663402394746,
                71.01859789206564
              ],
              [
                51.96849607922439,
                71.01866946759502
              ],
              [
                51.96871000198549,
                71.01872545172995
              ],
              [
                51.96837535251653,
                71.01886860267965
              ],
              [
                51.96858927714726,
                71.01892458694795
              ],
              [
                51.968087294502865,
                71.01913931269432
              ],
              [
                51.96872907868278,
                71.01930726569107
              ],
              [
                51.96856174956584,
                71.01937884120505
              ],
              [
                51.96898961255366,
                71.0194908089143
              ],
              [
                51.968822282807395,
                71.01956238466227
              ],
              [
                51.96903621648575,
                71.0196183683114
              ],
              [
                51.96886888580001,
                71.01968994409062
              ],
              [
                51.96908282103807,
                71.01974592767033
              ],
              [
                51.968915489412865,
                71.0198175034808
              ],
              [
                51.969557303555014,
                71.0199854531952
              ],
              [
                51.9697246342498,
                71.0199138767765
              ],
              [
                51.970152515972295,
                71.0200258414864
              ],
              [
                51.970319844797125,
                71.01995426449061
              ],
              [
                51.97010590362125,
                71.01989828247451
              ],
              [
                51.970440558142485,
                71.01975512837393
              ],
              [
                51.970868440503075,
                71.01986709132292
              ],
              [
                51.97070111448764,
                71.0199386688645
              ],
              [
                51.971129002466995,
                71.0200506311303
              ],
              [
                51.97096167582239,
                71.02012220890586
              ],
              [
                51.97074773089769,
                71.0200662277063
              ],
              [
                51.97058040269325,
                71.0201378051076
              ],
              [
                51.970366458707964,
                71.02008182343309
              ],
              [
                51.9701991289437,
                71.0201534004601
              ],
              [
                51.97041307323918,
                71.02020938233736
              ],
              [
                51.97024574253548,
                71.02028095939563
              ],
              [
                51.970887583850406,
                71.02044890400262
              ],
              [
                51.970720252827675,
                71.02052048149764
              ],
              [
                51.97093420274219,
                71.0205764626917
              ],
              [
                51.97076687078002,
                71.02064804021798
              ],
              [
                51.970980822254454,
                71.02070402134261
              ],
              [
                51.97064615520149,
                71.02084717628614
              ],
              [
                51.9708601085461,
                71.0209031575441
              ],
              [
                51.970190760684396,
                71.02118946618397
              ],
              [
                51.969976806098884,
                71.0211334841149
              ],
              [
                51.96964212404906,
                71.02127663700013
              ],
              [
                51.96921421738654,
                71.02116467123437
              ],
              [
                51.969046873866596,
                71.02123624701414
              ],
              [
                51.96861897158285,
                71.02112427975408
              ],
              [
                51.96845162619279,
                71.02119585495674
              ],
              [
                51.96823767661544,
                71.02113987071567
              ],
              [
                51.96807032966546,
                71.02121144554405
              ],
              [
                51.96764243363985,
                71.02109947583982
              ],
              [
                51.96747508481985,
                71.02117105009107
              ],
              [
                51.96726113837163,
                71.02111506462792
              ],
              [
                51.96709378799174,
                71.02118663850487
              ],
              [
                51.966879842483216,
                71.02113065256675
              ],
              [
                51.96671249054346,
                71.02120222606936
              ]
            ]
          ]
        ]
      },
      "properties": {
        "id": "8c61e597c506ffa9",
        "class": "floe_instance_candidate",
        "ice_identity": "optical_candidate",
        "grounding": "unverified",
        "confirmed_stamukha": false,
        "confidence": "low",
        "review_status": "unreviewed",
        "region": "barents",
        "observed_at": "2026-02-25T09:00:06.641000Z",
        "source_id": "S2C_T39WWU_20260225T085937_L2A",
        "source_collection": "sentinel-2-c1-l2a",
        "source_level": "L2A",
        "area_m2": 33100.0,
        "equivalent_diameter_m": 205.29,
        "longitude": 51.9682919,
        "latitude": 71.0200483,
        "truncated": false,
        "minimum_threshold_iou": 0.894,
        "threshold_stable": true,
        "inferred_boundary_fraction": 0.0,
        "touching_floes_may_be_split": false,
        "isolated_stable_candidate": true,
        "low_sun": true,
        "sun_elevation_deg": 10.2149731551564,
        "processing_method": "distance_watershed_experimental_v1",
        "native_green_m": 10,
        "native_swir_m": 20,
        "notice": "Candidate outline; shape splitting can divide one floe or merge multiple floes; 30 m completeness unvalidated"
      }
    },
    {
      "type": "Feature",
      "geometry": {
        "type": "MultiPolygon",
        "coordinates": [
          [
            [
              [
                51.9784733324607,
                70.99728695062932
              ],
              [
                51.97804590915309,
                70.99717500272062
              ],
              [
                51.97821300931121,
                70.99710341544916
              ],
              [
                51.977785591609376,
                70.99699146685778
              ],
              [
                51.97828688646327,
                70.99677670523063
              ],
              [
                51.978500593761574,
                70.99683267905482
              ],
              [
                51.9786676892434,
                70.99676109130071
              ],
              [
                51.979308817687915,
                70.99692901053419
              ],
              [
                51.979643003053155,
                70.99678583329722
              ],
              [
                51.97985671440798,
                70.99684180542621
              ],
              [
                51.98019089416756,
                70.99669862709919
              ],
              [
                51.97997718343244,
                70.99664265537518
              ],
              [
                51.98031135882587,
                70.99649947676808
              ],
              [
                51.98052506894126,
                70.99655544808711
              ],
              [
                51.98069215445843,
                70.99648385832417
              ],
              [
                51.9811195778088,
                70.99659579974144
              ],
              [
                51.98128666145975,
                70.99652420940228
              ],
              [
                51.98192780490388,
                70.99669211888113
              ],
              [
                51.98142655300092,
                70.99690689120723
              ],
              [
                51.98121283634332,
                70.99685092104542
              ],
              [
                51.980711572292265,
                70.99706569122272
              ],
              [
                51.98049785595144,
                70.99700972018151
              ],
              [
                51.98033076513152,
                70.99708130969559
              ],
              [
                51.98011704972732,
                70.99702533817995
              ],
              [
                51.97994995735102,
                70.99709692732024
              ],
              [
                51.97973624288346,
                70.99704095533018
              ],
              [
                51.979402053771544,
                70.99718413269201
              ],
              [
                51.97918833993082,
                70.99712816002501
              ],
              [
                51.97885414521306,
                70.99727133629678
              ],
              [
                51.97864043199923,
                70.99721536295283
              ],
              [
                51.9784733324607,
                70.99728695062932
              ]
            ]
          ]
        ]
      },
      "properties": {
        "id": "189acfa347ea2bf7",
        "class": "floe_instance_candidate",
        "ice_identity": "optical_candidate",
        "grounding": "unverified",
        "confirmed_stamukha": false,
        "confidence": "low",
        "review_status": "unreviewed",
        "region": "barents",
        "observed_at": "2026-02-25T09:00:06.641000Z",
        "source_id": "S2C_T39WWU_20260225T085937_L2A",
        "source_collection": "sentinel-2-c1-l2a",
        "source_level": "L2A",
        "area_m2": 5700.0,
        "equivalent_diameter_m": 85.19,
        "longitude": 51.9798489,
        "latitude": 70.9968853,
        "truncated": false,
        "minimum_threshold_iou": 0.737,
        "threshold_stable": true,
        "inferred_boundary_fraction": 0.0,
        "touching_floes_may_be_split": false,
        "isolated_stable_candidate": true,
        "low_sun": true,
        "sun_elevation_deg": 10.2149731551564,
        "processing_method": "distance_watershed_experimental_v1",
        "native_green_m": 10,
        "native_swir_m": 20,
        "notice": "Candidate outline; shape splitting can divide one floe or merge multiple floes; 30 m completeness unvalidated"
      }
    },
    {
      "type": "Feature",
      "geometry": {
        "type": "MultiPolygon",
        "coordinates": [
          [
            [
              [
                52.021743597954966,
                71.00353517334432
              ],
              [
                52.020887973231495,
                71.00331149494588
              ],
              [
                52.021054966937896,
                71.00323986652995
              ],
              [
                52.02084106418611,
                71.00318394645204
              ],
              [
                52.021175048482014,
                71.00304068951206
              ],
              [
                52.021816758606825,
                71.00320844771394
              ],
              [
                52.0216497680179,
                71.00328007687689
              ],
              [
                52.02207758162589,
                71.00339191472153
              ],
              [
                52.021743597954966,
                71.00353517334432
              ]
            ]
          ]
        ]
      },
      "properties": {
        "id": "b4f4af9b9285d6fb",
        "class": "floe_instance_candidate",
        "ice_identity": "optical_candidate",
        "grounding": "unverified",
        "confirmed_stamukha": false,
        "confidence": "low",
        "review_status": "unreviewed",
        "region": "barents",
        "observed_at": "2026-02-25T09:00:06.641000Z",
        "source_id": "S2C_T39WWU_20260225T085937_L2A",
        "source_collection": "sentinel-2-c1-l2a",
        "source_level": "L2A",
        "area_m2": 1200.0,
        "equivalent_diameter_m": 39.09,
        "longitude": 52.0214276,
        "latitude": 71.0032892,
        "truncated": false,
        "minimum_threshold_iou": 0.667,
        "threshold_stable": true,
        "inferred_boundary_fraction": 0.0,
        "touching_floes_may_be_split": false,
        "isolated_stable_candidate": true,
        "low_sun": true,
        "sun_elevation_deg": 10.2149731551564,
        "processing_method": "distance_watershed_experimental_v1",
        "native_green_m": 10,
        "native_swir_m": 20,
        "notice": "Candidate outline; shape splitting can divide one floe or merge multiple floes; 30 m completeness unvalidated"
      }
    },
    {
      "type": "Feature",
      "geometry": {
        "type": "MultiPolygon",
        "coordinates": [
          [
            [
              [
                51.9975338560453,
                70.99339686884352
              ],
              [
                51.996892686177404,
                70.99322901700222
              ],
              [
                51.997059681695006,
                70.99315741087942
              ],
              [
                51.99684596120787,
                70.99310145992405
              ],
              [
                51.997012955790126,
                70.99302985383254
              ],
              [
                51.99679923685927,
                70.99297390280759
              ],
              [
                51.9971332229073,
                70.99283069051609
              ],
              [
                51.997346941217195,
                70.9928866411362
              ],
              [
                51.99751393206204,
                70.99281503453138
              ],
              [
                51.99772765130722,
                70.99287098467705
              ],
              [
                51.99789464059579,
                70.9927993776987
              ],
              [
                51.998535804874486,
                70.99296722589648
              ],
              [
                51.9975338560453,
                70.99339686884352
              ]
            ]
          ]
        ]
      },
      "properties": {
        "id": "d0128d672c9c53d2",
        "class": "floe_instance_candidate",
        "ice_identity": "optical_candidate",
        "grounding": "unverified",
        "confirmed_stamukha": false,
        "confidence": "low",
        "review_status": "unreviewed",
        "region": "barents",
        "observed_at": "2026-02-25T09:00:06.641000Z",
        "source_id": "S2C_T39WWU_20260225T085937_L2A",
        "source_collection": "sentinel-2-c1-l2a",
        "source_level": "L2A",
        "area_m2": 2400.0,
        "equivalent_diameter_m": 55.28,
        "longitude": 51.9975896,
        "latitude": 70.9930655,
        "truncated": false,
        "minimum_threshold_iou": 0.686,
        "threshold_stable": true,
        "inferred_boundary_fraction": 0.0,
        "touching_floes_may_be_split": false,
        "isolated_stable_candidate": true,
        "low_sun": true,
        "sun_elevation_deg": 10.2149731551564,
        "processing_method": "distance_watershed_experimental_v1",
        "native_green_m": 10,
        "native_swir_m": 20,
        "notice": "Candidate outline; shape splitting can divide one floe or merge multiple floes; 30 m completeness unvalidated"
      }
    },
    {
      "type": "Feature",
      "geometry": {
        "type": "MultiPolygon",
        "coordinates": [
          [
            [
              [
                52.098512124303014,
                71.0134310453958
              ],
              [
                52.09765516334204,
                71.01320775454934
              ],
              [
                52.097821956334585,
                71.01313605238619
              ],
              [
                52.0976077195282,
                71.01308022919454
              ],
              [
                52.09794130240236,
                71.01293682476147
              ],
              [
                52.09815553857771,
                71.01299264754819
              ],
              [
                52.09832232782831,
                71.01292094487334
              ],
              [
                52.09896504289152,
                71.01308841098822
              ],
              [
                52.09879825458756,
                71.01316011427039
              ],
              [
                52.09901249575214,
                71.01321593596516
              ],
              [
                52.098512124303014,
                71.0134310453958
              ]
            ]
          ]
        ]
      },
      "properties": {
        "id": "d4880aec90e436e5",
        "class": "floe_instance_candidate",
        "ice_identity": "optical_candidate",
        "grounding": "unverified",
        "confirmed_stamukha": false,
        "confidence": "low",
        "review_status": "unreviewed",
        "region": "barents",
        "observed_at": "2026-02-25T09:00:06.641000Z",
        "source_id": "S2C_T39WWU_20260225T085937_L2A",
        "source_collection": "sentinel-2-c1-l2a",
        "source_level": "L2A",
        "area_m2": 1700.0,
        "equivalent_diameter_m": 46.52,
        "longitude": 52.0983206,
        "latitude": 71.013161,
        "truncated": false,
        "minimum_threshold_iou": 0.765,
        "threshold_stable": true,
        "inferred_boundary_fraction": 0.0,
        "touching_floes_may_be_split": false,
        "isolated_stable_candidate": true,
        "low_sun": true,
        "sun_elevation_deg": 10.2149731551564,
        "processing_method": "distance_watershed_experimental_v1",
        "native_green_m": 10,
        "native_swir_m": 20,
        "notice": "Candidate outline; shape splitting can divide one floe or merge multiple floes; 30 m completeness unvalidated"
      }
    },
    {
      "type": "Feature",
      "geometry": {
        "type": "MultiPolygon",
        "coordinates": [
          [
            [
              [
                52.08465299425062,
                70.99069789916777
              ],
              [
                52.084439046123734,
                70.99064205753297
              ],
              [
                52.08460569242925,
                70.99057036571153
              ],
              [
                52.084177800537496,
                70.99045868202859
              ],
              [
                52.08434444622686,
                70.99038699044114
              ],
              [
                52.08413050246197,
                70.99033114839301
              ],
              [
                52.08446379073552,
                70.99018776511116
              ],
              [
                52.084249848843484,
                70.99013192319492
              ],
              [
                52.08441649142771,
                70.9900602315005
              ],
              [
                52.08420255109433,
                70.99000438951387
              ],
              [
                52.08453583315773,
                70.98986100601809
              ],
              [
                52.084963713812215,
                70.98997268890982
              ],
              [
                52.08479707403112,
                70.9900443811474
              ],
              [
                52.08501101653925,
                70.9901002223866
              ],
              [
                52.08484437582789,
                70.99017191465595
              ],
              [
                52.08505831989471,
                70.99022775582476
              ],
              [
                52.08489167825307,
                70.99029944812591
              ],
              [
                52.08510562387858,
                70.99035528922435
              ],
              [
                52.08493898130666,
                70.99042698155723
              ],
              [
                52.0851529284909,
                70.99048282258535
              ],
              [
                52.08465299425062,
                70.99069789916777
              ]
            ]
          ]
        ]
      },
      "properties": {
        "id": "a2add15c4f999a8b",
        "class": "floe_instance_candidate",
        "ice_identity": "optical_candidate",
        "grounding": "unverified",
        "confirmed_stamukha": false,
        "confidence": "low",
        "review_status": "unreviewed",
        "region": "barents",
        "observed_at": "2026-02-25T09:00:06.641000Z",
        "source_id": "S2C_T39WWU_20260225T085937_L2A",
        "source_collection": "sentinel-2-c1-l2a",
        "source_level": "L2A",
        "area_m2": 1900.0,
        "equivalent_diameter_m": 49.18,
        "longitude": 52.0846401,
        "latitude": 70.9902793,
        "truncated": false,
        "minimum_threshold_iou": 0.632,
        "threshold_stable": true,
        "inferred_boundary_fraction": 0.0,
        "touching_floes_may_be_split": false,
        "isolated_stable_candidate": true,
        "low_sun": true,
        "sun_elevation_deg": 10.2149731551564,
        "processing_method": "distance_watershed_experimental_v1",
        "native_green_m": 10,
        "native_swir_m": 20,
        "notice": "Candidate outline; shape splitting can divide one floe or merge multiple floes; 30 m completeness unvalidated"
      }
    },
    {
      "type": "Feature",
      "geometry": {
        "type": "MultiPolygon",
        "coordinates": [
          [
            [
              [
                52.03398208249846,
                70.97745581322923
              ],
              [
                52.03355477713013,
                70.9773440006029
              ],
              [
                52.033721497901176,
                70.97727235690726
              ],
              [
                52.03265325779709,
                70.97699282159134
              ],
              [
                52.03281997888244,
                70.97692117873588
              ],
              [
                52.032606334903186,
                70.97686527105874
              ],
              [
                52.033106491633816,
                70.97665034207444
              ],
              [
                52.03374742449787,
                70.97681806247016
              ],
              [
                52.03391413998686,
                70.97674641852741
              ],
              [
                52.034341434156325,
                70.97685823035995
              ],
              [
                52.03450814777889,
                70.9767865858421
              ],
              [
                52.034721796416996,
                70.9768424911481
              ],
              [
                52.03488850848467,
                70.97677084625737
              ],
              [
                52.0353158088676,
                70.97688265564884
              ],
              [
                52.03464895562981,
                70.97716923580484
              ],
              [
                52.034862608932684,
                70.97722514090118
              ],
              [
                52.0346958928265,
                70.97729678571557
              ],
              [
                52.034482239212025,
                70.97724088041704
              ],
              [
                52.03398208249846,
                70.97745581322923
              ]
            ]
          ]
        ]
      },
      "properties": {
        "id": "b159ff9e3fac5426",
        "class": "floe_instance_candidate",
        "ice_identity": "optical_candidate",
        "grounding": "unverified",
        "confirmed_stamukha": false,
        "confidence": "low",
        "review_status": "unreviewed",
        "region": "barents",
        "observed_at": "2026-02-25T09:00:06.641000Z",
        "source_id": "S2C_T39WWU_20260225T085937_L2A",
        "source_collection": "sentinel-2-c1-l2a",
        "source_level": "L2A",
        "area_m2": 4400.0,
        "equivalent_diameter_m": 74.85,
        "longitude": 52.0339075,
        "latitude": 70.9770145,
        "truncated": false,
        "minimum_threshold_iou": 0.647,
        "threshold_stable": true,
        "inferred_boundary_fraction": 0.0,
        "touching_floes_may_be_split": false,
        "isolated_stable_candidate": true,
        "low_sun": true,
        "sun_elevation_deg": 10.2149731551564,
        "processing_method": "distance_watershed_experimental_v1",
        "native_green_m": 10,
        "native_swir_m": 20,
        "notice": "Candidate outline; shape splitting can divide one floe or merge multiple floes; 30 m completeness unvalidated"
      }
    },
    {
      "type": "Feature",
      "geometry": {
        "type": "MultiPolygon",
        "coordinates": [
          [
            [
              [
                52.148463737248335,
                71.00629045996989
              ],
              [
                52.14824942960745,
                71.00623469957681
              ],
              [
                52.14841597279528,
                71.00616294736363
              ],
              [
                52.14820166671775,
                71.00610718689957
              ],
              [
                52.1483682089772,
                71.00603543471856
              ],
              [
                52.14815390446301,
                71.00597967418354
              ],
              [
                52.148320445794106,
                71.00590792203464
              ],
              [
                52.14810614284322,
                71.00585216142866
              ],
              [
                52.14877229697938,
                71.00556515194076
              ],
              [
                52.14898659866033,
                71.00562091173758
              ],
              [
                52.148820062312474,
                71.00569266456708
              ],
              [
                52.14924867004674,
                71.00580418374554
              ],
              [
                52.14908213308809,
                71.00587593680946
              ],
              [
                52.14951074644062,
                71.00598745529948
              ],
              [
                52.149344208871206,
                71.0060592085978
              ],
              [
                52.14955851773373,
                71.00611496763524
              ],
              [
                52.14922543949244,
                71.00625847412607
              ],
              [
                52.149011129994854,
                71.00620271468408
              ],
              [
                52.1488445886879,
                71.00627446747197
              ],
              [
                52.14863028011866,
                71.00621870755442
              ],
              [
                52.148463737248335,
                71.00629045996989
              ]
            ]
          ]
        ]
      },
      "properties": {
        "id": "113b8928fe6d85ce",
        "class": "floe_instance_candidate",
        "ice_identity": "optical_candidate",
        "grounding": "unverified",
        "confirmed_stamukha": false,
        "confidence": "low",
        "review_status": "unreviewed",
        "region": "barents",
        "observed_at": "2026-02-25T09:00:06.641000Z",
        "source_id": "S2C_T39WWU_20260225T085937_L2A",
        "source_collection": "sentinel-2-c1-l2a",
        "source_level": "L2A",
        "area_m2": 2400.0,
        "equivalent_diameter_m": 55.28,
        "longitude": 52.1487877,
        "latitude": 71.0059719,
        "truncated": false,
        "minimum_threshold_iou": 0.706,
        "threshold_stable": true,
        "inferred_boundary_fraction": 0.0,
        "touching_floes_may_be_split": false,
        "isolated_stable_candidate": true,
        "low_sun": true,
        "sun_elevation_deg": 10.2149731551564,
        "processing_method": "distance_watershed_experimental_v1",
        "native_green_m": 10,
        "native_swir_m": 20,
        "notice": "Candidate outline; shape splitting can divide one floe or merge multiple floes; 30 m completeness unvalidated"
      }
    },
    {
      "type": "Feature",
      "geometry": {
        "type": "MultiPolygon",
        "coordinates": [
          [
            [
              [
                51.984462972936214,
                70.96240597571853
              ],
              [
                51.98424963091538,
                70.96235000631967
              ],
              [
                51.984416405328915,
                70.96227840907396
              ],
              [
                51.98420306485899,
                70.9622224396057
              ],
              [
                51.984870151329375,
                70.96193604972166
              ],
              [
                51.985083490563525,
                70.96199201838151
              ],
              [
                51.98525025876735,
                70.96192042028102
              ],
              [
                51.98567694034348,
                70.96203235638198
              ],
              [
                51.9853434039298,
                70.96217555322048
              ],
              [
                51.985556747198714,
                70.96223152126787
              ],
              [
                51.98538997743795,
                70.96230311963278
              ],
              [
                51.98517663386005,
                70.96224715138327
              ],
              [
                51.984843089994676,
                70.96239034719599
              ],
              [
                51.984629747040806,
                70.96233437827071
              ],
              [
                51.984462972936214,
                70.96240597571853
              ]
            ]
          ]
        ]
      },
      "properties": {
        "id": "70f1bea165db6649",
        "class": "floe_instance_candidate",
        "ice_identity": "optical_candidate",
        "grounding": "unverified",
        "confirmed_stamukha": false,
        "confidence": "low",
        "review_status": "unreviewed",
        "region": "barents",
        "observed_at": "2026-02-25T09:00:06.641000Z",
        "source_id": "S2C_T39WWU_20260225T085937_L2A",
        "source_collection": "sentinel-2-c1-l2a",
        "source_level": "L2A",
        "area_m2": 1600.0,
        "equivalent_diameter_m": 45.14,
        "longitude": 51.9849279,
        "latitude": 70.9621603,
        "truncated": false,
        "minimum_threshold_iou": 0.625,
        "threshold_stable": true,
        "inferred_boundary_fraction": 0.0,
        "touching_floes_may_be_split": false,
        "isolated_stable_candidate": true,
        "low_sun": true,
        "sun_elevation_deg": 10.2149731551564,
        "processing_method": "distance_watershed_experimental_v1",
        "native_green_m": 10,
        "native_swir_m": 20,
        "notice": "Candidate outline; shape splitting can divide one floe or merge multiple floes; 30 m completeness unvalidated"
      }
    },
    {
      "type": "Feature",
      "geometry": {
        "type": "MultiPolygon",
        "coordinates": [
          [
            [
              [
                52.02585940803806,
                70.97164090449677
              ],
              [
                52.02564584300651,
                70.97158498765289
              ],
              [
                52.02581254330032,
                70.97151335102728
              ],
              [
                52.02538541758742,
                70.97140151692801
              ],
              [
                52.025552117260574,
                70.97132988053592
              ],
              [
                52.025338556579186,
                70.97127396328054
              ],
              [
                52.02567195281946,
                70.97113069038835
              ],
              [
                52.02545839400276,
                70.97107477326531
              ],
              [
                52.025791785894405,
                70.97093150009441
              ],
              [
                52.02600534408908,
                70.9709874168132
              ],
              [
                52.02617203785992,
                70.97091577976951
              ],
              [
                52.02659915735512,
                70.97102761198707
              ],
              [
                52.02676584926125,
                70.97095597436837
              ],
              [
                52.027192973104874,
                70.97106780509397
              ],
              [
                52.027359663146235,
                70.97099616690032
              ],
              [
                52.02757322662092,
                70.97105208165308
              ],
              [
                52.02773991510857,
                70.97098044308656
              ],
              [
                52.02795347951478,
                70.97103635736525
              ],
              [
                52.028120166448694,
                70.97096471842589
              ],
              [
                52.02833373178642,
                70.97102063223055
              ],
              [
                52.02850041716659,
                70.97094899291831
              ],
              [
                52.02871398343581,
                70.97100490624891
              ],
              [
                52.02854729836677,
                70.97107654576327
              ],
              [
                52.02876086618974,
                70.97113245902405
              ],
              [
                52.02842749294604,
                70.97127573794481
              ],
              [
                52.02821392450079,
                70.97121982427979
              ],
              [
                52.02788054566423,
                70.9713631021134
              ],
              [
                52.0276669778394,
                70.9713071877722
              ],
              [
                52.02750028624601,
                70.97137882623078
              ],
              [
                52.027286719352745,
                70.9713229114155
              ],
              [
                52.026953331815754,
                70.97146618741618
              ],
              [
                52.026739765543,
                70.97141027192471
              ],
              [
                52.02623967398407,
                70.97162518403881
              ],
              [
                52.026026108020844,
                70.97156926766901
              ],
              [
                52.02585940803806,
                70.97164090449677
              ]
            ]
          ]
        ]
      },
      "properties": {
        "id": "f4c14fabb85f3db4",
        "class": "floe_instance_candidate",
        "ice_identity": "optical_candidate",
        "grounding": "unverified",
        "confirmed_stamukha": false,
        "confidence": "low",
        "review_status": "unreviewed",
        "region": "barents",
        "observed_at": "2026-02-25T09:00:06.641000Z",
        "source_id": "S2C_T39WWU_20260225T085937_L2A",
        "source_collection": "sentinel-2-c1-l2a",
        "source_level": "L2A",
        "area_m2": 5400.0,
        "equivalent_diameter_m": 82.92,
        "longitude": 52.0268067,
        "latitude": 70.9712229,
        "truncated": false,
        "minimum_threshold_iou": 0.685,
        "threshold_stable": true,
        "inferred_boundary_fraction": 0.0,
        "touching_floes_may_be_split": false,
        "isolated_stable_candidate": true,
        "low_sun": true,
        "sun_elevation_deg": 10.2149731551564,
        "processing_method": "distance_watershed_experimental_v1",
        "native_green_m": 10,
        "native_swir_m": 20,
        "notice": "Candidate outline; shape splitting can divide one floe or merge multiple floes; 30 m completeness unvalidated"
      }
    },
    {
      "type": "Feature",
      "geometry": {
        "type": "MultiPolygon",
        "coordinates": [
          [
            [
              [
                52.1156196398898,
                70.9939382737067
              ],
              [
                52.115191492546465,
                70.9938266682423
              ],
              [
                52.11535805162316,
                70.9937549468176
              ],
              [
                52.115143980134064,
                70.99369914387832
              ],
              [
                52.11547709518492,
                70.99355570092247
              ],
              [
                52.1152630255717,
                70.99349989811476
              ],
              [
                52.11559613627551,
                70.99335645488217
              ],
              [
                52.115810205257446,
                70.99341225728547
              ],
              [
                52.11597675842686,
                70.99334053521156
              ],
              [
                52.116404899493084,
                70.99345213879512
              ],
              [
                52.11623834695501,
                70.99352386127346
              ],
              [
                52.116452419670644,
                70.99357966285817
              ],
              [
                52.11661897189303,
                70.99350794017761
              ],
              [
                52.117261196560314,
                70.99367534268794
              ],
              [
                52.11692809276518,
                70.99381878909203
              ],
              [
                52.11671401600008,
                70.9937629881237
              ],
              [
                52.11654746191991,
                70.99383471086811
              ],
              [
                52.11611931149212,
                70.99372310770843
              ],
              [
                52.11595275553596,
                70.99379482987815
              ],
              [
                52.115738681873296,
                70.99373902768679
              ],
              [
                52.115572124356866,
                70.99381074948401
              ],
              [
                52.11578619833519,
                70.99386655187755
              ],
              [
                52.1156196398898,
                70.9939382737067
              ]
            ]
          ]
        ]
      },
      "properties": {
        "id": "a92f4b52ebccb819",
        "class": "floe_instance_candidate",
        "ice_identity": "optical_candidate",
        "grounding": "unverified",
        "confirmed_stamukha": false,
        "confidence": "low",
        "review_status": "unreviewed",
        "region": "barents",
        "observed_at": "2026-02-25T09:00:06.641000Z",
        "source_id": "S2C_T39WWU_20260225T085937_L2A",
        "source_collection": "sentinel-2-c1-l2a",
        "source_level": "L2A",
        "area_m2": 2500.0,
        "equivalent_diameter_m": 56.42,
        "longitude": 52.1160623,
        "latitude": 70.9936322,
        "truncated": false,
        "minimum_threshold_iou": 0.6,
        "threshold_stable": true,
        "inferred_boundary_fraction": 0.0,
        "touching_floes_may_be_split": false,
        "isolated_stable_candidate": true,
        "low_sun": true,
        "sun_elevation_deg": 10.2149731551564,
        "processing_method": "distance_watershed_experimental_v1",
        "native_green_m": 10,
        "native_swir_m": 20,
        "notice": "Candidate outline; shape splitting can divide one floe or merge multiple floes; 30 m completeness unvalidated"
      }
    },
    {
      "type": "Feature",
      "geometry": {
        "type": "MultiPolygon",
        "coordinates": [
          [
            [
              [
                52.031229974813925,
                70.97154829302826
              ],
              [
                52.0301620891055,
                70.97126873962377
              ],
              [
                52.030495449296346,
                70.971125457316
              ],
              [
                52.03070902333029,
                70.97118136813657
              ],
              [
                52.031209053363284,
                70.97096644278827
              ],
              [
                52.03163620329153,
                70.97107826240082
              ],
              [
                52.03146952847897,
                70.97114990475855
              ],
              [
                52.03189668400014,
                70.97126172368748
              ],
              [
                52.031229974813925,
                70.97154829302826
              ]
            ]
          ]
        ]
      },
      "properties": {
        "id": "6204ebbb45b96dbb",
        "class": "floe_instance_candidate",
        "ice_identity": "optical_candidate",
        "grounding": "unverified",
        "confirmed_stamukha": false,
        "confidence": "low",
        "review_status": "unreviewed",
        "region": "barents",
        "observed_at": "2026-02-25T09:00:06.641000Z",
        "source_id": "S2C_T39WWU_20260225T085937_L2A",
        "source_collection": "sentinel-2-c1-l2a",
        "source_level": "L2A",
        "area_m2": 2000.0,
        "equivalent_diameter_m": 50.46,
        "longitude": 52.0310864,
        "latitude": 70.9712629,
        "truncated": false,
        "minimum_threshold_iou": 0.69,
        "threshold_stable": true,
        "inferred_boundary_fraction": 0.0,
        "touching_floes_may_be_split": false,
        "isolated_stable_candidate": true,
        "low_sun": true,
        "sun_elevation_deg": 10.2149731551564,
        "processing_method": "distance_watershed_experimental_v1",
        "native_green_m": 10,
        "native_swir_m": 20,
        "notice": "Candidate outline; shape splitting can divide one floe or merge multiple floes; 30 m completeness unvalidated"
      }
    },
    {
      "type": "Feature",
      "geometry": {
        "type": "MultiPolygon",
        "coordinates": [
          [
            [
              [
                52.03911676310618,
                70.97199878290927
              ],
              [
                52.03890315553071,
                70.97194288267389
              ],
              [
                52.03906980950822,
                70.97187123315223
              ],
              [
                52.0380017918281,
                70.97159172890557
              ],
              [
                52.03850175097901,
                70.97137678234833
              ],
              [
                52.0387153510951,
                70.97143268313538
              ],
              [
                52.03888200134869,
                70.97136103373953
              ],
              [
                52.03909560239575,
                70.97141693405246
              ],
              [
                52.03926225109518,
                70.97134528428384
              ],
              [
                52.03990306075684,
                70.97151298298411
              ],
              [
                52.039736412992276,
                70.97158463335904
              ],
              [
                52.03995001900958,
                70.97164053258386
              ],
              [
                52.03961672037602,
                70.97178383322598
              ],
              [
                52.03983032825921,
                70.97183973258298
              ],
              [
                52.03949702527853,
                70.97198303294671
              ],
              [
                52.03928341677207,
                70.97192713318549
              ],
              [
                52.03911676310618,
                70.97199878290927
              ]
            ]
          ]
        ]
      },
      "properties": {
        "id": "6f9323332ca73e2a",
        "class": "floe_instance_candidate",
        "ice_identity": "optical_candidate",
        "grounding": "unverified",
        "confirmed_stamukha": false,
        "confidence": "low",
        "review_status": "unreviewed",
        "region": "barents",
        "observed_at": "2026-02-25T09:00:06.641000Z",
        "source_id": "S2C_T39WWU_20260225T085937_L2A",
        "source_collection": "sentinel-2-c1-l2a",
        "source_level": "L2A",
        "area_m2": 2900.0,
        "equivalent_diameter_m": 60.77,
        "longitude": 52.039084,
        "latitude": 70.9716385,
        "truncated": false,
        "minimum_threshold_iou": 0.655,
        "threshold_stable": true,
        "inferred_boundary_fraction": 0.0,
        "touching_floes_may_be_split": false,
        "isolated_stable_candidate": true,
        "low_sun": true,
        "sun_elevation_deg": 10.2149731551564,
        "processing_method": "distance_watershed_experimental_v1",
        "native_green_m": 10,
        "native_swir_m": 20,
        "notice": "Candidate outline; shape splitting can divide one floe or merge multiple floes; 30 m completeness unvalidated"
      }
    },
    {
      "type": "Feature",
      "geometry": {
        "type": "MultiPolygon",
        "coordinates": [
          [
            [
              [
                51.99466074485396,
                70.95758391646923
              ],
              [
                51.99423410968407,
                70.95747200204013
              ],
              [
                51.99440080462974,
                70.95740039449328
              ],
              [
                51.99418748921587,
                70.95734443707349
              ],
              [
                51.99452087600196,
                70.95720122187127
              ],
              [
                51.99516082411193,
                70.9573690921039
              ],
              [
                51.99466074485396,
                70.95758391646923
              ]
            ]
          ]
        ]
      },
      "properties": {
        "id": "375c6df92278c0bd",
        "class": "floe_instance_candidate",
        "ice_identity": "optical_candidate",
        "grounding": "unverified",
        "confirmed_stamukha": false,
        "confidence": "low",
        "review_status": "unreviewed",
        "region": "barents",
        "observed_at": "2026-02-25T09:00:06.641000Z",
        "source_id": "S2C_T39WWU_20260225T085937_L2A",
        "source_collection": "sentinel-2-c1-l2a",
        "source_level": "L2A",
        "area_m2": 800.0,
        "equivalent_diameter_m": 31.92,
        "longitude": 51.9946383,
        "latitude": 70.9573906,
        "truncated": false,
        "minimum_threshold_iou": 0.8,
        "threshold_stable": true,
        "inferred_boundary_fraction": 0.0,
        "touching_floes_may_be_split": false,
        "isolated_stable_candidate": true,
        "low_sun": true,
        "sun_elevation_deg": 10.2149731551564,
        "processing_method": "distance_watershed_experimental_v1",
        "native_green_m": 10,
        "native_swir_m": 20,
        "notice": "Candidate outline; shape splitting can divide one floe or merge multiple floes; 30 m completeness unvalidated"
      }
    },
    {
      "type": "Feature",
      "geometry": {
        "type": "MultiPolygon",
        "coordinates": [
          [
            [
              [
                51.87459065732466,
                71.03562114687477
              ],
              [
                51.87437682124808,
                71.03556504672316
              ],
              [
                51.87454464350939,
                71.03549356514601
              ],
              [
                51.87433080899198,
                71.03543746492579
              ],
              [
                51.87449863030712,
                71.03536598337942
              ],
              [
                51.874284797348864,
                71.03530988309059
              ],
              [
                51.87462043683422,
                71.03516691988708
              ],
              [
                51.87440660574157,
                71.03511081973274
              ],
              [
                51.87491005649448,
                71.03489637424441
              ],
              [
                51.87512388666763,
                71.0349524737895
              ],
              [
                51.87529170077358,
                71.03488099141235
              ],
              [
                51.8757193642646,
                71.03499318928121
              ],
              [
                51.87588717650492,
                71.03492170632558
              ],
              [
                51.87610100982275,
                71.03497780464937
              ],
              [
                51.87626882050393,
                71.03490632131835
              ],
              [
                51.87669649028421,
                71.03501851674461
              ],
              [
                51.87652868021616,
                71.03509000048183
              ],
              [
                51.876314844393164,
                71.03503390270146
              ],
              [
                51.87564359036871,
                71.03531983511486
              ],
              [
                51.87628510527436,
                71.03548813007792
              ],
              [
                51.87594947258575,
                71.03563109646934
              ],
              [
                51.87573563241809,
                71.03557499801386
              ],
              [
                51.87556781388823,
                71.03564648074803
              ],
              [
                51.87535397466668,
                71.03559038181771
              ],
              [
                51.87518615457761,
                71.03566186417646
              ],
              [
                51.87475847927946,
                71.03554966509454
              ],
              [
                51.87459065732466,
                71.03562114687477
              ]
            ]
          ]
        ]
      },
      "properties": {
        "id": "98c5fb54549e47d5",
        "class": "floe_instance_candidate",
        "ice_identity": "optical_candidate",
        "grounding": "unverified",
        "confirmed_stamukha": false,
        "confidence": "low",
        "review_status": "unreviewed",
        "region": "barents",
        "observed_at": "2026-02-26T08:30:14.044000Z",
        "source_id": "S2C_T39WWU_20260226T082919_L2A",
        "source_collection": "sentinel-2-c1-l2a",
        "source_level": "L2A",
        "area_m2": 4400.0,
        "equivalent_diameter_m": 74.85,
        "longitude": 51.8753159,
        "latitude": 71.0352654,
        "truncated": false,
        "minimum_threshold_iou": 0.75,
        "threshold_stable": true,
        "inferred_boundary_fraction": 0.0,
        "touching_floes_may_be_split": false,
        "isolated_stable_candidate": true,
        "low_sun": true,
        "sun_elevation_deg": 10.604148666102503,
        "processing_method": "distance_watershed_experimental_v1",
        "native_green_m": 10,
        "native_swir_m": 20,
        "notice": "Candidate outline; shape splitting can divide one floe or merge multiple floes; 30 m completeness unvalidated"
      }
    },
    {
      "type": "Feature",
      "geometry": {
        "type": "MultiPolygon",
        "coordinates": [
          [
            [
              [
                51.87931363579987,
                71.02242213242563
              ],
              [
                51.87867253162937,
                71.02225384535599
              ],
              [
                51.878840221316494,
                71.02218235808307
              ],
              [
                51.87862652273437,
                71.02212626205302
              ],
              [
                51.87896189896849,
                71.02198328739652
              ],
              [
                51.87874820224976,
                71.02192719150078
              ],
              [
                51.878915888796804,
                71.02185570411719
              ],
              [
                51.87848849972435,
                71.02174351191695
              ],
              [
                51.87882387029095,
                71.02160053744501
              ],
              [
                51.87946495393834,
                71.02176882412041
              ],
              [
                51.87929727019922,
                71.02184031205128
              ],
              [
                51.87951096755626,
                71.02189640726958
              ],
              [
                51.87917559693808,
                71.02203938302068
              ],
              [
                51.87960299662984,
                71.02215157345434
              ],
              [
                51.87943531005704,
                71.0222230614775
              ],
              [
                51.879649012085515,
                71.02227915648993
              ],
              [
                51.87931363579987,
                71.02242213242563
              ]
            ]
          ]
        ]
      },
      "properties": {
        "id": "8ebdc2587d323c26",
        "class": "floe_instance_candidate",
        "ice_identity": "optical_candidate",
        "grounding": "unverified",
        "confirmed_stamukha": false,
        "confidence": "low",
        "review_status": "unreviewed",
        "region": "barents",
        "observed_at": "2026-02-26T08:30:14.044000Z",
        "source_id": "S2C_T39WWU_20260226T082919_L2A",
        "source_collection": "sentinel-2-c1-l2a",
        "source_level": "L2A",
        "area_m2": 1900.0,
        "equivalent_diameter_m": 49.18,
        "longitude": 51.8790868,
        "latitude": 71.0220191,
        "truncated": false,
        "minimum_threshold_iou": 0.632,
        "threshold_stable": true,
        "inferred_boundary_fraction": 0.0,
        "touching_floes_may_be_split": false,
        "isolated_stable_candidate": true,
        "low_sun": true,
        "sun_elevation_deg": 10.604148666102503,
        "processing_method": "distance_watershed_experimental_v1",
        "native_green_m": 10,
        "native_swir_m": 20,
        "notice": "Candidate outline; shape splitting can divide one floe or merge multiple floes; 30 m completeness unvalidated"
      }
    },
    {
      "type": "Feature",
      "geometry": {
        "type": "MultiPolygon",
        "coordinates": [
          [
            [
              [
                51.8848207399613,
                71.02213506084534
              ],
              [
                51.88417959704285,
                71.02196679431427
              ],
              [
                51.88434726367812,
                71.0218953016178
              ],
              [
                51.88391984193276,
                71.02178312297829
              ],
              [
                51.884255172676944,
                71.02164013788065
              ],
              [
                51.88489630533218,
                71.02180840421494
              ],
              [
                51.884728641504964,
                71.02187989745863
              ],
              [
                51.88515607014198,
                71.02199207406268
              ],
              [
                51.8848207399613,
                71.02213506084534
              ]
            ]
          ]
        ]
      },
      "properties": {
        "id": "2808243207051854",
        "class": "floe_instance_candidate",
        "ice_identity": "optical_candidate",
        "grounding": "unverified",
        "confirmed_stamukha": false,
        "confidence": "low",
        "review_status": "unreviewed",
        "region": "barents",
        "observed_at": "2026-02-26T08:30:14.044000Z",
        "source_id": "S2C_T39WWU_20260226T082919_L2A",
        "source_collection": "sentinel-2-c1-l2a",
        "source_level": "L2A",
        "area_m2": 1100.0,
        "equivalent_diameter_m": 37.42,
        "longitude": 51.884538,
        "latitude": 71.0218876,
        "truncated": false,
        "minimum_threshold_iou": 0.636,
        "threshold_stable": true,
        "inferred_boundary_fraction": 0.0,
        "touching_floes_may_be_split": false,
        "isolated_stable_candidate": true,
        "low_sun": true,
        "sun_elevation_deg": 10.604148666102503,
        "processing_method": "distance_watershed_experimental_v1",
        "native_green_m": 10,
        "native_swir_m": 20,
        "notice": "Candidate outline; shape splitting can divide one floe or merge multiple floes; 30 m completeness unvalidated"
      }
    },
    {
      "type": "Feature",
      "geometry": {
        "type": "MultiPolygon",
        "coordinates": [
          [
            [
              [
                51.97975632765352,
                71.04468436935504
              ],
              [
                51.97954208251871,
                71.04462840129493
              ],
              [
                51.97970959127422,
                71.04455681788289
              ],
              [
                51.97928110538553,
                71.044444881351
              ],
              [
                51.9794486135111,
                71.04437329817333
              ],
              [
                51.97923437275719,
                71.04431732970154
              ],
              [
                51.979904393978146,
                71.04403099608652
              ],
              [
                51.980547116261256,
                71.04419889824813
              ],
              [
                51.980379613769216,
                71.04427048251834
              ],
              [
                51.98059385734698,
                71.04432644956341
              ],
              [
                51.980426353913685,
                71.04439803386501
              ],
              [
                51.98064059905557,
                71.0444540008405
              ],
              [
                51.98013808217377,
                71.04466875332452
              ],
              [
                51.97992383609763,
                71.04461278573999
              ],
              [
                51.97975632765352,
                71.04468436935504
              ]
            ]
          ]
        ]
      },
      "properties": {
        "id": "24467e54a6509c3a",
        "class": "floe_instance_candidate",
        "ice_identity": "optical_candidate",
        "grounding": "unverified",
        "confirmed_stamukha": false,
        "confidence": "low",
        "review_status": "unreviewed",
        "region": "barents",
        "observed_at": "2026-02-26T08:30:14.044000Z",
        "source_id": "S2C_T39WWU_20260226T082919_L2A",
        "source_collection": "sentinel-2-c1-l2a",
        "source_level": "L2A",
        "area_m2": 2200.0,
        "equivalent_diameter_m": 52.93,
        "longitude": 51.9799561,
        "latitude": 71.0443643,
        "truncated": false,
        "minimum_threshold_iou": 0.815,
        "threshold_stable": true,
        "inferred_boundary_fraction": 0.0,
        "touching_floes_may_be_split": false,
        "isolated_stable_candidate": true,
        "low_sun": true,
        "sun_elevation_deg": 10.604148666102503,
        "processing_method": "distance_watershed_experimental_v1",
        "native_green_m": 10,
        "native_swir_m": 20,
        "notice": "Candidate outline; shape splitting can divide one floe or merge multiple floes; 30 m completeness unvalidated"
      }
    },
    {
      "type": "Feature",
      "geometry": {
        "type": "MultiPolygon",
        "coordinates": [
          [
            [
              [
                52.08319806126292,
                71.01439234163409
              ],
              [
                52.082341235702664,
                71.01416897447359
              ],
              [
                52.08250809431425,
                71.01409728734129
              ],
              [
                52.08229389135814,
                71.01404144507143
              ],
              [
                52.08296131458799,
                71.01375469564536
              ],
              [
                52.08317551628455,
                71.01381053710527
              ],
              [
                52.083342368658165,
                71.01373884911956
              ],
              [
                52.084199186660406,
                71.01396221142018
              ],
              [
                52.0840323355465,
                71.01403390021584
              ],
              [
                52.08424654348096,
                71.01408974031123
              ],
              [
                52.08391283814028,
                71.01423311779551
              ],
              [
                52.08412704795225,
                71.01428895802302
              ],
              [
                52.083793338251,
                71.01443233522961
              ],
              [
                52.08336491861489,
                71.01432065369177
              ],
              [
                52.08319806126292,
                71.01439234163409
              ]
            ]
          ]
        ]
      },
      "properties": {
        "id": "981d0b353a387fbf",
        "class": "floe_instance_candidate",
        "ice_identity": "optical_candidate",
        "grounding": "unverified",
        "confirmed_stamukha": false,
        "confidence": "low",
        "review_status": "unreviewed",
        "region": "barents",
        "observed_at": "2026-02-26T08:30:14.044000Z",
        "source_id": "S2C_T39WWU_20260226T082919_L2A",
        "source_collection": "sentinel-2-c1-l2a",
        "source_level": "L2A",
        "area_m2": 3400.0,
        "equivalent_diameter_m": 65.8,
        "longitude": 52.0833045,
        "latitude": 71.0140813,
        "truncated": false,
        "minimum_threshold_iou": 0.735,
        "threshold_stable": true,
        "inferred_boundary_fraction": 0.0,
        "touching_floes_may_be_split": false,
        "isolated_stable_candidate": true,
        "low_sun": true,
        "sun_elevation_deg": 10.604148666102503,
        "processing_method": "distance_watershed_experimental_v1",
        "native_green_m": 10,
        "native_swir_m": 20,
        "notice": "Candidate outline; shape splitting can divide one floe or merge multiple floes; 30 m completeness unvalidated"
      }
    },
    {
      "type": "Feature",
      "geometry": {
        "type": "MultiPolygon",
        "coordinates": [
          [
            [
              [
                51.97606813516094,
                70.96689421614322
              ],
              [
                51.97542803672827,
                70.96672627684728
              ],
              [
                51.97559488196005,
                70.966654688712
              ],
              [
                51.9753815186098,
                70.96659870860583
              ],
              [
                51.97554836290764,
                70.96652712050167
              ],
              [
                51.97533500110869,
                70.96647114032616
              ],
              [
                51.97550184447262,
                70.9663995522531
              ],
              [
                51.975288484224954,
                70.96634357200824
              ],
              [
                51.975455326654966,
                70.96627198396628
              ],
              [
                51.97566868659395,
                70.96632796400895
              ],
              [
                51.97583552747268,
                70.96625637559377
              ],
              [
                51.976902344262854,
                70.9665362707237
              ],
              [
                51.97673550492771,
                70.9666078601497
              ],
              [
                51.97694887232227,
                70.96666383856332
              ],
              [
                51.976782032053265,
                70.96673542802044
              ],
              [
                51.97699540099919,
                70.96679140636468
              ],
              [
                51.97682855979632,
                70.96686299585292
              ],
              [
                51.977041930293645,
                70.96691897412782
              ],
              [
                51.9768750881569,
                70.96699056364717
              ],
              [
                51.97623497946659,
                70.96682262740141
              ],
              [
                51.97606813516094,
                70.96689421614322
              ]
            ]
          ]
        ]
      },
      "properties": {
        "id": "36cff27b24247ede",
        "class": "floe_instance_candidate",
        "ice_identity": "optical_candidate",
        "grounding": "unverified",
        "confirmed_stamukha": false,
        "confidence": "low",
        "review_status": "unreviewed",
        "region": "barents",
        "observed_at": "2026-02-26T08:30:14.044000Z",
        "source_id": "S2C_T39WWU_20260226T082919_L2A",
        "source_collection": "sentinel-2-c1-l2a",
        "source_level": "L2A",
        "area_m2": 2900.0,
        "equivalent_diameter_m": 60.77,
        "longitude": 51.9761514,
        "latitude": 70.9666117,
        "truncated": false,
        "minimum_threshold_iou": 0.621,
        "threshold_stable": true,
        "inferred_boundary_fraction": 0.0,
        "touching_floes_may_be_split": false,
        "isolated_stable_candidate": true,
        "low_sun": true,
        "sun_elevation_deg": 10.604148666102503,
        "processing_method": "distance_watershed_experimental_v1",
        "native_green_m": 10,
        "native_swir_m": 20,
        "notice": "Candidate outline; shape splitting can divide one floe or merge multiple floes; 30 m completeness unvalidated"
      }
    },
    {
      "type": "Feature",
      "geometry": {
        "type": "MultiPolygon",
        "coordinates": [
          [
            [
              [
                51.977360913689424,
                70.96250359789032
              ],
              [
                51.97672095012638,
                70.96233566228204
              ],
              [
                51.97688775244713,
                70.96226407238973
              ],
              [
                51.97667443405218,
                70.96220809351281
              ],
              [
                51.97717483448803,
                70.96199332341614
              ],
              [
                51.97760147066827,
                70.9621052796858
              ],
              [
                51.977768267712264,
                70.96203368890728
              ],
              [
                51.97840823037179,
                70.96220162066942
              ],
              [
                51.97824143425377,
                70.96227321205426
              ],
              [
                51.97802811181657,
                70.96221723486957
              ],
              [
                51.977360913689424,
                70.96250359789032
              ]
            ]
          ]
        ]
      },
      "properties": {
        "id": "af440832f916b76f",
        "class": "floe_instance_candidate",
        "ice_identity": "optical_candidate",
        "grounding": "unverified",
        "confirmed_stamukha": false,
        "confidence": "low",
        "review_status": "unreviewed",
        "region": "barents",
        "observed_at": "2026-02-26T08:30:14.044000Z",
        "source_id": "S2C_T39WWU_20260226T082919_L2A",
        "source_collection": "sentinel-2-c1-l2a",
        "source_level": "L2A",
        "area_m2": 1800.0,
        "equivalent_diameter_m": 47.87,
        "longitude": 51.9774224,
        "latitude": 70.9622313,
        "truncated": false,
        "minimum_threshold_iou": 0.667,
        "threshold_stable": true,
        "inferred_boundary_fraction": 0.0,
        "touching_floes_may_be_split": false,
        "isolated_stable_candidate": true,
        "low_sun": true,
        "sun_elevation_deg": 10.604148666102503,
        "processing_method": "distance_watershed_experimental_v1",
        "native_green_m": 10,
        "native_swir_m": 20,
        "notice": "Candidate outline; shape splitting can divide one floe or merge multiple floes; 30 m completeness unvalidated"
      }
    }
  ]
}