{
  "type": "FeatureCollection",
  "features": [
    {
      "type": "Feature",
      "geometry": {
        "type": "MultiPolygon",
        "coordinates": [
          [
            [
              [
                74.42060572366209,
                73.53822781098974
              ],
              [
                74.41970188296075,
                73.53815486267928
              ],
              [
                74.42003790356827,
                73.53780602739053
              ],
              [
                74.4206404514641,
                73.53785465905702
              ],
              [
                74.42055645055942,
                73.53794186819813
              ],
              [
                74.42025517470877,
                73.5379175524696
              ],
              [
                74.42017117145964,
                73.53800476143974
              ],
              [
                74.42047244877132,
                73.53802907729327
              ],
              [
                74.4203884460998,
                73.53811628634244
              ],
              [
                74.42068972575595,
                73.53814060186154
              ],
              [
                74.42060572366209,
                73.53822781098974
              ]
            ]
          ]
        ]
      },
      "properties": {
        "id": "e546506e671efb2c",
        "region": "kara",
        "class": "unclassified_radar_target",
        "ice_identity": "unverified",
        "grounding": "unverified",
        "confidence": "low",
        "observed_at": "2025-12-07T01:53:15.040469Z",
        "source_id": "S1C_IW_GRDH_1SDV_20251207T015300_20251207T015329_005339_00A9C9",
        "source_level": "L1",
        "radar_area_m2": 800.0,
        "radar_equivalent_diameter_m": 31.92,
        "physical_floe_diameter_m": null,
        "longitude": 74.4201878,
        "latitude": 73.5380296,
        "native_spacing_m": 10,
        "effective_resolution_m": "20 x 22",
        "co_contrast_max_db": 8.75,
        "cross_contrast_max_db": 7.33,
        "co_snr_median_db": 20.32,
        "cross_snr_median_db": 4.56,
        "review_status": "unreviewed",
        "possible_confusions": "ridge, ship, fast ice, unresolved land, speckle",
        "stream": "kara:sentinel-1c:93:descending:vv,vh",
        "repeat_track_id": "e546506e671efb2c",
        "repeat_observations": 1,
        "repeat_span_days": 0.0,
        "repeat_excursion_m": 0.0,
        "persistent_location_candidate": false
      }
    },
    {
      "type": "Feature",
      "geometry": {
        "type": "MultiPolygon",
        "coordinates": [
          [
            [
              [
                74.35508056411835,
                73.52841399581935
              ],
              [
                74.35477955738185,
                73.5283895801311
              ],
              [
                74.35486385555035,
                73.52830239783104
              ],
              [
                74.3545628511569,
                73.52827798180932
              ],
              [
                74.35464714989696,
                73.52819079958839
              ],
              [
                74.3555501613626,
                73.52826404590088
              ],
              [
                74.35563445484506,
                73.52817686325757
              ],
              [
                74.35593545898098,
                73.52820127765204
              ],
              [
                74.35585116695584,
                73.52828846042074
              ],
              [
                74.35615217343477,
                73.52831287448176
              ],
              [
                74.35606788198132,
                73.52840005732956
              ],
              [
                74.35576687404503,
                73.52837564314318
              ],
              [
                74.35568258024854,
                73.52846282581936
              ],
              [
                74.35538157174061,
                73.5284384110488
              ],
              [
                74.35546586699445,
                73.52835122849795
              ],
              [
                74.35516486082955,
                73.52832681339393
              ],
              [
                74.35508056411835,
                73.52841399581935
              ]
            ]
          ]
        ]
      },
      "properties": {
        "id": "7dd69848bb82d97d",
        "region": "kara",
        "class": "unclassified_radar_target",
        "ice_identity": "unverified",
        "grounding": "unverified",
        "confidence": "low",
        "observed_at": "2025-12-07T01:53:15.040469Z",
        "source_id": "S1C_IW_GRDH_1SDV_20251207T015300_20251207T015329_005339_00A9C9",
        "source_level": "L1",
        "radar_area_m2": 800.0,
        "radar_equivalent_diameter_m": 31.92,
        "physical_floe_diameter_m": null,
        "longitude": 74.3553846,
        "latitude": 73.5283094,
        "native_spacing_m": 10,
        "effective_resolution_m": "20 x 22",
        "co_contrast_max_db": 8.66,
        "cross_contrast_max_db": 7.39,
        "co_snr_median_db": 21.34,
        "cross_snr_median_db": 5.94,
        "review_status": "unreviewed",
        "possible_confusions": "ridge, ship, fast ice, unresolved land, speckle",
        "stream": "kara:sentinel-1c:93:descending:vv,vh",
        "repeat_track_id": "7dd69848bb82d97d",
        "repeat_observations": 1,
        "repeat_span_days": 0.0,
        "repeat_excursion_m": 0.0,
        "persistent_location_candidate": false
      }
    },
    {
      "type": "Feature",
      "geometry": {
        "type": "MultiPolygon",
        "coordinates": [
          [
            [
              [
                74.34983122338473,
                73.52780008284901
              ],
              [
                74.34953023550753,
                73.52777565915298
              ],
              [
                74.3497832007282,
                73.52751411860774
              ],
              [
                74.35008418423429,
                73.52753854192748
              ],
              [
                74.35016850274569,
                73.5274513615278
              ],
              [
                74.35077046950141,
                73.5275002065402
              ],
              [
                74.3508547842129,
                73.52741302584342
              ],
              [
                74.3511557674625,
                73.52743744753602
              ],
              [
                74.35090282504167,
                73.52769898986377
              ],
              [
                74.35060183742091,
                73.52767456779495
              ],
              [
                74.35051752005185,
                73.52776174835293
              ],
              [
                74.34991554455382,
                73.52771290258809
              ],
              [
                74.34983122338473,
                73.52780008284901
              ]
            ]
          ]
        ]
      },
      "properties": {
        "id": "0959e24c2d96c622",
        "region": "kara",
        "class": "unclassified_radar_target",
        "ice_identity": "unverified",
        "grounding": "unverified",
        "confidence": "low",
        "observed_at": "2025-12-07T01:53:15.040469Z",
        "source_id": "S1C_IW_GRDH_1SDV_20251207T015300_20251207T015329_005339_00A9C9",
        "source_level": "L1",
        "radar_area_m2": 1200.0,
        "radar_equivalent_diameter_m": 39.09,
        "physical_floe_diameter_m": null,
        "longitude": 74.350343,
        "latitude": 73.5276066,
        "native_spacing_m": 10,
        "effective_resolution_m": "20 x 22",
        "co_contrast_max_db": 7.62,
        "cross_contrast_max_db": 7.17,
        "co_snr_median_db": 19.79,
        "cross_snr_median_db": 5.32,
        "review_status": "unreviewed",
        "possible_confusions": "ridge, ship, fast ice, unresolved land, speckle",
        "stream": "kara:sentinel-1c:93:descending:vv,vh",
        "repeat_track_id": "0959e24c2d96c622",
        "repeat_observations": 1,
        "repeat_span_days": 0.0,
        "repeat_excursion_m": 0.0,
        "persistent_location_candidate": false
      }
    },
    {
      "type": "Feature",
      "geometry": {
        "type": "MultiPolygon",
        "coordinates": [
          [
            [
              [
                74.35254015414463,
                73.5280198754673
              ],
              [
                74.35193816333033,
                73.52797103587481
              ],
              [
                74.35202247429967,
                73.52788385473612
              ],
              [
                74.35142048994298,
                73.52783501355923
              ],
              [
                74.35150480294075,
                73.52774783262502
              ],
              [
                74.35180579321904,
                73.5277722533175
              ],
              [
                74.35189010387387,
                73.52768507221164
              ],
              [
                74.35219109358087,
                73.52770949231991
              ],
              [
                74.35227540189277,
                73.52762231104239
              ],
              [
                74.35197441364289,
                73.52759789105954
              ],
              [
                74.35214303052356,
                73.52742352861655
              ],
              [
                74.35244401585925,
                73.52744794834865
              ],
              [
                74.35235970931889,
                73.52753512971864
              ],
              [
                74.35296168556174,
                73.5275839680572
              ],
              [
                74.3527087693688,
                73.52784551264202
              ],
              [
                74.35240777643308,
                73.52782109332598
              ],
              [
                74.35232346780674,
                73.52790827463636
              ],
              [
                74.35262446219961,
                73.52793269407779
              ],
              [
                74.35254015414463,
                73.5280198754673
              ]
            ]
          ]
        ]
      },
      "properties": {
        "id": "7eb254e9c3752ee8",
        "region": "kara",
        "class": "unclassified_radar_target",
        "ice_identity": "unverified",
        "grounding": "unverified",
        "confidence": "low",
        "observed_at": "2025-12-07T01:53:15.040469Z",
        "source_id": "S1C_IW_GRDH_1SDV_20251207T015300_20251207T015329_005339_00A9C9",
        "source_level": "L1",
        "radar_area_m2": 1400.0,
        "radar_equivalent_diameter_m": 42.22,
        "physical_floe_diameter_m": null,
        "longitude": 74.3522805,
        "latitude": 73.5277369,
        "native_spacing_m": 10,
        "effective_resolution_m": "20 x 22",
        "co_contrast_max_db": 9.15,
        "cross_contrast_max_db": 7.02,
        "co_snr_median_db": 20.89,
        "cross_snr_median_db": 6.95,
        "review_status": "unreviewed",
        "possible_confusions": "ridge, ship, fast ice, unresolved land, speckle",
        "stream": "kara:sentinel-1c:93:descending:vv,vh",
        "repeat_track_id": "7eb254e9c3752ee8",
        "repeat_observations": 1,
        "repeat_span_days": 0.0,
        "repeat_excursion_m": 0.0,
        "persistent_location_candidate": false
      }
    },
    {
      "type": "Feature",
      "geometry": {
        "type": "MultiPolygon",
        "coordinates": [
          [
            [
              [
                74.61209672843374,
                73.54334022903654
              ],
              [
                74.61179507525863,
                73.54331620515973
              ],
              [
                74.61187809702187,
                73.5432289159829
              ],
              [
                74.6115764461888,
                73.54320489176936
              ],
              [
                74.6116594685457,
                73.54311760267103
              ],
              [
                74.61196111791094,
                73.54314162676093
              ],
              [
                74.61212715706658,
                73.5429670481815
              ],
              [
                74.61273045254828,
                73.54301509448572
              ],
              [
                74.61289648233614,
                73.54284051523118
              ],
              [
                74.61319812845252,
                73.54286453744554
              ],
              [
                74.61286607125166,
                73.54321369626855
              ],
              [
                74.61226276815037,
                73.54316565039046
              ],
              [
                74.61209672843374,
                73.54334022903654
              ]
            ]
          ]
        ]
      },
      "properties": {
        "id": "92b6aec2e2337652",
        "region": "kara",
        "class": "unclassified_radar_target",
        "ice_identity": "unverified",
        "grounding": "unverified",
        "confidence": "low",
        "observed_at": "2025-12-07T01:53:15.040469Z",
        "source_id": "S1C_IW_GRDH_1SDV_20251207T015300_20251207T015329_005339_00A9C9",
        "source_level": "L1",
        "radar_area_m2": 1100.0,
        "radar_equivalent_diameter_m": 37.42,
        "physical_floe_diameter_m": null,
        "longitude": 74.6124304,
        "latitude": 73.5430979,
        "native_spacing_m": 10,
        "effective_resolution_m": "20 x 22",
        "co_contrast_max_db": 8.92,
        "cross_contrast_max_db": 6.95,
        "co_snr_median_db": 19.76,
        "cross_snr_median_db": 6.03,
        "review_status": "unreviewed",
        "possible_confusions": "ridge, ship, fast ice, unresolved land, speckle",
        "stream": "kara:sentinel-1c:93:descending:vv,vh",
        "repeat_track_id": "92b6aec2e2337652",
        "repeat_observations": 1,
        "repeat_span_days": 0.0,
        "repeat_excursion_m": 0.0,
        "persistent_location_candidate": false
      }
    },
    {
      "type": "Feature",
      "geometry": {
        "type": "MultiPolygon",
        "coordinates": [
          [
            [
              [
                74.35206677670939,
                73.50400562292413
              ],
              [
                74.35146565712238,
                73.50395678029776
              ],
              [
                74.35163403948896,
                73.50378241268409
              ],
              [
                74.35193459593495,
                73.50380683397593
              ],
              [
                74.3520187843404,
                73.50371964997454
              ],
              [
                74.35141767523751,
                73.50367080718316
              ],
              [
                74.35167024387175,
                73.50340925565288
              ],
              [
                74.35227134425735,
                73.50345809769306
              ],
              [
                74.3521029718626,
                73.50363246592694
              ],
              [
                74.35240352628603,
                73.5036568865102
              ],
              [
                74.3522351532642,
                73.50383125480961
              ],
              [
                74.3525357114767,
                73.50385567518512
              ],
              [
                74.35245152509388,
                73.5039428593907
              ],
              [
                74.35215096542842,
                73.50391843888997
              ],
              [
                74.35206677670939,
                73.50400562292413
              ]
            ]
          ]
        ]
      },
      "properties": {
        "id": "c660c2ce984d6dd8",
        "region": "kara",
        "class": "unclassified_radar_target",
        "ice_identity": "unverified",
        "grounding": "unverified",
        "confidence": "low",
        "observed_at": "2025-12-07T01:53:15.040469Z",
        "source_id": "S1C_IW_GRDH_1SDV_20251207T015300_20251207T015329_005339_00A9C9",
        "source_level": "L1",
        "radar_area_m2": 1300.0,
        "radar_equivalent_diameter_m": 40.68,
        "physical_floe_diameter_m": null,
        "longitude": 74.3519346,
        "latitude": 73.5037164,
        "native_spacing_m": 10,
        "effective_resolution_m": "20 x 22",
        "co_contrast_max_db": 10.83,
        "cross_contrast_max_db": 8.07,
        "co_snr_median_db": 19.25,
        "cross_snr_median_db": 4.61,
        "review_status": "unreviewed",
        "possible_confusions": "ridge, ship, fast ice, unresolved land, speckle",
        "stream": "kara:sentinel-1c:93:descending:vv,vh",
        "repeat_track_id": "c660c2ce984d6dd8",
        "repeat_observations": 1,
        "repeat_span_days": 0.0,
        "repeat_excursion_m": 0.0,
        "persistent_location_candidate": false
      }
    },
    {
      "type": "Feature",
      "geometry": {
        "type": "MultiPolygon",
        "coordinates": [
          [
            [
              [
                74.61512892986644,
                73.51353318910358
              ],
              [
                74.61482781363615,
                73.51350916887407
              ],
              [
                74.61491067047568,
                73.51342187489097
              ],
              [
                74.61400733139828,
                73.51334981181526
              ],
              [
                74.61409019175483,
                73.5132625181572
              ],
              [
                74.61439130244707,
                73.51328653951862
              ],
              [
                74.61447416047008,
                73.51319924569206
              ],
              [
                74.61477527057062,
                73.51322326647053
              ],
              [
                74.61469241401024,
                73.51331056042046
              ],
              [
                74.6149935264443,
                73.51333458086275
              ],
              [
                74.61507638154204,
                73.51324728678944
              ],
              [
                74.61537749338432,
                73.51327130664882
              ],
              [
                74.61529463974924,
                73.51335860084549
              ],
              [
                74.61559575392504,
                73.5133826203687
              ],
              [
                74.61576145739903,
                73.51320803168348
              ],
              [
                74.61606256952032,
                73.51323205050033
              ],
              [
                74.61597971968142,
                73.5133193449889
              ],
              [
                74.61628083413623,
                73.5133433634696
              ],
              [
                74.61611513477132,
                73.51351795255816
              ],
              [
                74.61581401739112,
                73.51349393383069
              ],
              [
                74.61573116493967,
                73.51358122818395
              ],
              [
                74.61543004696762,
                73.51355720887356
              ],
              [
                74.61551290088177,
                73.51346991464368
              ],
              [
                74.61521178524328,
                73.51344589499709
              ],
              [
                74.61512892986644,
                73.51353318910358
              ]
            ]
          ]
        ]
      },
      "properties": {
        "id": "581df7490638f177",
        "region": "kara",
        "class": "unclassified_radar_target",
        "ice_identity": "unverified",
        "grounding": "unverified",
        "confidence": "low",
        "observed_at": "2025-12-07T01:53:15.040469Z",
        "source_id": "S1C_IW_GRDH_1SDV_20251207T015300_20251207T015329_005339_00A9C9",
        "source_level": "L1",
        "radar_area_m2": 1400.0,
        "radar_equivalent_diameter_m": 42.22,
        "physical_floe_diameter_m": null,
        "longitude": 74.6152769,
        "latitude": 73.5133773,
        "native_spacing_m": 10,
        "effective_resolution_m": "20 x 22",
        "co_contrast_max_db": 11.68,
        "cross_contrast_max_db": 6.6,
        "co_snr_median_db": 17.85,
        "cross_snr_median_db": 4.41,
        "review_status": "unreviewed",
        "possible_confusions": "ridge, ship, fast ice, unresolved land, speckle",
        "stream": "kara:sentinel-1c:93:descending:vv,vh",
        "repeat_track_id": "581df7490638f177",
        "repeat_observations": 1,
        "repeat_span_days": 0.0,
        "repeat_excursion_m": 0.0,
        "persistent_location_candidate": false
      }
    },
    {
      "type": "Feature",
      "geometry": {
        "type": "MultiPolygon",
        "coordinates": [
          [
            [
              [
                74.61562604906449,
                73.51300942378819
              ],
              [
                74.61502383502653,
                73.51296138435019
              ],
              [
                74.61510668810348,
                73.51287409021987
              ],
              [
                74.61540779322445,
                73.51289811004524
              ],
              [
                74.6156563428427,
                73.51263622701359
              ],
              [
                74.61655965026713,
                73.51270828262214
              ],
              [
                74.61647680565292,
                73.51279557738124
              ],
              [
                74.61617570084476,
                73.51277155918123
              ],
              [
                74.61601000607884,
                73.51294614831738
              ],
              [
                74.61570889921626,
                73.51292212941111
              ],
              [
                74.61562604906449,
                73.51300942378819
              ]
            ]
          ]
        ]
      },
      "properties": {
        "id": "0879c0cdad5259f5",
        "region": "kara",
        "class": "unclassified_radar_target",
        "ice_identity": "unverified",
        "grounding": "unverified",
        "confidence": "low",
        "observed_at": "2025-12-07T01:53:15.040469Z",
        "source_id": "S1C_IW_GRDH_1SDV_20251207T015300_20251207T015329_005339_00A9C9",
        "source_level": "L1",
        "radar_area_m2": 900.0,
        "radar_equivalent_diameter_m": 33.85,
        "physical_floe_diameter_m": null,
        "longitude": 74.6157888,
        "latitude": 73.512819,
        "native_spacing_m": 10,
        "effective_resolution_m": "20 x 22",
        "co_contrast_max_db": 7.71,
        "cross_contrast_max_db": 6.43,
        "co_snr_median_db": 16.52,
        "cross_snr_median_db": 5.92,
        "review_status": "unreviewed",
        "possible_confusions": "ridge, ship, fast ice, unresolved land, speckle",
        "stream": "kara:sentinel-1c:93:descending:vv,vh",
        "repeat_track_id": "0879c0cdad5259f5",
        "repeat_observations": 1,
        "repeat_span_days": 0.0,
        "repeat_excursion_m": 0.0,
        "persistent_location_candidate": false
      }
    },
    {
      "type": "Feature",
      "geometry": {
        "type": "MultiPolygon",
        "coordinates": [
          [
            [
              [
                74.61563408135463,
                73.51197712738534
              ],
              [
                74.61503190471655,
                73.51192908790445
              ],
              [
                74.61511475260242,
                73.51184179364822
              ],
              [
                74.61541583902368,
                73.51186581349504
              ],
              [
                74.61566437306988,
                73.51160393008566
              ],
              [
                74.61596545597465,
                73.51162794910287
              ],
              [
                74.6162139777978,
                73.51136606491757
              ],
              [
                74.61651505718612,
                73.5113900831052
              ],
              [
                74.61643221891138,
                73.51147737800207
              ],
              [
                74.61733546668704,
                73.51154943017798
              ],
              [
                74.61725263192889,
                73.51163672539982
              ],
              [
                74.616951547004,
                73.51161270834403
              ],
              [
                74.61686870991285,
                73.51170000339745
              ],
              [
                74.61626653975009,
                73.51165196766058
              ],
              [
                74.61610085710623,
                73.51182655713872
              ],
              [
                74.615799770406,
                73.51180253833428
              ],
              [
                74.61563408135463,
                73.51197712738534
              ]
            ]
          ]
        ]
      },
      "properties": {
        "id": "609709ae6e2c192e",
        "region": "kara",
        "class": "unclassified_radar_target",
        "ice_identity": "unverified",
        "grounding": "unverified",
        "confidence": "low",
        "observed_at": "2025-12-07T01:53:15.040469Z",
        "source_id": "S1C_IW_GRDH_1SDV_20251207T015300_20251207T015329_005339_00A9C9",
        "source_level": "L1",
        "radar_area_m2": 1500.0,
        "radar_equivalent_diameter_m": 43.7,
        "physical_floe_diameter_m": null,
        "longitude": 74.6161569,
        "latitude": 73.5116651,
        "native_spacing_m": 10,
        "effective_resolution_m": "20 x 22",
        "co_contrast_max_db": 10.17,
        "cross_contrast_max_db": 7.05,
        "co_snr_median_db": 17.25,
        "cross_snr_median_db": 4.11,
        "review_status": "unreviewed",
        "possible_confusions": "ridge, ship, fast ice, unresolved land, speckle",
        "stream": "kara:sentinel-1c:93:descending:vv,vh",
        "repeat_track_id": "609709ae6e2c192e",
        "repeat_observations": 1,
        "repeat_span_days": 0.0,
        "repeat_excursion_m": 0.0,
        "persistent_location_candidate": false
      }
    },
    {
      "type": "Feature",
      "geometry": {
        "type": "MultiPolygon",
        "coordinates": [
          [
            [
              [
                74.54661843769019,
                73.54835149797881
              ],
              [
                74.54480855521513,
                73.54820675036272
              ],
              [
                74.54489195419309,
                73.54811948991195
              ],
              [
                74.54459031165399,
                73.54809536382277
              ],
              [
                74.54467371122044,
                73.54800810345074
              ],
              [
                74.54437207102615,
                73.54798397702551
              ],
              [
                74.54445547118108,
                73.54789671673217
              ],
              [
                74.5441538333315,
                73.54787258997094
              ],
              [
                74.54423723407491,
                73.54778532975631
              ],
              [
                74.5445388704579,
                73.5478094563934
              ],
              [
                74.5446222688566,
                73.54772219600916
              ],
              [
                74.5452255413237,
                73.54777044765444
              ],
              [
                74.5451421458582,
                73.54785770828701
              ],
              [
                74.5460470655443,
                73.54793008267609
              ],
              [
                74.54579688707908,
                73.5481918654184
              ],
              [
                74.54640018006023,
                73.5482401134551
              ],
              [
                74.54648357082664,
                73.54815285233815
              ],
              [
                74.5467852171676,
                73.54817697554203
              ],
              [
                74.54661843769019,
                73.54835149797881
              ]
            ]
          ]
        ]
      },
      "properties": {
        "id": "cac787fb9c8ea768",
        "region": "kara",
        "class": "unclassified_radar_target",
        "ice_identity": "unverified",
        "grounding": "unverified",
        "confidence": "low",
        "observed_at": "2025-12-31T01:53:13.776165Z",
        "source_id": "S1C_IW_GRDH_1SDV_20251231T015259_20251231T015328_005689_00B5D1",
        "source_level": "L1",
        "radar_area_m2": 2400.0,
        "radar_equivalent_diameter_m": 55.28,
        "physical_floe_diameter_m": null,
        "longitude": 74.5453446,
        "latitude": 73.5480422,
        "native_spacing_m": 10,
        "effective_resolution_m": "20 x 22",
        "co_contrast_max_db": 10.94,
        "cross_contrast_max_db": 18.26,
        "co_snr_median_db": 23.98,
        "cross_snr_median_db": 18.72,
        "review_status": "unreviewed",
        "possible_confusions": "ridge, ship, fast ice, unresolved land, speckle",
        "stream": "kara:sentinel-1c:93:descending:vv,vh",
        "repeat_track_id": "cac787fb9c8ea768",
        "repeat_observations": 1,
        "repeat_span_days": 0.0,
        "repeat_excursion_m": 0.0,
        "persistent_location_candidate": false
      }
    },
    {
      "type": "Feature",
      "geometry": {
        "type": "MultiPolygon",
        "coordinates": [
          [
            [
              [
                74.55506497382176,
                73.54902676779162
              ],
              [
                74.55446162698864,
                73.5489785461997
              ],
              [
                74.5545449790265,
                73.54889128177687
              ],
              [
                74.55484665053709,
                73.54891539267888
              ],
              [
                74.55493000023013,
                73.54882812808658
              ],
              [
                74.55523167115133,
                73.54885223840425
              ],
              [
                74.55531501849958,
                73.54876497364243
              ],
              [
                74.55561668883135,
                73.54878908337574
              ],
              [
                74.55578337796074,
                73.54861455346776
              ],
              [
                74.55548171056313,
                73.54859044398262
              ],
              [
                74.55556505527844,
                73.5485031790846
              ],
              [
                74.55496172605025,
                73.54845495898175
              ],
              [
                74.55512841871608,
                73.54828042954587
              ],
              [
                74.55482675835248,
                73.54825631905223
              ],
              [
                74.55491010483594,
                73.54816905439027
              ],
              [
                74.55551342350682,
                73.54821727466908
              ],
              [
                74.55543007995733,
                73.54830453957922
              ],
              [
                74.55603340507263,
                73.54835275826527
              ],
              [
                74.5559500635796,
                73.54844002337818
              ],
              [
                74.55625172892069,
                73.5484641321549
              ],
              [
                74.55616838801711,
                73.54855139734649
              ],
              [
                74.55647005570286,
                73.54857550578706
              ],
              [
                74.55638671538878,
                73.54866277105732
              ],
              [
                74.55668838541924,
                73.5486868791617
              ],
              [
                74.55660504569468,
                73.54877414451066
              ],
              [
                74.55690671806984,
                73.54879825227887
              ],
              [
                74.55682337893482,
                73.5488855177065
              ],
              [
                74.5565217050925,
                73.54886140981418
              ],
              [
                74.55635502125534,
                73.54903594028505
              ],
              [
                74.55514832292539,
                73.54893950312061
              ],
              [
                74.55506497382176,
                73.54902676779162
              ]
            ]
          ]
        ]
      },
      "properties": {
        "id": "582ada935e54de70",
        "region": "kara",
        "class": "unclassified_radar_target",
        "ice_identity": "unverified",
        "grounding": "unverified",
        "confidence": "low",
        "observed_at": "2025-12-31T01:53:13.776165Z",
        "source_id": "S1C_IW_GRDH_1SDV_20251231T015259_20251231T015328_005689_00B5D1",
        "source_level": "L1",
        "radar_area_m2": 3000.0,
        "radar_equivalent_diameter_m": 61.8,
        "physical_floe_diameter_m": null,
        "longitude": 74.5557424,
        "latitude": 73.5486802,
        "native_spacing_m": 10,
        "effective_resolution_m": "20 x 22",
        "co_contrast_max_db": 9.63,
        "cross_contrast_max_db": 16.65,
        "co_snr_median_db": 22.9,
        "cross_snr_median_db": 16.8,
        "review_status": "unreviewed",
        "possible_confusions": "ridge, ship, fast ice, unresolved land, speckle",
        "stream": "kara:sentinel-1c:93:descending:vv,vh",
        "repeat_track_id": "582ada935e54de70",
        "repeat_observations": 1,
        "repeat_span_days": 0.0,
        "repeat_excursion_m": 0.0,
        "persistent_location_candidate": false
      }
    },
    {
      "type": "Feature",
      "geometry": {
        "type": "MultiPolygon",
        "coordinates": [
          [
            [
              [
                74.48426239137477,
                73.54260181361184
              ],
              [
                74.4836594847251,
                73.54255337596292
              ],
              [
                74.48382686847181,
                73.54237890527325
              ],
              [
                74.48412831842873,
                73.5424031240785
              ],
              [
                74.48421200751734,
                73.54231588854057
              ],
              [
                74.48541781029607,
                73.54241275866565
              ],
              [
                74.48525044294867,
                73.54258723069222
              ],
              [
                74.48494898800544,
                73.5425630136015
              ],
              [
                74.48486530154702,
                73.54265024942168
              ],
              [
                74.48456384602058,
                73.54262603174665
              ],
              [
                74.48464753394283,
                73.542538796051
              ],
              [
                74.48434608076086,
                73.54251457804077
              ],
              [
                74.48426239137477,
                73.54260181361184
              ]
            ]
          ]
        ]
      },
      "properties": {
        "id": "322fb847f05c4b37",
        "region": "kara",
        "class": "unclassified_radar_target",
        "ice_identity": "unverified",
        "grounding": "unverified",
        "confidence": "low",
        "observed_at": "2025-12-31T01:53:13.776165Z",
        "source_id": "S1C_IW_GRDH_1SDV_20251231T015259_20251231T015328_005689_00B5D1",
        "source_level": "L1",
        "radar_area_m2": 1200.0,
        "radar_equivalent_diameter_m": 39.09,
        "physical_floe_diameter_m": null,
        "longitude": 74.4845456,
        "latitude": 73.5424758,
        "native_spacing_m": 10,
        "effective_resolution_m": "20 x 22",
        "co_contrast_max_db": 9.05,
        "cross_contrast_max_db": 9.42,
        "co_snr_median_db": 23.1,
        "cross_snr_median_db": 13.89,
        "review_status": "unreviewed",
        "possible_confusions": "ridge, ship, fast ice, unresolved land, speckle",
        "stream": "kara:sentinel-1c:93:descending:vv,vh",
        "repeat_track_id": "322fb847f05c4b37",
        "repeat_observations": 1,
        "repeat_span_days": 0.0,
        "repeat_excursion_m": 0.0,
        "persistent_location_candidate": false
      }
    },
    {
      "type": "Feature",
      "geometry": {
        "type": "MultiPolygon",
        "coordinates": [
          [
            [
              [
                74.47009501661226,
                73.54146304268421
              ],
              [
                74.46979360425192,
                73.54143880248245
              ],
              [
                74.46987736388542,
                73.54135157289222
              ],
              [
                74.46957595386951,
                73.54132733235542
              ],
              [
                74.46965971408488,
                73.54124010284407
              ],
              [
                74.46935830641335,
                73.54121586197225
              ],
              [
                74.4694420672106,
                73.54112863253978
              ],
              [
                74.46883925743755,
                73.54108014966644
              ],
              [
                74.46892302027972,
                73.5409929204375
              ],
              [
                74.4695258271266,
                73.54104140306157
              ],
              [
                74.46969334431492,
                73.54086694396784
              ],
              [
                74.47029614883438,
                73.54091542425464
              ],
              [
                74.47012863749845,
                73.54108988384695
              ],
              [
                74.46982723187192,
                73.54106564368409
              ],
              [
                74.46974347341902,
                73.54115287328698
              ],
              [
                74.47004488050865,
                73.54117711357448
              ],
              [
                74.46996112263766,
                73.54126434325623
              ],
              [
                74.47026253207166,
                73.5412885832087
              ],
              [
                74.47009501661226,
                73.54146304268421
              ]
            ]
          ]
        ]
      },
      "properties": {
        "id": "320d202f1b0dfd05",
        "region": "kara",
        "class": "unclassified_radar_target",
        "ice_identity": "unverified",
        "grounding": "unverified",
        "confidence": "low",
        "observed_at": "2025-12-31T01:53:13.776165Z",
        "source_id": "S1C_IW_GRDH_1SDV_20251231T015259_20251231T015328_005689_00B5D1",
        "source_level": "L1",
        "radar_area_m2": 1200.0,
        "radar_equivalent_diameter_m": 39.09,
        "physical_floe_diameter_m": null,
        "longitude": 74.4697393,
        "latitude": 73.541129,
        "native_spacing_m": 10,
        "effective_resolution_m": "20 x 22",
        "co_contrast_max_db": 8.24,
        "cross_contrast_max_db": 6.22,
        "co_snr_median_db": 22.05,
        "cross_snr_median_db": 10.51,
        "review_status": "unreviewed",
        "possible_confusions": "ridge, ship, fast ice, unresolved land, speckle",
        "stream": "kara:sentinel-1c:93:descending:vv,vh",
        "repeat_track_id": "320d202f1b0dfd05",
        "repeat_observations": 1,
        "repeat_span_days": 0.0,
        "repeat_excursion_m": 0.0,
        "persistent_location_candidate": false
      }
    },
    {
      "type": "Feature",
      "geometry": {
        "type": "MultiPolygon",
        "coordinates": [
          [
            [
              [
                74.47900378893725,
                73.54199134186244
              ],
              [
                74.47870235395303,
                73.54196711524143
              ],
              [
                74.47878606938737,
                73.54187988194576
              ],
              [
                74.47848463674751,
                73.54185565498963
              ],
              [
                74.47856835276451,
                73.54176842177282
              ],
              [
                74.47826692246903,
                73.54174419448152
              ],
              [
                74.47835063906868,
                73.54165696134358
              ],
              [
                74.47865206790067,
                73.54168118851027
              ],
              [
                74.47881949553049,
                73.54150672184804
              ],
              [
                74.47912092231637,
                73.54153094830585
              ],
              [
                74.47895349761352,
                73.54170541521725
              ],
              [
                74.47955635968164,
                73.54175386725204
              ],
              [
                74.47947264893602,
                73.54184110088832
              ],
              [
                74.47917121599802,
                73.54181687497622
              ],
              [
                74.47900378893725,
                73.54199134186244
              ]
            ]
          ]
        ]
      },
      "properties": {
        "id": "b56306039da3963b",
        "region": "kara",
        "class": "unclassified_radar_target",
        "ice_identity": "unverified",
        "grounding": "unverified",
        "confidence": "low",
        "observed_at": "2025-12-31T01:53:13.776165Z",
        "source_id": "S1C_IW_GRDH_1SDV_20251231T015259_20251231T015328_005689_00B5D1",
        "source_level": "L1",
        "radar_area_m2": 900.0,
        "radar_equivalent_diameter_m": 33.85,
        "physical_floe_diameter_m": null,
        "longitude": 74.4788856,
        "latitude": 73.5417574,
        "native_spacing_m": 10,
        "effective_resolution_m": "20 x 22",
        "co_contrast_max_db": 10.03,
        "cross_contrast_max_db": 11.44,
        "co_snr_median_db": 23.24,
        "cross_snr_median_db": 15.08,
        "review_status": "unreviewed",
        "possible_confusions": "ridge, ship, fast ice, unresolved land, speckle",
        "stream": "kara:sentinel-1c:93:descending:vv,vh",
        "repeat_track_id": "b56306039da3963b",
        "repeat_observations": 1,
        "repeat_span_days": 0.0,
        "repeat_excursion_m": 0.0,
        "persistent_location_candidate": false
      }
    },
    {
      "type": "Feature",
      "geometry": {
        "type": "MultiPolygon",
        "coordinates": [
          [
            [
              [
                74.59491230653465,
                73.55014083908821
              ],
              [
                74.59340355512418,
                73.55002058531336
              ],
              [
                74.59356985867102,
                73.54984602393463
              ],
              [
                74.59447509807897,
                73.549918176838
              ],
              [
                74.59439195114889,
                73.55000545792143
              ],
              [
                74.59499545140348,
                73.5500535578024
              ],
              [
                74.59491230653465,
                73.55014083908821
              ]
            ]
          ]
        ]
      },
      "properties": {
        "id": "bf7c2e0f48281fb0",
        "region": "kara",
        "class": "unclassified_radar_target",
        "ice_identity": "unverified",
        "grounding": "unverified",
        "confidence": "low",
        "observed_at": "2025-12-31T01:53:13.776165Z",
        "source_id": "S1C_IW_GRDH_1SDV_20251231T015259_20251231T015328_005689_00B5D1",
        "source_level": "L1",
        "radar_area_m2": 800.0,
        "radar_equivalent_diameter_m": 31.92,
        "physical_floe_diameter_m": null,
        "longitude": 74.5941175,
        "latitude": 73.5499953,
        "native_spacing_m": 10,
        "effective_resolution_m": "20 x 22",
        "co_contrast_max_db": 7.85,
        "cross_contrast_max_db": 8.1,
        "co_snr_median_db": 20.67,
        "cross_snr_median_db": 10.34,
        "review_status": "unreviewed",
        "possible_confusions": "ridge, ship, fast ice, unresolved land, speckle",
        "stream": "kara:sentinel-1c:93:descending:vv,vh",
        "repeat_track_id": "bf7c2e0f48281fb0",
        "repeat_observations": 1,
        "repeat_span_days": 0.0,
        "repeat_excursion_m": 0.0,
        "persistent_location_candidate": false
      }
    },
    {
      "type": "Feature",
      "geometry": {
        "type": "MultiPolygon",
        "coordinates": [
          [
            [
              [
                74.47883545669178,
                73.5370917929653
              ],
              [
                74.4782327661849,
                73.53704333842894
              ],
              [
                74.47831645923712,
                73.53695610474873
              ],
              [
                74.47801511676685,
                73.5369318769157
              ],
              [
                74.47809881040135,
                73.5368446433143
              ],
              [
                74.47779747027406,
                73.53682041514627
              ],
              [
                74.4778811644908,
                73.53673318162369
              ],
              [
                74.4781825031555,
                73.5367574096672
              ],
              [
                74.47826619502929,
                73.53667017597438
              ],
              [
                74.4785675331117,
                73.53669440343376
              ],
              [
                74.47848384270051,
                73.53678163725112
              ],
              [
                74.47878518312586,
                73.53680586437545
              ],
              [
                74.47895256014274,
                73.53663139644588
              ],
              [
                74.47925389852314,
                73.5366556228615
              ],
              [
                74.47908652443151,
                73.53683009104016
              ],
              [
                74.47938786661746,
                73.53685431724531
              ],
              [
                74.47930417971385,
                73.53694155139061
              ],
              [
                74.47900283606525,
                73.53691732506094
              ],
              [
                74.47883545669178,
                73.5370917929653
              ]
            ]
          ]
        ]
      },
      "properties": {
        "id": "7a9a2d79171520f5",
        "region": "kara",
        "class": "unclassified_radar_target",
        "ice_identity": "unverified",
        "grounding": "unverified",
        "confidence": "low",
        "observed_at": "2025-12-31T01:53:13.776165Z",
        "source_id": "S1C_IW_GRDH_1SDV_20251231T015259_20251231T015328_005689_00B5D1",
        "source_level": "L1",
        "radar_area_m2": 1300.0,
        "radar_equivalent_diameter_m": 40.68,
        "physical_floe_diameter_m": null,
        "longitude": 74.4786197,
        "latitude": 73.5368612,
        "native_spacing_m": 10,
        "effective_resolution_m": "20 x 22",
        "co_contrast_max_db": 10.11,
        "cross_contrast_max_db": 8.76,
        "co_snr_median_db": 25.19,
        "cross_snr_median_db": 16.61,
        "review_status": "unreviewed",
        "possible_confusions": "ridge, ship, fast ice, unresolved land, speckle",
        "stream": "kara:sentinel-1c:93:descending:vv,vh",
        "repeat_track_id": "7a9a2d79171520f5",
        "repeat_observations": 1,
        "repeat_span_days": 0.0,
        "repeat_excursion_m": 0.0,
        "persistent_location_candidate": false
      }
    },
    {
      "type": "Feature",
      "geometry": {
        "type": "MultiPolygon",
        "coordinates": [
          [
            [
              [
                74.4653595281417,
                73.53591389293943
              ],
              [
                74.46505822353862,
                73.53588964534563
              ],
              [
                74.46514198005326,
                73.53580241710196
              ],
              [
                74.46484067779312,
                73.53577816917328
              ],
              [
                74.46492443488887,
                73.53569094100847
              ],
              [
                74.465225735687,
                73.53571518881247
              ],
              [
                74.46530949043985,
                73.53562796047724
              ],
              [
                74.46500819110373,
                73.53560371279785
              ],
              [
                74.46534320715445,
                73.53525479949768
              ],
              [
                74.46564450064267,
                73.53527904667854
              ],
              [
                74.46556074941323,
                73.53536627519688
              ],
              [
                74.46586204524424,
                73.53539052204286
              ],
              [
                74.46569454306682,
                73.53556497919149
              ],
              [
                74.46599584270264,
                73.53558922582722
              ],
              [
                74.46591209175469,
                73.5356764544575
              ],
              [
                74.46651469659292,
                73.53572494659976
              ],
              [
                74.46659844461679,
                73.5356377177202
              ],
              [
                74.46689974689511,
                73.53566196297741
              ],
              [
                74.46681600033328,
                73.53574919198161
              ],
              [
                74.46711730495444,
                73.53577343690394
              ],
              [
                74.46703355897391,
                73.53586066598696
              ],
              [
                74.46643094768822,
                73.53581217543353
              ],
              [
                74.4663471979027,
                73.53589940422155
              ],
              [
                74.46604589211903,
                73.53587515813089
              ],
              [
                74.46612964336663,
                73.53578792946755
              ],
              [
                74.46582833992589,
                73.53576368304202
              ],
              [
                74.46574458721624,
                73.53585091158075
              ],
              [
                74.4654432831943,
                73.53582666457112
              ],
              [
                74.4653595281417,
                73.53591389293943
              ]
            ]
          ]
        ]
      },
      "properties": {
        "id": "2a24371bad29218a",
        "region": "kara",
        "class": "unclassified_radar_target",
        "ice_identity": "unverified",
        "grounding": "unverified",
        "confidence": "low",
        "observed_at": "2025-12-31T01:53:13.776165Z",
        "source_id": "S1C_IW_GRDH_1SDV_20251231T015259_20251231T015328_005689_00B5D1",
        "source_level": "L1",
        "radar_area_m2": 2000.0,
        "radar_equivalent_diameter_m": 50.46,
        "physical_floe_diameter_m": null,
        "longitude": 74.4657548,
        "latitude": 73.5356544,
        "native_spacing_m": 10,
        "effective_resolution_m": "20 x 22",
        "co_contrast_max_db": 9.45,
        "cross_contrast_max_db": 8.97,
        "co_snr_median_db": 23.59,
        "cross_snr_median_db": 15.66,
        "review_status": "unreviewed",
        "possible_confusions": "ridge, ship, fast ice, unresolved land, speckle",
        "stream": "kara:sentinel-1c:93:descending:vv,vh",
        "repeat_track_id": "2a24371bad29218a",
        "repeat_observations": 1,
        "repeat_span_days": 0.0,
        "repeat_excursion_m": 0.0,
        "persistent_location_candidate": false
      }
    },
    {
      "type": "Feature",
      "geometry": {
        "type": "MultiPolygon",
        "coordinates": [
          [
            [
              [
                74.45471468623074,
                73.53449308273119
              ],
              [
                74.45411216064869,
                73.53444455457958
              ],
              [
                74.45419596742286,
                73.53435733079873
              ],
              [
                74.45389470741524,
                73.5343330661585
              ],
              [
                74.45397851476956,
                73.5342458424565
              ],
              [
                74.45458103274323,
                73.53429437102815
              ],
              [
                74.4546648362934,
                73.53420714703093
              ],
              [
                74.45406232124257,
                73.53415861870872
              ],
              [
                74.45414612683427,
                73.53407139491509
              ],
              [
                74.45444738245766,
                73.5340956591812
              ],
              [
                74.45453118570671,
                73.53400843521705
              ],
              [
                74.45483244074994,
                73.53403269889903
              ],
              [
                74.4547486389623,
                73.53411992298788
              ],
              [
                74.4550498963482,
                73.53414418633518
              ],
              [
                74.45471468623074,
                73.53449308273119
              ]
            ]
          ]
        ]
      },
      "properties": {
        "id": "b13ade488d430957",
        "region": "kara",
        "class": "unclassified_radar_target",
        "ice_identity": "unverified",
        "grounding": "unverified",
        "confidence": "low",
        "observed_at": "2025-12-31T01:53:13.776165Z",
        "source_id": "S1C_IW_GRDH_1SDV_20251231T015259_20251231T015328_005689_00B5D1",
        "source_level": "L1",
        "radar_area_m2": 1000.0,
        "radar_equivalent_diameter_m": 35.68,
        "physical_floe_diameter_m": null,
        "longitude": 74.4545158,
        "latitude": 73.5342609,
        "native_spacing_m": 10,
        "effective_resolution_m": "20 x 22",
        "co_contrast_max_db": 8.67,
        "cross_contrast_max_db": 9.09,
        "co_snr_median_db": 24.25,
        "cross_snr_median_db": 17.12,
        "review_status": "unreviewed",
        "possible_confusions": "ridge, ship, fast ice, unresolved land, speckle",
        "stream": "kara:sentinel-1c:93:descending:vv,vh",
        "repeat_track_id": "b13ade488d430957",
        "repeat_observations": 1,
        "repeat_span_days": 0.0,
        "repeat_excursion_m": 0.0,
        "persistent_location_candidate": false
      }
    },
    {
      "type": "Feature",
      "geometry": {
        "type": "MultiPolygon",
        "coordinates": [
          [
            [
              [
                74.55985759894374,
                73.54264718615343
              ],
              [
                74.55895290732703,
                73.54257487434838
              ],
              [
                74.55920279331862,
                73.54231307299945
              ],
              [
                74.55950435191578,
                73.54233717702255
              ],
              [
                74.55942105892811,
                73.54242444430822
              ],
              [
                74.55972261986814,
                73.54244854799522
              ],
              [
                74.5598059113897,
                73.54236128058554
              ],
              [
                74.56071059507197,
                73.54243358851392
              ],
              [
                74.56046073107217,
                73.54269539172296
              ],
              [
                74.56015916456957,
                73.54267128916827
              ],
              [
                74.5602424549124,
                73.54258402160127
              ],
              [
                74.55994089075271,
                73.54255991871047
              ],
              [
                74.55985759894374,
                73.54264718615343
              ]
            ]
          ]
        ]
      },
      "properties": {
        "id": "22070ad57bf57d37",
        "region": "kara",
        "class": "unclassified_radar_target",
        "ice_identity": "unverified",
        "grounding": "unverified",
        "confidence": "low",
        "observed_at": "2025-12-31T01:53:13.776165Z",
        "source_id": "S1C_IW_GRDH_1SDV_20251231T015259_20251231T015328_005689_00B5D1",
        "source_level": "L1",
        "radar_area_m2": 1300.0,
        "radar_equivalent_diameter_m": 40.68,
        "physical_floe_diameter_m": null,
        "longitude": 74.5598318,
        "latitude": 73.5425042,
        "native_spacing_m": 10,
        "effective_resolution_m": "20 x 22",
        "co_contrast_max_db": 8.0,
        "cross_contrast_max_db": 10.19,
        "co_snr_median_db": 20.64,
        "cross_snr_median_db": 12.28,
        "review_status": "unreviewed",
        "possible_confusions": "ridge, ship, fast ice, unresolved land, speckle",
        "stream": "kara:sentinel-1c:93:descending:vv,vh",
        "repeat_track_id": "22070ad57bf57d37",
        "repeat_observations": 1,
        "repeat_span_days": 0.0,
        "repeat_excursion_m": 0.0,
        "persistent_location_candidate": false
      }
    },
    {
      "type": "Feature",
      "geometry": {
        "type": "MultiPolygon",
        "coordinates": [
          [
            [
              [
                74.45637264469103,
                73.53378085022412
              ],
              [
                74.45607139196862,
                73.53375658887855
              ],
              [
                74.45615518496611,
                73.53366936418654
              ],
              [
                74.45555268508748,
                73.53362084036657
              ],
              [
                74.45572027428449,
                73.53344639134383
              ],
              [
                74.45602152086055,
                73.53347065323413
              ],
              [
                74.45593772816395,
                73.53355787789309
              ],
              [
                74.45623897708249,
                73.53358213944868
              ],
              [
                74.45640655867187,
                73.53340768983557
              ],
              [
                74.45731030194585,
                73.53348047099777
              ],
              [
                74.45722651597582,
                73.5335676962013
              ],
              [
                74.45752776695734,
                73.53359195579459
              ],
              [
                74.45744398156765,
                73.53367918107695
              ],
              [
                74.45714272912473,
                73.53365492135902
              ],
              [
                74.45705894139255,
                73.53374214647091
              ],
              [
                74.45645643622714,
                73.53369362540741
              ],
              [
                74.45637264469103,
                73.53378085022412
              ]
            ]
          ]
        ]
      },
      "properties": {
        "id": "d688f94d3652cfa0",
        "region": "kara",
        "class": "unclassified_radar_target",
        "ice_identity": "unverified",
        "grounding": "unverified",
        "confidence": "low",
        "observed_at": "2025-12-31T01:53:13.776165Z",
        "source_id": "S1C_IW_GRDH_1SDV_20251231T015259_20251231T015328_005689_00B5D1",
        "source_level": "L1",
        "radar_area_m2": 1400.0,
        "radar_equivalent_diameter_m": 42.22,
        "physical_floe_diameter_m": null,
        "longitude": 74.4565582,
        "latitude": 73.5335877,
        "native_spacing_m": 10,
        "effective_resolution_m": "20 x 22",
        "co_contrast_max_db": 8.43,
        "cross_contrast_max_db": 8.35,
        "co_snr_median_db": 24.31,
        "cross_snr_median_db": 16.0,
        "review_status": "unreviewed",
        "possible_confusions": "ridge, ship, fast ice, unresolved land, speckle",
        "stream": "kara:sentinel-1c:93:descending:vv,vh",
        "repeat_track_id": "d688f94d3652cfa0",
        "repeat_observations": 1,
        "repeat_span_days": 0.0,
        "repeat_excursion_m": 0.0,
        "persistent_location_candidate": false
      }
    },
    {
      "type": "Feature",
      "geometry": {
        "type": "MultiPolygon",
        "coordinates": [
          [
            [
              [
                74.45464894187822,
                73.53354805119106
              ],
              [
                74.45344396326935,
                73.53345099252545
              ],
              [
                74.45352776853753,
                73.53336376890987
              ],
              [
                74.45413025315699,
                73.53341229891207
              ],
              [
                74.45429785520466,
                73.53323785104465
              ],
              [
                74.4545990959137,
                73.53326211510726
              ],
              [
                74.45468289415449,
                73.5331748909801
              ],
              [
                74.45498413428341,
                73.53319915445863
              ],
              [
                74.45490033750386,
                73.53328637871047
              ],
              [
                74.45520157997521,
                73.5333106418543
              ],
              [
                74.45511778377579,
                73.53339786618501
              ],
              [
                74.45481653984316,
                73.53337360291648
              ],
              [
                74.45464894187822,
                73.53354805119106
              ]
            ]
          ]
        ]
      },
      "properties": {
        "id": "53edf7c025df2182",
        "region": "kara",
        "class": "unclassified_radar_target",
        "ice_identity": "unverified",
        "grounding": "unverified",
        "confidence": "low",
        "observed_at": "2025-12-31T01:53:13.776165Z",
        "source_id": "S1C_IW_GRDH_1SDV_20251231T015259_20251231T015328_005689_00B5D1",
        "source_level": "L1",
        "radar_area_m2": 1000.0,
        "radar_equivalent_diameter_m": 35.68,
        "physical_floe_diameter_m": null,
        "longitude": 74.4544215,
        "latitude": 73.5333794,
        "native_spacing_m": 10,
        "effective_resolution_m": "20 x 22",
        "co_contrast_max_db": 7.92,
        "cross_contrast_max_db": 8.54,
        "co_snr_median_db": 24.05,
        "cross_snr_median_db": 15.39,
        "review_status": "unreviewed",
        "possible_confusions": "ridge, ship, fast ice, unresolved land, speckle",
        "stream": "kara:sentinel-1c:93:descending:vv,vh",
        "repeat_track_id": "53edf7c025df2182",
        "repeat_observations": 1,
        "repeat_span_days": 0.0,
        "repeat_excursion_m": 0.0,
        "persistent_location_candidate": false
      }
    },
    {
      "type": "Feature",
      "geometry": {
        "type": "MultiPolygon",
        "coordinates": [
          [
            [
              [
                74.42158655261484,
                73.53012994818127
              ],
              [
                74.42128541709351,
                73.5301056337628
              ],
              [
                74.42136937449695,
                73.53001842338423
              ],
              [
                74.42076710902121,
                73.52996979341961
              ],
              [
                74.42085106846142,
                73.52988258324491
              ],
              [
                74.42115219929838,
                73.5299068983319
              ],
              [
                74.42132011261197,
                73.52973247759475
              ],
              [
                74.42222350166003,
                73.5298054193513
              ],
              [
                74.42197164350274,
                73.53006705151218
              ],
              [
                74.42167050855859,
                73.53004273767779
              ],
              [
                74.42158655261484,
                73.53012994818127
              ]
            ]
          ]
        ]
      },
      "properties": {
        "id": "9201afea3b162491",
        "region": "kara",
        "class": "unclassified_radar_target",
        "ice_identity": "unverified",
        "grounding": "unverified",
        "confidence": "low",
        "observed_at": "2025-12-31T01:53:13.776165Z",
        "source_id": "S1C_IW_GRDH_1SDV_20251231T015259_20251231T015328_005689_00B5D1",
        "source_level": "L1",
        "radar_area_m2": 1100.0,
        "radar_equivalent_diameter_m": 37.42,
        "physical_floe_diameter_m": null,
        "longitude": 74.4215682,
        "latitude": 73.5299191,
        "native_spacing_m": 10,
        "effective_resolution_m": "20 x 22",
        "co_contrast_max_db": 8.47,
        "cross_contrast_max_db": 12.86,
        "co_snr_median_db": 20.6,
        "cross_snr_median_db": 15.77,
        "review_status": "unreviewed",
        "possible_confusions": "ridge, ship, fast ice, unresolved land, speckle",
        "stream": "kara:sentinel-1c:93:descending:vv,vh",
        "repeat_track_id": "9201afea3b162491",
        "repeat_observations": 1,
        "repeat_span_days": 0.0,
        "repeat_excursion_m": 0.0,
        "persistent_location_candidate": false
      }
    },
    {
      "type": "Feature",
      "geometry": {
        "type": "MultiPolygon",
        "coordinates": [
          [
            [
              [
                74.44877618641316,
                73.53222914358665
              ],
              [
                74.44787254874943,
                73.53215632332562
              ],
              [
                74.44795637676785,
                73.53206910191666
              ],
              [
                74.44735395898732,
                73.53202055302877
              ],
              [
                74.44743778904602,
                73.53193333182342
              ],
              [
                74.44834141265639,
                73.53200615409204
              ],
              [
                74.44850906136475,
                73.53183171079543
              ],
              [
                74.44790665058639,
                73.53178316357462
              ],
              [
                74.4480743016126,
                73.53160872059354
              ],
              [
                74.44897791033732,
                73.53168153998737
              ],
              [
                74.44889408964725,
                73.53176876187504
              ],
              [
                74.4491952957789,
                73.5317930342124
              ],
              [
                74.44911147566839,
                73.53188025617895
              ],
              [
                74.4488102680759,
                73.53185598371687
              ],
              [
                74.44872644562324,
                73.5319432055128
              ],
              [
                74.44902765467657,
                73.53196747809963
              ],
              [
                74.44877618641316,
                73.53222914358665
              ]
            ]
          ]
        ]
      },
      "properties": {
        "id": "42b16215a7dfb02d",
        "region": "kara",
        "class": "unclassified_radar_target",
        "ice_identity": "unverified",
        "grounding": "unverified",
        "confidence": "low",
        "observed_at": "2025-12-31T01:53:13.776165Z",
        "source_id": "S1C_IW_GRDH_1SDV_20251231T015259_20251231T015328_005689_00B5D1",
        "source_level": "L1",
        "radar_area_m2": 1800.0,
        "radar_equivalent_diameter_m": 47.87,
        "physical_floe_diameter_m": null,
        "longitude": 74.4484159,
        "latitude": 73.5319286,
        "native_spacing_m": 10,
        "effective_resolution_m": "20 x 22",
        "co_contrast_max_db": 9.12,
        "cross_contrast_max_db": 10.82,
        "co_snr_median_db": 22.89,
        "cross_snr_median_db": 17.03,
        "review_status": "unreviewed",
        "possible_confusions": "ridge, ship, fast ice, unresolved land, speckle",
        "stream": "kara:sentinel-1c:93:descending:vv,vh",
        "repeat_track_id": "42b16215a7dfb02d",
        "repeat_observations": 1,
        "repeat_span_days": 0.0,
        "repeat_excursion_m": 0.0,
        "persistent_location_candidate": false
      }
    },
    {
      "type": "Feature",
      "geometry": {
        "type": "MultiPolygon",
        "coordinates": [
          [
            [
              [
                74.45100508780108,
                73.53024730060959
              ],
              [
                74.45040272724239,
                73.53019876088385
              ],
              [
                74.45048653207135,
                73.5301115381711
              ],
              [
                74.45018535457417,
                73.53008726774398
              ],
              [
                74.45026915998264,
                73.53000004511013
              ],
              [
                74.44996798482707,
                73.52997577434844
              ],
              [
                74.45005179081505,
                73.52988855179343
              ],
              [
                74.45035296451009,
                73.52991282243043
              ],
              [
                74.45052057092188,
                73.52973837693352
              ],
              [
                74.45112291511288,
                73.52978691633083
              ],
              [
                74.45095531454324,
                73.52996136232655
              ],
              [
                74.45125649088132,
                73.52998563158567
              ],
              [
                74.45100508780108,
                73.53024730060959
              ]
            ]
          ]
        ]
      },
      "properties": {
        "id": "26d97bc7d2723e76",
        "region": "kara",
        "class": "unclassified_radar_target",
        "ice_identity": "unverified",
        "grounding": "unverified",
        "confidence": "low",
        "observed_at": "2025-12-31T01:53:13.776165Z",
        "source_id": "S1C_IW_GRDH_1SDV_20251231T015259_20251231T015328_005689_00B5D1",
        "source_level": "L1",
        "radar_area_m2": 1300.0,
        "radar_equivalent_diameter_m": 40.68,
        "physical_floe_diameter_m": null,
        "longitude": 74.4506869,
        "latitude": 73.5299939,
        "native_spacing_m": 10,
        "effective_resolution_m": "20 x 22",
        "co_contrast_max_db": 11.2,
        "cross_contrast_max_db": 11.63,
        "co_snr_median_db": 24.24,
        "cross_snr_median_db": 16.93,
        "review_status": "unreviewed",
        "possible_confusions": "ridge, ship, fast ice, unresolved land, speckle",
        "stream": "kara:sentinel-1c:93:descending:vv,vh",
        "repeat_track_id": "26d97bc7d2723e76",
        "repeat_observations": 1,
        "repeat_span_days": 0.0,
        "repeat_excursion_m": 0.0,
        "persistent_location_candidate": false
      }
    },
    {
      "type": "Feature",
      "geometry": {
        "type": "MultiPolygon",
        "coordinates": [
          [
            [
              [
                74.54962168011251,
                73.53807156445112
              ],
              [
                74.54932021344311,
                73.5380474452365
              ],
              [
                74.54940353759618,
                73.53796018168295
              ],
              [
                74.54849914724397,
                73.53788782165162
              ],
              [
                74.54866580170946,
                73.53771329515261
              ],
              [
                74.54896726135345,
                73.53773741537488
              ],
              [
                74.549050585806,
                73.5376501519332
              ],
              [
                74.54935204486186,
                73.5376742715715
              ],
              [
                74.54926872187426,
                73.53776153513724
              ],
              [
                74.54957018327188,
                73.53778565443966
              ],
              [
                74.54965350479453,
                73.53769839074988
              ],
              [
                74.54995496560397,
                73.53772250946835
              ],
              [
                74.5498716455463,
                73.53780977328216
              ],
              [
                74.5501731086975,
                73.53783389166472
              ],
              [
                74.55008978922804,
                73.53792115555717
              ],
              [
                74.55039125472102,
                73.53794527360384
              ],
              [
                74.55030793583981,
                73.53803253757492
              ],
              [
                74.54970500280058,
                73.53798430077356
              ],
              [
                74.54962168011251,
                73.53807156445112
              ]
            ]
          ]
        ]
      },
      "properties": {
        "id": "0d0998dda39509cc",
        "region": "kara",
        "class": "unclassified_radar_target",
        "ice_identity": "unverified",
        "grounding": "unverified",
        "confidence": "low",
        "observed_at": "2025-12-31T01:53:13.776165Z",
        "source_id": "S1C_IW_GRDH_1SDV_20251231T015259_20251231T015328_005689_00B5D1",
        "source_level": "L1",
        "radar_area_m2": 1400.0,
        "radar_equivalent_diameter_m": 42.22,
        "physical_floe_diameter_m": null,
        "longitude": 74.5494282,
        "latitude": 73.5378615,
        "native_spacing_m": 10,
        "effective_resolution_m": "20 x 22",
        "co_contrast_max_db": 7.77,
        "cross_contrast_max_db": 7.71,
        "co_snr_median_db": 20.17,
        "cross_snr_median_db": 10.1,
        "review_status": "unreviewed",
        "possible_confusions": "ridge, ship, fast ice, unresolved land, speckle",
        "stream": "kara:sentinel-1c:93:descending:vv,vh",
        "repeat_track_id": "0d0998dda39509cc",
        "repeat_observations": 1,
        "repeat_span_days": 0.0,
        "repeat_excursion_m": 0.0,
        "persistent_location_candidate": false
      }
    },
    {
      "type": "Feature",
      "geometry": {
        "type": "MultiPolygon",
        "coordinates": [
          [
            [
              [
                74.33592275665534,
                73.52037095491228
              ],
              [
                74.33532109208198,
                73.52032206424413
              ],
              [
                74.33548980995384,
                73.52014771428034
              ],
              [
                74.33518898190653,
                73.52012326850937
              ],
              [
                74.33527334096897,
                73.52003609358344
              ],
              [
                74.33587499503889,
                73.52008498441589
              ],
              [
                74.33595935030496,
                73.51999780919273
              ],
              [
                74.33626017721336,
                73.52002225379573
              ],
              [
                74.33592275665534,
                73.52037095491228
              ]
            ]
          ]
        ]
      },
      "properties": {
        "id": "f1ed4e1d17df37b3",
        "region": "kara",
        "class": "unclassified_radar_target",
        "ice_identity": "unverified",
        "grounding": "unverified",
        "confidence": "low",
        "observed_at": "2025-12-31T01:53:13.776165Z",
        "source_id": "S1C_IW_GRDH_1SDV_20251231T015259_20251231T015328_005689_00B5D1",
        "source_level": "L1",
        "radar_area_m2": 800.0,
        "radar_equivalent_diameter_m": 31.92,
        "physical_floe_diameter_m": null,
        "longitude": 74.3357425,
        "latitude": 73.52018,
        "native_spacing_m": 10,
        "effective_resolution_m": "20 x 22",
        "co_contrast_max_db": 7.89,
        "cross_contrast_max_db": 8.35,
        "co_snr_median_db": 20.26,
        "cross_snr_median_db": 9.44,
        "review_status": "unreviewed",
        "possible_confusions": "ridge, ship, fast ice, unresolved land, speckle",
        "stream": "kara:sentinel-1c:93:descending:vv,vh",
        "repeat_track_id": "f1ed4e1d17df37b3",
        "repeat_observations": 1,
        "repeat_span_days": 0.0,
        "repeat_excursion_m": 0.0,
        "persistent_location_candidate": false
      }
    },
    {
      "type": "Feature",
      "geometry": {
        "type": "MultiPolygon",
        "coordinates": [
          [
            [
              [
                74.41743184681076,
                73.5266927243215
              ],
              [
                74.41682971355814,
                73.52664408215077
              ],
              [
                74.41699763928702,
                73.52646966430969
              ],
              [
                74.41669657690213,
                73.52644534278558
              ],
              [
                74.41694846325443,
                73.5261837160539
              ],
              [
                74.41724952126269,
                73.52620803720325
              ],
              [
                74.41716556148647,
                73.52629524628472
              ],
              [
                74.41746662183594,
                73.52631956709996
              ],
              [
                74.4173826626363,
                73.52640677626032
              ],
              [
                74.417683725327,
                73.52643109674143
              ],
              [
                74.41743184681076,
                73.5266927243215
              ]
            ]
          ]
        ]
      },
      "properties": {
        "id": "e6142d35b79b9071",
        "region": "kara",
        "class": "unclassified_radar_target",
        "ice_identity": "unverified",
        "grounding": "unverified",
        "confidence": "low",
        "observed_at": "2025-12-31T01:53:13.776165Z",
        "source_id": "S1C_IW_GRDH_1SDV_20251231T015259_20251231T015328_005689_00B5D1",
        "source_level": "L1",
        "radar_area_m2": 1000.0,
        "radar_equivalent_diameter_m": 35.68,
        "physical_floe_diameter_m": null,
        "longitude": 74.4171734,
        "latitude": 73.5264557,
        "native_spacing_m": 10,
        "effective_resolution_m": "20 x 22",
        "co_contrast_max_db": 9.47,
        "cross_contrast_max_db": 11.33,
        "co_snr_median_db": 22.61,
        "cross_snr_median_db": 14.4,
        "review_status": "unreviewed",
        "possible_confusions": "ridge, ship, fast ice, unresolved land, speckle",
        "stream": "kara:sentinel-1c:93:descending:vv,vh",
        "repeat_track_id": "e6142d35b79b9071",
        "repeat_observations": 1,
        "repeat_span_days": 0.0,
        "repeat_excursion_m": 0.0,
        "persistent_location_candidate": false
      }
    },
    {
      "type": "Feature",
      "geometry": {
        "type": "MultiPolygon",
        "coordinates": [
          [
            [
              [
                74.43566522989958,
                73.52797670220868
              ],
              [
                74.43476188134248,
                73.52790382165264
              ],
              [
                74.43501350502427,
                73.5276421724469
              ],
              [
                74.4353146159493,
                73.52766646605035
              ],
              [
                74.43539848728707,
                73.52757924943185
              ],
              [
                74.43569959763397,
                73.52760354245137
              ],
              [
                74.43586733474557,
                73.52742910882712
              ],
              [
                74.43616844305464,
                73.52745340113789
              ],
              [
                74.43608457639927,
                73.52754061809776
              ],
              [
                74.43638568704952,
                73.52756491007415
              ],
              [
                74.43613408617345,
                73.52782656105276
              ],
              [
                74.43643520208437,
                73.52785085294433
              ],
              [
                74.43635133482239,
                73.52793806997022
              ],
              [
                74.43574910096261,
                73.52788948547828
              ],
              [
                74.43566522989958,
                73.52797670220868
              ]
            ]
          ]
        ]
      },
      "properties": {
        "id": "dc619ec3467a19d5",
        "region": "kara",
        "class": "unclassified_radar_target",
        "ice_identity": "unverified",
        "grounding": "unverified",
        "confidence": "low",
        "observed_at": "2025-12-31T01:53:13.776165Z",
        "source_id": "S1C_IW_GRDH_1SDV_20251231T015259_20251231T015328_005689_00B5D1",
        "source_level": "L1",
        "radar_area_m2": 1800.0,
        "radar_equivalent_diameter_m": 47.87,
        "physical_floe_diameter_m": null,
        "longitude": 74.4356528,
        "latitude": 73.527746,
        "native_spacing_m": 10,
        "effective_resolution_m": "20 x 22",
        "co_contrast_max_db": 11.39,
        "cross_contrast_max_db": 14.74,
        "co_snr_median_db": 21.73,
        "cross_snr_median_db": 16.14,
        "review_status": "unreviewed",
        "possible_confusions": "ridge, ship, fast ice, unresolved land, speckle",
        "stream": "kara:sentinel-1c:93:descending:vv,vh",
        "repeat_track_id": "dc619ec3467a19d5",
        "repeat_observations": 1,
        "repeat_span_days": 0.0,
        "repeat_excursion_m": 0.0,
        "persistent_location_candidate": false
      }
    },
    {
      "type": "Feature",
      "geometry": {
        "type": "MultiPolygon",
        "coordinates": [
          [
            [
              [
                74.46365672038635,
                73.52957485078913
              ],
              [
                74.46305434724356,
                73.52952634954005
              ],
              [
                74.46313808217343,
                73.52943912139061
              ],
              [
                74.46283689838337,
                73.52941487020168
              ],
              [
                74.46292063389376,
                73.52932764213107
              ],
              [
                74.46352299943248,
                73.52937614380038
              ],
              [
                74.4637741919168,
                73.52911445856624
              ],
              [
                74.46467773367945,
                73.52918720650388
              ],
              [
                74.4645102816686,
                73.52936166411999
              ],
              [
                74.46481146693836,
                73.52938591276306
              ],
              [
                74.46464401432829,
                73.52956037044531
              ],
              [
                74.46434282613674,
                73.52953612155304
              ],
              [
                74.46442655434281,
                73.52944889285939
              ],
              [
                74.4638241835223,
                73.52940039394606
              ],
              [
                74.46365672038635,
                73.52957485078913
              ]
            ]
          ]
        ]
      },
      "properties": {
        "id": "de9e4c27d66a7853",
        "region": "kara",
        "class": "unclassified_radar_target",
        "ice_identity": "unverified",
        "grounding": "unverified",
        "confidence": "low",
        "observed_at": "2025-12-31T01:53:13.776165Z",
        "source_id": "S1C_IW_GRDH_1SDV_20251231T015259_20251231T015328_005689_00B5D1",
        "source_level": "L1",
        "radar_area_m2": 1600.0,
        "radar_equivalent_diameter_m": 45.14,
        "physical_floe_diameter_m": null,
        "longitude": 74.4639278,
        "latitude": 73.5293559,
        "native_spacing_m": 10,
        "effective_resolution_m": "20 x 22",
        "co_contrast_max_db": 10.12,
        "cross_contrast_max_db": 11.06,
        "co_snr_median_db": 23.08,
        "cross_snr_median_db": 13.5,
        "review_status": "unreviewed",
        "possible_confusions": "ridge, ship, fast ice, unresolved land, speckle",
        "stream": "kara:sentinel-1c:93:descending:vv,vh",
        "repeat_track_id": "de9e4c27d66a7853",
        "repeat_observations": 1,
        "repeat_span_days": 0.0,
        "repeat_excursion_m": 0.0,
        "persistent_location_candidate": false
      }
    },
    {
      "type": "Feature",
      "geometry": {
        "type": "MultiPolygon",
        "coordinates": [
          [
            [
              [
                74.4605112069529,
                73.52913361708102
              ],
              [
                74.45990885902172,
                73.52908510622537
              ],
              [
                74.45999260825924,
                73.52899787935513
              ],
              [
                74.46029378032392,
                73.52902213488798
              ],
              [
                74.46046127323635,
                73.52884768076086
              ],
              [
                74.46106361416423,
                73.52889618995017
              ],
              [
                74.4609798710696,
                73.52898341728584
              ],
              [
                74.46158221844038,
                73.52903192488716
              ],
              [
                74.46149847738681,
                73.5291191524263
              ],
              [
                74.46059495326904,
                73.5290463899615
              ],
              [
                74.4605112069529,
                73.52913361708102
              ]
            ]
          ]
        ]
      },
      "properties": {
        "id": "371a4e939bd0a826",
        "region": "kara",
        "class": "unclassified_radar_target",
        "ice_identity": "unverified",
        "grounding": "unverified",
        "confidence": "low",
        "observed_at": "2025-12-31T01:53:13.776165Z",
        "source_id": "S1C_IW_GRDH_1SDV_20251231T015259_20251231T015328_005689_00B5D1",
        "source_level": "L1",
        "radar_area_m2": 800.0,
        "radar_equivalent_diameter_m": 31.92,
        "physical_floe_diameter_m": null,
        "longitude": 74.4607121,
        "latitude": 73.5290088,
        "native_spacing_m": 10,
        "effective_resolution_m": "20 x 22",
        "co_contrast_max_db": 7.21,
        "cross_contrast_max_db": 8.11,
        "co_snr_median_db": 22.48,
        "cross_snr_median_db": 12.72,
        "review_status": "unreviewed",
        "possible_confusions": "ridge, ship, fast ice, unresolved land, speckle",
        "stream": "kara:sentinel-1c:93:descending:vv,vh",
        "repeat_track_id": "371a4e939bd0a826",
        "repeat_observations": 1,
        "repeat_span_days": 0.0,
        "repeat_excursion_m": 0.0,
        "persistent_location_candidate": false
      }
    },
    {
      "type": "Feature",
      "geometry": {
        "type": "MultiPolygon",
        "coordinates": [
          [
            [
              [
                74.60993575001375,
                73.53913031697665
              ],
              [
                74.60963417654554,
                73.53910628967039
              ],
              [
                74.60996621954895,
                73.53875713432126
              ],
              [
                74.61026778714908,
                73.53878116113306
              ],
              [
                74.61018477917598,
                73.53886845016169
              ],
              [
                74.61108949162016,
                73.53894052820662
              ],
              [
                74.61100648717438,
                73.53902781756094
              ],
              [
                74.61130806120374,
                73.53905184277907
              ],
              [
                74.61122505735125,
                73.53913913221183
              ],
              [
                74.61001876060831,
                73.53904302808348
              ],
              [
                74.60993575001375,
                73.53913031697665
              ]
            ]
          ]
        ]
      },
      "properties": {
        "id": "7d9a949697b7ef1d",
        "region": "kara",
        "class": "unclassified_radar_target",
        "ice_identity": "unverified",
        "grounding": "unverified",
        "confidence": "low",
        "observed_at": "2025-12-31T01:53:13.776165Z",
        "source_id": "S1C_IW_GRDH_1SDV_20251231T015259_20251231T015328_005689_00B5D1",
        "source_level": "L1",
        "radar_area_m2": 1100.0,
        "radar_equivalent_diameter_m": 37.42,
        "physical_floe_diameter_m": null,
        "longitude": 74.6103859,
        "latitude": 73.5389826,
        "native_spacing_m": 10,
        "effective_resolution_m": "20 x 22",
        "co_contrast_max_db": 8.98,
        "cross_contrast_max_db": 9.0,
        "co_snr_median_db": 19.42,
        "cross_snr_median_db": 6.3,
        "review_status": "unreviewed",
        "possible_confusions": "ridge, ship, fast ice, unresolved land, speckle",
        "stream": "kara:sentinel-1c:93:descending:vv,vh",
        "repeat_track_id": "7d9a949697b7ef1d",
        "repeat_observations": 1,
        "repeat_span_days": 0.0,
        "repeat_excursion_m": 0.0,
        "persistent_location_candidate": false
      }
    },
    {
      "type": "Feature",
      "geometry": {
        "type": "MultiPolygon",
        "coordinates": [
          [
            [
              [
                74.42433251966264,
                73.52424239663974
              ],
              [
                74.42373045507757,
                73.52419377531437
              ],
              [
                74.42381436973331,
                73.52410656319779
              ],
              [
                74.42351334022214,
                73.52408225197145
              ],
              [
                74.42359725545478,
                73.52399503993377
              ],
              [
                74.42389828350727,
                73.52401935103526
              ],
              [
                74.42398219639948,
                73.52393213882684
              ],
              [
                74.42428322387502,
                73.5239564493445
              ],
              [
                74.42436713442682,
                73.52386923696523
              ],
              [
                74.4246681613254,
                73.52389354689903
              ],
              [
                74.42433251966264,
                73.52424239663974
              ]
            ]
          ]
        ]
      },
      "properties": {
        "id": "5844551c17b0c385",
        "region": "kara",
        "class": "unclassified_radar_target",
        "ice_identity": "unverified",
        "grounding": "unverified",
        "confidence": "low",
        "observed_at": "2025-12-31T01:53:13.776165Z",
        "source_id": "S1C_IW_GRDH_1SDV_20251231T015259_20251231T015328_005689_00B5D1",
        "source_level": "L1",
        "radar_area_m2": 800.0,
        "radar_equivalent_diameter_m": 31.92,
        "physical_floe_diameter_m": null,
        "longitude": 74.4241407,
        "latitude": 73.5240624,
        "native_spacing_m": 10,
        "effective_resolution_m": "20 x 22",
        "co_contrast_max_db": 10.46,
        "cross_contrast_max_db": 8.41,
        "co_snr_median_db": 22.3,
        "cross_snr_median_db": 12.79,
        "review_status": "unreviewed",
        "possible_confusions": "ridge, ship, fast ice, unresolved land, speckle",
        "stream": "kara:sentinel-1c:93:descending:vv,vh",
        "repeat_track_id": "5844551c17b0c385",
        "repeat_observations": 1,
        "repeat_span_days": 0.0,
        "repeat_excursion_m": 0.0,
        "persistent_location_candidate": false
      }
    },
    {
      "type": "Feature",
      "geometry": {
        "type": "MultiPolygon",
        "coordinates": [
          [
            [
              [
                74.34714299950475,
                73.51413641384808
              ],
              [
                74.3468422631881,
                73.51411198560831
              ],
              [
                74.34692653055545,
                73.51402480499972
              ],
              [
                74.34662579657795,
                73.51400037642681
              ],
              [
                74.34679433156796,
                73.51382601532151
              ],
              [
                74.34709506263637,
                73.51385044364376
              ],
              [
                74.34717932734998,
                73.51376326289638
              ],
              [
                74.34778078923141,
                73.51381211791498
              ],
              [
                74.34769652742689,
                73.51389929891299
              ],
              [
                74.34799726114899,
                73.51392372586
              ],
              [
                74.3479129999145,
                73.51401090693706
              ],
              [
                74.34761226473783,
                73.51398647986471
              ],
              [
                74.34752800116422,
                73.51407366077021
              ],
              [
                74.34722726541754,
                73.51404923311416
              ],
              [
                74.34714299950475,
                73.51413641384808
              ]
            ]
          ]
        ]
      },
      "properties": {
        "id": "e2a3463da80f32be",
        "region": "kara",
        "class": "unclassified_radar_target",
        "ice_identity": "unverified",
        "grounding": "unverified",
        "confidence": "low",
        "observed_at": "2025-12-31T01:53:13.776165Z",
        "source_id": "S1C_IW_GRDH_1SDV_20251231T015259_20251231T015328_005689_00B5D1",
        "source_level": "L1",
        "radar_area_m2": 1000.0,
        "radar_equivalent_diameter_m": 35.68,
        "physical_floe_diameter_m": null,
        "longitude": 74.3472682,
        "latitude": 73.5139397,
        "native_spacing_m": 10,
        "effective_resolution_m": "20 x 22",
        "co_contrast_max_db": 9.24,
        "cross_contrast_max_db": 12.46,
        "co_snr_median_db": 22.5,
        "cross_snr_median_db": 15.07,
        "review_status": "unreviewed",
        "possible_confusions": "ridge, ship, fast ice, unresolved land, speckle",
        "stream": "kara:sentinel-1c:93:descending:vv,vh",
        "repeat_track_id": "e2a3463da80f32be",
        "repeat_observations": 1,
        "repeat_span_days": 0.0,
        "repeat_excursion_m": 0.0,
        "persistent_location_candidate": false
      }
    },
    {
      "type": "Feature",
      "geometry": {
        "type": "MultiPolygon",
        "coordinates": [
          [
            [
              [
                74.38491016829086,
                73.51701194039079
              ],
              [
                74.38430848141152,
                73.5169631985858
              ],
              [
                74.38439256654209,
                73.51687600235998
              ],
              [
                74.38409172588315,
                73.51685163089459
              ],
              [
                74.38417581158693,
                73.51676443474771
              ],
              [
                74.3838749732672,
                73.51674006294877
              ],
              [
                74.38395905954414,
                73.51665286688088
              ],
              [
                74.3842598964077,
                73.51667723855475
              ],
              [
                74.38442806340029,
                73.51650284603052
              ],
              [
                74.38502973395164,
                73.51655158750205
              ],
              [
                74.38494565380917,
                73.51663878403735
              ],
              [
                74.38524649186544,
                73.51666315421025
              ],
              [
                74.38491016829086,
                73.51701194039079
              ]
            ]
          ]
        ]
      },
      "properties": {
        "id": "0ca5d8972fe82967",
        "region": "kara",
        "class": "unclassified_radar_target",
        "ice_identity": "unverified",
        "grounding": "unverified",
        "confidence": "low",
        "observed_at": "2025-12-31T01:53:13.776165Z",
        "source_id": "S1C_IW_GRDH_1SDV_20251231T015259_20251231T015328_005689_00B5D1",
        "source_level": "L1",
        "radar_area_m2": 1400.0,
        "radar_equivalent_diameter_m": 42.22,
        "physical_floe_diameter_m": null,
        "longitude": 74.3846261,
        "latitude": 73.5167539,
        "native_spacing_m": 10,
        "effective_resolution_m": "20 x 22",
        "co_contrast_max_db": 10.88,
        "cross_contrast_max_db": 6.66,
        "co_snr_median_db": 24.69,
        "cross_snr_median_db": 14.11,
        "review_status": "unreviewed",
        "possible_confusions": "ridge, ship, fast ice, unresolved land, speckle",
        "stream": "kara:sentinel-1c:93:descending:vv,vh",
        "repeat_track_id": "0ca5d8972fe82967",
        "repeat_observations": 1,
        "repeat_span_days": 0.0,
        "repeat_excursion_m": 0.0,
        "persistent_location_candidate": false
      }
    },
    {
      "type": "Feature",
      "geometry": {
        "type": "MultiPolygon",
        "coordinates": [
          [
            [
              [
                74.39010870681771,
                73.51733897305729
              ],
              [
                74.38980784938393,
                73.51731461030653
              ],
              [
                74.38989190741749,
                73.51722741178352
              ],
              [
                74.38868849233589,
                73.51712995669382
              ],
              [
                74.38902473894505,
                73.51678116414175
              ],
              [
                74.38992728145541,
                73.51685425464656
              ],
              [
                74.38984322549639,
                73.51694145322882
              ],
              [
                74.39104663369388,
                73.51703890131395
              ],
              [
                74.39079447799773,
                73.51730049828468
              ],
              [
                74.39019276339482,
                73.51725177440927
              ],
              [
                74.39010870681771,
                73.51733897305729
              ]
            ]
          ]
        ]
      },
      "properties": {
        "id": "20854f5296593523",
        "region": "kara",
        "class": "unclassified_radar_target",
        "ice_identity": "unverified",
        "grounding": "unverified",
        "confidence": "low",
        "observed_at": "2025-12-31T01:53:13.776165Z",
        "source_id": "S1C_IW_GRDH_1SDV_20251231T015259_20251231T015328_005689_00B5D1",
        "source_level": "L1",
        "radar_area_m2": 2500.0,
        "radar_equivalent_diameter_m": 56.42,
        "physical_floe_diameter_m": null,
        "longitude": 74.3898208,
        "latitude": 73.5170656,
        "native_spacing_m": 10,
        "effective_resolution_m": "20 x 22",
        "co_contrast_max_db": 9.27,
        "cross_contrast_max_db": 11.46,
        "co_snr_median_db": 24.35,
        "cross_snr_median_db": 19.45,
        "review_status": "unreviewed",
        "possible_confusions": "ridge, ship, fast ice, unresolved land, speckle",
        "stream": "kara:sentinel-1c:93:descending:vv,vh",
        "repeat_track_id": "20854f5296593523",
        "repeat_observations": 1,
        "repeat_span_days": 0.0,
        "repeat_excursion_m": 0.0,
        "persistent_location_candidate": false
      }
    },
    {
      "type": "Feature",
      "geometry": {
        "type": "MultiPolygon",
        "coordinates": [
          [
            [
              [
                74.61871317512252,
                73.53569786432507
              ],
              [
                74.61841165134824,
                73.53567385027942
              ],
              [
                74.61849460004133,
                73.53558655742317
              ],
              [
                74.61789155804532,
                73.53553852819839
              ],
              [
                74.6179745087987,
                73.5354512355441
              ],
              [
                74.61827602789351,
                73.53547525026305
              ],
              [
                74.6183589763072,
                73.53538795744008
              ],
              [
                74.61805745867903,
                73.53536394284468
              ],
              [
                74.61814040768634,
                73.53527665010013
              ],
              [
                74.61844192384788,
                73.535300664572
              ],
              [
                74.61852487051553,
                73.53521337165884
              ],
              [
                74.61882638608344,
                73.53523738554705
              ],
              [
                74.61890933041148,
                73.53515009246522
              ],
              [
                74.61951236123296,
                73.53519811861408
              ],
              [
                74.61942941983823,
                73.53528541194292
              ],
              [
                74.61973093802506,
                73.53530942445063
              ],
              [
                74.61964799722404,
                73.53539671785792
              ],
              [
                74.61934647757052,
                73.53537270522666
              ],
              [
                74.61926353442983,
                73.53545999846531
              ],
              [
                74.61956505555004,
                73.53548401122006
              ],
              [
                74.61948211300307,
                73.53557130453713
              ],
              [
                74.61887906870228,
                73.5355232783204
              ],
              [
                74.61871317512252,
                73.53569786432507
              ]
            ]
          ]
        ]
      },
      "properties": {
        "id": "ec20f4d539d53561",
        "region": "kara",
        "class": "unclassified_radar_target",
        "ice_identity": "unverified",
        "grounding": "unverified",
        "confidence": "low",
        "observed_at": "2025-12-31T01:53:13.776165Z",
        "source_id": "S1C_IW_GRDH_1SDV_20251231T015259_20251231T015328_005689_00B5D1",
        "source_level": "L1",
        "radar_area_m2": 1800.0,
        "radar_equivalent_diameter_m": 47.87,
        "physical_floe_diameter_m": null,
        "longitude": 74.6188297,
        "latitude": 73.5354046,
        "native_spacing_m": 10,
        "effective_resolution_m": "20 x 22",
        "co_contrast_max_db": 11.0,
        "cross_contrast_max_db": 11.92,
        "co_snr_median_db": 22.02,
        "cross_snr_median_db": 15.33,
        "review_status": "unreviewed",
        "possible_confusions": "ridge, ship, fast ice, unresolved land, speckle",
        "stream": "kara:sentinel-1c:93:descending:vv,vh",
        "repeat_track_id": "ec20f4d539d53561",
        "repeat_observations": 1,
        "repeat_span_days": 0.0,
        "repeat_excursion_m": 0.0,
        "persistent_location_candidate": false
      }
    },
    {
      "type": "Feature",
      "geometry": {
        "type": "MultiPolygon",
        "coordinates": [
          [
            [
              [
                74.3837423104137,
                73.51654129875946
              ],
              [
                74.38344147677229,
                73.51651692629338
              ],
              [
                74.38352556419552,
                73.51642973038344
              ],
              [
                74.38322473289325,
                73.51640535758384
              ],
              [
                74.38330882088958,
                73.51631816175285
              ],
              [
                74.38270716384622,
                73.5162694150279
              ],
              [
                74.3830435186501,
                73.51592063224359
              ],
              [
                74.38364516404506,
                73.51596937796793
              ],
              [
                74.38372924762655,
                73.51588218190642
              ],
              [
                74.3834284259436,
                73.51585780939865
              ],
              [
                74.38351251009817,
                73.51577061341611
              ],
              [
                74.38321169075417,
                73.5157462405748
              ],
              [
                74.38329577548178,
                73.51565904467122
              ],
              [
                74.3835965933698,
                73.51568341738748
              ],
              [
                74.38384883788726,
                73.51542182902496
              ],
              [
                74.38414965229029,
                73.51544620090739
              ],
              [
                74.38406557312332,
                73.5155333971994
              ],
              [
                74.38466720748988,
                73.51558213983854
              ],
              [
                74.38458313035203,
                73.51566933633458
              ],
              [
                74.38488395031561,
                73.51569370709132
              ],
              [
                74.38496802599745,
                73.51560651047019
              ],
              [
                74.38526884538786,
                73.51563088064323
              ],
              [
                74.38468030726702,
                73.51624125689838
              ],
              [
                74.38528196908148,
                73.5162899976195
              ],
              [
                74.38519789158778,
                73.51637719429311
              ],
              [
                74.38489705878295,
                73.51635282403679
              ],
              [
                74.3848129789502,
                73.51644002053926
              ],
              [
                74.38451214557215,
                73.51641564969923
              ],
              [
                74.38459622686106,
                73.51632845332186
              ],
              [
                74.38399456566607,
                73.51627971051607
              ],
              [
                74.38391048146492,
                73.5163669066433
              ],
              [
                74.38421131307705,
                73.51639127840058
              ],
              [
                74.38412722944906,
                73.5164784746068
              ],
              [
                74.38382639638081,
                73.51645410272442
              ],
              [
                74.3837423104137,
                73.51654129875946
              ]
            ],
            [
              [
                74.38398149307348,
                73.5156205934453
              ],
              [
                74.38389741214074,
                73.51570778964512
              ],
              [
                74.38419823179457,
                73.51573216144415
              ],
              [
                74.3842823112713,
                73.51564496511924
              ],
              [
                74.38398149307348,
                73.5156205934453
              ]
            ]
          ]
        ]
      },
      "properties": {
        "id": "81ce2657e76376ab",
        "region": "kara",
        "class": "unclassified_radar_target",
        "ice_identity": "unverified",
        "grounding": "unverified",
        "confidence": "low",
        "observed_at": "2025-12-31T01:53:13.776165Z",
        "source_id": "S1C_IW_GRDH_1SDV_20251231T015259_20251231T015328_005689_00B5D1",
        "source_level": "L1",
        "radar_area_m2": 5300.0,
        "radar_equivalent_diameter_m": 82.15,
        "physical_floe_diameter_m": null,
        "longitude": 74.3840407,
        "latitude": 73.516013,
        "native_spacing_m": 10,
        "effective_resolution_m": "20 x 22",
        "co_contrast_max_db": 10.07,
        "cross_contrast_max_db": 14.28,
        "co_snr_median_db": 22.99,
        "cross_snr_median_db": 17.9,
        "review_status": "unreviewed",
        "possible_confusions": "ridge, ship, fast ice, unresolved land, speckle",
        "stream": "kara:sentinel-1c:93:descending:vv,vh",
        "repeat_track_id": "81ce2657e76376ab",
        "repeat_observations": 1,
        "repeat_span_days": 0.0,
        "repeat_excursion_m": 0.0,
        "persistent_location_candidate": false
      }
    },
    {
      "type": "Feature",
      "geometry": {
        "type": "MultiPolygon",
        "coordinates": [
          [
            [
              [
                74.4898403800048,
                73.52425831736396
              ],
              [
                74.48893699634131,
                73.52418568387219
              ],
              [
                74.48902056830923,
                73.52409844414355
              ],
              [
                74.4893216938579,
                73.52412265564242
              ],
              [
                74.48965596710254,
                73.52377369577378
              ],
              [
                74.49025820914952,
                73.5238221163986
              ],
              [
                74.49009108012677,
                73.52399659692172
              ],
              [
                74.49039220538921,
                73.5240208067939
              ],
              [
                74.490308641021,
                73.52410804711135
              ],
              [
                74.49000751429783,
                73.52408383711479
              ],
              [
                74.4898403800048,
                73.52425831736396
              ]
            ]
          ]
        ]
      },
      "properties": {
        "id": "083e099c19439526",
        "region": "kara",
        "class": "unclassified_radar_target",
        "ice_identity": "unverified",
        "grounding": "unverified",
        "confidence": "low",
        "observed_at": "2025-12-31T01:53:13.776165Z",
        "source_id": "S1C_IW_GRDH_1SDV_20251231T015259_20251231T015328_005689_00B5D1",
        "source_level": "L1",
        "radar_area_m2": 1200.0,
        "radar_equivalent_diameter_m": 39.09,
        "physical_floe_diameter_m": null,
        "longitude": 74.4897342,
        "latitude": 73.5240305,
        "native_spacing_m": 10,
        "effective_resolution_m": "20 x 22",
        "co_contrast_max_db": 9.19,
        "cross_contrast_max_db": 13.34,
        "co_snr_median_db": 21.6,
        "cross_snr_median_db": 14.3,
        "review_status": "unreviewed",
        "possible_confusions": "ridge, ship, fast ice, unresolved land, speckle",
        "stream": "kara:sentinel-1c:93:descending:vv,vh",
        "repeat_track_id": "083e099c19439526",
        "repeat_observations": 1,
        "repeat_span_days": 0.0,
        "repeat_excursion_m": 0.0,
        "persistent_location_candidate": false
      }
    },
    {
      "type": "Feature",
      "geometry": {
        "type": "MultiPolygon",
        "coordinates": [
          [
            [
              [
                74.61987435685154,
                73.5344757585031
              ],
              [
                74.61957285360991,
                73.53445174618673
              ],
              [
                74.61965579008168,
                73.53436445269894
              ],
              [
                74.61935428917943,
                73.53434044004592
              ],
              [
                74.61943722624483,
                73.53425314663656
              ],
              [
                74.62004022598921,
                73.5343011712354
              ],
              [
                74.62012315924882,
                73.53421387753387
              ],
              [
                74.62042465896373,
                73.5342378890196
              ],
              [
                74.62067344910626,
                73.5339760072739
              ],
              [
                74.62097494529449,
                73.53400001792896
              ],
              [
                74.62089201758624,
                73.53408731201282
              ],
              [
                74.62119351611372,
                73.53411132233123
              ],
              [
                74.62127644235547,
                73.53402402812391
              ],
              [
                74.62157794028919,
                73.53404803785871
              ],
              [
                74.62141208986597,
                73.53422262647526
              ],
              [
                74.62111058899923,
                73.53419861649347
              ],
              [
                74.62102766101198,
                73.5342859106106
              ],
              [
                74.62072615955147,
                73.53426190004515
              ],
              [
                74.62064322922491,
                73.53434919399369
              ],
              [
                74.62034172717065,
                73.53432518284461
              ],
              [
                74.62025879450475,
                73.53441247662454
              ],
              [
                74.6199572918568,
                73.53438846489182
              ],
              [
                74.61987435685154,
                73.5344757585031
              ]
            ]
          ]
        ]
      },
      "properties": {
        "id": "4c9e3369b44336d7",
        "region": "kara",
        "class": "unclassified_radar_target",
        "ice_identity": "unverified",
        "grounding": "unverified",
        "confidence": "low",
        "observed_at": "2025-12-31T01:53:13.776165Z",
        "source_id": "S1C_IW_GRDH_1SDV_20251231T015259_20251231T015328_005689_00B5D1",
        "source_level": "L1",
        "radar_area_m2": 1300.0,
        "radar_equivalent_diameter_m": 40.68,
        "physical_floe_diameter_m": null,
        "longitude": 74.6205218,
        "latitude": 73.5342276,
        "native_spacing_m": 10,
        "effective_resolution_m": "20 x 22",
        "co_contrast_max_db": 8.97,
        "cross_contrast_max_db": 11.51,
        "co_snr_median_db": 22.4,
        "cross_snr_median_db": 16.86,
        "review_status": "unreviewed",
        "possible_confusions": "ridge, ship, fast ice, unresolved land, speckle",
        "stream": "kara:sentinel-1c:93:descending:vv,vh",
        "repeat_track_id": "4c9e3369b44336d7",
        "repeat_observations": 1,
        "repeat_span_days": 0.0,
        "repeat_excursion_m": 0.0,
        "persistent_location_candidate": false
      }
    },
    {
      "type": "Feature",
      "geometry": {
        "type": "MultiPolygon",
        "coordinates": [
          [
            [
              [
                74.35013976068575,
                73.51137103119176
              ],
              [
                74.34983907002504,
                73.51134660742002
              ],
              [
                74.34992330763771,
                73.51125942520602
              ],
              [
                74.34932193187714,
                73.51121057653812
              ],
              [
                74.34949041026661,
                73.51103621247249
              ],
              [
                74.35009178021059,
                73.51108506063929
              ],
              [
                74.35017601517085,
                73.51099787828653
              ],
              [
                74.3504767000149,
                73.51102230155713
              ],
              [
                74.35013976068575,
                73.51137103119176
              ]
            ]
          ]
        ]
      },
      "properties": {
        "id": "14dc2afd7e988166",
        "region": "kara",
        "class": "unclassified_radar_target",
        "ice_identity": "unverified",
        "grounding": "unverified",
        "confidence": "low",
        "observed_at": "2025-12-31T01:53:13.776165Z",
        "source_id": "S1C_IW_GRDH_1SDV_20251231T015259_20251231T015328_005689_00B5D1",
        "source_level": "L1",
        "radar_area_m2": 800.0,
        "radar_equivalent_diameter_m": 31.92,
        "physical_floe_diameter_m": null,
        "longitude": 74.3499324,
        "latitude": 73.5111661,
        "native_spacing_m": 10,
        "effective_resolution_m": "20 x 22",
        "co_contrast_max_db": 8.62,
        "cross_contrast_max_db": 11.97,
        "co_snr_median_db": 22.19,
        "cross_snr_median_db": 15.67,
        "review_status": "unreviewed",
        "possible_confusions": "ridge, ship, fast ice, unresolved land, speckle",
        "stream": "kara:sentinel-1c:93:descending:vv,vh",
        "repeat_track_id": "14dc2afd7e988166",
        "repeat_observations": 1,
        "repeat_span_days": 0.0,
        "repeat_excursion_m": 0.0,
        "persistent_location_candidate": false
      }
    },
    {
      "type": "Feature",
      "geometry": {
        "type": "MultiPolygon",
        "coordinates": [
          [
            [
              [
                74.34956294531689,
                73.51028990636446
              ],
              [
                74.34866093723366,
                73.51021663093358
              ],
              [
                74.34899788419172,
                73.50986790327306
              ],
              [
                74.34929854685299,
                73.50989232837388
              ],
              [
                74.34938277992843,
                73.50980514621784
              ],
              [
                74.34998410499523,
                73.50985399479404
              ],
              [
                74.34989987482763,
                73.50994117720063
              ],
              [
                74.34959921039828,
                73.5099167530164
              ],
              [
                74.34934651022945,
                73.51017829958282
              ],
              [
                74.34964717902065,
                73.51020272414286
              ],
              [
                74.34956294531689,
                73.51028990636446
              ]
            ]
          ]
        ]
      },
      "properties": {
        "id": "b6ad42c638644fc9",
        "region": "kara",
        "class": "unclassified_radar_target",
        "ice_identity": "unverified",
        "grounding": "unverified",
        "confidence": "low",
        "observed_at": "2025-12-31T01:53:13.776165Z",
        "source_id": "S1C_IW_GRDH_1SDV_20251231T015259_20251231T015328_005689_00B5D1",
        "source_level": "L1",
        "radar_area_m2": 1100.0,
        "radar_equivalent_diameter_m": 37.42,
        "physical_floe_diameter_m": null,
        "longitude": 74.3492525,
        "latitude": 73.5100467,
        "native_spacing_m": 10,
        "effective_resolution_m": "20 x 22",
        "co_contrast_max_db": 7.76,
        "cross_contrast_max_db": 9.53,
        "co_snr_median_db": 22.17,
        "cross_snr_median_db": 14.02,
        "review_status": "unreviewed",
        "possible_confusions": "ridge, ship, fast ice, unresolved land, speckle",
        "stream": "kara:sentinel-1c:93:descending:vv,vh",
        "repeat_track_id": "b6ad42c638644fc9",
        "repeat_observations": 1,
        "repeat_span_days": 0.0,
        "repeat_excursion_m": 0.0,
        "persistent_location_candidate": false
      }
    },
    {
      "type": "Feature",
      "geometry": {
        "type": "MultiPolygon",
        "coordinates": [
          [
            [
              [
                74.57254991330363,
                73.52797656069848
              ],
              [
                74.57164596617211,
                73.52790430545245
              ],
              [
                74.57172912199465,
                73.52781703130499
              ],
              [
                74.57142780949727,
                73.52779294542728
              ],
              [
                74.57159412144625,
                73.52761839724404
              ],
              [
                74.57189543101589,
                73.52764248287414
              ],
              [
                74.57181227694257,
                73.52772975711224
              ],
              [
                74.57211358885067,
                73.52775384240638
              ],
              [
                74.57219674146012,
                73.52766656804451
              ],
              [
                74.57249805277891,
                73.5276906527551
              ],
              [
                74.57241490163337,
                73.52777792724079
              ],
              [
                74.57271621529064,
                73.52780201161544
              ],
              [
                74.57254991330363,
                73.52797656069848
              ]
            ]
          ]
        ]
      },
      "properties": {
        "id": "2b5d4ecb4c79ac84",
        "region": "kara",
        "class": "unclassified_radar_target",
        "ice_identity": "unverified",
        "grounding": "unverified",
        "confidence": "low",
        "observed_at": "2025-12-31T01:53:13.776165Z",
        "source_id": "S1C_IW_GRDH_1SDV_20251231T015259_20251231T015328_005689_00B5D1",
        "source_level": "L1",
        "radar_area_m2": 900.0,
        "radar_equivalent_diameter_m": 33.85,
        "physical_floe_diameter_m": null,
        "longitude": 74.5720795,
        "latitude": 73.5278085,
        "native_spacing_m": 10,
        "effective_resolution_m": "20 x 22",
        "co_contrast_max_db": 8.65,
        "cross_contrast_max_db": 6.03,
        "co_snr_median_db": 21.05,
        "cross_snr_median_db": 8.24,
        "review_status": "unreviewed",
        "possible_confusions": "ridge, ship, fast ice, unresolved land, speckle",
        "stream": "kara:sentinel-1c:93:descending:vv,vh",
        "repeat_track_id": "2b5d4ecb4c79ac84",
        "repeat_observations": 1,
        "repeat_span_days": 0.0,
        "repeat_excursion_m": 0.0,
        "persistent_location_candidate": false
      }
    },
    {
      "type": "Feature",
      "geometry": {
        "type": "MultiPolygon",
        "coordinates": [
          [
            [
              [
                74.35110254138498,
                73.51003886935436
              ],
              [
                74.35080187341966,
                73.51001444700339
              ],
              [
                74.3508860992254,
                73.509927264221
              ],
              [
                74.35028476885464,
                73.50987841839468
              ],
              [
                74.35045322363001,
                73.50970405319228
              ],
              [
                74.35075388546555,
                73.50972847608408
              ],
              [
                74.35083811007337,
                73.50964129328825
              ],
              [
                74.35113877133892,
                73.50966571559648
              ],
              [
                74.3512229936089,
                73.50957853262915
              ],
              [
                74.35152365430444,
                73.5096029543538
              ],
              [
                74.35143943348841,
                73.5096901374464
              ],
              [
                74.35204076043907,
                73.50973897977131
              ],
              [
                74.35178810141126,
                73.5100005295232
              ],
              [
                74.35118676573674,
                73.50995168644671
              ],
              [
                74.35110254138498,
                73.51003886935436
              ]
            ]
          ]
        ]
      },
      "properties": {
        "id": "407b3f84fba438b8",
        "region": "kara",
        "class": "unclassified_radar_target",
        "ice_identity": "unverified",
        "grounding": "unverified",
        "confidence": "low",
        "observed_at": "2025-12-31T01:53:13.776165Z",
        "source_id": "S1C_IW_GRDH_1SDV_20251231T015259_20251231T015328_005689_00B5D1",
        "source_level": "L1",
        "radar_area_m2": 1600.0,
        "radar_equivalent_diameter_m": 45.14,
        "physical_floe_diameter_m": null,
        "longitude": 74.3511951,
        "latitude": 73.5098172,
        "native_spacing_m": 10,
        "effective_resolution_m": "20 x 22",
        "co_contrast_max_db": 13.67,
        "cross_contrast_max_db": 14.98,
        "co_snr_median_db": 24.65,
        "cross_snr_median_db": 18.2,
        "review_status": "unreviewed",
        "possible_confusions": "ridge, ship, fast ice, unresolved land, speckle",
        "stream": "kara:sentinel-1c:93:descending:vv,vh",
        "repeat_track_id": "407b3f84fba438b8",
        "repeat_observations": 1,
        "repeat_span_days": 0.0,
        "repeat_excursion_m": 0.0,
        "persistent_location_candidate": false
      }
    },
    {
      "type": "Feature",
      "geometry": {
        "type": "MultiPolygon",
        "coordinates": [
          [
            [
              [
                74.5413582810124,
                73.52294430463499
              ],
              [
                74.54105710106758,
                73.52292017233947
              ],
              [
                74.54130697341951,
                73.52265838660149
              ],
              [
                74.54190932541229,
                73.52270664998906
              ],
              [
                74.5419926115209,
                73.52261938773759
              ],
              [
                74.54229378736862,
                73.52264351861815
              ],
              [
                74.54221050272209,
                73.52273078099367
              ],
              [
                74.54281285996842,
                73.52277904162429
              ],
              [
                74.54272957737054,
                73.52286630420228
              ],
              [
                74.54182603842811,
                73.52279391219513
              ],
              [
                74.5417427505683,
                73.52288117435577
              ],
              [
                74.54144157120993,
                73.52285704264375
              ],
              [
                74.5413582810124,
                73.52294430463499
              ]
            ]
          ]
        ]
      },
      "properties": {
        "id": "c13ddc746d9a4cb3",
        "region": "kara",
        "class": "unclassified_radar_target",
        "ice_identity": "unverified",
        "grounding": "unverified",
        "confidence": "low",
        "observed_at": "2025-12-31T01:53:13.776165Z",
        "source_id": "S1C_IW_GRDH_1SDV_20251231T015259_20251231T015328_005689_00B5D1",
        "source_level": "L1",
        "radar_area_m2": 900.0,
        "radar_equivalent_diameter_m": 33.85,
        "physical_floe_diameter_m": null,
        "longitude": 74.5418232,
        "latitude": 73.522778,
        "native_spacing_m": 10,
        "effective_resolution_m": "20 x 22",
        "co_contrast_max_db": 7.77,
        "cross_contrast_max_db": 8.08,
        "co_snr_median_db": 19.62,
        "cross_snr_median_db": 8.45,
        "review_status": "unreviewed",
        "possible_confusions": "ridge, ship, fast ice, unresolved land, speckle",
        "stream": "kara:sentinel-1c:93:descending:vv,vh",
        "repeat_track_id": "c13ddc746d9a4cb3",
        "repeat_observations": 1,
        "repeat_span_days": 0.0,
        "repeat_excursion_m": 0.0,
        "persistent_location_candidate": false
      }
    },
    {
      "type": "Feature",
      "geometry": {
        "type": "MultiPolygon",
        "coordinates": [
          [
            [
              [
                74.44867036976645,
                73.5151166749606
              ],
              [
                74.44836946684184,
                73.51509240127426
              ],
              [
                74.4485369445256,
                73.51491795394435
              ],
              [
                74.44823604539626,
                73.51489368004835
              ],
              [
                74.44831978437666,
                73.51480645643926
              ],
              [
                74.44862068204817,
                73.51483073021063
              ],
              [
                74.44870441869122,
                73.51474350643113
              ],
              [
                74.44840352247753,
                73.51471923278434
              ],
              [
                74.44848725969891,
                73.5146320090836
              ],
              [
                74.449389946605,
                73.51470482827361
              ],
              [
                74.44922248002972,
                73.51487927637683
              ],
              [
                74.44952338033974,
                73.51490354877161
              ],
              [
                74.44943964719076,
                73.51499077287909
              ],
              [
                74.44913874542286,
                73.51496650035969
              ],
              [
                74.44905500993649,
                73.51505372429678
              ],
              [
                74.44875410759022,
                73.51502945119394
              ],
              [
                74.44867036976645,
                73.5151166749606
              ]
            ]
          ]
        ]
      },
      "properties": {
        "id": "79591bd8e3487de7",
        "region": "kara",
        "class": "unclassified_radar_target",
        "ice_identity": "unverified",
        "grounding": "unverified",
        "confidence": "low",
        "observed_at": "2025-12-31T01:53:13.776165Z",
        "source_id": "S1C_IW_GRDH_1SDV_20251231T015259_20251231T015328_005689_00B5D1",
        "source_level": "L1",
        "radar_area_m2": 1200.0,
        "radar_equivalent_diameter_m": 39.09,
        "physical_floe_diameter_m": null,
        "longitude": 74.4488575,
        "latitude": 73.5148655,
        "native_spacing_m": 10,
        "effective_resolution_m": "20 x 22",
        "co_contrast_max_db": 10.43,
        "cross_contrast_max_db": 11.13,
        "co_snr_median_db": 21.11,
        "cross_snr_median_db": 12.21,
        "review_status": "unreviewed",
        "possible_confusions": "ridge, ship, fast ice, unresolved land, speckle",
        "stream": "kara:sentinel-1c:93:descending:vv,vh",
        "repeat_track_id": "79591bd8e3487de7",
        "repeat_observations": 1,
        "repeat_span_days": 0.0,
        "repeat_excursion_m": 0.0,
        "persistent_location_candidate": false
      }
    },
    {
      "type": "Feature",
      "geometry": {
        "type": "MultiPolygon",
        "coordinates": [
          [
            [
              [
                74.44898966455797,
                73.51410866591699
              ],
              [
                74.4486887794281,
                73.51408439268347
              ],
              [
                74.44885624359432,
                73.51390994484389
              ],
              [
                74.44855536225926,
                73.51388567140073
              ],
              [
                74.44863909448092,
                73.5137984475368
              ],
              [
                74.4492408551151,
                73.5138469937151
              ],
              [
                74.44932458354204,
                73.5137597695562
              ],
              [
                74.44962546372052,
                73.51378404183251
              ],
              [
                74.44970918981042,
                73.5136968175032
              ],
              [
                74.45031094989008,
                73.51374536043011
              ],
              [
                74.45022722671555,
                73.51383258500856
              ],
              [
                74.45052810953207,
                73.51385685590833
              ],
              [
                74.45027693910569,
                73.51411852974262
              ],
              [
                74.44907339562307,
                73.51402144189552
              ],
              [
                74.44898966455797,
                73.51410866591699
              ]
            ]
          ]
        ]
      },
      "properties": {
        "id": "4de6878256091500",
        "region": "kara",
        "class": "unclassified_radar_target",
        "ice_identity": "unverified",
        "grounding": "unverified",
        "confidence": "low",
        "observed_at": "2025-12-31T01:53:13.776165Z",
        "source_id": "S1C_IW_GRDH_1SDV_20251231T015259_20251231T015328_005689_00B5D1",
        "source_level": "L1",
        "radar_area_m2": 1800.0,
        "radar_equivalent_diameter_m": 47.87,
        "physical_floe_diameter_m": null,
        "longitude": 74.4496215,
        "latitude": 73.5139195,
        "native_spacing_m": 10,
        "effective_resolution_m": "20 x 22",
        "co_contrast_max_db": 11.44,
        "cross_contrast_max_db": 13.68,
        "co_snr_median_db": 21.98,
        "cross_snr_median_db": 15.01,
        "review_status": "unreviewed",
        "possible_confusions": "ridge, ship, fast ice, unresolved land, speckle",
        "stream": "kara:sentinel-1c:93:descending:vv,vh",
        "repeat_track_id": "4de6878256091500",
        "repeat_observations": 1,
        "repeat_span_days": 0.0,
        "repeat_excursion_m": 0.0,
        "persistent_location_candidate": false
      }
    },
    {
      "type": "Feature",
      "geometry": {
        "type": "MultiPolygon",
        "coordinates": [
          [
            [
              [
                74.58790514902265,
                73.52478926330093
              ],
              [
                74.5870013086563,
                73.52471707791355
              ],
              [
                74.58708436777181,
                73.52462979693627
              ],
              [
                74.58738564555664,
                73.52465385906812
              ],
              [
                74.58746870233487,
                73.52456657792195
              ],
              [
                74.58776997952936,
                73.52459063947042
              ],
              [
                74.58793608753787,
                73.524416076795
              ],
              [
                74.5882373626782,
                73.52444013763642
              ],
              [
                74.58815431057447,
                73.5245274191204
              ],
              [
                74.58845558805203,
                73.52455147962574
              ],
              [
                74.58837253653867,
                73.52463876118811
              ],
              [
                74.58807125759729,
                73.52461470055916
              ],
              [
                74.58790514902265,
                73.52478926330093
              ]
            ]
          ]
        ]
      },
      "properties": {
        "id": "534f11420d417b2c",
        "region": "kara",
        "class": "unclassified_radar_target",
        "ice_identity": "unverified",
        "grounding": "unverified",
        "confidence": "low",
        "observed_at": "2025-12-31T01:53:13.776165Z",
        "source_id": "S1C_IW_GRDH_1SDV_20251231T015259_20251231T015328_005689_00B5D1",
        "source_level": "L1",
        "radar_area_m2": 800.0,
        "radar_equivalent_diameter_m": 31.92,
        "physical_floe_diameter_m": null,
        "longitude": 74.5877765,
        "latitude": 73.5246264,
        "native_spacing_m": 10,
        "effective_resolution_m": "20 x 22",
        "co_contrast_max_db": 7.19,
        "cross_contrast_max_db": 7.64,
        "co_snr_median_db": 20.91,
        "cross_snr_median_db": 10.22,
        "review_status": "unreviewed",
        "possible_confusions": "ridge, ship, fast ice, unresolved land, speckle",
        "stream": "kara:sentinel-1c:93:descending:vv,vh",
        "repeat_track_id": "534f11420d417b2c",
        "repeat_observations": 1,
        "repeat_span_days": 0.0,
        "repeat_excursion_m": 0.0,
        "persistent_location_candidate": false
      }
    },
    {
      "type": "Feature",
      "geometry": {
        "type": "MultiPolygon",
        "coordinates": [
          [
            [
              [
                74.4383297447346,
                73.51136870015881
              ],
              [
                74.43802892481266,
                73.51134441060721
              ],
              [
                74.4381126994935,
                73.51125719090291
              ],
              [
                74.43781188190813,
                73.51123290101722
              ],
              [
                74.43806320504324,
                73.51097124200312
              ],
              [
                74.4377623927081,
                73.51094695203265
              ],
              [
                74.43784616678397,
                73.5108597323942
              ],
              [
                74.43844778942025,
                73.51090831162713
              ],
              [
                74.43853155970287,
                73.51082109169356
              ],
              [
                74.43973480970335,
                73.5109182441562
              ],
              [
                74.4395672799134,
                73.51109268497463
              ],
              [
                74.43866483235246,
                73.51101982056791
              ],
              [
                74.43858106176745,
                73.51110704053443
              ],
              [
                74.43888187819837,
                73.51113132925335
              ],
              [
                74.43879810819064,
                73.51121854929865
              ],
              [
                74.43849729030282,
                73.51119426045508
              ],
              [
                74.4383297447346,
                73.51136870015881
              ]
            ]
          ]
        ]
      },
      "properties": {
        "id": "3b2242ea6f936891",
        "region": "kara",
        "class": "unclassified_radar_target",
        "ice_identity": "unverified",
        "grounding": "unverified",
        "confidence": "low",
        "observed_at": "2025-12-31T01:53:13.776165Z",
        "source_id": "S1C_IW_GRDH_1SDV_20251231T015259_20251231T015328_005689_00B5D1",
        "source_level": "L1",
        "radar_area_m2": 1800.0,
        "radar_equivalent_diameter_m": 47.87,
        "physical_floe_diameter_m": null,
        "longitude": 74.4386081,
        "latitude": 73.5110413,
        "native_spacing_m": 10,
        "effective_resolution_m": "20 x 22",
        "co_contrast_max_db": 9.26,
        "cross_contrast_max_db": 11.63,
        "co_snr_median_db": 21.72,
        "cross_snr_median_db": 14.29,
        "review_status": "unreviewed",
        "possible_confusions": "ridge, ship, fast ice, unresolved land, speckle",
        "stream": "kara:sentinel-1c:93:descending:vv,vh",
        "repeat_track_id": "3b2242ea6f936891",
        "repeat_observations": 1,
        "repeat_span_days": 0.0,
        "repeat_excursion_m": 0.0,
        "persistent_location_candidate": false
      }
    },
    {
      "type": "Feature",
      "geometry": {
        "type": "MultiPolygon",
        "coordinates": [
          [
            [
              [
                74.5287900967492,
                73.51573665590611
              ],
              [
                74.52848906578392,
                73.51571250423324
              ],
              [
                74.52840574336274,
                73.51579976161423
              ],
              [
                74.52870677578848,
                73.51582391341113
              ],
              [
                74.52862345395219,
                73.5159111708707
              ],
              [
                74.528322420066,
                73.51588701894975
              ],
              [
                74.5282390958937,
                73.5159742762398
              ],
              [
                74.5279380614226,
                73.5159501237356
              ],
              [
                74.52810471181256,
                73.51577560935809
              ],
              [
                74.52720162241548,
                73.51570314983424
              ],
              [
                74.52695163237325,
                73.51596492021595
              ],
              [
                74.52634956839081,
                73.5159166108263
              ],
              [
                74.52643290220134,
                73.51582935432594
              ],
              [
                74.52613187298402,
                73.5158051990663
              ],
              [
                74.52621520737928,
                73.51571794264453
              ],
              [
                74.52651623513621,
                73.51574209778012
              ],
              [
                74.52659956719545,
                73.51565484118882
              ],
              [
                74.52629854089888,
                73.51563068617726
              ],
              [
                74.52638187354283,
                73.5155434296645
              ],
              [
                74.52758597814136,
                73.51564004645917
              ],
              [
                74.52775262911953,
                73.51546553230494
              ],
              [
                74.52805365453737,
                73.51548968510747
              ],
              [
                74.5282202990926,
                73.51531517052325
              ],
              [
                74.5279192765955,
                73.51529101796879
              ],
              [
                74.52816924124299,
                73.51502924612352
              ],
              [
                74.52907229821776,
                73.51510170129296
              ],
              [
                74.52890566475696,
                73.51527621664611
              ],
              [
                74.52980873837303,
                73.51534866842665
              ],
              [
                74.52972542471063,
                73.5154359264071
              ],
              [
                74.52942439783608,
                73.5154117761488
              ],
              [
                74.5293410818378,
                73.51549903395973
              ],
              [
                74.52873902779426,
                73.5154507318174
              ],
              [
                74.52865570799968,
                73.51553798933482
              ],
              [
                74.52895673604411,
                73.51556214075961
              ],
              [
                74.5287900967492,
                73.51573665590611
              ]
            ],
            [
              [
                74.52818803569417,
                73.51568835210112
              ],
              [
                74.52848906578392,
                73.51571250423324
              ],
              [
                74.52857238732956,
                73.51562524680676
              ],
              [
                74.52827135870024,
                73.51560109479867
              ],
              [
                74.52818803569417,
                73.51568835210112
              ]
            ]
          ]
        ]
      },
      "properties": {
        "id": "2cf39241fffd1832",
        "region": "kara",
        "class": "unclassified_radar_target",
        "ice_identity": "unverified",
        "grounding": "unverified",
        "confidence": "low",
        "observed_at": "2025-12-31T01:53:13.776165Z",
        "source_id": "S1C_IW_GRDH_1SDV_20251231T015259_20251231T015328_005689_00B5D1",
        "source_level": "L1",
        "radar_area_m2": 4200.0,
        "radar_equivalent_diameter_m": 73.13,
        "physical_floe_diameter_m": null,
        "longitude": 74.5280407,
        "latitude": 73.5155356,
        "native_spacing_m": 10,
        "effective_resolution_m": "20 x 22",
        "co_contrast_max_db": 9.24,
        "cross_contrast_max_db": 9.95,
        "co_snr_median_db": 20.46,
        "cross_snr_median_db": 11.22,
        "review_status": "unreviewed",
        "possible_confusions": "ridge, ship, fast ice, unresolved land, speckle",
        "stream": "kara:sentinel-1c:93:descending:vv,vh",
        "repeat_track_id": "2cf39241fffd1832",
        "repeat_observations": 1,
        "repeat_span_days": 0.0,
        "repeat_excursion_m": 0.0,
        "persistent_location_candidate": false
      }
    },
    {
      "type": "Feature",
      "geometry": {
        "type": "MultiPolygon",
        "coordinates": [
          [
            [
              [
                74.53109053397223,
                73.51366661038197
              ],
              [
                74.5301875462172,
                73.51359416429224
              ],
              [
                74.53043744958184,
                73.51333238897472
              ],
              [
                74.53073844024466,
                73.51335653775848
              ],
              [
                74.53082173815571,
                73.51326927910438
              ],
              [
                74.53112272823363,
                73.51329342730499
              ],
              [
                74.53103943178265,
                73.51338068608308
              ],
              [
                74.5313404241958,
                73.51340483394847
              ],
              [
                74.53109053397223,
                73.51366661038197
              ]
            ]
          ]
        ]
      },
      "properties": {
        "id": "996d5c226d7d6fda",
        "region": "kara",
        "class": "unclassified_radar_target",
        "ice_identity": "unverified",
        "grounding": "unverified",
        "confidence": "low",
        "observed_at": "2025-12-31T01:53:13.776165Z",
        "source_id": "S1C_IW_GRDH_1SDV_20251231T015259_20251231T015328_005689_00B5D1",
        "source_level": "L1",
        "radar_area_m2": 1000.0,
        "radar_equivalent_diameter_m": 35.68,
        "physical_floe_diameter_m": null,
        "longitude": 74.5307806,
        "latitude": 73.513482,
        "native_spacing_m": 10,
        "effective_resolution_m": "20 x 22",
        "co_contrast_max_db": 9.23,
        "cross_contrast_max_db": 8.87,
        "co_snr_median_db": 21.87,
        "cross_snr_median_db": 12.37,
        "review_status": "unreviewed",
        "possible_confusions": "ridge, ship, fast ice, unresolved land, speckle",
        "stream": "kara:sentinel-1c:93:descending:vv,vh",
        "repeat_track_id": "996d5c226d7d6fda",
        "repeat_observations": 1,
        "repeat_span_days": 0.0,
        "repeat_excursion_m": 0.0,
        "persistent_location_candidate": false
      }
    },
    {
      "type": "Feature",
      "geometry": {
        "type": "MultiPolygon",
        "coordinates": [
          [
            [
              [
                74.44434371140306,
                73.50442963254372
              ],
              [
                74.44374230606384,
                73.50438107083377
              ],
              [
                74.4439934322152,
                73.50411940183999
              ],
              [
                74.4448955284393,
                73.50419224259608
              ],
              [
                74.44472812061879,
                73.50436668938505
              ],
              [
                74.44442741808709,
                73.50434240934248
              ],
              [
                74.44434371140306,
                73.50442963254372
              ]
            ]
          ]
        ]
      },
      "properties": {
        "id": "a34ee67982c14a8e",
        "region": "kara",
        "class": "unclassified_radar_target",
        "ice_identity": "unverified",
        "grounding": "unverified",
        "confidence": "low",
        "observed_at": "2025-12-31T01:53:13.776165Z",
        "source_id": "S1C_IW_GRDH_1SDV_20251231T015259_20251231T015328_005689_00B5D1",
        "source_level": "L1",
        "radar_area_m2": 800.0,
        "radar_equivalent_diameter_m": 31.92,
        "physical_floe_diameter_m": null,
        "longitude": 74.4442918,
        "latitude": 73.5042727,
        "native_spacing_m": 10,
        "effective_resolution_m": "20 x 22",
        "co_contrast_max_db": 9.27,
        "cross_contrast_max_db": 9.43,
        "co_snr_median_db": 21.22,
        "cross_snr_median_db": 13.44,
        "review_status": "unreviewed",
        "possible_confusions": "ridge, ship, fast ice, unresolved land, speckle",
        "stream": "kara:sentinel-1c:93:descending:vv,vh",
        "repeat_track_id": "a34ee67982c14a8e",
        "repeat_observations": 1,
        "repeat_span_days": 0.0,
        "repeat_excursion_m": 0.0,
        "persistent_location_candidate": false
      }
    },
    {
      "type": "Feature",
      "geometry": {
        "type": "MultiPolygon",
        "coordinates": [
          [
            [
              [
                74.37812618875306,
                73.4991640470693
              ],
              [
                74.37752516772728,
                73.49911528343327
              ],
              [
                74.37760919816425,
                73.49902808797655
              ],
              [
                74.37730869042643,
                73.49900370559634
              ],
              [
                74.37747675156173,
                73.49882931479456
              ],
              [
                74.37717624761108,
                73.49880493220618
              ],
              [
                74.3772602783094,
                73.49871773686114
              ],
              [
                74.3775607808072,
                73.49874211932455
              ],
              [
                74.37764480917127,
                73.4986549238084
              ],
              [
                74.37794531109768,
                73.49867930568865
              ],
              [
                74.37786128418645,
                73.4987665013298
              ],
              [
                74.37846229358914,
                73.49881526396595
              ],
              [
                74.37837826870222,
                73.49890245981094
              ],
              [
                74.37807776210731,
                73.49887807859696
              ],
              [
                74.3779937348861,
                73.49896527427086
              ],
              [
                74.37859475186313,
                73.49901403649068
              ],
              [
                74.37851072666632,
                73.49910123236845
              ],
              [
                74.37821021628419,
                73.49907685136263
              ],
              [
                74.37812618875306,
                73.4991640470693
              ]
            ]
          ]
        ]
      },
      "properties": {
        "id": "40826a041d9edfb3",
        "region": "kara",
        "class": "unclassified_radar_target",
        "ice_identity": "unverified",
        "grounding": "unverified",
        "confidence": "low",
        "observed_at": "2025-12-31T01:53:13.776165Z",
        "source_id": "S1C_IW_GRDH_1SDV_20251231T015259_20251231T015328_005689_00B5D1",
        "source_level": "L1",
        "radar_area_m2": 1300.0,
        "radar_equivalent_diameter_m": 40.68,
        "physical_floe_diameter_m": null,
        "longitude": 74.3778495,
        "latitude": 73.498921,
        "native_spacing_m": 10,
        "effective_resolution_m": "20 x 22",
        "co_contrast_max_db": 9.7,
        "cross_contrast_max_db": 12.25,
        "co_snr_median_db": 20.72,
        "cross_snr_median_db": 10.8,
        "review_status": "unreviewed",
        "possible_confusions": "ridge, ship, fast ice, unresolved land, speckle",
        "stream": "kara:sentinel-1c:93:descending:vv,vh",
        "repeat_track_id": "40826a041d9edfb3",
        "repeat_observations": 1,
        "repeat_span_days": 0.0,
        "repeat_excursion_m": 0.0,
        "persistent_location_candidate": false
      }
    },
    {
      "type": "Feature",
      "geometry": {
        "type": "MultiPolygon",
        "coordinates": [
          [
            [
              [
                74.4439934322152,
                73.50411940183999
              ],
              [
                74.44369273523105,
                73.50409512067085
              ],
              [
                74.4439438578422,
                73.50383345163827
              ],
              [
                74.44484593832826,
                73.50390629264912
              ],
              [
                74.44492963974079,
                73.50381906917296
              ],
              [
                74.44583172376639,
                73.50389190568318
              ],
              [
                74.44574802672132,
                73.50397912953292
              ],
              [
                74.44544732971177,
                73.5039548510302
              ],
              [
                74.44536363033234,
                73.50404207470962
              ],
              [
                74.44506293274549,
                73.5040177956238
              ],
              [
                74.44497923103168,
                73.50410501913285
              ],
              [
                74.44407713917505,
                73.50403217875042
              ],
              [
                74.4439934322152,
                73.50411940183999
              ]
            ]
          ]
        ]
      },
      "properties": {
        "id": "5e8a873c6ca008fa",
        "region": "kara",
        "class": "unclassified_radar_target",
        "ice_identity": "unverified",
        "grounding": "unverified",
        "confidence": "low",
        "observed_at": "2025-12-31T01:53:13.776165Z",
        "source_id": "S1C_IW_GRDH_1SDV_20251231T015259_20251231T015328_005689_00B5D1",
        "source_level": "L1",
        "radar_area_m2": 1300.0,
        "radar_equivalent_diameter_m": 40.68,
        "physical_floe_diameter_m": null,
        "longitude": 74.4446807,
        "latitude": 73.5039616,
        "native_spacing_m": 10,
        "effective_resolution_m": "20 x 22",
        "co_contrast_max_db": 8.95,
        "cross_contrast_max_db": 11.14,
        "co_snr_median_db": 21.25,
        "cross_snr_median_db": 13.35,
        "review_status": "unreviewed",
        "possible_confusions": "ridge, ship, fast ice, unresolved land, speckle",
        "stream": "kara:sentinel-1c:93:descending:vv,vh",
        "repeat_track_id": "5e8a873c6ca008fa",
        "repeat_observations": 1,
        "repeat_span_days": 0.0,
        "repeat_excursion_m": 0.0,
        "persistent_location_candidate": false
      }
    },
    {
      "type": "Feature",
      "geometry": {
        "type": "MultiPolygon",
        "coordinates": [
          [
            [
              [
                74.57598032741564,
                73.51416269506562
              ],
              [
                74.57537818637621,
                73.51411453490857
              ],
              [
                74.57546125354848,
                73.51402725755662
              ],
              [
                74.57516018579982,
                73.51400317691267
              ],
              [
                74.57524325356069,
                73.51391589963913
              ],
              [
                74.57554431984781,
                73.5139399801594
              ],
              [
                74.57562738527416,
                73.5138527027169
              ],
              [
                74.57592845097268,
                73.5138767826541
              ],
              [
                74.57601151406453,
                73.51378950504267
              ],
              [
                74.57631257917441,
                73.5138135843968
              ],
              [
                74.5761464550409,
                73.51398813982175
              ],
              [
                74.57644752394684,
                73.51401221896383
              ],
              [
                74.57636446203229,
                73.51409949673207
              ],
              [
                74.57606339166475,
                73.51407541746633
              ],
              [
                74.57598032741564,
                73.51416269506562
              ]
            ]
          ]
        ]
      },
      "properties": {
        "id": "ee837c8649051b37",
        "region": "kara",
        "class": "unclassified_radar_target",
        "ice_identity": "unverified",
        "grounding": "unverified",
        "confidence": "low",
        "observed_at": "2025-12-31T01:53:13.776165Z",
        "source_id": "S1C_IW_GRDH_1SDV_20251231T015259_20251231T015328_005689_00B5D1",
        "source_level": "L1",
        "radar_area_m2": 900.0,
        "radar_equivalent_diameter_m": 33.85,
        "physical_floe_diameter_m": null,
        "longitude": 74.575839,
        "latitude": 73.5139896,
        "native_spacing_m": 10,
        "effective_resolution_m": "20 x 22",
        "co_contrast_max_db": 8.67,
        "cross_contrast_max_db": 12.83,
        "co_snr_median_db": 21.94,
        "cross_snr_median_db": 16.94,
        "review_status": "unreviewed",
        "possible_confusions": "ridge, ship, fast ice, unresolved land, speckle",
        "stream": "kara:sentinel-1c:93:descending:vv,vh",
        "repeat_track_id": "ee837c8649051b37",
        "repeat_observations": 1,
        "repeat_span_days": 0.0,
        "repeat_excursion_m": 0.0,
        "persistent_location_candidate": false
      }
    },
    {
      "type": "Feature",
      "geometry": {
        "type": "MultiPolygon",
        "coordinates": [
          [
            [
              [
                74.4142840207149,
                73.50030787435955
              ],
              [
                74.41398343611148,
                73.50028354784008
              ],
              [
                74.41406728120496,
                73.50019633702492
              ],
              [
                74.4137666989355,
                73.50017201017187
              ],
              [
                74.41401823330023,
                73.49991037782486
              ],
              [
                74.41491996966005,
                73.49998335588647
              ],
              [
                74.41466844838308,
                73.50024498935602
              ],
              [
                74.41436786435418,
                73.50022066341965
              ],
              [
                74.4142840207149,
                73.50030787435955
              ]
            ]
          ]
        ]
      },
      "properties": {
        "id": "2f299a7d84d42903",
        "region": "kara",
        "class": "unclassified_radar_target",
        "ice_identity": "unverified",
        "grounding": "unverified",
        "confidence": "low",
        "observed_at": "2025-12-31T01:53:13.776165Z",
        "source_id": "S1C_IW_GRDH_1SDV_20251231T015259_20251231T015328_005689_00B5D1",
        "source_level": "L1",
        "radar_area_m2": 1000.0,
        "radar_equivalent_diameter_m": 35.68,
        "physical_floe_diameter_m": null,
        "longitude": 74.4143266,
        "latitude": 73.5000951,
        "native_spacing_m": 10,
        "effective_resolution_m": "20 x 22",
        "co_contrast_max_db": 11.76,
        "cross_contrast_max_db": 12.35,
        "co_snr_median_db": 22.99,
        "cross_snr_median_db": 11.08,
        "review_status": "unreviewed",
        "possible_confusions": "ridge, ship, fast ice, unresolved land, speckle",
        "stream": "kara:sentinel-1c:93:descending:vv,vh",
        "repeat_track_id": "2f299a7d84d42903",
        "repeat_observations": 1,
        "repeat_span_days": 0.0,
        "repeat_excursion_m": 0.0,
        "persistent_location_candidate": false
      }
    },
    {
      "type": "Feature",
      "geometry": {
        "type": "MultiPolygon",
        "coordinates": [
          [
            [
              [
                74.41702405195375,
                73.50015362198867
              ],
              [
                74.41642288118608,
                73.50010497682256
              ],
              [
                74.41659054309687,
                73.49993055303257
              ],
              [
                74.41779287651626,
                73.50002784053375
              ],
              [
                74.41787670033527,
                73.49994062807102
              ],
              [
                74.41817728443463,
                73.49996494867577
              ],
              [
                74.41800963882572,
                73.50013937380473
              ],
              [
                74.41770905181775,
                73.50011505295055
              ],
              [
                74.41762522623969,
                73.50020226532143
              ],
              [
                74.41732463865694,
                73.50017794388421
              ],
              [
                74.41740846568929,
                73.50009073163805
              ],
              [
                74.4171078804404,
                73.5000664098672
              ],
              [
                74.41702405195375,
                73.50015362198867
              ]
            ]
          ]
        ]
      },
      "properties": {
        "id": "6fda81443f70cbfe",
        "region": "kara",
        "class": "unclassified_radar_target",
        "ice_identity": "unverified",
        "grounding": "unverified",
        "confidence": "low",
        "observed_at": "2025-12-31T01:53:13.776165Z",
        "source_id": "S1C_IW_GRDH_1SDV_20251231T015259_20251231T015328_005689_00B5D1",
        "source_level": "L1",
        "radar_area_m2": 900.0,
        "radar_equivalent_diameter_m": 33.85,
        "physical_floe_diameter_m": null,
        "longitude": 74.4172815,
        "latitude": 73.5000543,
        "native_spacing_m": 10,
        "effective_resolution_m": "20 x 22",
        "co_contrast_max_db": 9.08,
        "cross_contrast_max_db": 13.9,
        "co_snr_median_db": 21.33,
        "cross_snr_median_db": 13.79,
        "review_status": "unreviewed",
        "possible_confusions": "ridge, ship, fast ice, unresolved land, speckle",
        "stream": "kara:sentinel-1c:93:descending:vv,vh",
        "repeat_track_id": "6fda81443f70cbfe",
        "repeat_observations": 1,
        "repeat_span_days": 0.0,
        "repeat_excursion_m": 0.0,
        "persistent_location_candidate": false
      }
    },
    {
      "type": "Feature",
      "geometry": {
        "type": "MultiPolygon",
        "coordinates": [
          [
            [
              [
                74.60118663145488,
                73.51354736634781
              ],
              [
                74.6002833451219,
                73.51347524055821
              ],
              [
                74.60036627822687,
                73.51338795267142
              ],
              [
                74.59976409462084,
                73.51333986676123
              ],
              [
                74.59984702977856,
                73.51325257907625
              ],
              [
                74.60014811968358,
                73.51327662213761
              ],
              [
                74.60023105250748,
                73.513189334284
              ],
              [
                74.60053214182193,
                73.51321337676235
              ],
              [
                74.60061507231204,
                73.5131260887401
              ],
              [
                74.60091616103588,
                73.51315013063551
              ],
              [
                74.60075030210845,
                73.51332470688185
              ],
              [
                74.60105139462831,
                73.51334874856474
              ],
              [
                74.60096846531943,
                73.51343603674367
              ],
              [
                74.60126956017312,
                73.51346007809055
              ],
              [
                74.60118663145488,
                73.51354736634781
              ]
            ]
          ]
        ]
      },
      "properties": {
        "id": "df6aeadfa4b703e8",
        "region": "kara",
        "class": "unclassified_radar_target",
        "ice_identity": "unverified",
        "grounding": "unverified",
        "confidence": "low",
        "observed_at": "2025-12-31T01:53:13.776165Z",
        "source_id": "S1C_IW_GRDH_1SDV_20251231T015259_20251231T015328_005689_00B5D1",
        "source_level": "L1",
        "radar_area_m2": 1000.0,
        "radar_equivalent_diameter_m": 35.68,
        "physical_floe_diameter_m": null,
        "longitude": 74.6005666,
        "latitude": 73.5133476,
        "native_spacing_m": 10,
        "effective_resolution_m": "20 x 22",
        "co_contrast_max_db": 14.63,
        "cross_contrast_max_db": 8.2,
        "co_snr_median_db": 23.78,
        "cross_snr_median_db": 9.18,
        "review_status": "unreviewed",
        "possible_confusions": "ridge, ship, fast ice, unresolved land, speckle",
        "stream": "kara:sentinel-1c:93:descending:vv,vh",
        "repeat_track_id": "df6aeadfa4b703e8",
        "repeat_observations": 1,
        "repeat_span_days": 0.0,
        "repeat_excursion_m": 0.0,
        "persistent_location_candidate": false
      }
    },
    {
      "type": "Feature",
      "geometry": {
        "type": "MultiPolygon",
        "coordinates": [
          [
            [
              [
                74.4290529717368,
                73.49943471185344
              ],
              [
                74.4284517917808,
                73.49938610326015
              ],
              [
                74.42853555644625,
                73.49929888619828
              ],
              [
                74.42883614453028,
                73.49932319059948
              ],
              [
                74.42891990686235,
                73.4992359733671
              ],
              [
                74.4286193202328,
                73.49921166909051
              ],
              [
                74.42870308314048,
                73.49912445193685
              ],
              [
                74.42900366831553,
                73.49914875608883
              ],
              [
                74.42908742888986,
                73.49906153876466
              ],
              [
                74.42968859896757,
                73.49911014544429
              ],
              [
                74.42943732333501,
                73.49937179802681
              ],
              [
                74.42913673349322,
                73.49934749454233
              ],
              [
                74.4290529717368,
                73.49943471185344
              ]
            ]
          ]
        ]
      },
      "properties": {
        "id": "5c77fde743fe142f",
        "region": "kara",
        "class": "unclassified_radar_target",
        "ice_identity": "unverified",
        "grounding": "unverified",
        "confidence": "low",
        "observed_at": "2025-12-31T01:53:13.776165Z",
        "source_id": "S1C_IW_GRDH_1SDV_20251231T015259_20251231T015328_005689_00B5D1",
        "source_level": "L1",
        "radar_area_m2": 900.0,
        "radar_equivalent_diameter_m": 33.85,
        "physical_floe_diameter_m": null,
        "longitude": 74.4291083,
        "latitude": 73.499246,
        "native_spacing_m": 10,
        "effective_resolution_m": "20 x 22",
        "co_contrast_max_db": 8.93,
        "cross_contrast_max_db": 7.86,
        "co_snr_median_db": 20.32,
        "cross_snr_median_db": 9.7,
        "review_status": "unreviewed",
        "possible_confusions": "ridge, ship, fast ice, unresolved land, speckle",
        "stream": "kara:sentinel-1c:93:descending:vv,vh",
        "repeat_track_id": "5c77fde743fe142f",
        "repeat_observations": 1,
        "repeat_span_days": 0.0,
        "repeat_excursion_m": 0.0,
        "persistent_location_candidate": false
      }
    },
    {
      "type": "Feature",
      "geometry": {
        "type": "MultiPolygon",
        "coordinates": [
          [
            [
              [
                74.39892220428712,
                73.49539780452142
              ],
              [
                74.39802078683803,
                73.49532475295594
              ],
              [
                74.39810469064278,
                73.495237548333
              ],
              [
                74.39780422137264,
                73.49521319701972
              ],
              [
                74.39788812575021,
                73.4951259924756
              ],
              [
                74.39818859356753,
                73.49515034366406
              ],
              [
                74.39827249561226,
                73.49506313894909
              ],
              [
                74.39857296285673,
                73.49508748955465
              ],
              [
                74.39848906226483,
                73.4951746943944
              ],
              [
                74.3993904736366,
                73.49524774383666
              ],
              [
                74.39930657652334,
                73.49533494900483
              ],
              [
                74.39900610373323,
                73.49531059952409
              ],
              [
                74.39892220428712,
                73.49539780452142
              ]
            ]
          ]
        ]
      },
      "properties": {
        "id": "607f2118a73eb584",
        "region": "kara",
        "class": "unclassified_radar_target",
        "ice_identity": "unverified",
        "grounding": "unverified",
        "confidence": "low",
        "observed_at": "2025-12-31T01:53:13.776165Z",
        "source_id": "S1C_IW_GRDH_1SDV_20251231T015259_20251231T015328_005689_00B5D1",
        "source_level": "L1",
        "radar_area_m2": 900.0,
        "radar_equivalent_diameter_m": 33.85,
        "physical_floe_diameter_m": null,
        "longitude": 74.3985453,
        "latitude": 73.4952471,
        "native_spacing_m": 10,
        "effective_resolution_m": "20 x 22",
        "co_contrast_max_db": 7.54,
        "cross_contrast_max_db": 7.72,
        "co_snr_median_db": 21.0,
        "cross_snr_median_db": 11.67,
        "review_status": "unreviewed",
        "possible_confusions": "ridge, ship, fast ice, unresolved land, speckle",
        "stream": "kara:sentinel-1c:93:descending:vv,vh",
        "repeat_track_id": "607f2118a73eb584",
        "repeat_observations": 1,
        "repeat_span_days": 0.0,
        "repeat_excursion_m": 0.0,
        "persistent_location_candidate": false
      }
    },
    {
      "type": "Feature",
      "geometry": {
        "type": "MultiPolygon",
        "coordinates": [
          [
            [
              [
                74.39894368029198,
                73.49436549957314
              ],
              [
                74.39834277168721,
                73.49431679898461
              ],
              [
                74.398426668718,
                73.49422959410516
              ],
              [
                74.39812621718814,
                73.49420524324854
              ],
              [
                74.39829401151542,
                73.49403083360126
              ],
              [
                74.39919536002856,
                73.49410388404803
              ],
              [
                74.39911146766288,
                73.49419108926907
              ],
              [
                74.39941192037965,
                73.4942154386266
              ],
              [
                74.39932802858684,
                73.49430264392645
              ],
              [
                74.39902757441736,
                73.49427829444411
              ],
              [
                74.39894368029198,
                73.49436549957314
              ]
            ]
          ]
        ]
      },
      "properties": {
        "id": "276da8fd988eb0b5",
        "region": "kara",
        "class": "unclassified_radar_target",
        "ice_identity": "unverified",
        "grounding": "unverified",
        "confidence": "low",
        "observed_at": "2025-12-31T01:53:13.776165Z",
        "source_id": "S1C_IW_GRDH_1SDV_20251231T015259_20251231T015328_005689_00B5D1",
        "source_level": "L1",
        "radar_area_m2": 900.0,
        "radar_equivalent_diameter_m": 33.85,
        "physical_floe_diameter_m": null,
        "longitude": 74.3987283,
        "latitude": 73.4941966,
        "native_spacing_m": 10,
        "effective_resolution_m": "20 x 22",
        "co_contrast_max_db": 8.11,
        "cross_contrast_max_db": 10.29,
        "co_snr_median_db": 21.58,
        "cross_snr_median_db": 13.77,
        "review_status": "unreviewed",
        "possible_confusions": "ridge, ship, fast ice, unresolved land, speckle",
        "stream": "kara:sentinel-1c:93:descending:vv,vh",
        "repeat_track_id": "276da8fd988eb0b5",
        "repeat_observations": 1,
        "repeat_span_days": 0.0,
        "repeat_excursion_m": 0.0,
        "persistent_location_candidate": false
      }
    },
    {
      "type": "Feature",
      "geometry": {
        "type": "MultiPolygon",
        "coordinates": [
          [
            [
              [
                74.62482504585238,
                73.50979920569111
              ],
              [
                74.62422292158497,
                73.50975119407494
              ],
              [
                74.62430571031751,
                73.50966389570813
              ],
              [
                74.62400465095116,
                73.50963988933408
              ],
              [
                74.62417022873075,
                73.50946529271185
              ],
              [
                74.62507340066618,
                73.50953730971575
              ],
              [
                74.62482504585238,
                73.50979920569111
              ]
            ]
          ]
        ]
      },
      "properties": {
        "id": "aa737862e23a9767",
        "region": "kara",
        "class": "unclassified_radar_target",
        "ice_identity": "unverified",
        "grounding": "unverified",
        "confidence": "low",
        "observed_at": "2025-12-31T01:53:13.776165Z",
        "source_id": "S1C_IW_GRDH_1SDV_20251231T015259_20251231T015328_005689_00B5D1",
        "source_level": "L1",
        "radar_area_m2": 800.0,
        "radar_equivalent_diameter_m": 31.92,
        "physical_floe_diameter_m": null,
        "longitude": 74.6245456,
        "latitude": 73.5096243,
        "native_spacing_m": 10,
        "effective_resolution_m": "20 x 22",
        "co_contrast_max_db": 9.86,
        "cross_contrast_max_db": 10.33,
        "co_snr_median_db": 20.54,
        "cross_snr_median_db": 12.57,
        "review_status": "unreviewed",
        "possible_confusions": "ridge, ship, fast ice, unresolved land, speckle",
        "stream": "kara:sentinel-1c:93:descending:vv,vh",
        "repeat_track_id": "aa737862e23a9767",
        "repeat_observations": 1,
        "repeat_span_days": 0.0,
        "repeat_excursion_m": 0.0,
        "persistent_location_candidate": false
      }
    },
    {
      "type": "Feature",
      "geometry": {
        "type": "MultiPolygon",
        "coordinates": [
          [
            [
              [
                74.58353560100466,
                73.50622024822088
              ],
              [
                74.5832346630015,
                73.50619617962118
              ],
              [
                74.58356660307703,
                73.50584705297771
              ],
              [
                74.58446940217657,
                73.50591925591651
              ],
              [
                74.58438642284649,
                73.50600653801584
              ],
              [
                74.58408548748122,
                73.50598247070528
              ],
              [
                74.58391952328515,
                73.50615703452121
              ],
              [
                74.5836185858707,
                73.5061329665043
              ],
              [
                74.58353560100466,
                73.50622024822088
              ]
            ]
          ]
        ]
      },
      "properties": {
        "id": "78ad51bf3c47192b",
        "region": "kara",
        "class": "unclassified_radar_target",
        "ice_identity": "unverified",
        "grounding": "unverified",
        "confidence": "low",
        "observed_at": "2025-12-31T01:53:13.776165Z",
        "source_id": "S1C_IW_GRDH_1SDV_20251231T015259_20251231T015328_005689_00B5D1",
        "source_level": "L1",
        "radar_area_m2": 800.0,
        "radar_equivalent_diameter_m": 31.92,
        "physical_floe_diameter_m": null,
        "longitude": 74.5837703,
        "latitude": 73.506016,
        "native_spacing_m": 10,
        "effective_resolution_m": "20 x 22",
        "co_contrast_max_db": 8.65,
        "cross_contrast_max_db": 7.45,
        "co_snr_median_db": 17.33,
        "cross_snr_median_db": 4.97,
        "review_status": "unreviewed",
        "possible_confusions": "ridge, ship, fast ice, unresolved land, speckle",
        "stream": "kara:sentinel-1c:93:descending:vv,vh",
        "repeat_track_id": "78ad51bf3c47192b",
        "repeat_observations": 1,
        "repeat_span_days": 0.0,
        "repeat_excursion_m": 0.0,
        "persistent_location_candidate": false
      }
    },
    {
      "type": "Feature",
      "geometry": {
        "type": "MultiPolygon",
        "coordinates": [
          [
            [
              [
                74.41444817708883,
                73.49204943622021
              ],
              [
                74.41414774149716,
                73.49202510967726
              ],
              [
                74.41439914666017,
                73.49176347394354
              ],
              [
                74.41469957789353,
                73.49178780011249
              ],
              [
                74.41478337640413,
                73.4917005879847
              ],
              [
                74.41508380706352,
                73.49172491357088
              ],
              [
                74.41500001000567,
                73.4918121258233
              ],
              [
                74.41530044299662,
                73.49183645107604
              ],
              [
                74.41513284915013,
                73.49201087569246
              ],
              [
                74.41453197823589,
                73.49196222423022
              ],
              [
                74.41444817708883,
                73.49204943622021
              ]
            ]
          ]
        ]
      },
      "properties": {
        "id": "542693b14b9f5cef",
        "region": "kara",
        "class": "unclassified_radar_target",
        "ice_identity": "unverified",
        "grounding": "unverified",
        "confidence": "low",
        "observed_at": "2025-12-31T01:53:13.776165Z",
        "source_id": "S1C_IW_GRDH_1SDV_20251231T015259_20251231T015328_005689_00B5D1",
        "source_level": "L1",
        "radar_area_m2": 800.0,
        "radar_equivalent_diameter_m": 31.92,
        "physical_floe_diameter_m": null,
        "longitude": 74.4147284,
        "latitude": 73.4918841,
        "native_spacing_m": 10,
        "effective_resolution_m": "20 x 22",
        "co_contrast_max_db": 9.7,
        "cross_contrast_max_db": 4.37,
        "co_snr_median_db": 22.05,
        "cross_snr_median_db": 9.15,
        "review_status": "unreviewed",
        "possible_confusions": "ridge, ship, fast ice, unresolved land, speckle",
        "stream": "kara:sentinel-1c:93:descending:vv,vh",
        "repeat_track_id": "542693b14b9f5cef",
        "repeat_observations": 1,
        "repeat_span_days": 0.0,
        "repeat_excursion_m": 0.0,
        "persistent_location_candidate": false
      }
    },
    {
      "type": "Feature",
      "geometry": {
        "type": "MultiPolygon",
        "coordinates": [
          [
            [
              [
                74.59326532476064,
                73.5021145796661
              ],
              [
                74.5929644470062,
                73.50209052575421
              ],
              [
                74.5930473617422,
                73.5020032395876
              ],
              [
                74.59244561176577,
                73.50195513063329
              ],
              [
                74.5925285285509,
                73.50186784466844
              ],
              [
                74.59282940164374,
                73.50189189925172
              ],
              [
                74.59291231609811,
                73.50180461311818
              ],
              [
                74.59351406197625,
                73.50185272066038
              ],
              [
                74.5935969726399,
                73.50176543423478
              ],
              [
                74.59419871908116,
                73.50181353969347
              ],
              [
                74.59394999323791,
                73.50207539957542
              ],
              [
                74.59334823803664,
                73.50202729337605
              ],
              [
                74.59326532476064,
                73.5021145796661
              ]
            ]
          ]
        ]
      },
      "properties": {
        "id": "bf67a2e5f512b67b",
        "region": "kara",
        "class": "unclassified_radar_target",
        "ice_identity": "unverified",
        "grounding": "unverified",
        "confidence": "low",
        "observed_at": "2025-12-31T01:53:13.776165Z",
        "source_id": "S1C_IW_GRDH_1SDV_20251231T015259_20251231T015328_005689_00B5D1",
        "source_level": "L1",
        "radar_area_m2": 1200.0,
        "radar_equivalent_diameter_m": 39.09,
        "physical_floe_diameter_m": null,
        "longitude": 74.593413,
        "latitude": 73.5019307,
        "native_spacing_m": 10,
        "effective_resolution_m": "20 x 22",
        "co_contrast_max_db": 10.29,
        "cross_contrast_max_db": 14.01,
        "co_snr_median_db": 21.72,
        "cross_snr_median_db": 15.36,
        "review_status": "unreviewed",
        "possible_confusions": "ridge, ship, fast ice, unresolved land, speckle",
        "stream": "kara:sentinel-1c:93:descending:vv,vh",
        "repeat_track_id": "bf67a2e5f512b67b",
        "repeat_observations": 1,
        "repeat_span_days": 0.0,
        "repeat_excursion_m": 0.0,
        "persistent_location_candidate": false
      }
    },
    {
      "type": "Feature",
      "geometry": {
        "type": "MultiPolygon",
        "coordinates": [
          [
            [
              [
                74.39819380958872,
                73.47258935671434
              ],
              [
                74.39729363003258,
                73.47251629955596
              ],
              [
                74.39762879551886,
                73.47216747118665
              ],
              [
                74.39822890275448,
                73.47221617541933
              ],
              [
                74.39831268903438,
                73.47212896796275
              ],
              [
                74.39861274251973,
                73.47215331926822
              ],
              [
                74.39878030954921,
                73.47197890396794
              ],
              [
                74.39908036101443,
                73.47200325456662
              ],
              [
                74.39899657938727,
                73.47209046236436
              ],
              [
                74.39929663317884,
                73.47211481263017
              ],
              [
                74.39938041335715,
                73.47202760470779
              ],
              [
                74.40028057565021,
                73.47210065238623
              ],
              [
                74.40019679981853,
                73.4721878606825
              ],
              [
                74.39989674339448,
                73.47216351178922
              ],
              [
                74.39972918620086,
                73.47233792799459
              ],
              [
                74.39942912775652,
                73.47231357839456
              ],
              [
                74.39934534639455,
                73.47240078630364
              ],
              [
                74.39844517198006,
                73.4723277343846
              ],
              [
                74.39836138539387,
                73.47241494187382
              ],
              [
                74.39866144410334,
                73.47243929309565
              ],
              [
                74.39857765808847,
                73.47252650066353
              ],
              [
                74.39827759793009,
                73.47250214931707
              ],
              [
                74.39819380958872,
                73.47258935671434
              ]
            ]
          ]
        ]
      },
      "properties": {
        "id": "08b796e1cb205800",
        "region": "kara",
        "class": "unclassified_radar_target",
        "ice_identity": "unverified",
        "grounding": "unverified",
        "confidence": "low",
        "observed_at": "2025-12-31T01:53:13.776165Z",
        "source_id": "S1C_IW_GRDH_1SDV_20251231T015259_20251231T015328_005689_00B5D1",
        "source_level": "L1",
        "radar_area_m2": 2900.0,
        "radar_equivalent_diameter_m": 60.77,
        "physical_floe_diameter_m": null,
        "longitude": 74.3986412,
        "latitude": 73.4722804,
        "native_spacing_m": 10,
        "effective_resolution_m": "20 x 22",
        "co_contrast_max_db": 8.93,
        "cross_contrast_max_db": 9.91,
        "co_snr_median_db": 21.67,
        "cross_snr_median_db": 12.61,
        "review_status": "unreviewed",
        "possible_confusions": "ridge, ship, fast ice, unresolved land, speckle",
        "stream": "kara:sentinel-1c:93:descending:vv,vh",
        "repeat_track_id": "08b796e1cb205800",
        "repeat_observations": 1,
        "repeat_span_days": 0.0,
        "repeat_excursion_m": 0.0,
        "persistent_location_candidate": false
      }
    },
    {
      "type": "Feature",
      "geometry": {
        "type": "MultiPolygon",
        "coordinates": [
          [
            [
              [
                74.38982772093763,
                73.47153414963593
              ],
              [
                74.3892276628566,
                73.47148541978446
              ],
              [
                74.38931149259551,
                73.47139821606775
              ],
              [
                74.38961151974861,
                73.47142258109756
              ],
              [
                74.38994682413136,
                73.47107376527191
              ],
              [
                74.38964680277188,
                73.47104940074087
              ],
              [
                74.38973062812123,
                73.4709621967941
              ],
              [
                74.38943060908801,
                73.47093783193031
              ],
              [
                74.38951443500784,
                73.47085062806222
              ],
              [
                74.38921441830082,
                73.4708262628657
              ],
              [
                74.3892982447911,
                73.4707390590763
              ],
              [
                74.38989827618633,
                73.47078778876255
              ],
              [
                74.38998209890212,
                73.47070058467776
              ],
              [
                74.39028211446818,
                73.47072494871006
              ],
              [
                74.39019829320073,
                73.47081215291955
              ],
              [
                74.39049831109294,
                73.4708365166191
              ],
              [
                74.39058213091204,
                73.47074931228494
              ],
              [
                74.39118216643317,
                73.47079803806238
              ],
              [
                74.39101453171067,
                73.47097244718339
              ],
              [
                74.39071451061444,
                73.47094808427403
              ],
              [
                74.390379224842,
                73.47129690146522
              ],
              [
                74.39067925173191,
                73.4713212648733
              ],
              [
                74.3905954295426,
                73.47140846918074
              ],
              [
                74.38999537374374,
                73.4713597416578
              ],
              [
                74.38982772093763,
                73.47153414963593
              ]
            ]
          ]
        ]
      },
      "properties": {
        "id": "6190ceb5656f7d6a",
        "region": "kara",
        "class": "unclassified_radar_target",
        "ice_identity": "unverified",
        "grounding": "unverified",
        "confidence": "low",
        "observed_at": "2025-12-31T01:53:13.776165Z",
        "source_id": "S1C_IW_GRDH_1SDV_20251231T015259_20251231T015328_005689_00B5D1",
        "source_level": "L1",
        "radar_area_m2": 2600.0,
        "radar_equivalent_diameter_m": 57.54,
        "physical_floe_diameter_m": null,
        "longitude": 74.3901374,
        "latitude": 73.4710567,
        "native_spacing_m": 10,
        "effective_resolution_m": "20 x 22",
        "co_contrast_max_db": 10.24,
        "cross_contrast_max_db": 10.32,
        "co_snr_median_db": 20.98,
        "cross_snr_median_db": 12.73,
        "review_status": "unreviewed",
        "possible_confusions": "ridge, ship, fast ice, unresolved land, speckle",
        "stream": "kara:sentinel-1c:93:descending:vv,vh",
        "repeat_track_id": "6190ceb5656f7d6a",
        "repeat_observations": 1,
        "repeat_span_days": 0.0,
        "repeat_excursion_m": 0.0,
        "persistent_location_candidate": false
      }
    },
    {
      "type": "Feature",
      "geometry": {
        "type": "MultiPolygon",
        "coordinates": [
          [
            [
              [
                74.4139861170505,
                73.47264826161032
              ],
              [
                74.41368603217579,
                73.4726239337213
              ],
              [
                74.41376973955467,
                73.4725367197469
              ],
              [
                74.41346965700616,
                73.47251239152483
              ],
              [
                74.4135533649576,
                73.47242517762906
              ],
              [
                74.4141535280327,
                73.47247383336652
              ],
              [
                74.41423723220859,
                73.47238661917581
              ],
              [
                74.41453731361197,
                73.47241094623367
              ],
              [
                74.41462101546172,
                73.47232373187248
              ],
              [
                74.415221178,
                73.47237238436638
              ],
              [
                74.415137479049,
                73.47245959897658
              ],
              [
                74.4148373958921,
                73.4724352728339
              ],
              [
                74.41458628943037,
                73.47269691601552
              ],
              [
                74.41428620280202,
                73.47267258904171
              ],
              [
                74.41436990728212,
                73.47258537481825
              ],
              [
                74.41406982298,
                73.47256104751139
              ],
              [
                74.4139861170505,
                73.47264826161032
              ]
            ]
          ]
        ]
      },
      "properties": {
        "id": "9dafb91d93304a72",
        "region": "kara",
        "class": "unclassified_radar_target",
        "ice_identity": "unverified",
        "grounding": "unverified",
        "confidence": "low",
        "observed_at": "2025-12-31T01:53:13.776165Z",
        "source_id": "S1C_IW_GRDH_1SDV_20251231T015259_20251231T015328_005689_00B5D1",
        "source_level": "L1",
        "radar_area_m2": 1000.0,
        "radar_equivalent_diameter_m": 35.68,
        "physical_floe_diameter_m": null,
        "longitude": 74.4143552,
        "latitude": 73.4724996,
        "native_spacing_m": 10,
        "effective_resolution_m": "20 x 22",
        "co_contrast_max_db": 7.11,
        "cross_contrast_max_db": 7.81,
        "co_snr_median_db": 22.1,
        "cross_snr_median_db": 12.7,
        "review_status": "unreviewed",
        "possible_confusions": "ridge, ship, fast ice, unresolved land, speckle",
        "stream": "kara:sentinel-1c:93:descending:vv,vh",
        "repeat_track_id": "9dafb91d93304a72",
        "repeat_observations": 1,
        "repeat_span_days": 0.0,
        "repeat_excursion_m": 0.0,
        "persistent_location_candidate": false
      }
    },
    {
      "type": "Feature",
      "geometry": {
        "type": "MultiPolygon",
        "coordinates": [
          [
            [
              [
                74.38826585446832,
                73.47046718749525
              ],
              [
                74.38796584649556,
                73.47044282038566
              ],
              [
                74.38821733715577,
                73.47018121033553
              ],
              [
                74.38851734078389,
                73.47020557707104
              ],
              [
                74.38868499393834,
                73.47003116989151
              ],
              [
                74.38898499554794,
                73.47005553592022
              ],
              [
                74.38890117085782,
                73.4701427396577
              ],
              [
                74.38950117960685,
                73.47019147059231
              ],
              [
                74.38941735693534,
                73.47027867453313
              ],
              [
                74.39001737209206,
                73.47032740388745
              ],
              [
                74.38993355143923,
                73.4704146080316
              ],
              [
                74.38963354197372,
                73.47039024345847
              ],
              [
                74.38954971899481,
                73.47047744743196
              ],
              [
                74.38924970895886,
                73.47045308227673
              ],
              [
                74.38933353338601,
                73.47036587842796
              ],
              [
                74.38873351884409,
                73.4703171469946
              ],
              [
                74.38864969152046,
                73.47040435059401
              ],
              [
                74.38834968411804,
                73.47037998406653
              ],
              [
                74.38826585446832,
                73.47046718749525
              ]
            ]
          ]
        ]
      },
      "properties": {
        "id": "98109de101cc3096",
        "region": "kara",
        "class": "unclassified_radar_target",
        "ice_identity": "unverified",
        "grounding": "unverified",
        "confidence": "low",
        "observed_at": "2025-12-31T01:53:13.776165Z",
        "source_id": "S1C_IW_GRDH_1SDV_20251231T015259_20251231T015328_005689_00B5D1",
        "source_level": "L1",
        "radar_area_m2": 1400.0,
        "radar_equivalent_diameter_m": 42.22,
        "physical_floe_diameter_m": null,
        "longitude": 74.388904,
        "latitude": 73.470284,
        "native_spacing_m": 10,
        "effective_resolution_m": "20 x 22",
        "co_contrast_max_db": 11.02,
        "cross_contrast_max_db": 14.71,
        "co_snr_median_db": 21.17,
        "cross_snr_median_db": 15.55,
        "review_status": "unreviewed",
        "possible_confusions": "ridge, ship, fast ice, unresolved land, speckle",
        "stream": "kara:sentinel-1c:93:descending:vv,vh",
        "repeat_track_id": "98109de101cc3096",
        "repeat_observations": 1,
        "repeat_span_days": 0.0,
        "repeat_excursion_m": 0.0,
        "persistent_location_candidate": false
      }
    },
    {
      "type": "Feature",
      "geometry": {
        "type": "MultiPolygon",
        "coordinates": [
          [
            [
              [
                74.3915660001066,
                73.47073519551076
              ],
              [
                74.39126598247773,
                73.47071083343286
              ],
              [
                74.39134979764455,
                73.47062362875737
              ],
              [
                74.3910497823418,
                73.4705992663467
              ],
              [
                74.39121741293886,
                73.47042485710698
              ],
              [
                74.3909174014105,
                73.47040049448826
              ],
              [
                74.39100121684072,
                73.47031328992402
              ],
              [
                74.39070120763841,
                73.47028892697254
              ],
              [
                74.39086883876219,
                73.47011451795547
              ],
              [
                74.39146885225142,
                73.47016324290236
              ],
              [
                74.39138504002494,
                73.47025044768324
              ],
              [
                74.39198505992155,
                73.47029917104979
              ],
              [
                74.39190124971398,
                73.47038637603397
              ],
              [
                74.39220126242715,
                73.47041073715576
              ],
              [
                74.39203364227562,
                73.4705851472355
              ],
              [
                74.39173362666574,
                73.47056078586436
              ],
              [
                74.3915660001066,
                73.47073519551076
              ]
            ]
          ]
        ]
      },
      "properties": {
        "id": "42e10fef5f412e55",
        "region": "kara",
        "class": "unclassified_radar_target",
        "ice_identity": "unverified",
        "grounding": "unverified",
        "confidence": "low",
        "observed_at": "2025-12-31T01:53:13.776165Z",
        "source_id": "S1C_IW_GRDH_1SDV_20251231T015259_20251231T015328_005689_00B5D1",
        "source_level": "L1",
        "radar_area_m2": 1600.0,
        "radar_equivalent_diameter_m": 45.14,
        "physical_floe_diameter_m": null,
        "longitude": 74.3914364,
        "latitude": 73.4704074,
        "native_spacing_m": 10,
        "effective_resolution_m": "20 x 22",
        "co_contrast_max_db": 9.29,
        "cross_contrast_max_db": 7.87,
        "co_snr_median_db": 21.16,
        "cross_snr_median_db": 11.29,
        "review_status": "unreviewed",
        "possible_confusions": "ridge, ship, fast ice, unresolved land, speckle",
        "stream": "kara:sentinel-1c:93:descending:vv,vh",
        "repeat_track_id": "42e10fef5f412e55",
        "repeat_observations": 1,
        "repeat_span_days": 0.0,
        "repeat_excursion_m": 0.0,
        "persistent_location_candidate": false
      }
    },
    {
      "type": "Feature",
      "geometry": {
        "type": "MultiPolygon",
        "coordinates": [
          [
            [
              [
                74.38018855291827,
                73.46877677614809
              ],
              [
                74.3798885872134,
                73.46875239668904
              ],
              [
                74.37997245209145,
                73.46866519662007
              ],
              [
                74.37967248871239,
                73.46864081682843
              ],
              [
                74.37975635415997,
                73.46855361683816
              ],
              [
                74.37945639310665,
                73.46852923671392
              ],
              [
                74.37937252621144,
                73.46861643657947
              ],
              [
                74.37847264397752,
                73.46854329308859
              ],
              [
                74.37872425505721,
                73.46828169447646
              ],
              [
                74.37902421058091,
                73.4683060757232
              ],
              [
                74.37910807773694,
                73.46821887596897
              ],
              [
                74.3794080326912,
                73.46824325663364
              ],
              [
                74.37949189752156,
                73.46815605670864
              ],
              [
                74.37979185190636,
                73.46818043679124
              ],
              [
                74.37987571441106,
                73.46809323669544
              ],
              [
                74.38017566822636,
                73.46811761619598
              ],
              [
                74.38000794523406,
                73.46829201659102
              ],
              [
                74.37970798852359,
                73.46826763684099
              ],
              [
                74.37954025912376,
                73.46844203680234
              ],
              [
                74.37984021872943,
                73.46846641680182
              ],
              [
                74.37992408242079,
                73.46837921671944
              ],
              [
                74.38052400137119,
                73.46842797509699
              ],
              [
                74.38060786128922,
                73.46834077471908
              ],
              [
                74.38150774195734,
                73.46841390848124
              ],
              [
                74.38142388638227,
                73.46850110923333
              ],
              [
                74.38112392383387,
                73.4684767316452
              ],
              [
                74.38104006593308,
                73.4685639322265
              ],
              [
                74.38074010281505,
                73.46853955405633
              ],
              [
                74.38057238148396,
                73.46871395483134
              ],
              [
                74.38027241634865,
                73.46868957595439
              ],
              [
                74.38018855291827,
                73.46877677614809
              ]
            ]
          ]
        ]
      },
      "properties": {
        "id": "17304a85b958d669",
        "region": "kara",
        "class": "unclassified_radar_target",
        "ice_identity": "unverified",
        "grounding": "unverified",
        "confidence": "low",
        "observed_at": "2025-12-31T01:53:13.776165Z",
        "source_id": "S1C_IW_GRDH_1SDV_20251231T015259_20251231T015328_005689_00B5D1",
        "source_level": "L1",
        "radar_area_m2": 2900.0,
        "radar_equivalent_diameter_m": 60.77,
        "physical_floe_diameter_m": null,
        "longitude": 74.3798481,
        "latitude": 73.4684525,
        "native_spacing_m": 10,
        "effective_resolution_m": "20 x 22",
        "co_contrast_max_db": 8.82,
        "cross_contrast_max_db": 10.21,
        "co_snr_median_db": 19.83,
        "cross_snr_median_db": 10.87,
        "review_status": "unreviewed",
        "possible_confusions": "ridge, ship, fast ice, unresolved land, speckle",
        "stream": "kara:sentinel-1c:93:descending:vv,vh",
        "repeat_track_id": "17304a85b958d669",
        "repeat_observations": 1,
        "repeat_span_days": 0.0,
        "repeat_excursion_m": 0.0,
        "persistent_location_candidate": false
      }
    },
    {
      "type": "Feature",
      "geometry": {
        "type": "MultiPolygon",
        "coordinates": [
          [
            [
              [
                74.4129106556455,
                73.47039905487891
              ],
              [
                74.41171048980058,
                73.4703017337314
              ],
              [
                74.41196160532795,
                73.4700400933588
              ],
              [
                74.4116615704051,
                73.47001576230167
              ],
              [
                74.41174527527643,
                73.46992854887684
              ],
              [
                74.41234534310104,
                73.46997721028453
              ],
              [
                74.41226164112744,
                73.4700644239584
              ],
              [
                74.41286171535634,
                73.47011308378505
              ],
              [
                74.41277801540396,
                73.47020029766207
              ],
              [
                74.41307805528226,
                73.47022462701362
              ],
              [
                74.4129106556455,
                73.47039905487891
              ]
            ]
          ]
        ]
      },
      "properties": {
        "id": "285e4f8012552bff",
        "region": "kara",
        "class": "unclassified_radar_target",
        "ice_identity": "unverified",
        "grounding": "unverified",
        "confidence": "low",
        "observed_at": "2025-12-31T01:53:13.776165Z",
        "source_id": "S1C_IW_GRDH_1SDV_20251231T015259_20251231T015328_005689_00B5D1",
        "source_level": "L1",
        "radar_area_m2": 1300.0,
        "radar_equivalent_diameter_m": 40.68,
        "physical_floe_diameter_m": null,
        "longitude": 74.4123285,
        "latitude": 73.4701892,
        "native_spacing_m": 10,
        "effective_resolution_m": "20 x 22",
        "co_contrast_max_db": 8.87,
        "cross_contrast_max_db": 10.5,
        "co_snr_median_db": 21.22,
        "cross_snr_median_db": 11.79,
        "review_status": "unreviewed",
        "possible_confusions": "ridge, ship, fast ice, unresolved land, speckle",
        "stream": "kara:sentinel-1c:93:descending:vv,vh",
        "repeat_track_id": "285e4f8012552bff",
        "repeat_observations": 1,
        "repeat_span_days": 0.0,
        "repeat_excursion_m": 0.0,
        "persistent_location_candidate": false
      }
    },
    {
      "type": "Feature",
      "geometry": {
        "type": "MultiPolygon",
        "coordinates": [
          [
            [
              [
                74.58258468255501,
                73.48303972927661
              ],
              [
                74.58138261805234,
                73.48294344329487
              ],
              [
                74.58146549813614,
                73.48285615971702
              ],
              [
                74.58176601150143,
                73.48288023177693
              ],
              [
                74.58193176614829,
                73.48270566423881
              ],
              [
                74.58283330272256,
                73.4827778769267
              ],
              [
                74.58258468255501,
                73.48303972927661
              ]
            ]
          ]
        ]
      },
      "properties": {
        "id": "345e0b66cc6d769a",
        "region": "kara",
        "class": "unclassified_radar_target",
        "ice_identity": "unverified",
        "grounding": "unverified",
        "confidence": "low",
        "observed_at": "2025-12-31T01:53:13.776165Z",
        "source_id": "S1C_IW_GRDH_1SDV_20251231T015259_20251231T015328_005689_00B5D1",
        "source_level": "L1",
        "radar_area_m2": 1000.0,
        "radar_equivalent_diameter_m": 35.68,
        "physical_floe_diameter_m": null,
        "longitude": 74.5821898,
        "latitude": 73.4828766,
        "native_spacing_m": 10,
        "effective_resolution_m": "20 x 22",
        "co_contrast_max_db": 10.21,
        "cross_contrast_max_db": 9.44,
        "co_snr_median_db": 23.33,
        "cross_snr_median_db": 14.08,
        "review_status": "unreviewed",
        "possible_confusions": "ridge, ship, fast ice, unresolved land, speckle",
        "stream": "kara:sentinel-1c:93:descending:vv,vh",
        "repeat_track_id": "345e0b66cc6d769a",
        "repeat_observations": 1,
        "repeat_span_days": 0.0,
        "repeat_excursion_m": 0.0,
        "persistent_location_candidate": false
      }
    },
    {
      "type": "Feature",
      "geometry": {
        "type": "MultiPolygon",
        "coordinates": [
          [
            [
              [
                74.39435311444811,
                73.46682506963592
              ],
              [
                74.39345326323647,
                73.46675199436693
              ],
              [
                74.39353704703376,
                73.46666478829073
              ],
              [
                74.39383699511266,
                73.46668914704645
              ],
              [
                74.39400455718012,
                73.46651473450682
              ],
              [
                74.39490439799356,
                73.46658780728222
              ],
              [
                74.39473684461262,
                73.46676222056955
              ],
              [
                74.39443689390211,
                73.46673786318586
              ],
              [
                74.39435311444811,
                73.46682506963592
              ]
            ]
          ]
        ]
      },
      "properties": {
        "id": "111dce8a395ac67e",
        "region": "kara",
        "class": "unclassified_radar_target",
        "ice_identity": "unverified",
        "grounding": "unverified",
        "confidence": "low",
        "observed_at": "2025-12-31T01:53:13.776165Z",
        "source_id": "S1C_IW_GRDH_1SDV_20251231T015259_20251231T015328_005689_00B5D1",
        "source_level": "L1",
        "radar_area_m2": 900.0,
        "radar_equivalent_diameter_m": 33.85,
        "physical_floe_diameter_m": null,
        "longitude": 74.3942288,
        "latitude": 73.466674,
        "native_spacing_m": 10,
        "effective_resolution_m": "20 x 22",
        "co_contrast_max_db": 8.77,
        "cross_contrast_max_db": 6.72,
        "co_snr_median_db": 21.94,
        "cross_snr_median_db": 10.36,
        "review_status": "unreviewed",
        "possible_confusions": "ridge, ship, fast ice, unresolved land, speckle",
        "stream": "kara:sentinel-1c:93:descending:vv,vh",
        "repeat_track_id": "111dce8a395ac67e",
        "repeat_observations": 1,
        "repeat_span_days": 0.0,
        "repeat_excursion_m": 0.0,
        "persistent_location_candidate": false
      }
    },
    {
      "type": "Feature",
      "geometry": {
        "type": "MultiPolygon",
        "coordinates": [
          [
            [
              [
                74.39284841446312,
                73.46435260620179
              ],
              [
                74.39194870339254,
                73.4642795238161
              ],
              [
                74.39211626099316,
                73.46410511230899
              ],
              [
                74.39181636195156,
                73.46408075084844
              ],
              [
                74.39190014088355,
                73.46399354515053
              ],
              [
                74.39220003847792,
                73.46401790648643
              ],
              [
                74.39228381508566,
                73.46393070061792
              ],
              [
                74.39198391893851,
                73.4639063394066
              ],
              [
                74.39206769611646,
                73.4638191336167
              ],
              [
                74.39146790934758,
                73.46377041007152
              ],
              [
                74.39163546686117,
                73.46359599885216
              ],
              [
                74.39253513964697,
                73.46366908273635
              ],
              [
                74.39245136567017,
                73.46375628874284
              ],
              [
                74.39275125979988,
                73.46378064924768
              ],
              [
                74.39266748639334,
                73.46386785533281
              ],
              [
                74.39296738284725,
                73.463892215505
              ],
              [
                74.39288361001095,
                73.46397942166874
              ],
              [
                74.39258371210981,
                73.46395506137196
              ],
              [
                74.39249993694929,
                73.46404226736509
              ],
              [
                74.39279983629767,
                73.46406662778651
              ],
              [
                74.39263228624016,
                73.46424103988404
              ],
              [
                74.39293218936008,
                73.46426540009739
              ],
              [
                74.39284841446312,
                73.46435260620179
              ]
            ]
          ]
        ]
      },
      "properties": {
        "id": "6be2cf96b2ccbc0c",
        "region": "kara",
        "class": "unclassified_radar_target",
        "ice_identity": "unverified",
        "grounding": "unverified",
        "confidence": "low",
        "observed_at": "2025-12-31T01:53:13.776165Z",
        "source_id": "S1C_IW_GRDH_1SDV_20251231T015259_20251231T015328_005689_00B5D1",
        "source_level": "L1",
        "radar_area_m2": 1900.0,
        "radar_equivalent_diameter_m": 49.18,
        "physical_floe_diameter_m": null,
        "longitude": 74.3922832,
        "latitude": 73.4639579,
        "native_spacing_m": 10,
        "effective_resolution_m": "20 x 22",
        "co_contrast_max_db": 8.43,
        "cross_contrast_max_db": 9.05,
        "co_snr_median_db": 21.6,
        "cross_snr_median_db": 13.14,
        "review_status": "unreviewed",
        "possible_confusions": "ridge, ship, fast ice, unresolved land, speckle",
        "stream": "kara:sentinel-1c:93:descending:vv,vh",
        "repeat_track_id": "6be2cf96b2ccbc0c",
        "repeat_observations": 1,
        "repeat_span_days": 0.0,
        "repeat_excursion_m": 0.0,
        "persistent_location_candidate": false
      }
    },
    {
      "type": "Feature",
      "geometry": {
        "type": "MultiPolygon",
        "coordinates": [
          [
            [
              [
                74.41436642278761,
                73.46450105520097
              ],
              [
                74.41376654629993,
                73.46445239958312
              ],
              [
                74.4138502122006,
                73.46436518460281
              ],
              [
                74.41355027671865,
                73.46434085623228
              ],
              [
                74.413717608788,
                73.4641664263829
              ],
              [
                74.41401754137408,
                73.4641907545045
              ],
              [
                74.41410120464693,
                73.46410353938647
              ],
              [
                74.414401136661,
                73.46412786692628
              ],
              [
                74.41423381213525,
                73.46430229736528
              ],
              [
                74.41453374792113,
                73.46432662469662
              ],
              [
                74.41436642278761,
                73.46450105520097
              ]
            ]
          ]
        ]
      },
      "properties": {
        "id": "d09e5349c7633c60",
        "region": "kara",
        "class": "unclassified_radar_target",
        "ice_identity": "unverified",
        "grounding": "unverified",
        "confidence": "low",
        "observed_at": "2025-12-31T01:53:13.776165Z",
        "source_id": "S1C_IW_GRDH_1SDV_20251231T015259_20251231T015328_005689_00B5D1",
        "source_level": "L1",
        "radar_area_m2": 800.0,
        "radar_equivalent_diameter_m": 31.92,
        "physical_floe_diameter_m": null,
        "longitude": 74.4140629,
        "latitude": 73.4643119,
        "native_spacing_m": 10,
        "effective_resolution_m": "20 x 22",
        "co_contrast_max_db": 9.32,
        "cross_contrast_max_db": 10.48,
        "co_snr_median_db": 22.42,
        "cross_snr_median_db": 13.9,
        "review_status": "unreviewed",
        "possible_confusions": "ridge, ship, fast ice, unresolved land, speckle",
        "stream": "kara:sentinel-1c:93:descending:vv,vh",
        "repeat_track_id": "d09e5349c7633c60",
        "repeat_observations": 1,
        "repeat_span_days": 0.0,
        "repeat_excursion_m": 0.0,
        "persistent_location_candidate": false
      }
    },
    {
      "type": "Feature",
      "geometry": {
        "type": "MultiPolygon",
        "coordinates": [
          [
            [
              [
                74.58651953972112,
                73.4775317760123
              ],
              [
                74.58591869321643,
                73.4774836455665
              ],
              [
                74.58600152233376,
                73.47739635943375
              ],
              [
                74.5857011018398,
                73.4773722936465
              ],
              [
                74.58586676037956,
                73.47719772149219
              ],
              [
                74.58646759641427,
                73.477245852115
              ],
              [
                74.5865504214704,
                73.47715856572346
              ],
              [
                74.58685083933516,
                73.47718263022385
              ],
              [
                74.58701648393092,
                73.47700805705863
              ],
              [
                74.58761731644417,
                73.47705618419084
              ],
              [
                74.58745167767023,
                73.47723075784933
              ],
              [
                74.58715125806842,
                73.47720669426583
              ],
              [
                74.58706843592323,
                73.47729398090398
              ],
              [
                74.58676801573448,
                73.47726991673872
              ],
              [
                74.58651953972112,
                73.4775317760123
              ]
            ]
          ]
        ]
      },
      "properties": {
        "id": "7a31c39f9a9fcab4",
        "region": "kara",
        "class": "unclassified_radar_target",
        "ice_identity": "unverified",
        "grounding": "unverified",
        "confidence": "low",
        "observed_at": "2025-12-31T01:53:13.776165Z",
        "source_id": "S1C_IW_GRDH_1SDV_20251231T015259_20251231T015328_005689_00B5D1",
        "source_level": "L1",
        "radar_area_m2": 1400.0,
        "radar_equivalent_diameter_m": 42.22,
        "physical_floe_diameter_m": null,
        "longitude": 74.586606,
        "latitude": 73.4772704,
        "native_spacing_m": 10,
        "effective_resolution_m": "20 x 22",
        "co_contrast_max_db": 7.79,
        "cross_contrast_max_db": 15.53,
        "co_snr_median_db": 22.1,
        "cross_snr_median_db": 18.74,
        "review_status": "unreviewed",
        "possible_confusions": "ridge, ship, fast ice, unresolved land, speckle",
        "stream": "kara:sentinel-1c:93:descending:vv,vh",
        "repeat_track_id": "7a31c39f9a9fcab4",
        "repeat_observations": 1,
        "repeat_span_days": 0.0,
        "repeat_excursion_m": 0.0,
        "persistent_location_candidate": false
      }
    },
    {
      "type": "Feature",
      "geometry": {
        "type": "MultiPolygon",
        "coordinates": [
          [
            [
              [
                74.58335967441619,
                73.4764333307237
              ],
              [
                74.58245847913277,
                73.47636111981792
              ],
              [
                74.58254132080691,
                73.47627383500523
              ],
              [
                74.58284171691089,
                73.47629790564224
              ],
              [
                74.58300739474292,
                73.4761233356346
              ],
              [
                74.58360818373608,
                73.47617147504002
              ],
              [
                74.58369101843883,
                73.47608418972176
              ],
              [
                74.58399141278312,
                73.47610825861352
              ],
              [
                74.58390857953553,
                73.4761955440551
              ],
              [
                74.58420897620358,
                73.47621961261176
              ],
              [
                74.58412614354263,
                73.4763068981315
              ],
              [
                74.58382574541938,
                73.47628282945152
              ],
              [
                74.58374291043462,
                73.47637011480272
              ],
              [
                74.58344251172475,
                73.47634604554099
              ],
              [
                74.58335967441619,
                73.4764333307237
              ]
            ]
          ]
        ]
      },
      "properties": {
        "id": "4cc47f31da874608",
        "region": "kara",
        "class": "unclassified_radar_target",
        "ice_identity": "unverified",
        "grounding": "unverified",
        "confidence": "low",
        "observed_at": "2025-12-31T01:53:13.776165Z",
        "source_id": "S1C_IW_GRDH_1SDV_20251231T015259_20251231T015328_005689_00B5D1",
        "source_level": "L1",
        "radar_area_m2": 1100.0,
        "radar_equivalent_diameter_m": 37.42,
        "physical_floe_diameter_m": null,
        "longitude": 74.5833563,
        "latitude": 73.4762666,
        "native_spacing_m": 10,
        "effective_resolution_m": "20 x 22",
        "co_contrast_max_db": 9.26,
        "cross_contrast_max_db": 14.19,
        "co_snr_median_db": 23.69,
        "cross_snr_median_db": 17.78,
        "review_status": "unreviewed",
        "possible_confusions": "ridge, ship, fast ice, unresolved land, speckle",
        "stream": "kara:sentinel-1c:93:descending:vv,vh",
        "repeat_track_id": "4cc47f31da874608",
        "repeat_observations": 1,
        "repeat_span_days": 0.0,
        "repeat_excursion_m": 0.0,
        "persistent_location_candidate": false
      }
    },
    {
      "type": "Feature",
      "geometry": {
        "type": "MultiPolygon",
        "coordinates": [
          [
            [
              [
                74.5864156548917,
                73.47695992809261
              ],
              [
                74.5858148293266,
                73.47691179729279
              ],
              [
                74.5858976561433,
                73.47682451113569
              ],
              [
                74.58619806703621,
                73.4768485766415
              ],
              [
                74.58628089152901,
                73.47676129031592
              ],
              [
                74.58598048209149,
                73.47673722493342
              ],
              [
                74.58614613138224,
                73.47656265239334
              ],
              [
                74.58584572572389,
                73.47653858679901
              ],
              [
                74.58576290005743,
                73.47662587296831
              ],
              [
                74.58486168392766,
                73.47655367306481
              ],
              [
                74.58477885302675,
                73.476640958819
              ],
              [
                74.58447844793197,
                73.4766168911443
              ],
              [
                74.58456128028817,
                73.47652960551345
              ],
              [
                74.58426087751728,
                73.47650553750364
              ],
              [
                74.5841780437058,
                73.47659282301117
              ],
              [
                74.5835772378593,
                73.47654468536965
              ],
              [
                74.58374291043462,
                73.47637011480272
              ],
              [
                74.58404331001309,
                73.47639418360606
              ],
              [
                74.58412614354263,
                73.4763068981315
              ],
              [
                74.58442654253444,
                73.47633096635307
              ],
              [
                74.58450937374019,
                73.47624368071003
              ],
              [
                74.58541057156127,
                73.47631588225423
              ],
              [
                74.58549339753276,
                73.47622859619604
              ],
              [
                74.58639459880465,
                73.47630079324445
              ],
              [
                74.58647741954184,
                73.47621350677115
              ],
              [
                74.58677782024745,
                73.47623757141376
              ],
              [
                74.58669500096555,
                73.47632485801037
              ],
              [
                74.58699540399492,
                73.4763489223179
              ],
              [
                74.58682976573637,
                73.47652349562222
              ],
              [
                74.58743058022175,
                73.47657162335514
              ],
              [
                74.5873477627005,
                73.47665891018617
              ],
              [
                74.58764817270125,
                73.47668297348828
              ],
              [
                74.5874825379642,
                73.47685754726146
              ],
              [
                74.58718212505268,
                73.47683348371275
              ],
              [
                74.58709930492604,
                73.47692077040828
              ],
              [
                74.58649847879764,
                73.47687264168889
              ],
              [
                74.5864156548917,
                73.47695992809261
              ]
            ]
          ]
        ]
      },
      "properties": {
        "id": "318c4bca3d6bcf4c",
        "region": "kara",
        "class": "unclassified_radar_target",
        "ice_identity": "unverified",
        "grounding": "unverified",
        "confidence": "low",
        "observed_at": "2025-12-31T01:53:13.776165Z",
        "source_id": "S1C_IW_GRDH_1SDV_20251231T015259_20251231T015328_005689_00B5D1",
        "source_level": "L1",
        "radar_area_m2": 5000.0,
        "radar_equivalent_diameter_m": 79.79,
        "physical_floe_diameter_m": null,
        "longitude": 74.5858474,
        "latitude": 73.4765368,
        "native_spacing_m": 10,
        "effective_resolution_m": "20 x 22",
        "co_contrast_max_db": 13.52,
        "cross_contrast_max_db": 16.47,
        "co_snr_median_db": 23.35,
        "cross_snr_median_db": 18.01,
        "review_status": "unreviewed",
        "possible_confusions": "ridge, ship, fast ice, unresolved land, speckle",
        "stream": "kara:sentinel-1c:93:descending:vv,vh",
        "repeat_track_id": "318c4bca3d6bcf4c",
        "repeat_observations": 1,
        "repeat_span_days": 0.0,
        "repeat_excursion_m": 0.0,
        "persistent_location_candidate": false
      }
    },
    {
      "type": "Feature",
      "geometry": {
        "type": "MultiPolygon",
        "coordinates": [
          [
            [
              [
                74.52365705270857,
                73.4691964983402
              ],
              [
                74.52305668892488,
                73.4691481758416
              ],
              [
                74.52313980598092,
                73.46906091517349
              ],
              [
                74.52283962684756,
                73.46903675336094
              ],
              [
                74.52292274448476,
                73.46894949277112
              ],
              [
                74.52322292216601,
                73.46897365445992
              ],
              [
                74.52330603748022,
                73.46888639370094
              ],
              [
                74.52300586125105,
                73.46886223213582
              ],
              [
                74.52308897714644,
                73.46877497145509
              ],
              [
                74.52218845804046,
                73.46870248438314
              ],
              [
                74.52227157742104,
                73.46861522402816
              ],
              [
                74.52257174813344,
                73.46863938671969
              ],
              [
                74.5226548651911,
                73.46855212619553
              ],
              [
                74.5223546959307,
                73.46852796362771
              ],
              [
                74.52243781356945,
                73.46844070318181
              ],
              [
                74.52213764663193,
                73.46841654027972
              ],
              [
                74.52230388220072,
                73.46824201949907
              ],
              [
                74.52200371903795,
                73.46821785638647
              ],
              [
                74.52225307021534,
                73.46795607524588
              ],
              [
                74.52255322902236,
                73.46798023798735
              ],
              [
                74.522470114286,
                73.4680674985367
              ],
              [
                74.52277027541575,
                73.46809166094393
              ],
              [
                74.52285338870021,
                73.46800440027089
              ],
              [
                74.52315354924889,
                73.46802856209648
              ],
              [
                74.52273798137787,
                73.46846486562595
              ],
              [
                74.52333831960732,
                73.46851318914034
              ],
              [
                74.52317209217092,
                73.46868771072894
              ],
              [
                74.52377243969192,
                73.46873603290638
              ],
              [
                74.52360621458031,
                73.46891055480806
              ],
              [
                74.52390639255125,
                73.46893471545725
              ],
              [
                74.52365705270857,
                73.4691964983402
              ]
            ]
          ]
        ]
      },
      "properties": {
        "id": "2324c43f1d9f7f47",
        "region": "kara",
        "class": "unclassified_radar_target",
        "ice_identity": "unverified",
        "grounding": "unverified",
        "confidence": "low",
        "observed_at": "2025-12-31T01:53:13.776165Z",
        "source_id": "S1C_IW_GRDH_1SDV_20251231T015259_20251231T015328_005689_00B5D1",
        "source_level": "L1",
        "radar_area_m2": 3100.0,
        "radar_equivalent_diameter_m": 62.83,
        "physical_floe_diameter_m": null,
        "longitude": 74.5229198,
        "latitude": 73.468575,
        "native_spacing_m": 10,
        "effective_resolution_m": "20 x 22",
        "co_contrast_max_db": 8.78,
        "cross_contrast_max_db": 12.83,
        "co_snr_median_db": 21.82,
        "cross_snr_median_db": 15.66,
        "review_status": "unreviewed",
        "possible_confusions": "ridge, ship, fast ice, unresolved land, speckle",
        "stream": "kara:sentinel-1c:93:descending:vv,vh",
        "repeat_track_id": "2324c43f1d9f7f47",
        "repeat_observations": 1,
        "repeat_span_days": 0.0,
        "repeat_excursion_m": 0.0,
        "persistent_location_candidate": false
      }
    },
    {
      "type": "Feature",
      "geometry": {
        "type": "MultiPolygon",
        "coordinates": [
          [
            [
              [
                74.47518900960468,
                73.46275129061299
              ],
              [
                74.47398903155977,
                73.46265434770422
              ],
              [
                74.47415571389332,
                73.46247986622474
              ],
              [
                74.4747556953724,
                73.46252833809825
              ],
              [
                74.47467235754095,
                73.46261557910883
              ],
              [
                74.474972351039,
                73.4626398144832
              ],
              [
                74.47513902293024,
                73.4624653321684
              ],
              [
                74.47543901440196,
                73.4624895668372
              ],
              [
                74.47535568034219,
                73.46257680814143
              ],
              [
                74.47565567413608,
                73.46260104247663
              ],
              [
                74.47557234065317,
                73.46268828385922
              ],
              [
                74.47527234540976,
                73.46266404940002
              ],
              [
                74.47518900960468,
                73.46275129061299
              ]
            ]
          ]
        ]
      },
      "properties": {
        "id": "eb4581e27c262b0c",
        "region": "kara",
        "class": "unclassified_radar_target",
        "ice_identity": "unverified",
        "grounding": "unverified",
        "confidence": "low",
        "observed_at": "2025-12-31T01:53:13.776165Z",
        "source_id": "S1C_IW_GRDH_1SDV_20251231T015259_20251231T015328_005689_00B5D1",
        "source_level": "L1",
        "radar_area_m2": 900.0,
        "radar_equivalent_diameter_m": 33.85,
        "physical_floe_diameter_m": null,
        "longitude": 74.4748029,
        "latitude": 73.4626105,
        "native_spacing_m": 10,
        "effective_resolution_m": "20 x 22",
        "co_contrast_max_db": 7.36,
        "cross_contrast_max_db": 8.26,
        "co_snr_median_db": 21.11,
        "cross_snr_median_db": 11.57,
        "review_status": "unreviewed",
        "possible_confusions": "ridge, ship, fast ice, unresolved land, speckle",
        "stream": "kara:sentinel-1c:93:descending:vv,vh",
        "repeat_track_id": "eb4581e27c262b0c",
        "repeat_observations": 1,
        "repeat_span_days": 0.0,
        "repeat_excursion_m": 0.0,
        "persistent_location_candidate": false
      }
    },
    {
      "type": "Feature",
      "geometry": {
        "type": "MultiPolygon",
        "coordinates": [
          [
            [
              [
                74.58264349597839,
                73.47139801521462
              ],
              [
                74.5817425762886,
                73.47132580054077
              ],
              [
                74.58182539666689,
                73.47123851542973
              ],
              [
                74.58212570090771,
                73.47126258732268
              ],
              [
                74.58245696792233,
                73.47091344593365
              ],
              [
                74.58275726721426,
                73.4709375168751
              ],
              [
                74.58267445321704,
                73.47102480241342
              ],
              [
                74.58297475483131,
                73.47104887301988
              ],
              [
                74.58264349597839,
                73.47139801521462
              ]
            ]
          ]
        ]
      },
      "properties": {
        "id": "1d23d840c2792de3",
        "region": "kara",
        "class": "unclassified_radar_target",
        "ice_identity": "unverified",
        "grounding": "unverified",
        "confidence": "low",
        "observed_at": "2025-12-31T01:53:13.776165Z",
        "source_id": "S1C_IW_GRDH_1SDV_20251231T015259_20251231T015328_005689_00B5D1",
        "source_level": "L1",
        "radar_area_m2": 1000.0,
        "radar_equivalent_diameter_m": 35.68,
        "physical_floe_diameter_m": null,
        "longitude": 74.582457,
        "latitude": 73.4711858,
        "native_spacing_m": 10,
        "effective_resolution_m": "20 x 22",
        "co_contrast_max_db": 8.36,
        "cross_contrast_max_db": 9.47,
        "co_snr_median_db": 22.24,
        "cross_snr_median_db": 10.49,
        "review_status": "unreviewed",
        "possible_confusions": "ridge, ship, fast ice, unresolved land, speckle",
        "stream": "kara:sentinel-1c:93:descending:vv,vh",
        "repeat_track_id": "1d23d840c2792de3",
        "repeat_observations": 1,
        "repeat_span_days": 0.0,
        "repeat_excursion_m": 0.0,
        "persistent_location_candidate": false
      }
    },
    {
      "type": "Feature",
      "geometry": {
        "type": "MultiPolygon",
        "coordinates": [
          [
            [
              [
                74.61579548617867,
                73.47358252225126
              ],
              [
                74.61489430466312,
                73.47351045931626
              ],
              [
                74.6151422744129,
                73.473248562887
              ],
              [
                74.61544266301776,
                73.47327258395458
              ],
              [
                74.61536000875684,
                73.47335988293246
              ],
              [
                74.61566039968403,
                73.47338390366464
              ],
              [
                74.6157430524893,
                73.47329660456369
              ],
              [
                74.61604344282749,
                73.47332062471433
              ],
              [
                74.61579548617867,
                73.47358252225126
              ]
            ]
          ]
        ]
      },
      "properties": {
        "id": "e215c9a5a36cff6a",
        "region": "kara",
        "class": "unclassified_radar_target",
        "ice_identity": "unverified",
        "grounding": "unverified",
        "confidence": "low",
        "observed_at": "2025-12-31T01:53:13.776165Z",
        "source_id": "S1C_IW_GRDH_1SDV_20251231T015259_20251231T015328_005689_00B5D1",
        "source_level": "L1",
        "radar_area_m2": 800.0,
        "radar_equivalent_diameter_m": 31.92,
        "physical_floe_diameter_m": null,
        "longitude": 74.6154585,
        "latitude": 73.4734265,
        "native_spacing_m": 10,
        "effective_resolution_m": "20 x 22",
        "co_contrast_max_db": 8.72,
        "cross_contrast_max_db": 5.61,
        "co_snr_median_db": 21.43,
        "cross_snr_median_db": 7.37,
        "review_status": "unreviewed",
        "possible_confusions": "ridge, ship, fast ice, unresolved land, speckle",
        "stream": "kara:sentinel-1c:93:descending:vv,vh",
        "repeat_track_id": "e215c9a5a36cff6a",
        "repeat_observations": 1,
        "repeat_span_days": 0.0,
        "repeat_excursion_m": 0.0,
        "persistent_location_candidate": false
      }
    },
    {
      "type": "Feature",
      "geometry": {
        "type": "MultiPolygon",
        "coordinates": [
          [
            [
              [
                74.66292002307483,
                73.47602980395575
              ],
              [
                74.66261951632221,
                73.47600585532538
              ],
              [
                74.66270193588086,
                73.47591853687892
              ],
              [
                74.66210092788435,
                73.47587063848745
              ],
              [
                74.66234819011805,
                73.47560868361552
              ],
              [
                74.66264868931157,
                73.47563263267237
              ],
              [
                74.66256627088902,
                73.4757199511306
              ],
              [
                74.66316727478456,
                73.47576784811353
              ],
              [
                74.66292002307483,
                73.47602980395575
              ]
            ]
          ]
        ]
      },
      "properties": {
        "id": "b7452264c4b23055",
        "region": "kara",
        "class": "unclassified_radar_target",
        "ice_identity": "unverified",
        "grounding": "unverified",
        "confidence": "low",
        "observed_at": "2025-12-31T01:53:13.776165Z",
        "source_id": "S1C_IW_GRDH_1SDV_20251231T015259_20251231T015328_005689_00B5D1",
        "source_level": "L1",
        "radar_area_m2": 800.0,
        "radar_equivalent_diameter_m": 31.92,
        "physical_floe_diameter_m": null,
        "longitude": 74.6626341,
        "latitude": 73.4758192,
        "native_spacing_m": 10,
        "effective_resolution_m": "20 x 22",
        "co_contrast_max_db": 7.08,
        "cross_contrast_max_db": 7.25,
        "co_snr_median_db": 19.19,
        "cross_snr_median_db": 6.96,
        "review_status": "unreviewed",
        "possible_confusions": "ridge, ship, fast ice, unresolved land, speckle",
        "stream": "kara:sentinel-1c:93:descending:vv,vh",
        "repeat_track_id": "b7452264c4b23055",
        "repeat_observations": 1,
        "repeat_span_days": 0.0,
        "repeat_excursion_m": 0.0,
        "persistent_location_candidate": false
      }
    },
    {
      "type": "Feature",
      "geometry": {
        "type": "MultiPolygon",
        "coordinates": [
          [
            [
              [
                74.49285390652958,
                73.46117051944073
              ],
              [
                74.49255391349068,
                73.46114631124622
              ],
              [
                74.49272038634436,
                73.46097181371093
              ],
              [
                74.49302037648366,
                73.46099602165765
              ],
              [
                74.4931036101533,
                73.4609087726978
              ],
              [
                74.49280362146375,
                73.46088456487493
              ],
              [
                74.49297008908779,
                73.46071006706632
              ],
              [
                74.49327007487783,
                73.46073427464144
              ],
              [
                74.49318684295135,
                73.46082152369242
              ],
              [
                74.4934868310627,
                73.46084573093383
              ],
              [
                74.49340359971441,
                73.46093298006309
              ],
              [
                74.4937035901471,
                73.46095718697075
              ],
              [
                74.49362035937706,
                73.46104443617833
              ],
              [
                74.49332036749456,
                73.46102022914678
              ],
              [
                74.49323713440313,
                73.46110747818497
              ],
              [
                74.49293714194242,
                73.46108327057198
              ],
              [
                74.49285390652958,
                73.46117051944073
              ]
            ]
          ]
        ]
      },
      "properties": {
        "id": "81ee5da045041498",
        "region": "kara",
        "class": "unclassified_radar_target",
        "ice_identity": "unverified",
        "grounding": "unverified",
        "confidence": "low",
        "observed_at": "2025-12-31T01:53:13.776165Z",
        "source_id": "S1C_IW_GRDH_1SDV_20251231T015259_20251231T015328_005689_00B5D1",
        "source_level": "L1",
        "radar_area_m2": 800.0,
        "radar_equivalent_diameter_m": 31.92,
        "physical_floe_diameter_m": null,
        "longitude": 74.4930995,
        "latitude": 73.4609554,
        "native_spacing_m": 10,
        "effective_resolution_m": "20 x 22",
        "co_contrast_max_db": 7.04,
        "cross_contrast_max_db": 8.34,
        "co_snr_median_db": 20.8,
        "cross_snr_median_db": 12.8,
        "review_status": "unreviewed",
        "possible_confusions": "ridge, ship, fast ice, unresolved land, speckle",
        "stream": "kara:sentinel-1c:93:descending:vv,vh",
        "repeat_track_id": "81ee5da045041498",
        "repeat_observations": 1,
        "repeat_span_days": 0.0,
        "repeat_excursion_m": 0.0,
        "persistent_location_candidate": false
      }
    },
    {
      "type": "Feature",
      "geometry": {
        "type": "MultiPolygon",
        "coordinates": [
          [
            [
              [
                74.49100370763054,
                73.46073930832777
              ],
              [
                74.49070372504245,
                73.4607150973016
              ],
              [
                74.49103669739542,
                73.46036610497053
              ],
              [
                74.49133667418491,
                73.46039031550117
              ],
              [
                74.49150315223233,
                73.46021581881452
              ],
              [
                74.4921031026277,
                73.46026423800754
              ],
              [
                74.49201986693902,
                73.4603514866214
              ],
              [
                74.4923198448937,
                73.46037569565539
              ],
              [
                74.49223660978312,
                73.46046294434751
              ],
              [
                74.49313655322555,
                73.46053556907547
              ],
              [
                74.49297008908779,
                73.46071006706632
              ],
              [
                74.49207013694716,
                73.46063744159515
              ],
              [
                74.49215337380093,
                73.46055019299412
              ],
              [
                74.49155341296455,
                73.46050177397309
              ],
              [
                74.49138693258669,
                73.46067627063411
              ],
              [
                74.4910869505766,
                73.46065206018945
              ],
              [
                74.49100370763054,
                73.46073930832777
              ]
            ]
          ]
        ]
      },
      "properties": {
        "id": "e567cac2dd60825c",
        "region": "kara",
        "class": "unclassified_radar_target",
        "ice_identity": "unverified",
        "grounding": "unverified",
        "confidence": "low",
        "observed_at": "2025-12-31T01:53:13.776165Z",
        "source_id": "S1C_IW_GRDH_1SDV_20251231T015259_20251231T015328_005689_00B5D1",
        "source_level": "L1",
        "radar_area_m2": 2000.0,
        "radar_equivalent_diameter_m": 50.46,
        "physical_floe_diameter_m": null,
        "longitude": 74.4918292,
        "latitude": 73.4605005,
        "native_spacing_m": 10,
        "effective_resolution_m": "20 x 22",
        "co_contrast_max_db": 9.32,
        "cross_contrast_max_db": 13.15,
        "co_snr_median_db": 21.77,
        "cross_snr_median_db": 14.23,
        "review_status": "unreviewed",
        "possible_confusions": "ridge, ship, fast ice, unresolved land, speckle",
        "stream": "kara:sentinel-1c:93:descending:vv,vh",
        "repeat_track_id": "e567cac2dd60825c",
        "repeat_observations": 1,
        "repeat_span_days": 0.0,
        "repeat_excursion_m": 0.0,
        "persistent_location_candidate": false
      }
    },
    {
      "type": "Feature",
      "geometry": {
        "type": "MultiPolygon",
        "coordinates": [
          [
            [
              [
                74.56515741367215,
                73.46633219899734
              ],
              [
                74.56395665557825,
                73.46623580463486
              ],
              [
                74.56420531775649,
                73.46597396977918
              ],
              [
                74.56480568634932,
                73.4660221671362
              ],
              [
                74.56472280273077,
                73.46610944571346
              ],
              [
                74.56532317770326,
                73.46615764148501
              ],
              [
                74.56515741367215,
                73.46633219899734
              ]
            ]
          ]
        ]
      },
      "properties": {
        "id": "e3fcbc7e63652a25",
        "region": "kara",
        "class": "unclassified_radar_target",
        "ice_identity": "unverified",
        "grounding": "unverified",
        "confidence": "low",
        "observed_at": "2025-12-31T01:53:13.776165Z",
        "source_id": "S1C_IW_GRDH_1SDV_20251231T015259_20251231T015328_005689_00B5D1",
        "source_level": "L1",
        "radar_area_m2": 1000.0,
        "radar_equivalent_diameter_m": 35.68,
        "physical_floe_diameter_m": null,
        "longitude": 74.5646047,
        "latitude": 73.4661657,
        "native_spacing_m": 10,
        "effective_resolution_m": "20 x 22",
        "co_contrast_max_db": 9.97,
        "cross_contrast_max_db": 10.78,
        "co_snr_median_db": 21.78,
        "cross_snr_median_db": 11.79,
        "review_status": "unreviewed",
        "possible_confusions": "ridge, ship, fast ice, unresolved land, speckle",
        "stream": "kara:sentinel-1c:93:descending:vv,vh",
        "repeat_track_id": "e3fcbc7e63652a25",
        "repeat_observations": 1,
        "repeat_span_days": 0.0,
        "repeat_excursion_m": 0.0,
        "persistent_location_candidate": false
      }
    },
    {
      "type": "Feature",
      "geometry": {
        "type": "MultiPolygon",
        "coordinates": [
          [
            [
              [
                74.4973188806817,
                73.46021527199626
              ],
              [
                74.49671891689697,
                73.46016686868509
              ],
              [
                74.49696854477607,
                73.45990511668549
              ],
              [
                74.49726852188357,
                73.45992931819838
              ],
              [
                74.4973517279843,
                73.45984206731694
              ],
              [
                74.49765170451334,
                73.45986626824842
              ],
              [
                74.49756849986234,
                73.45995351925367
              ],
              [
                74.49786847871236,
                73.45997771985137
              ],
              [
                74.49770206969608,
                73.46015222197292
              ],
              [
                74.49740208794653,
                73.46012802112757
              ],
              [
                74.4973188806817,
                73.46021527199626
              ]
            ]
          ]
        ]
      },
      "properties": {
        "id": "fbabe84e132cae6e",
        "region": "kara",
        "class": "unclassified_radar_target",
        "ice_identity": "unverified",
        "grounding": "unverified",
        "confidence": "low",
        "observed_at": "2025-12-31T01:53:13.776165Z",
        "source_id": "S1C_IW_GRDH_1SDV_20251231T015259_20251231T015328_005689_00B5D1",
        "source_level": "L1",
        "radar_area_m2": 900.0,
        "radar_equivalent_diameter_m": 33.85,
        "physical_floe_diameter_m": null,
        "longitude": 74.4972881,
        "latitude": 73.4600405,
        "native_spacing_m": 10,
        "effective_resolution_m": "20 x 22",
        "co_contrast_max_db": 9.8,
        "cross_contrast_max_db": 10.97,
        "co_snr_median_db": 22.52,
        "cross_snr_median_db": 13.67,
        "review_status": "unreviewed",
        "possible_confusions": "ridge, ship, fast ice, unresolved land, speckle",
        "stream": "kara:sentinel-1c:93:descending:vv,vh",
        "repeat_track_id": "fbabe84e132cae6e",
        "repeat_observations": 1,
        "repeat_span_days": 0.0,
        "repeat_excursion_m": 0.0,
        "persistent_location_candidate": false
      }
    },
    {
      "type": "Feature",
      "geometry": {
        "type": "MultiPolygon",
        "coordinates": [
          [
            [
              [
                74.40619931382345,
                73.45246377858781
              ],
              [
                74.40559989427837,
                73.45241509730789
              ],
              [
                74.40568354249338,
                73.4523278843638
              ],
              [
                74.40538383547913,
                73.45230354316276
              ],
              [
                74.40555113217502,
                73.4521291173857
              ],
              [
                74.40525142892704,
                73.4521047759765
              ],
              [
                74.40533507740791,
                73.45201756314351
              ],
              [
                74.40563477921032,
                73.4520419044283
              ],
              [
                74.40571842537055,
                73.45195469142499
              ],
              [
                74.40631782870945,
                73.45200337237468
              ],
              [
                74.40623418544035,
                73.45209058562683
              ],
              [
                74.40593448188781,
                73.45206624525606
              ],
              [
                74.40585083629809,
                73.45215345833789
              ],
              [
                74.40615054129621,
                73.45217779883309
              ],
              [
                74.40606689627701,
                73.45226501199345
              ],
              [
                74.40636660359583,
                73.45228935215604
              ],
              [
                74.40619931382345,
                73.45246377858781
              ]
            ]
          ]
        ]
      },
      "properties": {
        "id": "077afd2d7b0d590f",
        "region": "kara",
        "class": "unclassified_radar_target",
        "ice_identity": "unverified",
        "grounding": "unverified",
        "confidence": "low",
        "observed_at": "2025-12-31T01:53:13.776165Z",
        "source_id": "S1C_IW_GRDH_1SDV_20251231T015259_20251231T015328_005689_00B5D1",
        "source_level": "L1",
        "radar_area_m2": 1100.0,
        "radar_equivalent_diameter_m": 37.42,
        "physical_floe_diameter_m": null,
        "longitude": 74.4058423,
        "latitude": 73.4522083,
        "native_spacing_m": 10,
        "effective_resolution_m": "20 x 22",
        "co_contrast_max_db": 8.2,
        "cross_contrast_max_db": 12.88,
        "co_snr_median_db": 22.02,
        "cross_snr_median_db": 16.72,
        "review_status": "unreviewed",
        "possible_confusions": "ridge, ship, fast ice, unresolved land, speckle",
        "stream": "kara:sentinel-1c:93:descending:vv,vh",
        "repeat_track_id": "077afd2d7b0d590f",
        "repeat_observations": 1,
        "repeat_span_days": 0.0,
        "repeat_excursion_m": 0.0,
        "persistent_location_candidate": false
      }
    },
    {
      "type": "Feature",
      "geometry": {
        "type": "MultiPolygon",
        "coordinates": [
          [
            [
              [
                74.50801773290146,
                73.46051431706331
              ],
              [
                74.50771772965749,
                73.46049013193914
              ],
              [
                74.5078008838476,
                73.4604028767123
              ],
              [
                74.50750088292456,
                73.46037869125422
              ],
              [
                74.50758403769399,
                73.46029143610562
              ],
              [
                74.50728403909184,
                73.46026725031366
              ],
              [
                74.50736719444058,
                73.46017999524332
              ],
              [
                74.50766719159263,
                73.46020418091156
              ],
              [
                74.50775034462049,
                73.46011692567198
              ],
              [
                74.50805034119324,
                73.46014111075877
              ],
              [
                74.50813349190025,
                73.46005385534998
              ],
              [
                74.50843348789365,
                73.46007803985536
              ],
              [
                74.50826718850904,
                73.460252550875
              ],
              [
                74.50856718827337,
                73.4602767351702
              ],
              [
                74.50848403872509,
                73.46036399073553
              ],
              [
                74.50818403751062,
                73.46033980631658
              ],
              [
                74.50801773290146,
                73.46051431706331
              ]
            ]
          ]
        ]
      },
      "properties": {
        "id": "963d473b7fdcac72",
        "region": "kara",
        "class": "unclassified_radar_target",
        "ice_identity": "unverified",
        "grounding": "unverified",
        "confidence": "low",
        "observed_at": "2025-12-31T01:53:13.776165Z",
        "source_id": "S1C_IW_GRDH_1SDV_20251231T015259_20251231T015328_005689_00B5D1",
        "source_level": "L1",
        "radar_area_m2": 1000.0,
        "radar_equivalent_diameter_m": 35.68,
        "physical_floe_diameter_m": null,
        "longitude": 74.5079556,
        "latitude": 73.4602744,
        "native_spacing_m": 10,
        "effective_resolution_m": "20 x 22",
        "co_contrast_max_db": 8.37,
        "cross_contrast_max_db": 12.22,
        "co_snr_median_db": 21.62,
        "cross_snr_median_db": 14.71,
        "review_status": "unreviewed",
        "possible_confusions": "ridge, ship, fast ice, unresolved land, speckle",
        "stream": "kara:sentinel-1c:93:descending:vv,vh",
        "repeat_track_id": "963d473b7fdcac72",
        "repeat_observations": 1,
        "repeat_span_days": 0.0,
        "repeat_excursion_m": 0.0,
        "persistent_location_candidate": false
      }
    },
    {
      "type": "Feature",
      "geometry": {
        "type": "MultiPolygon",
        "coordinates": [
          [
            [
              [
                74.50913123247112,
                73.45900678689665
              ],
              [
                74.50883125474842,
                73.45898260341855
              ],
              [
                74.50891439558684,
                73.45889534754222
              ],
              [
                74.50861442018463,
                73.45887116373021
              ],
              [
                74.50878070214955,
                73.45869665208859
              ],
              [
                74.50908067465201,
                73.45872083565314
              ],
              [
                74.50916381287875,
                73.45863357964036
              ],
              [
                74.50946378480188,
                73.45865776262355
              ],
              [
                74.50938064802502,
                73.45874501876004
              ],
              [
                74.50968062226856,
                73.45876920140932
              ],
              [
                74.509514349003,
                73.45894371379335
              ],
              [
                74.50921437185964,
                73.45891953089661
              ],
              [
                74.50913123247112,
                73.45900678689665
              ]
            ]
          ]
        ]
      },
      "properties": {
        "id": "5aff9cfb87bed884",
        "region": "kara",
        "class": "unclassified_radar_target",
        "ice_identity": "unverified",
        "grounding": "unverified",
        "confidence": "low",
        "observed_at": "2025-12-31T01:53:13.776165Z",
        "source_id": "S1C_IW_GRDH_1SDV_20251231T015259_20251231T015328_005689_00B5D1",
        "source_level": "L1",
        "radar_area_m2": 800.0,
        "radar_equivalent_diameter_m": 31.92,
        "physical_floe_diameter_m": null,
        "longitude": 74.5091475,
        "latitude": 73.4588202,
        "native_spacing_m": 10,
        "effective_resolution_m": "20 x 22",
        "co_contrast_max_db": 13.72,
        "cross_contrast_max_db": 11.7,
        "co_snr_median_db": 25.01,
        "cross_snr_median_db": 14.87,
        "review_status": "unreviewed",
        "possible_confusions": "ridge, ship, fast ice, unresolved land, speckle",
        "stream": "kara:sentinel-1c:93:descending:vv,vh",
        "repeat_track_id": "5aff9cfb87bed884",
        "repeat_observations": 1,
        "repeat_span_days": 0.0,
        "repeat_excursion_m": 0.0,
        "persistent_location_candidate": false
      }
    },
    {
      "type": "Feature",
      "geometry": {
        "type": "MultiPolygon",
        "coordinates": [
          [
            [
              [
                74.6521898735697,
                73.46925914694178
              ],
              [
                74.65158913611891,
                73.46921121607579
              ],
              [
                74.65175402277922,
                73.46903658674486
              ],
              [
                74.65205438816037,
                73.46906055216151
              ],
              [
                74.65221926845115,
                73.46888592240548
              ],
              [
                74.65251963178468,
                73.46890988711809
              ],
              [
                74.65243719352748,
                73.46899720214132
              ],
              [
                74.65303792569955,
                73.46904513043651
              ],
              [
                74.6528730524162,
                73.46921976083947
              ],
              [
                74.65227231441997,
                73.46917183205316
              ],
              [
                74.6521898735697,
                73.46925914694178
              ]
            ]
          ]
        ]
      },
      "properties": {
        "id": "05075ce041610b85",
        "region": "kara",
        "class": "unclassified_radar_target",
        "ice_identity": "unverified",
        "grounding": "unverified",
        "confidence": "low",
        "observed_at": "2025-12-31T01:53:13.776165Z",
        "source_id": "S1C_IW_GRDH_1SDV_20251231T015259_20251231T015328_005689_00B5D1",
        "source_level": "L1",
        "radar_area_m2": 1000.0,
        "radar_equivalent_diameter_m": 35.68,
        "physical_floe_diameter_m": null,
        "longitude": 74.6523082,
        "latitude": 73.4690996,
        "native_spacing_m": 10,
        "effective_resolution_m": "20 x 22",
        "co_contrast_max_db": 7.41,
        "cross_contrast_max_db": 10.53,
        "co_snr_median_db": 17.91,
        "cross_snr_median_db": 10.26,
        "review_status": "unreviewed",
        "possible_confusions": "ridge, ship, fast ice, unresolved land, speckle",
        "stream": "kara:sentinel-1c:93:descending:vv,vh",
        "repeat_track_id": "05075ce041610b85",
        "repeat_observations": 1,
        "repeat_span_days": 0.0,
        "repeat_excursion_m": 0.0,
        "persistent_location_candidate": false
      }
    },
    {
      "type": "Feature",
      "geometry": {
        "type": "MultiPolygon",
        "coordinates": [
          [
            [
              [
                74.46607756306229,
                73.45402684689034
              ],
              [
                74.46577773748957,
                73.45400259768782
              ],
              [
                74.4659444192596,
                73.45382812109753
              ],
              [
                74.46564459745457,
                73.45380387168572
              ],
              [
                74.46572793847895,
                73.45371663344608
              ],
              [
                74.46632758006581,
                73.45376513156435
              ],
              [
                74.46641091732259,
                73.45367789303107
              ],
              [
                74.4667107379766,
                73.45370214128026
              ],
              [
                74.4667940729135,
                73.45361490257727
              ],
              [
                74.46709389299197,
                73.45363915024515
              ],
              [
                74.46701055950278,
                73.45372638907212
              ],
              [
                74.4673103819011,
                73.45375063640667
              ],
              [
                74.46739371394257,
                73.45366339745571
              ],
              [
                74.46769353576529,
                73.45368764420898
              ],
              [
                74.46761020517158,
                73.45377488328391
              ],
              [
                74.46791002931418,
                73.45379912970384
              ],
              [
                74.46782669929611,
                73.45388636885714
              ],
              [
                74.46752687370574,
                73.45386212231321
              ],
              [
                74.46744354136774,
                73.45394936129685
              ],
              [
                74.46684388990793,
                73.45390086658907
              ],
              [
                74.46676055380226,
                73.45398810527908
              ],
              [
                74.46616090293567,
                73.45393960849401
              ],
              [
                74.46607756306229,
                73.45402684689034
              ]
            ]
          ]
        ]
      },
      "properties": {
        "id": "f519021e6e985f3b",
        "region": "kara",
        "class": "unclassified_radar_target",
        "ice_identity": "unverified",
        "grounding": "unverified",
        "confidence": "low",
        "observed_at": "2025-12-31T01:53:13.776165Z",
        "source_id": "S1C_IW_GRDH_1SDV_20251231T015259_20251231T015328_005689_00B5D1",
        "source_level": "L1",
        "radar_area_m2": 1700.0,
        "radar_equivalent_diameter_m": 46.52,
        "physical_floe_diameter_m": null,
        "longitude": 74.4667376,
        "latitude": 73.4538232,
        "native_spacing_m": 10,
        "effective_resolution_m": "20 x 22",
        "co_contrast_max_db": 9.79,
        "cross_contrast_max_db": 6.06,
        "co_snr_median_db": 23.6,
        "cross_snr_median_db": 14.5,
        "review_status": "unreviewed",
        "possible_confusions": "ridge, ship, fast ice, unresolved land, speckle",
        "stream": "kara:sentinel-1c:93:descending:vv,vh",
        "repeat_track_id": "f519021e6e985f3b",
        "repeat_observations": 1,
        "repeat_span_days": 0.0,
        "repeat_excursion_m": 0.0,
        "persistent_location_candidate": false
      }
    },
    {
      "type": "Feature",
      "geometry": {
        "type": "MultiPolygon",
        "coordinates": [
          [
            [
              [
                74.4584491358319,
                73.45322174861414
              ],
              [
                74.45814933583641,
                73.4531974877702
              ],
              [
                74.4584828394514,
                73.45284854694073
              ],
              [
                74.4587826336575,
                73.45287280728846
              ],
              [
                74.45869926050985,
                73.45296004268842
              ],
              [
                74.4592988544342,
                73.45300856226021
              ],
              [
                74.45904873844047,
                73.45327026893027
              ],
              [
                74.45874893669993,
                73.45324600900081
              ],
              [
                74.45883231101772,
                73.4531587736139
              ],
              [
                74.45853251159707,
                73.45313451335126
              ],
              [
                74.4584491358319,
                73.45322174861414
              ]
            ]
          ]
        ]
      },
      "properties": {
        "id": "b56c7dc6e1c7fc64",
        "region": "kara",
        "class": "unclassified_radar_target",
        "ice_identity": "unverified",
        "grounding": "unverified",
        "confidence": "low",
        "observed_at": "2025-12-31T01:53:13.776165Z",
        "source_id": "S1C_IW_GRDH_1SDV_20251231T015259_20251231T015328_005689_00B5D1",
        "source_level": "L1",
        "radar_area_m2": 900.0,
        "radar_equivalent_diameter_m": 33.85,
        "physical_floe_diameter_m": null,
        "longitude": 74.4587186,
        "latitude": 73.4530713,
        "native_spacing_m": 10,
        "effective_resolution_m": "20 x 22",
        "co_contrast_max_db": 9.82,
        "cross_contrast_max_db": 10.2,
        "co_snr_median_db": 22.86,
        "cross_snr_median_db": 14.21,
        "review_status": "unreviewed",
        "possible_confusions": "ridge, ship, fast ice, unresolved land, speckle",
        "stream": "kara:sentinel-1c:93:descending:vv,vh",
        "repeat_track_id": "b56c7dc6e1c7fc64",
        "repeat_observations": 1,
        "repeat_span_days": 0.0,
        "repeat_excursion_m": 0.0,
        "persistent_location_candidate": false
      }
    },
    {
      "type": "Feature",
      "geometry": {
        "type": "MultiPolygon",
        "coordinates": [
          [
            [
              [
                74.47632213470966,
                73.45513700878723
              ],
              [
                74.47602227427167,
                73.45511277522012
              ],
              [
                74.47627215142961,
                73.45485104765962
              ],
              [
                74.47537258838057,
                73.4547783453295
              ],
              [
                74.47545588336745,
                73.4546911030899
              ],
              [
                74.47515603220958,
                73.45466686818908
              ],
              [
                74.47523932777278,
                73.45457962602782
              ],
              [
                74.47583902806406,
                73.45462809512425
              ],
              [
                74.47575573539714,
                73.4547153375334
              ],
              [
                74.47605558829866,
                73.4547395715195
              ],
              [
                74.4761388795174,
                73.45465232898641
              ],
              [
                74.47673858503944,
                73.45470079533858
              ],
              [
                74.47707172961145,
                73.45435182375864
              ],
              [
                74.47677188220719,
                73.45432759130699
              ],
              [
                74.47693845215913,
                73.4541531054912
              ],
              [
                74.47723829666715,
                73.45417733769501
              ],
              [
                74.47715501357514,
                73.45426458074964
              ],
              [
                74.47745486040297,
                73.45428881261999
              ],
              [
                74.47753814204685,
                73.45420156944144
              ],
              [
                74.47813783542125,
                73.4542500315622
              ],
              [
                74.47788799656355,
                73.45451176170458
              ],
              [
                74.47758814509602,
                73.45448753050111
              ],
              [
                74.47733829404854,
                73.45474925986123
              ],
              [
                74.4776381498607,
                73.45477349143648
              ],
              [
                74.47738829531231,
                73.45503522075792
              ],
              [
                74.4767885758703,
                73.45498675640641
              ],
              [
                74.4767052863808,
                73.45507399917449
              ],
              [
                74.47640542651924,
                73.45504976618871
              ],
              [
                74.47632213470966,
                73.45513700878723
              ]
            ]
          ]
        ]
      },
      "properties": {
        "id": "988253595278f262",
        "region": "kara",
        "class": "unclassified_radar_target",
        "ice_identity": "unverified",
        "grounding": "unverified",
        "confidence": "low",
        "observed_at": "2025-12-31T01:53:13.776165Z",
        "source_id": "S1C_IW_GRDH_1SDV_20251231T015259_20251231T015328_005689_00B5D1",
        "source_level": "L1",
        "radar_area_m2": 3700.0,
        "radar_equivalent_diameter_m": 68.64,
        "physical_floe_diameter_m": null,
        "longitude": 74.4768815,
        "latitude": 73.4546654,
        "native_spacing_m": 10,
        "effective_resolution_m": "20 x 22",
        "co_contrast_max_db": 11.13,
        "cross_contrast_max_db": 11.05,
        "co_snr_median_db": 24.78,
        "cross_snr_median_db": 16.88,
        "review_status": "unreviewed",
        "possible_confusions": "ridge, ship, fast ice, unresolved land, speckle",
        "stream": "kara:sentinel-1c:93:descending:vv,vh",
        "repeat_track_id": "988253595278f262",
        "repeat_observations": 1,
        "repeat_span_days": 0.0,
        "repeat_excursion_m": 0.0,
        "persistent_location_candidate": false
      }
    },
    {
      "type": "Feature",
      "geometry": {
        "type": "MultiPolygon",
        "coordinates": [
          [
            [
              [
                74.6198978283097,
                73.46583451214187
              ],
              [
                74.61869678987834,
                73.46573845130088
              ],
              [
                74.61877938883907,
                73.46565115001708
              ],
              [
                74.61907964569394,
                73.46567516579177
              ],
              [
                74.61916224233458,
                73.46558786433998
              ],
              [
                74.61886198693412,
                73.46556384868828
              ],
              [
                74.61894458416346,
                73.46547654731442
              ],
              [
                74.61954509292127,
                73.46552457791357
              ],
              [
                74.61946249860073,
                73.46561187953337
              ],
              [
                74.61976275573255,
                73.46563589426852
              ],
              [
                74.61968016200078,
                73.46572319596629
              ],
              [
                74.6199804214527,
                73.46574721036613
              ],
              [
                74.6198978283097,
                73.46583451214187
              ]
            ]
          ]
        ]
      },
      "properties": {
        "id": "841e30191ce6dd93",
        "region": "kara",
        "class": "unclassified_radar_target",
        "ice_identity": "unverified",
        "grounding": "unverified",
        "confidence": "low",
        "observed_at": "2025-12-31T01:53:13.776165Z",
        "source_id": "S1C_IW_GRDH_1SDV_20251231T015259_20251231T015328_005689_00B5D1",
        "source_level": "L1",
        "radar_area_m2": 800.0,
        "radar_equivalent_diameter_m": 31.92,
        "physical_floe_diameter_m": null,
        "longitude": 74.6193255,
        "latitude": 73.4656714,
        "native_spacing_m": 10,
        "effective_resolution_m": "20 x 22",
        "co_contrast_max_db": 9.11,
        "cross_contrast_max_db": 9.22,
        "co_snr_median_db": 19.85,
        "cross_snr_median_db": 9.73,
        "review_status": "unreviewed",
        "possible_confusions": "ridge, ship, fast ice, unresolved land, speckle",
        "stream": "kara:sentinel-1c:93:descending:vv,vh",
        "repeat_track_id": "841e30191ce6dd93",
        "repeat_observations": 1,
        "repeat_span_days": 0.0,
        "repeat_excursion_m": 0.0,
        "persistent_location_candidate": false
      }
    },
    {
      "type": "Feature",
      "geometry": {
        "type": "MultiPolygon",
        "coordinates": [
          [
            [
              [
                74.48901613800192,
                73.45503478894446
              ],
              [
                74.48841638478173,
                73.4549863600048
              ],
              [
                74.48849961254162,
                73.45489911227504
              ],
              [
                74.48819973868692,
                73.45487489724289
              ],
              [
                74.48828296702419,
                73.45478764959142
              ],
              [
                74.48858283943032,
                73.45481186449973
              ],
              [
                74.48866606544786,
                73.45472461667885
              ],
              [
                74.48896593727659,
                73.45474883100587
              ],
              [
                74.48888271270764,
                73.45483607895059
              ],
              [
                74.4897823377665,
                73.45490871955855
              ],
              [
                74.48969911667221,
                73.45499596782923
              ],
              [
                74.4890993628646,
                73.45494754096701
              ],
              [
                74.48901613800192,
                73.45503478894446
              ]
            ]
          ]
        ]
      },
      "properties": {
        "id": "fccfeb37ef07c9e4",
        "region": "kara",
        "class": "unclassified_radar_target",
        "ice_identity": "unverified",
        "grounding": "unverified",
        "confidence": "low",
        "observed_at": "2025-12-31T01:53:13.776165Z",
        "source_id": "S1C_IW_GRDH_1SDV_20251231T015259_20251231T015328_005689_00B5D1",
        "source_level": "L1",
        "radar_area_m2": 800.0,
        "radar_equivalent_diameter_m": 31.92,
        "physical_floe_diameter_m": null,
        "longitude": 74.4889057,
        "latitude": 73.4548967,
        "native_spacing_m": 10,
        "effective_resolution_m": "20 x 22",
        "co_contrast_max_db": 8.32,
        "cross_contrast_max_db": 7.78,
        "co_snr_median_db": 21.02,
        "cross_snr_median_db": 9.92,
        "review_status": "unreviewed",
        "possible_confusions": "ridge, ship, fast ice, unresolved land, speckle",
        "stream": "kara:sentinel-1c:93:descending:vv,vh",
        "repeat_track_id": "fccfeb37ef07c9e4",
        "repeat_observations": 1,
        "repeat_span_days": 0.0,
        "repeat_excursion_m": 0.0,
        "persistent_location_candidate": false
      }
    },
    {
      "type": "Feature",
      "geometry": {
        "type": "MultiPolygon",
        "coordinates": [
          [
            [
              [
                74.59826051861312,
                73.53162614292528
              ],
              [
                74.5976576791753,
                73.53157805179005
              ],
              [
                74.59774071657822,
                73.53149076715253
              ],
              [
                74.59804213439496,
                73.53151481282647
              ],
              [
                74.59812516945888,
                73.5314275280201
              ],
              [
                74.59752233762974,
                73.53137943645955
              ],
              [
                74.5976884109979,
                73.53120486720583
              ],
              [
                74.59859265126019,
                73.53127700311488
              ],
              [
                74.59826051861312,
                73.53162614292528
              ]
            ]
          ]
        ]
      },
      "properties": {
        "id": "2955e53467c5de87",
        "region": "kara",
        "class": "unclassified_radar_target",
        "ice_identity": "unverified",
        "grounding": "unverified",
        "confidence": "low",
        "observed_at": "2026-01-24T01:53:12.221491Z",
        "source_id": "S1C_IW_GRDH_1SDV_20260124T015257_20260124T015326_006039_00C1B6",
        "source_level": "L1",
        "radar_area_m2": 900.0,
        "radar_equivalent_diameter_m": 33.85,
        "physical_floe_diameter_m": null,
        "longitude": 74.5980645,
        "latitude": 73.5313966,
        "native_spacing_m": 10,
        "effective_resolution_m": "20 x 22",
        "co_contrast_max_db": 7.12,
        "cross_contrast_max_db": 6.66,
        "co_snr_median_db": 20.46,
        "cross_snr_median_db": 7.21,
        "review_status": "unreviewed",
        "possible_confusions": "ridge, ship, fast ice, unresolved land, speckle",
        "stream": "kara:sentinel-1c:93:descending:vv,vh",
        "repeat_track_id": "2955e53467c5de87",
        "repeat_observations": 1,
        "repeat_span_days": 0.0,
        "repeat_excursion_m": 0.0,
        "persistent_location_candidate": false
      }
    },
    {
      "type": "Feature",
      "geometry": {
        "type": "MultiPolygon",
        "coordinates": [
          [
            [
              [
                74.57993705638233,
                73.52396488980159
              ],
              [
                74.57933454829572,
                73.52391674234
              ],
              [
                74.57941764371792,
                73.5238294644884
              ],
              [
                74.57911639244875,
                73.52380539019182
              ],
              [
                74.57919948846055,
                73.52371811241865
              ],
              [
                74.57980198894586,
                73.52376626030468
              ],
              [
                74.57988508115706,
                73.52367898223883
              ],
              [
                74.58018633124696,
                73.5237030553686
              ],
              [
                74.58035251012129,
                73.52352849885362
              ],
              [
                74.5806537581581,
                73.52355257127628
              ],
              [
                74.58057067062123,
                73.52363984968012
              ],
              [
                74.58087192099516,
                73.52366392176683
              ],
              [
                74.58095500706864,
                73.52357664323931
              ],
              [
                74.58125625685285,
                73.52360071474261
              ],
              [
                74.58109008675909,
                73.52377527199984
              ],
              [
                74.58048758221061,
                73.5237271280387
              ],
              [
                74.58032140276818,
                73.52390168462004
              ],
              [
                74.58002014887765,
                73.52387761170252
              ],
              [
                74.57993705638233,
                73.52396488980159
              ]
            ]
          ]
        ]
      },
      "properties": {
        "id": "1c563f18fe037e22",
        "region": "kara",
        "class": "unclassified_radar_target",
        "ice_identity": "unverified",
        "grounding": "unverified",
        "confidence": "low",
        "observed_at": "2026-01-24T01:53:12.221491Z",
        "source_id": "S1C_IW_GRDH_1SDV_20260124T015257_20260124T015326_006039_00C1B6",
        "source_level": "L1",
        "radar_area_m2": 1300.0,
        "radar_equivalent_diameter_m": 40.68,
        "physical_floe_diameter_m": null,
        "longitude": 74.5801732,
        "latitude": 73.5237562,
        "native_spacing_m": 10,
        "effective_resolution_m": "20 x 22",
        "co_contrast_max_db": 8.86,
        "cross_contrast_max_db": 9.48,
        "co_snr_median_db": 17.4,
        "cross_snr_median_db": 7.95,
        "review_status": "unreviewed",
        "possible_confusions": "ridge, ship, fast ice, unresolved land, speckle",
        "stream": "kara:sentinel-1c:93:descending:vv,vh",
        "repeat_track_id": "1c563f18fe037e22",
        "repeat_observations": 1,
        "repeat_span_days": 0.0,
        "repeat_excursion_m": 0.0,
        "persistent_location_candidate": false
      }
    },
    {
      "type": "Feature",
      "geometry": {
        "type": "MultiPolygon",
        "coordinates": [
          [
            [
              [
                74.5081845668998,
                73.51220321582984
              ],
              [
                74.50788362994564,
                73.5121790326616
              ],
              [
                74.50830068145194,
                73.51174278643477
              ],
              [
                74.50920347305542,
                73.51181533270004
              ],
              [
                74.50912006888397,
                73.51190258240896
              ],
              [
                74.50881913601418,
                73.51187840065543
              ],
              [
                74.5086523221245,
                73.5120528996883
              ],
              [
                74.50835138721253,
                73.51202871722745
              ],
              [
                74.5081845668998,
                73.51220321582984
              ]
            ]
          ]
        ]
      },
      "properties": {
        "id": "6a8e2b5c4d733afd",
        "region": "kara",
        "class": "unclassified_radar_target",
        "ice_identity": "unverified",
        "grounding": "unverified",
        "confidence": "low",
        "observed_at": "2026-01-24T01:53:12.221491Z",
        "source_id": "S1C_IW_GRDH_1SDV_20260124T015257_20260124T015326_006039_00C1B6",
        "source_level": "L1",
        "radar_area_m2": 900.0,
        "radar_equivalent_diameter_m": 33.85,
        "physical_floe_diameter_m": null,
        "longitude": 74.5084561,
        "latitude": 73.511938,
        "native_spacing_m": 10,
        "effective_resolution_m": "20 x 22",
        "co_contrast_max_db": 8.2,
        "cross_contrast_max_db": 6.9,
        "co_snr_median_db": 20.22,
        "cross_snr_median_db": 8.37,
        "review_status": "unreviewed",
        "possible_confusions": "ridge, ship, fast ice, unresolved land, speckle",
        "stream": "kara:sentinel-1c:93:descending:vv,vh",
        "repeat_track_id": "6a8e2b5c4d733afd",
        "repeat_observations": 1,
        "repeat_span_days": 0.0,
        "repeat_excursion_m": 0.0,
        "persistent_location_candidate": false
      }
    },
    {
      "type": "Feature",
      "geometry": {
        "type": "MultiPolygon",
        "coordinates": [
          [
            [
              [
                74.50278288026236,
                73.51073555701164
              ],
              [
                74.50248197775873,
                73.51071136556965
              ],
              [
                74.5026488429883,
                73.51053687142789
              ],
              [
                74.50234794427851,
                73.51051267977529
              ],
              [
                74.50251480892024,
                73.51033818569957
              ],
              [
                74.50341749892617,
                73.51041075853537
              ],
              [
                74.50350092555644,
                73.51032351105665
              ],
              [
                74.50380182251888,
                73.51034770095978
              ],
              [
                74.50371839734734,
                73.51043494856266
              ],
              [
                74.50492199979443,
                73.51053170408191
              ],
              [
                74.50483857958179,
                73.51061895213589
              ],
              [
                74.50453767619688,
                73.5105947638204
              ],
              [
                74.5044542536492,
                73.51068201170466
              ],
              [
                74.50355154437551,
                73.51060944363175
              ],
              [
                74.50346811657518,
                73.51069669109796
              ],
              [
                74.50286631185654,
                73.51064830983935
              ],
              [
                74.50278288026236,
                73.51073555701164
              ]
            ]
          ]
        ]
      },
      "properties": {
        "id": "4f01ce4983d0f308",
        "region": "kara",
        "class": "unclassified_radar_target",
        "ice_identity": "unverified",
        "grounding": "unverified",
        "confidence": "low",
        "observed_at": "2026-01-24T01:53:12.221491Z",
        "source_id": "S1C_IW_GRDH_1SDV_20260124T015257_20260124T015326_006039_00C1B6",
        "source_level": "L1",
        "radar_area_m2": 2000.0,
        "radar_equivalent_diameter_m": 50.46,
        "physical_floe_diameter_m": null,
        "longitude": 74.5034486,
        "latitude": 73.5105307,
        "native_spacing_m": 10,
        "effective_resolution_m": "20 x 22",
        "co_contrast_max_db": 10.43,
        "cross_contrast_max_db": 10.36,
        "co_snr_median_db": 20.18,
        "cross_snr_median_db": 9.67,
        "review_status": "unreviewed",
        "possible_confusions": "ridge, ship, fast ice, unresolved land, speckle",
        "stream": "kara:sentinel-1c:93:descending:vv,vh",
        "repeat_track_id": "4f01ce4983d0f308",
        "repeat_observations": 1,
        "repeat_span_days": 0.0,
        "repeat_excursion_m": 0.0,
        "persistent_location_candidate": false
      }
    },
    {
      "type": "Feature",
      "geometry": {
        "type": "MultiPolygon",
        "coordinates": [
          [
            [
              [
                74.50625969585462,
                73.51082713545738
              ],
              [
                74.50565787828137,
                73.51077876270918
              ],
              [
                74.5057412949937,
                73.51069151432827
              ],
              [
                74.5054403889802,
                73.51066732738983
              ],
              [
                74.5059408796079,
                73.51014383689251
              ],
              [
                74.50654267500524,
                73.51019220882061
              ],
              [
                74.50629244238684,
                73.51045395501922
              ],
              [
                74.5059915398737,
                73.51042976891222
              ],
              [
                74.50590812578986,
                73.5105170174298
              ],
              [
                74.50650993460992,
                73.51056538943311
              ],
              [
                74.50625969585462,
                73.51082713545738
              ]
            ]
          ]
        ]
      },
      "properties": {
        "id": "8322bd3ddb1fea74",
        "region": "kara",
        "class": "unclassified_radar_target",
        "ice_identity": "unverified",
        "grounding": "unverified",
        "confidence": "low",
        "observed_at": "2026-01-24T01:53:12.221491Z",
        "source_id": "S1C_IW_GRDH_1SDV_20260124T015257_20260124T015326_006039_00C1B6",
        "source_level": "L1",
        "radar_area_m2": 1500.0,
        "radar_equivalent_diameter_m": 43.7,
        "physical_floe_diameter_m": null,
        "longitude": 74.5060234,
        "latitude": 73.5104981,
        "native_spacing_m": 10,
        "effective_resolution_m": "20 x 22",
        "co_contrast_max_db": 8.73,
        "cross_contrast_max_db": 9.18,
        "co_snr_median_db": 19.4,
        "cross_snr_median_db": 7.67,
        "review_status": "unreviewed",
        "possible_confusions": "ridge, ship, fast ice, unresolved land, speckle",
        "stream": "kara:sentinel-1c:93:descending:vv,vh",
        "repeat_track_id": "8322bd3ddb1fea74",
        "repeat_observations": 1,
        "repeat_span_days": 0.0,
        "repeat_excursion_m": 0.0,
        "persistent_location_candidate": false
      }
    },
    {
      "type": "Feature",
      "geometry": {
        "type": "MultiPolygon",
        "coordinates": [
          [
            [
              [
                74.49099639295765,
                73.50781440493427
              ],
              [
                74.4906955605206,
                73.50779019544882
              ],
              [
                74.49086252018643,
                73.50761571057043
              ],
              [
                74.49056169154176,
                73.50759150087463
              ],
              [
                74.49072865061683,
                73.50741701606219
              ],
              [
                74.49102947634582,
                73.50744122550955
              ],
              [
                74.49111295311064,
                73.50735398291067
              ],
              [
                74.49141377825836,
                73.50737819177493
              ],
              [
                74.49124682676782,
                73.50755267717554
              ],
              [
                74.49154765570782,
                73.50757688582942
              ],
              [
                74.49146418010557,
                73.50766412858555
              ],
              [
                74.4911633497077,
                73.50763991980742
              ],
              [
                74.49099639295765,
                73.50781440493427
              ]
            ]
          ]
        ]
      },
      "properties": {
        "id": "4d695a9158af370c",
        "region": "kara",
        "class": "unclassified_radar_target",
        "ice_identity": "unverified",
        "grounding": "unverified",
        "confidence": "low",
        "observed_at": "2026-01-24T01:53:12.221491Z",
        "source_id": "S1C_IW_GRDH_1SDV_20260124T015257_20260124T015326_006039_00C1B6",
        "source_level": "L1",
        "radar_area_m2": 800.0,
        "radar_equivalent_diameter_m": 31.92,
        "physical_floe_diameter_m": null,
        "longitude": 74.4910275,
        "latitude": 73.5075703,
        "native_spacing_m": 10,
        "effective_resolution_m": "20 x 22",
        "co_contrast_max_db": 8.94,
        "cross_contrast_max_db": 12.07,
        "co_snr_median_db": 19.3,
        "cross_snr_median_db": 11.92,
        "review_status": "unreviewed",
        "possible_confusions": "ridge, ship, fast ice, unresolved land, speckle",
        "stream": "kara:sentinel-1c:93:descending:vv,vh",
        "repeat_track_id": "4d695a9158af370c",
        "repeat_observations": 1,
        "repeat_span_days": 0.0,
        "repeat_excursion_m": 0.0,
        "persistent_location_candidate": false
      }
    },
    {
      "type": "Feature",
      "geometry": {
        "type": "MultiPolygon",
        "coordinates": [
          [
            [
              [
                74.50058810913958,
                73.50727063581256
              ],
              [
                74.49938476814411,
                73.5071738534672
              ],
              [
                74.49955163037397,
                73.50699936110155
              ],
              [
                74.49985246139259,
                73.50702355712787
              ],
              [
                74.49993588973534,
                73.50693631075252
              ],
              [
                74.50053755148477,
                73.50698470118017
              ],
              [
                74.50037069975536,
                73.50715919438203
              ],
              [
                74.5006715348603,
                73.50718338915588
              ],
              [
                74.50058810913958,
                73.50727063581256
              ]
            ]
          ]
        ]
      },
      "properties": {
        "id": "d16740ef38c129bc",
        "region": "kara",
        "class": "unclassified_radar_target",
        "ice_identity": "unverified",
        "grounding": "unverified",
        "confidence": "low",
        "observed_at": "2026-01-24T01:53:12.221491Z",
        "source_id": "S1C_IW_GRDH_1SDV_20260124T015257_20260124T015326_006039_00C1B6",
        "source_level": "L1",
        "radar_area_m2": 900.0,
        "radar_equivalent_diameter_m": 33.85,
        "physical_floe_diameter_m": null,
        "longitude": 74.5000429,
        "latitude": 73.5071067,
        "native_spacing_m": 10,
        "effective_resolution_m": "20 x 22",
        "co_contrast_max_db": 10.57,
        "cross_contrast_max_db": 5.84,
        "co_snr_median_db": 19.13,
        "cross_snr_median_db": 6.48,
        "review_status": "unreviewed",
        "possible_confusions": "ridge, ship, fast ice, unresolved land, speckle",
        "stream": "kara:sentinel-1c:93:descending:vv,vh",
        "repeat_track_id": "d16740ef38c129bc",
        "repeat_observations": 1,
        "repeat_span_days": 0.0,
        "repeat_excursion_m": 0.0,
        "persistent_location_candidate": false
      }
    },
    {
      "type": "Feature",
      "geometry": {
        "type": "MultiPolygon",
        "coordinates": [
          [
            [
              [
                74.47802779891634,
                73.50545474517098
              ],
              [
                74.47772702809526,
                73.50543051586158
              ],
              [
                74.47781056459223,
                73.50534327864709
              ],
              [
                74.47750979610525,
                73.50531904900325
              ],
              [
                74.47776040470521,
                73.50505733745865
              ],
              [
                74.47836193381394,
                73.50510579554172
              ],
              [
                74.47827840140503,
                73.50519303301756
              ],
              [
                74.47857916873194,
                73.50521726149529
              ],
              [
                74.47849563690312,
                73.50530449904977
              ],
              [
                74.47879640656407,
                73.50532872719309
              ],
              [
                74.47871287531535,
                73.50541596482618
              ],
              [
                74.47811133395626,
                73.5053675078322
              ],
              [
                74.47802779891634,
                73.50545474517098
              ]
            ]
          ]
        ]
      },
      "properties": {
        "id": "c39bc7f318ac6f50",
        "region": "kara",
        "class": "unclassified_radar_target",
        "ice_identity": "unverified",
        "grounding": "unverified",
        "confidence": "low",
        "observed_at": "2026-01-24T01:53:12.221491Z",
        "source_id": "S1C_IW_GRDH_1SDV_20260124T015257_20260124T015326_006039_00C1B6",
        "source_level": "L1",
        "radar_area_m2": 1000.0,
        "radar_equivalent_diameter_m": 35.68,
        "physical_floe_diameter_m": null,
        "longitude": 74.4780829,
        "latitude": 73.5052619,
        "native_spacing_m": 10,
        "effective_resolution_m": "20 x 22",
        "co_contrast_max_db": 10.0,
        "cross_contrast_max_db": 7.19,
        "co_snr_median_db": 20.14,
        "cross_snr_median_db": 7.22,
        "review_status": "unreviewed",
        "possible_confusions": "ridge, ship, fast ice, unresolved land, speckle",
        "stream": "kara:sentinel-1c:93:descending:vv,vh",
        "repeat_track_id": "c39bc7f318ac6f50",
        "repeat_observations": 1,
        "repeat_span_days": 0.0,
        "repeat_excursion_m": 0.0,
        "persistent_location_candidate": false
      }
    },
    {
      "type": "Feature",
      "geometry": {
        "type": "MultiPolygon",
        "coordinates": [
          [
            [
              [
                74.48270579813604,
                73.50395223272129
              ],
              [
                74.48240504768704,
                73.50392801048505
              ],
              [
                74.48248855207716,
                73.50384077111427
              ],
              [
                74.48218780396175,
                73.50381654854361
              ],
              [
                74.48243831624309,
                73.50355483053013
              ],
              [
                74.48273905998775,
                73.50357905272801
              ],
              [
                74.48265555822749,
                73.50366629223575
              ],
              [
                74.48295630430566,
                73.50369051409918
              ],
              [
                74.48287280312573,
                73.50377775368553
              ],
              [
                74.48347430082573,
                73.50382619628472
              ],
              [
                74.48355779909176,
                73.50373895644985
              ],
              [
                74.48385854779967,
                73.5037631769371
              ],
              [
                74.48369155330501,
                73.50393765680974
              ],
              [
                74.4827893010692,
                73.50386499322623
              ],
              [
                74.48270579813604,
                73.50395223272129
              ]
            ]
          ]
        ]
      },
      "properties": {
        "id": "d7bdba998ad8109a",
        "region": "kara",
        "class": "unclassified_radar_target",
        "ice_identity": "unverified",
        "grounding": "unverified",
        "confidence": "low",
        "observed_at": "2026-01-24T01:53:12.221491Z",
        "source_id": "S1C_IW_GRDH_1SDV_20260124T015257_20260124T015326_006039_00C1B6",
        "source_level": "L1",
        "radar_area_m2": 1000.0,
        "radar_equivalent_diameter_m": 35.68,
        "physical_floe_diameter_m": null,
        "longitude": 74.4828945,
        "latitude": 73.5037889,
        "native_spacing_m": 10,
        "effective_resolution_m": "20 x 22",
        "co_contrast_max_db": 9.75,
        "cross_contrast_max_db": 12.47,
        "co_snr_median_db": 19.02,
        "cross_snr_median_db": 10.26,
        "review_status": "unreviewed",
        "possible_confusions": "ridge, ship, fast ice, unresolved land, speckle",
        "stream": "kara:sentinel-1c:93:descending:vv,vh",
        "repeat_track_id": "d7bdba998ad8109a",
        "repeat_observations": 1,
        "repeat_span_days": 0.0,
        "repeat_excursion_m": 0.0,
        "persistent_location_candidate": false
      }
    },
    {
      "type": "Feature",
      "geometry": {
        "type": "MultiPolygon",
        "coordinates": [
          [
            [
              [
                74.59199767461351,
                73.51196819596551
              ],
              [
                74.5904924113837,
                73.51184791376764
              ],
              [
                74.5905753878101,
                73.51176062979745
              ],
              [
                74.59087643725051,
                73.51178468703229
              ],
              [
                74.59095941134333,
                73.51169740289336
              ],
              [
                74.59126046019405,
                73.51172145954526
              ],
              [
                74.59117748756289,
                73.51180874380773
              ],
              [
                74.5914785387472,
                73.51183280012374
              ],
              [
                74.59156150991669,
                73.51174551573774
              ],
              [
                74.59216361197767,
                73.51179362674446
              ],
              [
                74.59199767461351,
                73.51196819596551
              ]
            ]
          ]
        ]
      },
      "properties": {
        "id": "f8c8a36a36194ea2",
        "region": "kara",
        "class": "unclassified_radar_target",
        "ice_identity": "unverified",
        "grounding": "unverified",
        "confidence": "low",
        "observed_at": "2026-01-24T01:53:12.221491Z",
        "source_id": "S1C_IW_GRDH_1SDV_20260124T015257_20260124T015326_006039_00C1B6",
        "source_level": "L1",
        "radar_area_m2": 800.0,
        "radar_equivalent_diameter_m": 31.92,
        "physical_floe_diameter_m": null,
        "longitude": 74.5913929,
        "latitude": 73.5118377,
        "native_spacing_m": 10,
        "effective_resolution_m": "20 x 22",
        "co_contrast_max_db": 9.06,
        "cross_contrast_max_db": 9.27,
        "co_snr_median_db": 20.53,
        "cross_snr_median_db": 9.91,
        "review_status": "unreviewed",
        "possible_confusions": "ridge, ship, fast ice, unresolved land, speckle",
        "stream": "kara:sentinel-1c:93:descending:vv,vh",
        "repeat_track_id": "f8c8a36a36194ea2",
        "repeat_observations": 1,
        "repeat_span_days": 0.0,
        "repeat_excursion_m": 0.0,
        "persistent_location_candidate": false
      }
    },
    {
      "type": "Feature",
      "geometry": {
        "type": "MultiPolygon",
        "coordinates": [
          [
            [
              [
                74.4828551102699,
                73.50142720852934
              ],
              [
                74.48255440528854,
                73.50140298643727
              ],
              [
                74.48272138625549,
                73.50122850692432
              ],
              [
                74.48242068506352,
                73.5012042846221
              ],
              [
                74.48233719356172,
                73.50129152427715
              ],
              [
                74.48203649178961,
                73.50126730139202
              ],
              [
                74.48220347682978,
                73.50109282228475
              ],
              [
                74.48280487542443,
                73.50114126709934
              ],
              [
                74.48288836371705,
                73.50105402722873
              ],
              [
                74.48318906287241,
                73.50107824882382
              ],
              [
                74.48310557603628,
                73.50116548881869
              ],
              [
                74.4837069798889,
                73.50121393088136
              ],
              [
                74.48362349508946,
                73.50130117107906
              ],
              [
                74.48332279126849,
                73.5012769501528
              ],
              [
                74.4832393041362,
                73.50136419018058
              ],
              [
                74.48293859973504,
                73.50133996867142
              ],
              [
                74.4828551102699,
                73.50142720852934
              ]
            ]
          ]
        ]
      },
      "properties": {
        "id": "41cd61ff864c34c8",
        "region": "kara",
        "class": "unclassified_radar_target",
        "ice_identity": "unverified",
        "grounding": "unverified",
        "confidence": "low",
        "observed_at": "2026-01-24T01:53:12.221491Z",
        "source_id": "S1C_IW_GRDH_1SDV_20260124T015257_20260124T015326_006039_00C1B6",
        "source_level": "L1",
        "radar_area_m2": 1000.0,
        "radar_equivalent_diameter_m": 35.68,
        "physical_floe_diameter_m": null,
        "longitude": 74.48285,
        "latitude": 73.5012295,
        "native_spacing_m": 10,
        "effective_resolution_m": "20 x 22",
        "co_contrast_max_db": 9.28,
        "cross_contrast_max_db": 9.82,
        "co_snr_median_db": 20.41,
        "cross_snr_median_db": 10.03,
        "review_status": "unreviewed",
        "possible_confusions": "ridge, ship, fast ice, unresolved land, speckle",
        "stream": "kara:sentinel-1c:93:descending:vv,vh",
        "repeat_track_id": "41cd61ff864c34c8",
        "repeat_observations": 1,
        "repeat_span_days": 0.0,
        "repeat_excursion_m": 0.0,
        "persistent_location_candidate": false
      }
    },
    {
      "type": "Feature",
      "geometry": {
        "type": "MultiPolygon",
        "coordinates": [
          [
            [
              [
                74.4763733484209,
                73.49771006059952
              ],
              [
                74.47577209268218,
                73.49766159597361
              ],
              [
                74.47585560040284,
                73.49757435866363
              ],
              [
                74.47555497530361,
                73.49755012578714
              ],
              [
                74.47572199102727,
                73.49737565127873
              ],
              [
                74.47632323627953,
                73.49742411607613
              ],
              [
                74.4762397317671,
                73.4975113536017
              ],
              [
                74.47684098343575,
                73.49755981681352
              ],
              [
                74.47675748095838,
                73.49764705454193
              ],
              [
                74.47645685323025,
                73.49762282304104
              ],
              [
                74.4763733484209,
                73.49771006059952
              ]
            ]
          ]
        ]
      },
      "properties": {
        "id": "2ef2f939d7443e70",
        "region": "kara",
        "class": "unclassified_radar_target",
        "ice_identity": "unverified",
        "grounding": "unverified",
        "confidence": "low",
        "observed_at": "2026-01-24T01:53:12.221491Z",
        "source_id": "S1C_IW_GRDH_1SDV_20260124T015257_20260124T015326_006039_00C1B6",
        "source_level": "L1",
        "radar_area_m2": 800.0,
        "radar_equivalent_diameter_m": 31.92,
        "physical_floe_diameter_m": null,
        "longitude": 74.4761228,
        "latitude": 73.4975489,
        "native_spacing_m": 10,
        "effective_resolution_m": "20 x 22",
        "co_contrast_max_db": 9.08,
        "cross_contrast_max_db": 7.56,
        "co_snr_median_db": 20.78,
        "cross_snr_median_db": 10.55,
        "review_status": "unreviewed",
        "possible_confusions": "ridge, ship, fast ice, unresolved land, speckle",
        "stream": "kara:sentinel-1c:93:descending:vv,vh",
        "repeat_track_id": "2ef2f939d7443e70",
        "repeat_observations": 1,
        "repeat_span_days": 0.0,
        "repeat_excursion_m": 0.0,
        "persistent_location_candidate": false
      }
    },
    {
      "type": "Feature",
      "geometry": {
        "type": "MultiPolygon",
        "coordinates": [
          [
            [
              [
                74.64372715559357,
                73.4997566608756
              ],
              [
                74.64342624761613,
                73.49973268377126
              ],
              [
                74.64350888560895,
                73.49964537617338
              ],
              [
                74.64290707518033,
                73.4995974208329
              ],
              [
                74.64315499271737,
                73.49933549850805
              ],
              [
                74.64435859951345,
                73.49943140587497
              ],
              [
                74.64427596704677,
                73.4995187138538
              ],
              [
                74.64397506258472,
                73.49949473757796
              ],
              [
                74.64372715559357,
                73.4997566608756
              ]
            ]
          ]
        ]
      },
      "properties": {
        "id": "d53a99efc787a551",
        "region": "kara",
        "class": "unclassified_radar_target",
        "ice_identity": "unverified",
        "grounding": "unverified",
        "confidence": "low",
        "observed_at": "2026-01-24T01:53:12.221491Z",
        "source_id": "S1C_IW_GRDH_1SDV_20260124T015257_20260124T015326_006039_00C1B6",
        "source_level": "L1",
        "radar_area_m2": 1100.0,
        "radar_equivalent_diameter_m": 37.42,
        "physical_floe_diameter_m": null,
        "longitude": 74.6435569,
        "latitude": 73.4995169,
        "native_spacing_m": 10,
        "effective_resolution_m": "20 x 22",
        "co_contrast_max_db": 7.53,
        "cross_contrast_max_db": 10.07,
        "co_snr_median_db": 19.93,
        "cross_snr_median_db": 11.25,
        "review_status": "unreviewed",
        "possible_confusions": "ridge, ship, fast ice, unresolved land, speckle",
        "stream": "kara:sentinel-1c:93:descending:vv,vh",
        "repeat_track_id": "d53a99efc787a551",
        "repeat_observations": 1,
        "repeat_span_days": 0.0,
        "repeat_excursion_m": 0.0,
        "persistent_location_candidate": false
      }
    },
    {
      "type": "Feature",
      "geometry": {
        "type": "MultiPolygon",
        "coordinates": [
          [
            [
              [
                74.52065449058011,
                73.48727520168275
              ],
              [
                74.52005348313767,
                73.48722687122819
              ],
              [
                74.52013670626282,
                73.48713961397628
              ],
              [
                74.52043720809236,
                73.48716377930891
              ],
              [
                74.52060364881345,
                73.48698926442098
              ],
              [
                74.51970215467458,
                73.48691676779099
              ],
              [
                74.51978537809111,
                73.48682951065042
              ],
              [
                74.5209873662016,
                73.4869261714114
              ],
              [
                74.5208209301367,
                73.487100686638
              ],
              [
                74.52112143225695,
                73.48712485092987
              ],
              [
                74.52103821437032,
                73.48721210859885
              ],
              [
                74.52073771079488,
                73.4871879441831
              ],
              [
                74.52065449058011,
                73.48727520168275
              ]
            ]
          ]
        ]
      },
      "properties": {
        "id": "9f408f083a1b07b1",
        "region": "kara",
        "class": "unclassified_radar_target",
        "ice_identity": "unverified",
        "grounding": "unverified",
        "confidence": "low",
        "observed_at": "2026-01-24T01:53:12.221491Z",
        "source_id": "S1C_IW_GRDH_1SDV_20260124T015257_20260124T015326_006039_00C1B6",
        "source_level": "L1",
        "radar_area_m2": 900.0,
        "radar_equivalent_diameter_m": 33.85,
        "physical_floe_diameter_m": null,
        "longitude": 74.5204935,
        "latitude": 73.4870483,
        "native_spacing_m": 10,
        "effective_resolution_m": "20 x 22",
        "co_contrast_max_db": 7.12,
        "cross_contrast_max_db": 9.44,
        "co_snr_median_db": 18.9,
        "cross_snr_median_db": 9.25,
        "review_status": "unreviewed",
        "possible_confusions": "ridge, ship, fast ice, unresolved land, speckle",
        "stream": "kara:sentinel-1c:93:descending:vv,vh",
        "repeat_track_id": "9f408f083a1b07b1",
        "repeat_observations": 1,
        "repeat_span_days": 0.0,
        "repeat_excursion_m": 0.0,
        "persistent_location_candidate": false
      }
    },
    {
      "type": "Feature",
      "geometry": {
        "type": "MultiPolygon",
        "coordinates": [
          [
            [
              [
                74.37707495148351,
                73.4736946406143
              ],
              [
                74.3761748048979,
                73.47362148713911
              ],
              [
                74.37625871374811,
                73.47353428922938
              ],
              [
                74.3756586233153,
                73.47348551820826
              ],
              [
                74.37582644417279,
                73.47331112274978
              ],
              [
                74.37612648605304,
                73.47333550823944
              ],
              [
                74.3762103937152,
                73.47324831031631
              ],
              [
                74.3765104350259,
                73.47327269522371
              ],
              [
                74.3764265288121,
                73.47335989327165
              ],
              [
                74.37672657244997,
                73.47338427784646
              ],
              [
                74.37664266680576,
                73.47347147597314
              ],
              [
                74.37724275961463,
                73.47352024399996
              ],
              [
                74.37707495148351,
                73.4736946406143
              ]
            ]
          ]
        ]
      },
      "properties": {
        "id": "07066f476342562e",
        "region": "kara",
        "class": "unclassified_radar_target",
        "ice_identity": "unverified",
        "grounding": "unverified",
        "confidence": "low",
        "observed_at": "2026-01-24T01:53:12.221491Z",
        "source_id": "S1C_IW_GRDH_1SDV_20260124T015257_20260124T015326_006039_00C1B6",
        "source_level": "L1",
        "radar_area_m2": 1200.0,
        "radar_equivalent_diameter_m": 39.09,
        "physical_floe_diameter_m": null,
        "longitude": 74.3764397,
        "latitude": 73.4734863,
        "native_spacing_m": 10,
        "effective_resolution_m": "20 x 22",
        "co_contrast_max_db": 9.67,
        "cross_contrast_max_db": 10.85,
        "co_snr_median_db": 18.15,
        "cross_snr_median_db": 9.5,
        "review_status": "unreviewed",
        "possible_confusions": "ridge, ship, fast ice, unresolved land, speckle",
        "stream": "kara:sentinel-1c:93:descending:vv,vh",
        "repeat_track_id": "07066f476342562e",
        "repeat_observations": 1,
        "repeat_span_days": 0.0,
        "repeat_excursion_m": 0.0,
        "persistent_location_candidate": false
      }
    },
    {
      "type": "Feature",
      "geometry": {
        "type": "MultiPolygon",
        "coordinates": [
          [
            [
              [
                74.524500329678,
                73.4839204444708
              ],
              [
                74.52419988051867,
                73.48389628521936
              ],
              [
                74.52436624909711,
                73.48372176638124
              ],
              [
                74.5240658037196,
                73.4836976069191
              ],
              [
                74.5241489881549,
                73.48361034755565
              ],
              [
                74.52444943207772,
                73.483634506894
              ],
              [
                74.52461579542187,
                73.48345998778318
              ],
              [
                74.52491623730769,
                73.48348414641553
              ],
              [
                74.52483305752648,
                73.48357140611749
              ],
              [
                74.52513350173935,
                73.48359556441527
              ],
              [
                74.52488396152569,
                73.48385734361986
              ],
              [
                74.5245835129487,
                73.48383318495061
              ],
              [
                74.524500329678,
                73.4839204444708
              ]
            ]
          ]
        ]
      },
      "properties": {
        "id": "40e29d93ffe39bd0",
        "region": "kara",
        "class": "unclassified_radar_target",
        "ice_identity": "unverified",
        "grounding": "unverified",
        "confidence": "low",
        "observed_at": "2026-01-24T01:53:12.221491Z",
        "source_id": "S1C_IW_GRDH_1SDV_20260124T015257_20260124T015326_006039_00C1B6",
        "source_level": "L1",
        "radar_area_m2": 900.0,
        "radar_equivalent_diameter_m": 33.85,
        "physical_floe_diameter_m": null,
        "longitude": 74.5246248,
        "latitude": 73.4836956,
        "native_spacing_m": 10,
        "effective_resolution_m": "20 x 22",
        "co_contrast_max_db": 8.49,
        "cross_contrast_max_db": 9.01,
        "co_snr_median_db": 18.03,
        "cross_snr_median_db": 8.45,
        "review_status": "unreviewed",
        "possible_confusions": "ridge, ship, fast ice, unresolved land, speckle",
        "stream": "kara:sentinel-1c:93:descending:vv,vh",
        "repeat_track_id": "40e29d93ffe39bd0",
        "repeat_observations": 1,
        "repeat_span_days": 0.0,
        "repeat_excursion_m": 0.0,
        "persistent_location_candidate": false
      }
    },
    {
      "type": "Feature",
      "geometry": {
        "type": "MultiPolygon",
        "coordinates": [
          [
            [
              [
                74.52590074274396,
                73.48346935944365
              ],
              [
                74.52439853622657,
                73.4833485691927
              ],
              [
                74.52448171717242,
                73.48326130964747
              ],
              [
                74.52508259425312,
                73.48330962687531
              ],
              [
                74.52516577141736,
                73.48322236703703
              ],
              [
                74.52486533389549,
                73.4831982087761
              ],
              [
                74.52494851164207,
                73.4831109490162
              ],
              [
                74.52554938464885,
                73.48315926483208
              ],
              [
                74.52546620981154,
                73.48324652483961
              ],
              [
                74.52576664907801,
                73.48327068218384
              ],
              [
                74.52568347482308,
                73.48335794226973
              ],
              [
                74.5259839164165,
                73.4833820992794
              ],
              [
                74.52590074274396,
                73.48346935944365
              ]
            ]
          ]
        ]
      },
      "properties": {
        "id": "bf1c5a84d35c929d",
        "region": "kara",
        "class": "unclassified_radar_target",
        "ice_identity": "unverified",
        "grounding": "unverified",
        "confidence": "low",
        "observed_at": "2026-01-24T01:53:12.221491Z",
        "source_id": "S1C_IW_GRDH_1SDV_20260124T015257_20260124T015326_006039_00C1B6",
        "source_level": "L1",
        "radar_area_m2": 900.0,
        "radar_equivalent_diameter_m": 33.85,
        "physical_floe_diameter_m": null,
        "longitude": 74.5252467,
        "latitude": 73.4833072,
        "native_spacing_m": 10,
        "effective_resolution_m": "20 x 22",
        "co_contrast_max_db": 8.09,
        "cross_contrast_max_db": 6.1,
        "co_snr_median_db": 17.05,
        "cross_snr_median_db": 5.31,
        "review_status": "unreviewed",
        "possible_confusions": "ridge, ship, fast ice, unresolved land, speckle",
        "stream": "kara:sentinel-1c:93:descending:vv,vh",
        "repeat_track_id": "bf1c5a84d35c929d",
        "repeat_observations": 1,
        "repeat_span_days": 0.0,
        "repeat_excursion_m": 0.0,
        "persistent_location_candidate": false
      }
    },
    {
      "type": "Feature",
      "geometry": {
        "type": "MultiPolygon",
        "coordinates": [
          [
            [
              [
                74.52858063889154,
                73.4813361484095
              ],
              [
                74.52828023046298,
                73.48131199528729
              ],
              [
                74.52836338087835,
                73.48122473386344
              ],
              [
                74.52776256954581,
                73.48117642649163
              ],
              [
                74.52801202428654,
                73.4809146426901
              ],
              [
                74.52831242515377,
                73.48093879623384
              ],
              [
                74.5282292758998,
                73.4810260576702
              ],
              [
                74.5285296790933,
                73.48105021087945
              ],
              [
                74.52844653042177,
                73.48113747239414
              ],
              [
                74.5290473423332,
                73.48118577768514
              ],
              [
                74.52896419569856,
                73.48127303940197
              ],
              [
                74.5286637878525,
                73.48124888686185
              ],
              [
                74.52858063889154,
                73.4813361484095
              ]
            ]
          ]
        ]
      },
      "properties": {
        "id": "ae573f8f4a0ea4e9",
        "region": "kara",
        "class": "unclassified_radar_target",
        "ice_identity": "unverified",
        "grounding": "unverified",
        "confidence": "low",
        "observed_at": "2026-01-24T01:53:12.221491Z",
        "source_id": "S1C_IW_GRDH_1SDV_20260124T015257_20260124T015326_006039_00C1B6",
        "source_level": "L1",
        "radar_area_m2": 800.0,
        "radar_equivalent_diameter_m": 31.92,
        "physical_floe_diameter_m": null,
        "longitude": 74.5283235,
        "latitude": 73.4811393,
        "native_spacing_m": 10,
        "effective_resolution_m": "20 x 22",
        "co_contrast_max_db": 9.24,
        "cross_contrast_max_db": 6.86,
        "co_snr_median_db": 16.34,
        "cross_snr_median_db": 4.35,
        "review_status": "unreviewed",
        "possible_confusions": "ridge, ship, fast ice, unresolved land, speckle",
        "stream": "kara:sentinel-1c:93:descending:vv,vh",
        "repeat_track_id": "ae573f8f4a0ea4e9",
        "repeat_observations": 1,
        "repeat_span_days": 0.0,
        "repeat_excursion_m": 0.0,
        "persistent_location_candidate": false
      }
    },
    {
      "type": "Feature",
      "geometry": {
        "type": "MultiPolygon",
        "coordinates": [
          [
            [
              [
                74.52951403734163,
                73.48103540582578
              ],
              [
                74.52921363298685,
                73.48101125411526
              ],
              [
                74.52929677700591,
                73.48092399226218
              ],
              [
                74.52839557353586,
                73.48085153475205
              ],
              [
                74.52847872104606,
                73.48076427322482
              ],
              [
                74.52907951957889,
                73.48081257844237
              ],
              [
                74.52916266330858,
                73.4807253166222
              ],
              [
                74.5300638632836,
                73.48079777063994
              ],
              [
                74.52998072391696,
                73.48088503283138
              ],
              [
                74.5302811271066,
                73.48090918337776
              ],
              [
                74.53019798832254,
                73.48099644564752
              ],
              [
                74.52959717990629,
                73.48094814384893
              ],
              [
                74.52951403734163,
                73.48103540582578
              ]
            ]
          ]
        ]
      },
      "properties": {
        "id": "10337fd85f488c71",
        "region": "kara",
        "class": "unclassified_radar_target",
        "ice_identity": "unverified",
        "grounding": "unverified",
        "confidence": "low",
        "observed_at": "2026-01-24T01:53:12.221491Z",
        "source_id": "S1C_IW_GRDH_1SDV_20260124T015257_20260124T015326_006039_00C1B6",
        "source_level": "L1",
        "radar_area_m2": 1000.0,
        "radar_equivalent_diameter_m": 35.68,
        "physical_floe_diameter_m": null,
        "longitude": 74.5294151,
        "latitude": 73.4808677,
        "native_spacing_m": 10,
        "effective_resolution_m": "20 x 22",
        "co_contrast_max_db": 9.8,
        "cross_contrast_max_db": 8.51,
        "co_snr_median_db": 17.26,
        "cross_snr_median_db": 6.99,
        "review_status": "unreviewed",
        "possible_confusions": "ridge, ship, fast ice, unresolved land, speckle",
        "stream": "kara:sentinel-1c:93:descending:vv,vh",
        "repeat_track_id": "10337fd85f488c71",
        "repeat_observations": 1,
        "repeat_span_days": 0.0,
        "repeat_excursion_m": 0.0,
        "persistent_location_candidate": false
      }
    },
    {
      "type": "Feature",
      "geometry": {
        "type": "MultiPolygon",
        "coordinates": [
          [
            [
              [
                74.53062696274854,
                73.4795277964358
              ],
              [
                74.53032658398806,
                73.47950364637069
              ],
              [
                74.53057597333404,
                73.47924185873008
              ],
              [
                74.53087634773213,
                73.47926600842396
              ],
              [
                74.53095947431679,
                73.47917874566255
              ],
              [
                74.5306591013728,
                73.47915459609239
              ],
              [
                74.53074222853998,
                73.47906733340928
              ],
              [
                74.53134297239133,
                73.47911563184387
              ],
              [
                74.53142609577876,
                73.47902836886786
              ],
              [
                74.53172646755766,
                73.47905251727404
              ],
              [
                74.53164334562435,
                73.47913978037376
              ],
              [
                74.53194371972889,
                73.47916392844539
              ],
              [
                74.53186059837817,
                73.4792511916234
              ],
              [
                74.5315602228195,
                73.47922704342805
              ],
              [
                74.5313939745951,
                73.47940156940044
              ],
              [
                74.53079322027588,
                73.47935327114
              ],
              [
                74.53062696274854,
                73.4795277964358
              ]
            ]
          ]
        ]
      },
      "properties": {
        "id": "339bee9a7da5cf04",
        "region": "kara",
        "class": "unclassified_radar_target",
        "ice_identity": "unverified",
        "grounding": "unverified",
        "confidence": "low",
        "observed_at": "2026-01-24T01:53:12.221491Z",
        "source_id": "S1C_IW_GRDH_1SDV_20260124T015257_20260124T015326_006039_00C1B6",
        "source_level": "L1",
        "radar_area_m2": 1200.0,
        "radar_equivalent_diameter_m": 39.09,
        "physical_floe_diameter_m": null,
        "longitude": 74.5311043,
        "latitude": 73.479253,
        "native_spacing_m": 10,
        "effective_resolution_m": "20 x 22",
        "co_contrast_max_db": 9.5,
        "cross_contrast_max_db": 7.63,
        "co_snr_median_db": 18.19,
        "cross_snr_median_db": 6.69,
        "review_status": "unreviewed",
        "possible_confusions": "ridge, ship, fast ice, unresolved land, speckle",
        "stream": "kara:sentinel-1c:93:descending:vv,vh",
        "repeat_track_id": "339bee9a7da5cf04",
        "repeat_observations": 1,
        "repeat_span_days": 0.0,
        "repeat_excursion_m": 0.0,
        "persistent_location_candidate": false
      }
    },
    {
      "type": "Feature",
      "geometry": {
        "type": "MultiPolygon",
        "coordinates": [
          [
            [
              [
                74.56163884140193,
                73.47581875265466
              ],
              [
                74.56133848461933,
                73.47579464970295
              ],
              [
                74.5615043829016,
                73.47562009765504
              ],
              [
                74.56120402989752,
                73.475595994492
              ],
              [
                74.56145287516173,
                73.47533416645103
              ],
              [
                74.56115252739043,
                73.47531006320014
              ],
              [
                74.56131842279378,
                73.4751355111934
              ],
              [
                74.56101807880079,
                73.47511140773119
              ],
              [
                74.56110102665232,
                73.4750241317834
              ],
              [
                74.561401369191,
                73.47504823512213
              ],
              [
                74.56148431471863,
                73.47496095900557
              ],
              [
                74.5617846566726,
                73.47498506176255
              ],
              [
                74.56161876765637,
                73.47515961419735
              ],
              [
                74.56191911338857,
                73.47518371674298
              ],
              [
                74.56183616903041,
                73.47527099301593
              ],
              [
                74.56213651708656,
                73.47529509522676
              ],
              [
                74.56205357331316,
                73.47538237157794
              ],
              [
                74.56175322380265,
                73.47535826924364
              ],
              [
                74.56167027770526,
                73.47544554542603
              ],
              [
                74.5619706286702,
                73.47546964788383
              ],
              [
                74.56163884140193,
                73.47581875265466
              ]
            ]
          ]
        ]
      },
      "properties": {
        "id": "e1a57c16c5acc756",
        "region": "kara",
        "class": "unclassified_radar_target",
        "ice_identity": "unverified",
        "grounding": "unverified",
        "confidence": "low",
        "observed_at": "2026-01-24T01:53:12.221491Z",
        "source_id": "S1C_IW_GRDH_1SDV_20260124T015257_20260124T015326_006039_00C1B6",
        "source_level": "L1",
        "radar_area_m2": 1500.0,
        "radar_equivalent_diameter_m": 43.7,
        "physical_floe_diameter_m": null,
        "longitude": 74.5615637,
        "latitude": 73.475365,
        "native_spacing_m": 10,
        "effective_resolution_m": "20 x 22",
        "co_contrast_max_db": 8.67,
        "cross_contrast_max_db": 11.73,
        "co_snr_median_db": 17.99,
        "cross_snr_median_db": 8.92,
        "review_status": "unreviewed",
        "possible_confusions": "ridge, ship, fast ice, unresolved land, speckle",
        "stream": "kara:sentinel-1c:93:descending:vv,vh",
        "repeat_track_id": "e1a57c16c5acc756",
        "repeat_observations": 1,
        "repeat_span_days": 0.0,
        "repeat_excursion_m": 0.0,
        "persistent_location_candidate": false
      }
    },
    {
      "type": "Feature",
      "geometry": {
        "type": "MultiPolygon",
        "coordinates": [
          [
            [
              [
                74.38815165991096,
                73.46049255219651
              ],
              [
                74.38785183167923,
                73.46046818458179
              ],
              [
                74.38793561319578,
                73.46038098014003
              ],
              [
                74.38763578728738,
                73.46035661219277
              ],
              [
                74.38780335058287,
                73.4601822034205
              ],
              [
                74.38720370718238,
                73.46013346665302
              ],
              [
                74.38737127275614,
                73.45995905819518
              ],
              [
                74.38767109112517,
                73.45998342655825
              ],
              [
                74.38775487115043,
                73.45989622213571
              ],
              [
                74.3880546889499,
                73.45992058991703
              ],
              [
                74.38797091037102,
                73.46000779446419
              ],
              [
                74.38827073049367,
                73.460032161913
              ],
              [
                74.38810317359837,
                73.46020657111852
              ],
              [
                74.38840299749069,
                73.4602309383594
              ],
              [
                74.38815165991096,
                73.46049255219651
              ]
            ]
          ]
        ]
      },
      "properties": {
        "id": "6ba3c8bf6038ef70",
        "region": "kara",
        "class": "unclassified_radar_target",
        "ice_identity": "unverified",
        "grounding": "unverified",
        "confidence": "low",
        "observed_at": "2026-01-24T01:53:12.221491Z",
        "source_id": "S1C_IW_GRDH_1SDV_20260124T015257_20260124T015326_006039_00C1B6",
        "source_level": "L1",
        "radar_area_m2": 1200.0,
        "radar_equivalent_diameter_m": 39.09,
        "physical_floe_diameter_m": null,
        "longitude": 74.3878673,
        "latitude": 73.4601717,
        "native_spacing_m": 10,
        "effective_resolution_m": "20 x 22",
        "co_contrast_max_db": 7.86,
        "cross_contrast_max_db": 10.98,
        "co_snr_median_db": 21.3,
        "cross_snr_median_db": 16.85,
        "review_status": "unreviewed",
        "possible_confusions": "ridge, ship, fast ice, unresolved land, speckle",
        "stream": "kara:sentinel-1c:93:descending:vv,vh",
        "repeat_track_id": "6ba3c8bf6038ef70",
        "repeat_observations": 1,
        "repeat_span_days": 0.0,
        "repeat_excursion_m": 0.0,
        "persistent_location_candidate": false
      }
    },
    {
      "type": "Feature",
      "geometry": {
        "type": "MultiPolygon",
        "coordinates": [
          [
            [
              [
                74.64721761848665,
                73.47862735021648
              ],
              [
                74.64691708744341,
                73.47860337774148
              ],
              [
                74.64716462920359,
                73.47834144289446
              ],
              [
                74.64686410339846,
                73.47831747032936
              ],
              [
                74.64678158888653,
                73.47840478186704
              ],
              [
                74.64648106248953,
                73.47838080872032
              ],
              [
                74.64656357845895,
                73.4782934973055
              ],
              [
                74.64626305438503,
                73.47826952382293
              ],
              [
                74.6463455709463,
                73.4781822124861
              ],
              [
                74.64664609356275,
                73.47820618584579
              ],
              [
                74.64672860780095,
                73.47811887434118
              ],
              [
                74.64702912982557,
                73.47814284711922
              ],
              [
                74.64694661704482,
                73.47823015874674
              ],
              [
                74.64754766660569,
                73.47827810317243
              ],
              [
                74.64738264427733,
                73.47845272678427
              ],
              [
                74.64768317327112,
                73.47847669855476
              ],
              [
                74.6476006622661,
                73.4785640104162
              ],
              [
                74.64730013181479,
                73.47854003852282
              ],
              [
                74.64721761848665,
                73.47862735021648
              ]
            ]
          ]
        ]
      },
      "properties": {
        "id": "6d6ffbe7d0004440",
        "region": "kara",
        "class": "unclassified_radar_target",
        "ice_identity": "unverified",
        "grounding": "unverified",
        "confidence": "low",
        "observed_at": "2026-01-24T01:53:12.221491Z",
        "source_id": "S1C_IW_GRDH_1SDV_20260124T015257_20260124T015326_006039_00C1B6",
        "source_level": "L1",
        "radar_area_m2": 1000.0,
        "radar_equivalent_diameter_m": 35.68,
        "physical_floe_diameter_m": null,
        "longitude": 74.6470197,
        "latitude": 73.478358,
        "native_spacing_m": 10,
        "effective_resolution_m": "20 x 22",
        "co_contrast_max_db": 8.93,
        "cross_contrast_max_db": 8.86,
        "co_snr_median_db": 20.06,
        "cross_snr_median_db": 11.56,
        "review_status": "unreviewed",
        "possible_confusions": "ridge, ship, fast ice, unresolved land, speckle",
        "stream": "kara:sentinel-1c:93:descending:vv,vh",
        "repeat_track_id": "6d6ffbe7d0004440",
        "repeat_observations": 1,
        "repeat_span_days": 0.0,
        "repeat_excursion_m": 0.0,
        "persistent_location_candidate": false
      }
    },
    {
      "type": "Feature",
      "geometry": {
        "type": "MultiPolygon",
        "coordinates": [
          [
            [
              [
                74.39541275205691,
                73.45798017491337
              ],
              [
                74.39481316563474,
                73.45793146116311
              ],
              [
                74.39489689797631,
                73.45784425345958
              ],
              [
                74.39459710752581,
                73.45781989602334
              ],
              [
                74.39468084043739,
                73.45773268839837
              ],
              [
                74.39498062944165,
                73.45775704571007
              ],
              [
                74.39506436003077,
                73.45766983791458
              ],
              [
                74.39476457247272,
                73.45764548072744
              ],
              [
                74.39484830363186,
                73.45755827301052
              ],
              [
                74.3960474533363,
                73.45765569851832
              ],
              [
                74.3957962745851,
                73.45791732302565
              ],
              [
                74.39549648150596,
                73.45789296696074
              ],
              [
                74.39541275205691,
                73.45798017491337
              ]
            ]
          ]
        ]
      },
      "properties": {
        "id": "72e3caec79237bbd",
        "region": "kara",
        "class": "unclassified_radar_target",
        "ice_identity": "unverified",
        "grounding": "unverified",
        "confidence": "low",
        "observed_at": "2026-01-24T01:53:12.221491Z",
        "source_id": "S1C_IW_GRDH_1SDV_20260124T015257_20260124T015326_006039_00C1B6",
        "source_level": "L1",
        "radar_area_m2": 1300.0,
        "radar_equivalent_diameter_m": 40.68,
        "physical_floe_diameter_m": null,
        "longitude": 74.3953311,
        "latitude": 73.4577674,
        "native_spacing_m": 10,
        "effective_resolution_m": "20 x 22",
        "co_contrast_max_db": 11.06,
        "cross_contrast_max_db": 11.53,
        "co_snr_median_db": 23.39,
        "cross_snr_median_db": 16.85,
        "review_status": "unreviewed",
        "possible_confusions": "ridge, ship, fast ice, unresolved land, speckle",
        "stream": "kara:sentinel-1c:93:descending:vv,vh",
        "repeat_track_id": "72e3caec79237bbd",
        "repeat_observations": 1,
        "repeat_span_days": 0.0,
        "repeat_excursion_m": 0.0,
        "persistent_location_candidate": false
      }
    },
    {
      "type": "Feature",
      "geometry": {
        "type": "MultiPolygon",
        "coordinates": [
          [
            [
              [
                74.65019939149094,
                73.47820792382149
              ],
              [
                74.64989886372629,
                73.47818395587666
              ],
              [
                74.64998136079312,
                73.47809664300854
              ],
              [
                74.64968083535142,
                73.47807267472783
              ],
              [
                74.64984582980385,
                73.47789804910262
              ],
              [
                74.65014635233052,
                73.47792201713762
              ],
              [
                74.65022884680113,
                73.47783470413479
              ],
              [
                74.65082989153564,
                73.47788263858281
              ],
              [
                74.65091238222587,
                73.47779532528939
              ],
              [
                74.65121290443365,
                73.4778192917024
              ],
              [
                74.65113041520091,
                73.47790660511868
              ],
              [
                74.65143093973154,
                73.47793057119583
              ],
              [
                74.65118347121391,
                73.47819251154387
              ],
              [
                74.65088294231063,
                73.47816854509816
              ],
              [
                74.65080044961647,
                73.47825585833488
              ],
              [
                74.65049992012099,
                73.47823189130757
              ],
              [
                74.65058241427273,
                73.47814457819372
              ],
              [
                74.65028188710022,
                73.47812061083053
              ],
              [
                74.65019939149094,
                73.47820792382149
              ]
            ]
          ]
        ]
      },
      "properties": {
        "id": "0999975165e810a1",
        "region": "kara",
        "class": "unclassified_radar_target",
        "ice_identity": "unverified",
        "grounding": "unverified",
        "confidence": "low",
        "observed_at": "2026-01-24T01:53:12.221491Z",
        "source_id": "S1C_IW_GRDH_1SDV_20260124T015257_20260124T015326_006039_00C1B6",
        "source_level": "L1",
        "radar_area_m2": 1700.0,
        "radar_equivalent_diameter_m": 46.52,
        "physical_floe_diameter_m": null,
        "longitude": 74.6505944,
        "latitude": 73.4780213,
        "native_spacing_m": 10,
        "effective_resolution_m": "20 x 22",
        "co_contrast_max_db": 8.11,
        "cross_contrast_max_db": 11.26,
        "co_snr_median_db": 19.97,
        "cross_snr_median_db": 13.12,
        "review_status": "unreviewed",
        "possible_confusions": "ridge, ship, fast ice, unresolved land, speckle",
        "stream": "kara:sentinel-1c:93:descending:vv,vh",
        "repeat_track_id": "0999975165e810a1",
        "repeat_observations": 1,
        "repeat_span_days": 0.0,
        "repeat_excursion_m": 0.0,
        "persistent_location_candidate": false
      }
    },
    {
      "type": "Feature",
      "geometry": {
        "type": "MultiPolygon",
        "coordinates": [
          [
            [
              [
                74.39181528610034,
                73.45768786498546
              ],
              [
                74.39151550296671,
                73.45766350285366
              ],
              [
                74.39159925121619,
                73.45757629652027
              ],
              [
                74.39099969047025,
                73.45752757113452
              ],
              [
                74.39158592392369,
                73.45691712725709
              ],
              [
                74.39188569373626,
                73.45694148930652
              ],
              [
                74.39196943642118,
                73.45685428272984
              ],
              [
                74.39226920566404,
                73.45687864419763
              ],
              [
                74.3921854644251,
                73.4569658508989
              ],
              [
                74.39248523599024,
                73.45699021203419
              ],
              [
                74.39256897578315,
                73.45690300520835
              ],
              [
                74.39286874677852,
                73.45692736576201
              ],
              [
                74.39303622084364,
                73.45675295172332
              ],
              [
                74.39363575967899,
                73.45680167096118
              ],
              [
                74.39355202597656,
                73.45688887825266
              ],
              [
                74.39385179815454,
                73.45691323731052
              ],
              [
                74.39376806502197,
                73.45700044468055
              ],
              [
                74.39406783952218,
                73.45702480340589
              ],
              [
                74.3939841069595,
                73.45711201085447
              ],
              [
                74.39488344005551,
                73.45718508466162
              ],
              [
                74.39479971095496,
                73.45727229243788
              ],
              [
                74.39420015178919,
                73.45722357677445
              ],
              [
                74.39411641892022,
                73.45731078425564
              ],
              [
                74.39351686036703,
                73.45726206651474
              ],
              [
                74.39343312372958,
                73.45734927370086
              ],
              [
                74.39373290401417,
                73.4573736329244
              ],
              [
                74.39364916794662,
                73.45746084018907
              ],
              [
                74.3933493862159,
                73.45743648084098
              ],
              [
                74.39326564782596,
                73.45752368793516
              ],
              [
                74.3926660841011,
                73.45747496761855
              ],
              [
                74.39274982538328,
                73.45738776077351
              ],
              [
                74.39245004628138,
                73.45736340005415
              ],
              [
                74.3921988154676,
                73.45762502007766
              ],
              [
                74.39189903290371,
                73.4576006585275
              ],
              [
                74.39181528610034,
                73.45768786498546
              ]
            ]
          ]
        ]
      },
      "properties": {
        "id": "5dde4a66f1ac76ce",
        "region": "kara",
        "class": "unclassified_radar_target",
        "ice_identity": "unverified",
        "grounding": "unverified",
        "confidence": "low",
        "observed_at": "2026-01-24T01:53:12.221491Z",
        "source_id": "S1C_IW_GRDH_1SDV_20260124T015257_20260124T015326_006039_00C1B6",
        "source_level": "L1",
        "radar_area_m2": 6100.0,
        "radar_equivalent_diameter_m": 88.13,
        "physical_floe_diameter_m": null,
        "longitude": 74.3926372,
        "latitude": 73.4572099,
        "native_spacing_m": 10,
        "effective_resolution_m": "20 x 22",
        "co_contrast_max_db": 10.84,
        "cross_contrast_max_db": 12.63,
        "co_snr_median_db": 23.87,
        "cross_snr_median_db": 17.91,
        "review_status": "unreviewed",
        "possible_confusions": "ridge, ship, fast ice, unresolved land, speckle",
        "stream": "kara:sentinel-1c:93:descending:vv,vh",
        "repeat_track_id": "5dde4a66f1ac76ce",
        "repeat_observations": 1,
        "repeat_span_days": 0.0,
        "repeat_excursion_m": 0.0,
        "persistent_location_candidate": false
      }
    },
    {
      "type": "Feature",
      "geometry": {
        "type": "MultiPolygon",
        "coordinates": [
          [
            [
              [
                74.64596866543634,
                73.47721320353703
              ],
              [
                74.64566816172113,
                73.4771892291126
              ],
              [
                74.64575067604771,
                73.47710191789614
              ],
              [
                74.64514967412838,
                73.47705396791693
              ],
              [
                74.64523219050385,
                73.47696665690135
              ],
              [
                74.64493169229968,
                73.47694268134659
              ],
              [
                74.6450967253683,
                73.47676805942645
              ],
              [
                74.64539722065814,
                73.47679203473542
              ],
              [
                74.64531470601375,
                73.47687934584084
              ],
              [
                74.64561520362626,
                73.47690332081405
              ],
              [
                74.64569771681347,
                73.47681600958572
              ],
              [
                74.64599821383432,
                73.47683998397734
              ],
              [
                74.64591570210429,
                73.47692729532852
              ],
              [
                74.64621620144783,
                73.47695126938429
              ],
              [
                74.64596866543634,
                73.47721320353703
              ]
            ]
          ]
        ]
      },
      "properties": {
        "id": "5c6688c9fd0dcb97",
        "region": "kara",
        "class": "unclassified_radar_target",
        "ice_identity": "unverified",
        "grounding": "unverified",
        "confidence": "low",
        "observed_at": "2026-01-24T01:53:12.221491Z",
        "source_id": "S1C_IW_GRDH_1SDV_20260124T015257_20260124T015326_006039_00C1B6",
        "source_level": "L1",
        "radar_area_m2": 1000.0,
        "radar_equivalent_diameter_m": 35.68,
        "physical_floe_diameter_m": null,
        "longitude": 74.6456093,
        "latitude": 73.476978,
        "native_spacing_m": 10,
        "effective_resolution_m": "20 x 22",
        "co_contrast_max_db": 8.84,
        "cross_contrast_max_db": 7.62,
        "co_snr_median_db": 21.43,
        "cross_snr_median_db": 10.9,
        "review_status": "unreviewed",
        "possible_confusions": "ridge, ship, fast ice, unresolved land, speckle",
        "stream": "kara:sentinel-1c:93:descending:vv,vh",
        "repeat_track_id": "5c6688c9fd0dcb97",
        "repeat_observations": 1,
        "repeat_span_days": 0.0,
        "repeat_excursion_m": 0.0,
        "persistent_location_candidate": false
      }
    },
    {
      "type": "Feature",
      "geometry": {
        "type": "MultiPolygon",
        "coordinates": [
          [
            [
              [
                74.39356038095862,
                73.45519734903603
              ],
              [
                74.39326064006325,
                73.4551729894776
              ],
              [
                74.39351181725858,
                73.45491136722444
              ],
              [
                74.39441102956113,
                73.45498444340787
              ],
              [
                74.39415986537736,
                73.45524606678181
              ],
              [
                74.39386012272999,
                73.45522170813744
              ],
              [
                74.3939438464463,
                73.45513450051664
              ],
              [
                74.39364410612066,
                73.45511014153975
              ],
              [
                74.39356038095862,
                73.45519734903603
              ]
            ]
          ]
        ]
      },
      "properties": {
        "id": "3cb74c0dc1f543d5",
        "region": "kara",
        "class": "unclassified_radar_target",
        "ice_identity": "unverified",
        "grounding": "unverified",
        "confidence": "low",
        "observed_at": "2026-01-24T01:53:12.221491Z",
        "source_id": "S1C_IW_GRDH_1SDV_20260124T015257_20260124T015326_006039_00C1B6",
        "source_level": "L1",
        "radar_area_m2": 800.0,
        "radar_equivalent_diameter_m": 31.92,
        "physical_floe_diameter_m": null,
        "longitude": 74.3938463,
        "latitude": 73.4550678,
        "native_spacing_m": 10,
        "effective_resolution_m": "20 x 22",
        "co_contrast_max_db": 8.88,
        "cross_contrast_max_db": 10.14,
        "co_snr_median_db": 22.47,
        "cross_snr_median_db": 17.07,
        "review_status": "unreviewed",
        "possible_confusions": "ridge, ship, fast ice, unresolved land, speckle",
        "stream": "kara:sentinel-1c:93:descending:vv,vh",
        "repeat_track_id": "3cb74c0dc1f543d5",
        "repeat_observations": 1,
        "repeat_span_days": 0.0,
        "repeat_excursion_m": 0.0,
        "persistent_location_candidate": false
      }
    },
    {
      "type": "Feature",
      "geometry": {
        "type": "MultiPolygon",
        "coordinates": [
          [
            [
              [
                74.67022408665287,
                73.4744524116103
              ],
              [
                74.66992359786614,
                73.47442847406002
              ],
              [
                74.67000597131116,
                73.47434115237354
              ],
              [
                74.66940499924469,
                73.47429327614216
              ],
              [
                74.6695697493725,
                73.47411863312556
              ],
              [
                74.67017071560916,
                73.47416650886615
              ],
              [
                74.6702530864622,
                73.47407918704525
              ],
              [
                74.67055356941906,
                73.47410312410473
              ],
              [
                74.67022408665287,
                73.4744524116103
              ]
            ]
          ]
        ]
      },
      "properties": {
        "id": "e490aafe8744ad5c",
        "region": "kara",
        "class": "unclassified_radar_target",
        "ice_identity": "unverified",
        "grounding": "unverified",
        "confidence": "low",
        "observed_at": "2026-01-24T01:53:12.221491Z",
        "source_id": "S1C_IW_GRDH_1SDV_20260124T015257_20260124T015326_006039_00C1B6",
        "source_level": "L1",
        "radar_area_m2": 800.0,
        "radar_equivalent_diameter_m": 31.92,
        "physical_floe_diameter_m": null,
        "longitude": 74.6700132,
        "latitude": 73.4742478,
        "native_spacing_m": 10,
        "effective_resolution_m": "20 x 22",
        "co_contrast_max_db": 7.91,
        "cross_contrast_max_db": 6.95,
        "co_snr_median_db": 19.53,
        "cross_snr_median_db": 8.29,
        "review_status": "unreviewed",
        "possible_confusions": "ridge, ship, fast ice, unresolved land, speckle",
        "stream": "kara:sentinel-1c:93:descending:vv,vh",
        "repeat_track_id": "e490aafe8744ad5c",
        "repeat_observations": 1,
        "repeat_span_days": 0.0,
        "repeat_excursion_m": 0.0,
        "persistent_location_candidate": false
      }
    },
    {
      "type": "Feature",
      "geometry": {
        "type": "MultiPolygon",
        "coordinates": [
          [
            [
              [
                74.51001662205681,
                73.46011169932058
              ],
              [
                74.50971662316007,
                73.46008751722727
              ],
              [
                74.50979976487518,
                73.46000026110876
              ],
              [
                74.50949976829924,
                73.45997607868152
              ],
              [
                74.50966605201774,
                73.45980156655558
              ],
              [
                74.50996604569349,
                73.45982574873537
              ],
              [
                74.5100491847967,
                73.45973849248044
              ],
              [
                74.51034917789298,
                73.4597626740788
              ],
              [
                74.51026604023986,
                73.45984993045747
              ],
              [
                74.51056603565684,
                73.4598741117219
              ],
              [
                74.51039976063902,
                73.46004862459026
              ],
              [
                74.51009976232179,
                73.46002444307834
              ],
              [
                74.51001662205681,
                73.46011169932058
              ]
            ]
          ]
        ]
      },
      "properties": {
        "id": "8e1d54ce947bb7af",
        "region": "kara",
        "class": "unclassified_radar_target",
        "ice_identity": "unverified",
        "grounding": "unverified",
        "confidence": "low",
        "observed_at": "2026-01-24T01:53:12.221491Z",
        "source_id": "S1C_IW_GRDH_1SDV_20260124T015257_20260124T015326_006039_00C1B6",
        "source_level": "L1",
        "radar_area_m2": 800.0,
        "radar_equivalent_diameter_m": 31.92,
        "physical_floe_diameter_m": null,
        "longitude": 74.5100329,
        "latitude": 73.4599251,
        "native_spacing_m": 10,
        "effective_resolution_m": "20 x 22",
        "co_contrast_max_db": 9.55,
        "cross_contrast_max_db": 8.95,
        "co_snr_median_db": 18.54,
        "cross_snr_median_db": 7.17,
        "review_status": "unreviewed",
        "possible_confusions": "ridge, ship, fast ice, unresolved land, speckle",
        "stream": "kara:sentinel-1c:93:descending:vv,vh",
        "repeat_track_id": "8e1d54ce947bb7af",
        "repeat_observations": 1,
        "repeat_span_days": 0.0,
        "repeat_excursion_m": 0.0,
        "persistent_location_candidate": false
      }
    },
    {
      "type": "Feature",
      "geometry": {
        "type": "MultiPolygon",
        "coordinates": [
          [
            [
              [
                129.47565073506098,
                73.88317270700145
              ],
              [
                129.4754041769771,
                73.88323023811525
              ],
              [
                129.47520110803345,
                73.88316038630076
              ],
              [
                129.47495454854314,
                73.88321791686734
              ],
              [
                129.47475148168846,
                73.88314806460025
              ],
              [
                129.4742583581473,
                73.88326312433401
              ],
              [
                129.474055293723,
                73.88319327137206
              ],
              [
                129.4743018560261,
                73.88313574189992
              ],
              [
                129.4738957317379,
                73.88299603582938
              ],
              [
                129.47438884973567,
                73.88288097693899
              ],
              [
                129.47479497538922,
                73.88302068204065
              ],
              [
                129.47504153244924,
                73.88296315165354
              ],
              [
                129.47565073506098,
                73.88317270700145
              ]
            ]
          ]
        ]
      },
      "properties": {
        "id": "92c0c256898547e3",
        "region": "laptev",
        "class": "unclassified_radar_target",
        "ice_identity": "unverified",
        "grounding": "unverified",
        "confidence": "low",
        "observed_at": "2025-12-08T22:19:12.733851Z",
        "source_id": "S1C_IW_GRDH_1SDV_20251208T221858_20251208T221927_005366_00AAC3",
        "source_level": "L1",
        "radar_area_m2": 1100.0,
        "radar_equivalent_diameter_m": 37.42,
        "physical_floe_diameter_m": null,
        "longitude": 129.4746915,
        "latitude": 73.8830821,
        "native_spacing_m": 10,
        "effective_resolution_m": "20 x 22",
        "co_contrast_max_db": 8.31,
        "cross_contrast_max_db": 7.93,
        "co_snr_median_db": 17.47,
        "cross_snr_median_db": 5.37,
        "review_status": "unreviewed",
        "possible_confusions": "ridge, ship, fast ice, unresolved land, speckle",
        "stream": "laptev:sentinel-1c:120:descending:vv,vh",
        "repeat_track_id": "92c0c256898547e3",
        "repeat_observations": 1,
        "repeat_span_days": 0.0,
        "repeat_excursion_m": 0.0,
        "persistent_location_candidate": false
      }
    },
    {
      "type": "Feature",
      "geometry": {
        "type": "MultiPolygon",
        "coordinates": [
          [
            [
              [
                129.64010933670826,
                73.84217122248545
              ],
              [
                129.6398639822499,
                73.84222895701107
              ],
              [
                129.63925420023557,
                73.84201988579166
              ],
              [
                129.64023560366942,
                73.84178894877427
              ],
              [
                129.6404388639183,
                73.84185863842455
              ],
              [
                129.64019351534145,
                73.84191637337508
              ],
              [
                129.6403967770016,
                73.84198606305594
              ],
              [
                129.63990607396644,
                73.84210153253211
              ],
              [
                129.64010933670826,
                73.84217122248545
              ]
            ]
          ]
        ]
      },
      "properties": {
        "id": "f257695e1bac1e00",
        "region": "laptev",
        "class": "unclassified_radar_target",
        "ice_identity": "unverified",
        "grounding": "unverified",
        "confidence": "low",
        "observed_at": "2025-12-08T22:19:12.733851Z",
        "source_id": "S1C_IW_GRDH_1SDV_20251208T221858_20251208T221927_005366_00AAC3",
        "source_level": "L1",
        "radar_area_m2": 800.0,
        "radar_equivalent_diameter_m": 31.92,
        "physical_floe_diameter_m": null,
        "longitude": 129.6398816,
        "latitude": 73.8420045,
        "native_spacing_m": 10,
        "effective_resolution_m": "20 x 22",
        "co_contrast_max_db": 11.34,
        "cross_contrast_max_db": 6.57,
        "co_snr_median_db": 23.06,
        "cross_snr_median_db": 5.24,
        "review_status": "unreviewed",
        "possible_confusions": "ridge, ship, fast ice, unresolved land, speckle",
        "stream": "laptev:sentinel-1c:120:descending:vv,vh",
        "repeat_track_id": "f257695e1bac1e00",
        "repeat_observations": 1,
        "repeat_span_days": 0.0,
        "repeat_excursion_m": 0.0,
        "persistent_location_candidate": false
      }
    },
    {
      "type": "Feature",
      "geometry": {
        "type": "MultiPolygon",
        "coordinates": [
          [
            [
              [
                129.5251970993242,
                73.86549651824606
              ],
              [
                129.52495098494072,
                73.8655541110964
              ],
              [
                129.52413875156498,
                73.8652748951162
              ],
              [
                129.52463097588722,
                73.86515971104754
              ],
              [
                129.52503709043629,
                73.86529931849068
              ],
              [
                129.52528320065576,
                73.86524172551589
              ],
              [
                129.5250801421715,
                73.86517192214167
              ],
              [
                129.52532625030906,
                73.86511432910466
              ],
              [
                129.52573236969695,
                73.86525393515846
              ],
              [
                129.52499403802602,
                73.86542671480893
              ],
              [
                129.5251970993242,
                73.86549651824606
              ]
            ]
          ]
        ]
      },
      "properties": {
        "id": "bfb6b83410467b80",
        "region": "laptev",
        "class": "unclassified_radar_target",
        "ice_identity": "unverified",
        "grounding": "unverified",
        "confidence": "low",
        "observed_at": "2025-12-08T22:19:12.733851Z",
        "source_id": "S1C_IW_GRDH_1SDV_20251208T221858_20251208T221927_005366_00AAC3",
        "source_level": "L1",
        "radar_area_m2": 1000.0,
        "radar_equivalent_diameter_m": 35.68,
        "physical_floe_diameter_m": null,
        "longitude": 129.5249183,
        "latitude": 73.8653154,
        "native_spacing_m": 10,
        "effective_resolution_m": "20 x 22",
        "co_contrast_max_db": 9.32,
        "cross_contrast_max_db": 8.46,
        "co_snr_median_db": 19.0,
        "cross_snr_median_db": 4.36,
        "review_status": "unreviewed",
        "possible_confusions": "ridge, ship, fast ice, unresolved land, speckle",
        "stream": "laptev:sentinel-1c:120:descending:vv,vh",
        "repeat_track_id": "bfb6b83410467b80",
        "repeat_observations": 1,
        "repeat_span_days": 0.0,
        "repeat_excursion_m": 0.0,
        "persistent_location_candidate": false
      }
    },
    {
      "type": "Feature",
      "geometry": {
        "type": "MultiPolygon",
        "coordinates": [
          [
            [
              [
                129.58176314256306,
                73.84883548659329
              ],
              [
                129.5807804844338,
                73.84906613683627
              ],
              [
                129.58037429693744,
                73.8489266385087
              ],
              [
                129.58061996341527,
                73.84886897688695
              ],
              [
                129.58041687194603,
                73.84879922764874
              ],
              [
                129.5809081990101,
                73.84868390397853
              ],
              [
                129.58070510861555,
                73.8486141550132
              ],
              [
                129.5811964280466,
                73.84849883061278
              ],
              [
                129.58160261191088,
                73.84863832736508
              ],
              [
                129.58135695239935,
                73.84869599020078
              ],
              [
                129.58176314256306,
                73.84883548659329
              ]
            ]
          ]
        ]
      },
      "properties": {
        "id": "72f25063c15325bb",
        "region": "laptev",
        "class": "unclassified_radar_target",
        "ice_identity": "unverified",
        "grounding": "unverified",
        "confidence": "low",
        "observed_at": "2025-12-08T22:19:12.733851Z",
        "source_id": "S1C_IW_GRDH_1SDV_20251208T221858_20251208T221927_005366_00AAC3",
        "source_level": "L1",
        "radar_area_m2": 1400.0,
        "radar_equivalent_diameter_m": 42.22,
        "physical_floe_diameter_m": null,
        "longitude": 129.5810495,
        "latitude": 73.8487933,
        "native_spacing_m": 10,
        "effective_resolution_m": "20 x 22",
        "co_contrast_max_db": 8.86,
        "cross_contrast_max_db": 7.51,
        "co_snr_median_db": 20.2,
        "cross_snr_median_db": 5.74,
        "review_status": "unreviewed",
        "possible_confusions": "ridge, ship, fast ice, unresolved land, speckle",
        "stream": "laptev:sentinel-1c:120:descending:vv,vh",
        "repeat_track_id": "72f25063c15325bb",
        "repeat_observations": 1,
        "repeat_span_days": 0.0,
        "repeat_excursion_m": 0.0,
        "persistent_location_candidate": false
      }
    },
    {
      "type": "Feature",
      "geometry": {
        "type": "MultiPolygon",
        "coordinates": [
          [
            [
              [
                129.46916924184376,
                73.8742518001001
              ],
              [
                129.46892279623003,
                73.87430932399401
              ],
              [
                129.46871986670348,
                73.87423946484351
              ],
              [
                129.46822697092142,
                73.87435451123251
              ],
              [
                129.46802404382325,
                73.87428465138763
              ],
              [
                129.46827049224578,
                73.87422712858765
              ],
              [
                129.46806756655198,
                73.87415726877461
              ],
              [
                129.4683140128875,
                73.87409974591183
              ],
              [
                129.46851693892262,
                73.87416960548278
              ],
              [
                129.46876338385377,
                73.87411208207303
              ],
              [
                129.46856045747728,
                73.87404222274415
              ],
              [
                129.46880690032145,
                73.8739846992716
              ],
              [
                129.4690098270392,
                73.87405455835838
              ],
              [
                129.469256268479,
                73.87399703433888
              ],
              [
                129.4694591972837,
                73.87406689297336
              ],
              [
                129.4689663119759,
                73.87418194119167
              ],
              [
                129.46916924184376,
                73.8742518001001
              ]
            ]
          ]
        ]
      },
      "properties": {
        "id": "05395a9db5163bf1",
        "region": "laptev",
        "class": "unclassified_radar_target",
        "ice_identity": "unverified",
        "grounding": "unverified",
        "confidence": "low",
        "observed_at": "2025-12-08T22:19:12.733851Z",
        "source_id": "S1C_IW_GRDH_1SDV_20251208T221858_20251208T221927_005366_00AAC3",
        "source_level": "L1",
        "radar_area_m2": 800.0,
        "radar_equivalent_diameter_m": 31.92,
        "physical_floe_diameter_m": null,
        "longitude": 129.4687163,
        "latitude": 73.874167,
        "native_spacing_m": 10,
        "effective_resolution_m": "20 x 22",
        "co_contrast_max_db": 9.19,
        "cross_contrast_max_db": 7.78,
        "co_snr_median_db": 19.12,
        "cross_snr_median_db": 5.33,
        "review_status": "unreviewed",
        "possible_confusions": "ridge, ship, fast ice, unresolved land, speckle",
        "stream": "laptev:sentinel-1c:120:descending:vv,vh",
        "repeat_track_id": "05395a9db5163bf1",
        "repeat_observations": 1,
        "repeat_span_days": 0.0,
        "repeat_excursion_m": 0.0,
        "persistent_location_candidate": false
      }
    },
    {
      "type": "Feature",
      "geometry": {
        "type": "MultiPolygon",
        "coordinates": [
          [
            [
              [
                129.46379165836413,
                73.87339693793965
              ],
              [
                129.46354520667705,
                73.87345445534199
              ],
              [
                129.46334231096142,
                73.87338459071341
              ],
              [
                129.46284940303408,
                73.8734996241192
              ],
              [
                129.4622407284097,
                73.87329002752013
              ],
              [
                129.46248718222117,
                73.87323251169583
              ],
              [
                129.46269007235887,
                73.87330237719698
              ],
              [
                129.46293652476652,
                73.87324486082575
              ],
              [
                129.46273363428728,
                73.87317499556667
              ],
              [
                129.46298008460792,
                73.87311747913255
              ],
              [
                129.46257430820228,
                73.87297774846803
              ],
              [
                129.4628207560943,
                73.8729202322131
              ],
              [
                129.46383521190694,
                73.87326955608796
              ],
              [
                129.4635887623069,
                73.87332707355314
              ],
              [
                129.46379165836413,
                73.87339693793965
              ]
            ]
          ]
        ]
      },
      "properties": {
        "id": "5281e3e640352e13",
        "region": "laptev",
        "class": "unclassified_radar_target",
        "ice_identity": "unverified",
        "grounding": "unverified",
        "confidence": "low",
        "observed_at": "2025-12-08T22:19:12.733851Z",
        "source_id": "S1C_IW_GRDH_1SDV_20251208T221858_20251208T221927_005366_00AAC3",
        "source_level": "L1",
        "radar_area_m2": 1400.0,
        "radar_equivalent_diameter_m": 42.22,
        "physical_floe_diameter_m": null,
        "longitude": 129.4630794,
        "latitude": 73.8732534,
        "native_spacing_m": 10,
        "effective_resolution_m": "20 x 22",
        "co_contrast_max_db": 7.52,
        "cross_contrast_max_db": 7.37,
        "co_snr_median_db": 18.79,
        "cross_snr_median_db": 5.04,
        "review_status": "unreviewed",
        "possible_confusions": "ridge, ship, fast ice, unresolved land, speckle",
        "stream": "laptev:sentinel-1c:120:descending:vv,vh",
        "repeat_track_id": "5281e3e640352e13",
        "repeat_observations": 1,
        "repeat_span_days": 0.0,
        "repeat_excursion_m": 0.0,
        "persistent_location_candidate": false
      }
    },
    {
      "type": "Feature",
      "geometry": {
        "type": "MultiPolygon",
        "coordinates": [
          [
            [
              [
                129.57088559327477,
                73.84751378257913
              ],
              [
                129.57063991276289,
                73.84757143245393
              ],
              [
                129.5704368802824,
                73.84750167305246
              ],
              [
                129.56994551470308,
                73.84761697140772
              ],
              [
                129.56953945630178,
                73.84747745100513
              ],
              [
                129.57076785385115,
                73.84718920525869
              ],
              [
                129.57097088385132,
                73.84725896435619
              ],
              [
                129.57072520748972,
                73.84731661435443
              ],
              [
                129.57092823889698,
                73.84738637348299
              ],
              [
                129.57068256046028,
                73.8474440234195
              ],
              [
                129.57088559327477,
                73.84751378257913
              ]
            ]
          ]
        ]
      },
      "properties": {
        "id": "a7392a4a9b44c314",
        "region": "laptev",
        "class": "unclassified_radar_target",
        "ice_identity": "unverified",
        "grounding": "unverified",
        "confidence": "low",
        "observed_at": "2025-12-08T22:19:12.733851Z",
        "source_id": "S1C_IW_GRDH_1SDV_20251208T221858_20251208T221927_005366_00AAC3",
        "source_level": "L1",
        "radar_area_m2": 1000.0,
        "radar_equivalent_diameter_m": 35.68,
        "physical_floe_diameter_m": null,
        "longitude": 129.5703279,
        "latitude": 73.8474216,
        "native_spacing_m": 10,
        "effective_resolution_m": "20 x 22",
        "co_contrast_max_db": 8.78,
        "cross_contrast_max_db": 5.53,
        "co_snr_median_db": 20.48,
        "cross_snr_median_db": 4.51,
        "review_status": "unreviewed",
        "possible_confusions": "ridge, ship, fast ice, unresolved land, speckle",
        "stream": "laptev:sentinel-1c:120:descending:vv,vh",
        "repeat_track_id": "a7392a4a9b44c314",
        "repeat_observations": 1,
        "repeat_span_days": 0.0,
        "repeat_excursion_m": 0.0,
        "persistent_location_candidate": false
      }
    },
    {
      "type": "Feature",
      "geometry": {
        "type": "MultiPolygon",
        "coordinates": [
          [
            [
              [
                129.65869823972184,
                73.8255694195559
              ],
              [
                129.65820816092443,
                73.82568493607603
              ],
              [
                129.6575987627679,
                73.82547591571102
              ],
              [
                129.6583338754077,
                73.82530264265203
              ],
              [
                129.65813074518044,
                73.8252329694995
              ],
              [
                129.65837577892438,
                73.82517521144997
              ],
              [
                129.6587820417719,
                73.82531455706055
              ],
              [
                129.65853700737244,
                73.82537231559337
              ],
              [
                129.65874014107462,
                73.82544198832342
              ],
              [
                129.65849510460993,
                73.82549974679546
              ],
              [
                129.65869823972184,
                73.8255694195559
              ]
            ]
          ]
        ]
      },
      "properties": {
        "id": "1268c1a472df328c",
        "region": "laptev",
        "class": "unclassified_radar_target",
        "ice_identity": "unverified",
        "grounding": "unverified",
        "confidence": "low",
        "observed_at": "2025-12-08T22:19:12.733851Z",
        "source_id": "S1C_IW_GRDH_1SDV_20251208T221858_20251208T221927_005366_00AAC3",
        "source_level": "L1",
        "radar_area_m2": 1000.0,
        "radar_equivalent_diameter_m": 35.68,
        "physical_floe_diameter_m": null,
        "longitude": 129.6582633,
        "latitude": 73.8254486,
        "native_spacing_m": 10,
        "effective_resolution_m": "20 x 22",
        "co_contrast_max_db": 10.85,
        "cross_contrast_max_db": 8.54,
        "co_snr_median_db": 23.08,
        "cross_snr_median_db": 6.13,
        "review_status": "unreviewed",
        "possible_confusions": "ridge, ship, fast ice, unresolved land, speckle",
        "stream": "laptev:sentinel-1c:120:descending:vv,vh",
        "repeat_track_id": "1268c1a472df328c",
        "repeat_observations": 1,
        "repeat_span_days": 0.0,
        "repeat_excursion_m": 0.0,
        "persistent_location_candidate": false
      }
    },
    {
      "type": "Feature",
      "geometry": {
        "type": "MultiPolygon",
        "coordinates": [
          [
            [
              [
                129.4590969795132,
                73.8712106101307
              ],
              [
                129.45835766886094,
                73.87138314475057
              ],
              [
                129.45815482132804,
                73.87131327472223
              ],
              [
                129.45790838129585,
                73.87137078541032
              ],
              [
                129.45750269214864,
                73.87123104423931
              ],
              [
                129.4577491314971,
                73.87117353403525
              ],
              [
                129.45795197554008,
                73.87124340448378
              ],
              [
                129.45819841348552,
                73.8711858937328
              ],
              [
                129.45799556910066,
                73.87111602352627
              ],
              [
                129.45848843907308,
                73.87100100159356
              ],
              [
                129.4590969795132,
                73.8712106101307
              ]
            ]
          ]
        ]
      },
      "properties": {
        "id": "033ee1a35fd5d3ee",
        "region": "laptev",
        "class": "unclassified_radar_target",
        "ice_identity": "unverified",
        "grounding": "unverified",
        "confidence": "low",
        "observed_at": "2025-12-08T22:19:12.733851Z",
        "source_id": "S1C_IW_GRDH_1SDV_20251208T221858_20251208T221927_005366_00AAC3",
        "source_level": "L1",
        "radar_area_m2": 1000.0,
        "radar_equivalent_diameter_m": 35.68,
        "physical_floe_diameter_m": null,
        "longitude": 129.4583491,
        "latitude": 73.8712093,
        "native_spacing_m": 10,
        "effective_resolution_m": "20 x 22",
        "co_contrast_max_db": 10.37,
        "cross_contrast_max_db": 8.72,
        "co_snr_median_db": 19.6,
        "cross_snr_median_db": 7.89,
        "review_status": "unreviewed",
        "possible_confusions": "ridge, ship, fast ice, unresolved land, speckle",
        "stream": "laptev:sentinel-1c:120:descending:vv,vh",
        "repeat_track_id": "033ee1a35fd5d3ee",
        "repeat_observations": 1,
        "repeat_span_days": 0.0,
        "repeat_excursion_m": 0.0,
        "persistent_location_candidate": false
      }
    },
    {
      "type": "Feature",
      "geometry": {
        "type": "MultiPolygon",
        "coordinates": [
          [
            [
              [
                129.45480700616002,
                73.87115686179233
              ],
              [
                129.45406765239184,
                73.87132938072968
              ],
              [
                129.45386482398294,
                73.87125950639043
              ],
              [
                129.4533719134305,
                73.87137451700653
              ],
              [
                129.45316908745068,
                73.8713046419732
              ],
              [
                129.45292262989923,
                73.87136214658177
              ],
              [
                129.45271980600648,
                73.87129227109637
              ],
              [
                129.45296626321576,
                73.87123476672978
              ],
              [
                129.45276344072573,
                73.87116489127632
              ],
              [
                129.45325634922548,
                73.87104988211232
              ],
              [
                129.4536619973189,
                73.8711896318411
              ],
              [
                129.4539084496357,
                73.87113212631765
              ],
              [
                129.4541112766418,
                73.87120200062496
              ],
              [
                129.45460417672493,
                73.8710869881791
              ],
              [
                129.45480700616002,
                73.87115686179233
              ]
            ]
          ]
        ]
      },
      "properties": {
        "id": "044ac8ebc21086b0",
        "region": "laptev",
        "class": "unclassified_radar_target",
        "ice_identity": "unverified",
        "grounding": "unverified",
        "confidence": "low",
        "observed_at": "2025-12-08T22:19:12.733851Z",
        "source_id": "S1C_IW_GRDH_1SDV_20251208T221858_20251208T221927_005366_00AAC3",
        "source_level": "L1",
        "radar_area_m2": 1100.0,
        "radar_equivalent_diameter_m": 37.42,
        "physical_floe_diameter_m": null,
        "longitude": 129.4536112,
        "latitude": 73.8712175,
        "native_spacing_m": 10,
        "effective_resolution_m": "20 x 22",
        "co_contrast_max_db": 10.19,
        "cross_contrast_max_db": 8.68,
        "co_snr_median_db": 19.44,
        "cross_snr_median_db": 8.09,
        "review_status": "unreviewed",
        "possible_confusions": "ridge, ship, fast ice, unresolved land, speckle",
        "stream": "laptev:sentinel-1c:120:descending:vv,vh",
        "repeat_track_id": "044ac8ebc21086b0",
        "repeat_observations": 1,
        "repeat_span_days": 0.0,
        "repeat_excursion_m": 0.0,
        "persistent_location_candidate": false
      }
    },
    {
      "type": "Feature",
      "geometry": {
        "type": "MultiPolygon",
        "coordinates": [
          [
            [
              [
                129.44270464887992,
                73.87140199205636
              ],
              [
                129.44196515544073,
                73.87157446665586
              ],
              [
                129.44155959837394,
                73.87143469352242
              ],
              [
                129.44180609724614,
                73.8713772027783
              ],
              [
                129.44160332098707,
                73.87130731613864
              ],
              [
                129.44209631281154,
                73.8711923342192
              ],
              [
                129.4422990897562,
                73.87126222037489
              ],
              [
                129.44254558339412,
                73.87120472871561
              ],
              [
                129.44274836242636,
                73.87127461441932
              ],
              [
                129.44250186844567,
                73.8713321063206
              ],
              [
                129.44270464887992,
                73.87140199205636
              ]
            ]
          ]
        ]
      },
      "properties": {
        "id": "edecdfc8315b75a9",
        "region": "laptev",
        "class": "unclassified_radar_target",
        "ice_identity": "unverified",
        "grounding": "unverified",
        "confidence": "low",
        "observed_at": "2025-12-08T22:19:12.733851Z",
        "source_id": "S1C_IW_GRDH_1SDV_20251208T221858_20251208T221927_005366_00AAC3",
        "source_level": "L1",
        "radar_area_m2": 900.0,
        "radar_equivalent_diameter_m": 33.85,
        "physical_floe_diameter_m": null,
        "longitude": 129.4421354,
        "latitude": 73.871372,
        "native_spacing_m": 10,
        "effective_resolution_m": "20 x 22",
        "co_contrast_max_db": 8.23,
        "cross_contrast_max_db": 9.19,
        "co_snr_median_db": 19.62,
        "cross_snr_median_db": 7.66,
        "review_status": "unreviewed",
        "possible_confusions": "ridge, ship, fast ice, unresolved land, speckle",
        "stream": "laptev:sentinel-1c:120:descending:vv,vh",
        "repeat_track_id": "edecdfc8315b75a9",
        "repeat_observations": 1,
        "repeat_span_days": 0.0,
        "repeat_excursion_m": 0.0,
        "persistent_location_candidate": false
      }
    },
    {
      "type": "Feature",
      "geometry": {
        "type": "MultiPolygon",
        "coordinates": [
          [
            [
              [
                129.5036183393787,
                73.85494440171477
              ],
              [
                129.50337230829425,
                73.85500196908023
              ],
              [
                129.50316947174997,
                73.85493214273495
              ],
              [
                129.50267740503187,
                73.85504727606946
              ],
              [
                129.50227173852292,
                73.85490762178065
              ],
              [
                129.5027638038873,
                73.85479248941353
              ],
              [
                129.50256097256886,
                73.85472266243738
              ],
              [
                129.5028070022997,
                73.85466509603928
              ],
              [
                129.5036183393787,
                73.85494440171477
              ]
            ]
          ]
        ]
      },
      "properties": {
        "id": "a67f65803275636d",
        "region": "laptev",
        "class": "unclassified_radar_target",
        "ice_identity": "unverified",
        "grounding": "unverified",
        "confidence": "low",
        "observed_at": "2025-12-08T22:19:12.733851Z",
        "source_id": "S1C_IW_GRDH_1SDV_20251208T221858_20251208T221927_005366_00AAC3",
        "source_level": "L1",
        "radar_area_m2": 800.0,
        "radar_equivalent_diameter_m": 31.92,
        "physical_floe_diameter_m": null,
        "longitude": 129.5029051,
        "latitude": 73.8548767,
        "native_spacing_m": 10,
        "effective_resolution_m": "20 x 22",
        "co_contrast_max_db": 8.25,
        "cross_contrast_max_db": 8.02,
        "co_snr_median_db": 19.41,
        "cross_snr_median_db": 5.97,
        "review_status": "unreviewed",
        "possible_confusions": "ridge, ship, fast ice, unresolved land, speckle",
        "stream": "laptev:sentinel-1c:120:descending:vv,vh",
        "repeat_track_id": "a67f65803275636d",
        "repeat_observations": 1,
        "repeat_span_days": 0.0,
        "repeat_excursion_m": 0.0,
        "persistent_location_candidate": false
      }
    },
    {
      "type": "Feature",
      "geometry": {
        "type": "MultiPolygon",
        "coordinates": [
          [
            [
              [
                129.51153674128534,
                73.84828189471102
              ],
              [
                129.51104493494722,
                73.84839704945895
              ],
              [
                129.51063936244387,
                73.84825741074904
              ],
              [
                129.51039345733915,
                73.8483149871834
              ],
              [
                129.51019067403612,
                73.84824516727127
              ],
              [
                129.51043657880317,
                73.84818759107868
              ],
              [
                129.51023379690307,
                73.84811777119805
              ],
              [
                129.5104796995918,
                73.84806019494314
              ],
              [
                129.51068248182958,
                73.84813001458201
              ],
              [
                129.51092838311538,
                73.84807243778127
              ],
              [
                129.51153674128534,
                73.84828189471102
              ]
            ]
          ]
        ]
      },
      "properties": {
        "id": "a55cfcab4697d25d",
        "region": "laptev",
        "class": "unclassified_radar_target",
        "ice_identity": "unverified",
        "grounding": "unverified",
        "confidence": "low",
        "observed_at": "2025-12-08T22:19:12.733851Z",
        "source_id": "S1C_IW_GRDH_1SDV_20251208T221858_20251208T221927_005366_00AAC3",
        "source_level": "L1",
        "radar_area_m2": 800.0,
        "radar_equivalent_diameter_m": 31.92,
        "physical_floe_diameter_m": null,
        "longitude": 129.5108491,
        "latitude": 73.848223,
        "native_spacing_m": 10,
        "effective_resolution_m": "20 x 22",
        "co_contrast_max_db": 10.42,
        "cross_contrast_max_db": 6.69,
        "co_snr_median_db": 20.11,
        "cross_snr_median_db": 4.73,
        "review_status": "unreviewed",
        "possible_confusions": "ridge, ship, fast ice, unresolved land, speckle",
        "stream": "laptev:sentinel-1c:120:descending:vv,vh",
        "repeat_track_id": "a55cfcab4697d25d",
        "repeat_observations": 1,
        "repeat_span_days": 0.0,
        "repeat_excursion_m": 0.0,
        "persistent_location_candidate": false
      }
    },
    {
      "type": "Feature",
      "geometry": {
        "type": "MultiPolygon",
        "coordinates": [
          [
            [
              [
                129.55312837911654,
                73.82421336645298
              ],
              [
                129.55288298714297,
                73.8242709964953
              ],
              [
                129.55268032107077,
                73.82420121706339
              ],
              [
                129.55243492769537,
                73.824258846561
              ],
              [
                129.55223226369333,
                73.8241890666773
              ],
              [
                129.55247765673462,
                73.82413143742114
              ],
              [
                129.55227499413442,
                73.82406165756854
              ],
              [
                129.5525203851056,
                73.82400402825056
              ],
              [
                129.55231772390724,
                73.82393424842908
              ],
              [
                129.55280849997348,
                73.82381898936619
              ],
              [
                129.55301116184012,
                73.82388876870476
              ],
              [
                129.5532565476035,
                73.82383113847692
              ],
              [
                129.5536618772127,
                73.82397069604015
              ],
              [
                129.55292571271025,
                73.82414358726251
              ],
              [
                129.55312837911654,
                73.82421336645298
              ]
            ]
          ]
        ]
      },
      "properties": {
        "id": "bc12c27d724b73a2",
        "region": "laptev",
        "class": "unclassified_radar_target",
        "ice_identity": "unverified",
        "grounding": "unverified",
        "confidence": "low",
        "observed_at": "2025-12-08T22:19:12.733851Z",
        "source_id": "S1C_IW_GRDH_1SDV_20251208T221858_20251208T221927_005366_00AAC3",
        "source_level": "L1",
        "radar_area_m2": 1200.0,
        "radar_equivalent_diameter_m": 39.09,
        "physical_floe_diameter_m": null,
        "longitude": 129.5528698,
        "latitude": 73.8240296,
        "native_spacing_m": 10,
        "effective_resolution_m": "20 x 22",
        "co_contrast_max_db": 10.62,
        "cross_contrast_max_db": 7.66,
        "co_snr_median_db": 22.05,
        "cross_snr_median_db": 5.04,
        "review_status": "unreviewed",
        "possible_confusions": "ridge, ship, fast ice, unresolved land, speckle",
        "stream": "laptev:sentinel-1c:120:descending:vv,vh",
        "repeat_track_id": "bc12c27d724b73a2",
        "repeat_observations": 1,
        "repeat_span_days": 0.0,
        "repeat_excursion_m": 0.0,
        "persistent_location_candidate": false
      }
    },
    {
      "type": "Feature",
      "geometry": {
        "type": "MultiPolygon",
        "coordinates": [
          [
            [
              [
                129.49966820840797,
                73.83053561268734
              ],
              [
                129.49893117429608,
                73.83070830504711
              ],
              [
                129.49832363472467,
                73.83049880521435
              ],
              [
                129.49881499051008,
                73.83038367872713
              ],
              [
                129.4990175026392,
                73.83045351173176
              ],
              [
                129.4992631782645,
                73.83039594779092
              ],
              [
                129.49966820840797,
                73.83053561268734
              ]
            ]
          ]
        ]
      },
      "properties": {
        "id": "9c745de2e7372825",
        "region": "laptev",
        "class": "unclassified_radar_target",
        "ice_identity": "unverified",
        "grounding": "unverified",
        "confidence": "low",
        "observed_at": "2025-12-08T22:19:12.733851Z",
        "source_id": "S1C_IW_GRDH_1SDV_20251208T221858_20251208T221927_005366_00AAC3",
        "source_level": "L1",
        "radar_area_m2": 800.0,
        "radar_equivalent_diameter_m": 31.92,
        "physical_floe_diameter_m": null,
        "longitude": 129.4989905,
        "latitude": 73.8305331,
        "native_spacing_m": 10,
        "effective_resolution_m": "20 x 22",
        "co_contrast_max_db": 10.78,
        "cross_contrast_max_db": 8.25,
        "co_snr_median_db": 19.55,
        "cross_snr_median_db": 6.52,
        "review_status": "unreviewed",
        "possible_confusions": "ridge, ship, fast ice, unresolved land, speckle",
        "stream": "laptev:sentinel-1c:120:descending:vv,vh",
        "repeat_track_id": "9c745de2e7372825",
        "repeat_observations": 1,
        "repeat_span_days": 0.0,
        "repeat_excursion_m": 0.0,
        "persistent_location_candidate": false
      }
    },
    {
      "type": "Feature",
      "geometry": {
        "type": "MultiPolygon",
        "coordinates": [
          [
            [
              [
                129.57115930902344,
                73.81152354167402
              ],
              [
                129.57091417177094,
                73.81158119464949
              ],
              [
                129.57071158626954,
                73.81151143217593
              ],
              [
                129.570221307229,
                73.81162673673552
              ],
              [
                129.5700187241262,
                73.81155697356901
              ],
              [
                129.57026386418065,
                73.81149932168198
              ],
              [
                129.57006128247875,
                73.81142955854644
              ],
              [
                129.57030642046718,
                73.81137190659777
              ],
              [
                129.5705090025016,
                73.81144166949203
              ],
              [
                129.57124440706366,
                73.81126871110466
              ],
              [
                129.57164957832796,
                73.81140823481438
              ],
              [
                129.57140444454245,
                73.81146588839567
              ],
              [
                129.57120185837604,
                73.81139612640469
              ],
              [
                129.57095672318954,
                73.81145377944175
              ],
              [
                129.57115930902344,
                73.81152354167402
              ]
            ]
          ]
        ]
      },
      "properties": {
        "id": "d4a7e6d6859c497f",
        "region": "laptev",
        "class": "unclassified_radar_target",
        "ice_identity": "unverified",
        "grounding": "unverified",
        "confidence": "low",
        "observed_at": "2025-12-08T22:19:12.733851Z",
        "source_id": "S1C_IW_GRDH_1SDV_20251208T221858_20251208T221927_005366_00AAC3",
        "source_level": "L1",
        "radar_area_m2": 800.0,
        "radar_equivalent_diameter_m": 31.92,
        "physical_floe_diameter_m": null,
        "longitude": 129.5707888,
        "latitude": 73.8114492,
        "native_spacing_m": 10,
        "effective_resolution_m": "20 x 22",
        "co_contrast_max_db": 8.22,
        "cross_contrast_max_db": 5.78,
        "co_snr_median_db": 19.26,
        "cross_snr_median_db": 4.94,
        "review_status": "unreviewed",
        "possible_confusions": "ridge, ship, fast ice, unresolved land, speckle",
        "stream": "laptev:sentinel-1c:120:descending:vv,vh",
        "repeat_track_id": "d4a7e6d6859c497f",
        "repeat_observations": 1,
        "repeat_span_days": 0.0,
        "repeat_excursion_m": 0.0,
        "persistent_location_candidate": false
      }
    },
    {
      "type": "Feature",
      "geometry": {
        "type": "MultiPolygon",
        "coordinates": [
          [
            [
              [
                129.53667518569023,
                73.81868797746985
              ],
              [
                129.5364298187412,
                73.81874558789659
              ],
              [
                129.53622729182888,
                73.81867579140398
              ],
              [
                129.5359819234801,
                73.81873340128604
              ],
              [
                129.53557687552916,
                73.81859380718771
              ],
              [
                129.53582224320806,
                73.81853619778835
              ],
              [
                129.53561972149956,
                73.81846640066533
              ],
              [
                129.53611045098384,
                73.81835118143927
              ],
              [
                129.5363129733622,
                73.8184209780796
              ],
              [
                129.53655833583738,
                73.81836336777025
              ],
              [
                129.53676086028514,
                73.81843316395911
              ],
              [
                129.5362701329304,
                73.81854838475716
              ],
              [
                129.53667518569023,
                73.81868797746985
              ]
            ]
          ]
        ]
      },
      "properties": {
        "id": "3394211291a5dedd",
        "region": "laptev",
        "class": "unclassified_radar_target",
        "ice_identity": "unverified",
        "grounding": "unverified",
        "confidence": "low",
        "observed_at": "2025-12-08T22:19:12.733851Z",
        "source_id": "S1C_IW_GRDH_1SDV_20251208T221858_20251208T221927_005366_00AAC3",
        "source_level": "L1",
        "radar_area_m2": 900.0,
        "radar_equivalent_diameter_m": 33.85,
        "physical_floe_diameter_m": null,
        "longitude": 129.5361457,
        "latitude": 73.818545,
        "native_spacing_m": 10,
        "effective_resolution_m": "20 x 22",
        "co_contrast_max_db": 10.53,
        "cross_contrast_max_db": 6.65,
        "co_snr_median_db": 20.43,
        "cross_snr_median_db": 4.69,
        "review_status": "unreviewed",
        "possible_confusions": "ridge, ship, fast ice, unresolved land, speckle",
        "stream": "laptev:sentinel-1c:120:descending:vv,vh",
        "repeat_track_id": "3394211291a5dedd",
        "repeat_observations": 1,
        "repeat_span_days": 0.0,
        "repeat_excursion_m": 0.0,
        "persistent_location_candidate": false
      }
    },
    {
      "type": "Feature",
      "geometry": {
        "type": "MultiPolygon",
        "coordinates": [
          [
            [
              [
                129.54989402273463,
                73.80959726933155
              ],
              [
                129.54940365408117,
                73.80971252348341
              ],
              [
                129.54920118382975,
                73.80964273919618
              ],
              [
                129.54871080891232,
                73.80975799165337
              ],
              [
                129.5485083410613,
                73.80968820667354
              ],
              [
                129.54875352905265,
                73.80963058083772
              ],
              [
                129.54855106260067,
                73.80956079588898
              ],
              [
                129.54904143271736,
                73.8094455437906
              ],
              [
                129.54924389983685,
                73.8095153282569
              ],
              [
                129.5494890826297,
                73.80945770151189
              ],
              [
                129.54989402273463,
                73.80959726933155
              ]
            ]
          ]
        ]
      },
      "properties": {
        "id": "b79a293177f161a6",
        "region": "laptev",
        "class": "unclassified_radar_target",
        "ice_identity": "unverified",
        "grounding": "unverified",
        "confidence": "low",
        "observed_at": "2025-12-08T22:19:12.733851Z",
        "source_id": "S1C_IW_GRDH_1SDV_20251208T221858_20251208T221927_005366_00AAC3",
        "source_level": "L1",
        "radar_area_m2": 800.0,
        "radar_equivalent_diameter_m": 31.92,
        "physical_floe_diameter_m": null,
        "longitude": 129.5491612,
        "latitude": 73.8095934,
        "native_spacing_m": 10,
        "effective_resolution_m": "20 x 22",
        "co_contrast_max_db": 9.88,
        "cross_contrast_max_db": 9.43,
        "co_snr_median_db": 20.17,
        "cross_snr_median_db": 8.11,
        "review_status": "unreviewed",
        "possible_confusions": "ridge, ship, fast ice, unresolved land, speckle",
        "stream": "laptev:sentinel-1c:120:descending:vv,vh",
        "repeat_track_id": "b79a293177f161a6",
        "repeat_observations": 1,
        "repeat_span_days": 0.0,
        "repeat_excursion_m": 0.0,
        "persistent_location_candidate": false
      }
    },
    {
      "type": "Feature",
      "geometry": {
        "type": "MultiPolygon",
        "coordinates": [
          [
            [
              [
                129.42861129692264,
                73.83590773928398
              ],
              [
                129.42836528850592,
                73.83596521664712
              ],
              [
                129.42796073527305,
                73.83582540959719
              ],
              [
                129.42746871459724,
                73.83594036244415
              ],
              [
                129.42706416968116,
                73.83580055359081
              ],
              [
                129.42780219603623,
                73.83562812531213
              ],
              [
                129.42861129692264,
                73.83590773928398
              ]
            ]
          ]
        ]
      },
      "properties": {
        "id": "6b10515e89db8b89",
        "region": "laptev",
        "class": "unclassified_radar_target",
        "ice_identity": "unverified",
        "grounding": "unverified",
        "confidence": "low",
        "observed_at": "2025-12-08T22:19:12.733851Z",
        "source_id": "S1C_IW_GRDH_1SDV_20251208T221858_20251208T221927_005366_00AAC3",
        "source_level": "L1",
        "radar_area_m2": 800.0,
        "radar_equivalent_diameter_m": 31.92,
        "physical_floe_diameter_m": null,
        "longitude": 129.4277981,
        "latitude": 73.8358048,
        "native_spacing_m": 10,
        "effective_resolution_m": "20 x 22",
        "co_contrast_max_db": 9.31,
        "cross_contrast_max_db": 6.0,
        "co_snr_median_db": 19.63,
        "cross_snr_median_db": 4.13,
        "review_status": "unreviewed",
        "possible_confusions": "ridge, ship, fast ice, unresolved land, speckle",
        "stream": "laptev:sentinel-1c:120:descending:vv,vh",
        "repeat_track_id": "6b10515e89db8b89",
        "repeat_observations": 1,
        "repeat_span_days": 0.0,
        "repeat_excursion_m": 0.0,
        "persistent_location_candidate": false
      }
    },
    {
      "type": "Feature",
      "geometry": {
        "type": "MultiPolygon",
        "coordinates": [
          [
            [
              [
                129.5422156480914,
                73.8035385333551
              ],
              [
                129.54172540731508,
                73.80365376973462
              ],
              [
                129.54111832588507,
                73.80344439138308
              ],
              [
                129.5416085646577,
                73.8033291564503
              ],
              [
                129.54120385102573,
                73.80318957079707
              ],
              [
                129.54169408153692,
                73.80307433561674
              ],
              [
                129.54230115658564,
                73.80328371233483
              ],
              [
                129.54156580521627,
                73.80345656682093
              ],
              [
                129.54176816602688,
                73.80352635936363
              ],
              [
                129.54201328521538,
                73.8034687412635
              ],
              [
                129.5422156480914,
                73.8035385333551
              ]
            ]
          ]
        ]
      },
      "properties": {
        "id": "d67081318aed1968",
        "region": "laptev",
        "class": "unclassified_radar_target",
        "ice_identity": "unverified",
        "grounding": "unverified",
        "confidence": "low",
        "observed_at": "2025-12-08T22:19:12.733851Z",
        "source_id": "S1C_IW_GRDH_1SDV_20251208T221858_20251208T221927_005366_00AAC3",
        "source_level": "L1",
        "radar_area_m2": 1100.0,
        "radar_equivalent_diameter_m": 37.42,
        "physical_floe_diameter_m": null,
        "longitude": 129.5417025,
        "latitude": 73.8033551,
        "native_spacing_m": 10,
        "effective_resolution_m": "20 x 22",
        "co_contrast_max_db": 10.22,
        "cross_contrast_max_db": 8.89,
        "co_snr_median_db": 18.42,
        "cross_snr_median_db": 6.36,
        "review_status": "unreviewed",
        "possible_confusions": "ridge, ship, fast ice, unresolved land, speckle",
        "stream": "laptev:sentinel-1c:120:descending:vv,vh",
        "repeat_track_id": "d67081318aed1968",
        "repeat_observations": 1,
        "repeat_span_days": 0.0,
        "repeat_excursion_m": 0.0,
        "persistent_location_candidate": false
      }
    },
    {
      "type": "Feature",
      "geometry": {
        "type": "MultiPolygon",
        "coordinates": [
          [
            [
              [
                129.4600920900551,
                73.82057585090294
              ],
              [
                129.4598464241648,
                73.8206333678416
              ],
              [
                129.45944198152233,
                73.82049362111673
              ],
              [
                129.4591963145771,
                73.82055113726888
              ],
              [
                129.45879187955032,
                73.82041138922347
              ],
              [
                129.45903754581627,
                73.8203538735538
              ],
              [
                129.45923976280227,
                73.82042374744003
              ],
              [
                129.4599767522145,
                73.82025119788332
              ],
              [
                129.46017897195338,
                73.82032107083629
              ],
              [
                129.45993331021043,
                73.82037858790044
              ],
              [
                129.46013553134384,
                73.82044846088513
              ],
              [
                129.4598898675272,
                73.82050597788653
              ],
              [
                129.4600920900551,
                73.82057585090294
              ]
            ]
          ]
        ]
      },
      "properties": {
        "id": "9902cb3b581b757b",
        "region": "laptev",
        "class": "unclassified_radar_target",
        "ice_identity": "unverified",
        "grounding": "unverified",
        "confidence": "low",
        "observed_at": "2025-12-08T22:19:12.733851Z",
        "source_id": "S1C_IW_GRDH_1SDV_20251208T221858_20251208T221927_005366_00AAC3",
        "source_level": "L1",
        "radar_area_m2": 800.0,
        "radar_equivalent_diameter_m": 31.92,
        "physical_floe_diameter_m": null,
        "longitude": 129.459601,
        "latitude": 73.8204417,
        "native_spacing_m": 10,
        "effective_resolution_m": "20 x 22",
        "co_contrast_max_db": 9.22,
        "cross_contrast_max_db": 7.29,
        "co_snr_median_db": 18.42,
        "cross_snr_median_db": 5.44,
        "review_status": "unreviewed",
        "possible_confusions": "ridge, ship, fast ice, unresolved land, speckle",
        "stream": "laptev:sentinel-1c:120:descending:vv,vh",
        "repeat_track_id": "9902cb3b581b757b",
        "repeat_observations": 1,
        "repeat_span_days": 0.0,
        "repeat_excursion_m": 0.0,
        "persistent_location_candidate": false
      }
    },
    {
      "type": "Feature",
      "geometry": {
        "type": "MultiPolygon",
        "coordinates": [
          [
            [
              [
                129.44851586852454,
                73.82269938565891
              ],
              [
                129.4487616055551,
                73.82264188269761
              ],
              [
                129.44855940597773,
                73.822571998501
              ],
              [
                129.4490508741548,
                73.82245699214857
              ],
              [
                129.44884867563115,
                73.82238710822502
              ],
              [
                129.44909440677776,
                73.82232960483384
              ],
              [
                129.4499032126402,
                73.8226091383063
              ],
              [
                129.44941174589,
                73.82272414671458
              ],
              [
                129.4496139510111,
                73.82279403004159
              ],
              [
                129.44936821469395,
                73.82285153403079
              ],
              [
                129.4491660099132,
                73.82278165046252
              ],
              [
                129.44892027220195,
                73.82283915390632
              ],
              [
                129.44851586852454,
                73.82269938565891
              ]
            ],
            [
              [
                129.4492530744129,
                73.82252687586265
              ],
              [
                129.4487616055551,
                73.82264188269761
              ],
              [
                129.4489638068669,
                73.8227117666848
              ],
              [
                129.44945527640542,
                73.82259675936731
              ],
              [
                129.4492530744129,
                73.82252687586265
              ]
            ]
          ]
        ]
      },
      "properties": {
        "id": "f1938057b635aa1b",
        "region": "laptev",
        "class": "unclassified_radar_target",
        "ice_identity": "unverified",
        "grounding": "unverified",
        "confidence": "low",
        "observed_at": "2025-12-08T22:19:12.733851Z",
        "source_id": "S1C_IW_GRDH_1SDV_20251208T221858_20251208T221927_005366_00AAC3",
        "source_level": "L1",
        "radar_area_m2": 1100.0,
        "radar_equivalent_diameter_m": 37.42,
        "physical_floe_diameter_m": null,
        "longitude": 129.4491827,
        "latitude": 73.8226126,
        "native_spacing_m": 10,
        "effective_resolution_m": "20 x 22",
        "co_contrast_max_db": 14.24,
        "cross_contrast_max_db": 7.99,
        "co_snr_median_db": 20.23,
        "cross_snr_median_db": 4.5,
        "review_status": "unreviewed",
        "possible_confusions": "ridge, ship, fast ice, unresolved land, speckle",
        "stream": "laptev:sentinel-1c:120:descending:vv,vh",
        "repeat_track_id": "f1938057b635aa1b",
        "repeat_observations": 1,
        "repeat_span_days": 0.0,
        "repeat_excursion_m": 0.0,
        "persistent_location_candidate": false
      }
    },
    {
      "type": "Feature",
      "geometry": {
        "type": "MultiPolygon",
        "coordinates": [
          [
            [
              [
                129.5260088415262,
                73.80406130012189
              ],
              [
                129.52502809269586,
                73.80429169253155
              ],
              [
                129.52482579401982,
                73.80422188322906
              ],
              [
                129.52507098348957,
                73.80416428582248
              ],
              [
                129.52486868620997,
                73.80409447655119
              ],
              [
                129.52511387361332,
                73.8040368790826
              ],
              [
                129.52491157773014,
                73.80396706984256
              ],
              [
                129.52515676306712,
                73.80390947231189
              ],
              [
                129.52535905928525,
                73.8039792813108
              ],
              [
                129.52560424322587,
                73.80392168323586
              ],
              [
                129.5260088415262,
                73.80406130012189
              ]
            ]
          ]
        ]
      },
      "properties": {
        "id": "65c44b77ad0fe62d",
        "region": "laptev",
        "class": "unclassified_radar_target",
        "ice_identity": "unverified",
        "grounding": "unverified",
        "confidence": "low",
        "observed_at": "2025-12-08T22:19:12.733851Z",
        "source_id": "S1C_IW_GRDH_1SDV_20251208T221858_20251208T221927_005366_00AAC3",
        "source_level": "L1",
        "radar_area_m2": 800.0,
        "radar_equivalent_diameter_m": 31.92,
        "physical_floe_diameter_m": null,
        "longitude": 129.5253522,
        "latitude": 73.8040836,
        "native_spacing_m": 10,
        "effective_resolution_m": "20 x 22",
        "co_contrast_max_db": 7.62,
        "cross_contrast_max_db": 6.35,
        "co_snr_median_db": 19.7,
        "cross_snr_median_db": 4.82,
        "review_status": "unreviewed",
        "possible_confusions": "ridge, ship, fast ice, unresolved land, speckle",
        "stream": "laptev:sentinel-1c:120:descending:vv,vh",
        "repeat_track_id": "65c44b77ad0fe62d",
        "repeat_observations": 1,
        "repeat_span_days": 0.0,
        "repeat_excursion_m": 0.0,
        "persistent_location_candidate": false
      }
    },
    {
      "type": "Feature",
      "geometry": {
        "type": "MultiPolygon",
        "coordinates": [
          [
            [
              [
                129.46141130832353,
                73.81405421644212
              ],
              [
                129.4606746142395,
                73.81422677267487
              ],
              [
                129.46047246797013,
                73.81415689965121
              ],
              [
                129.46071803405826,
                73.814099381452
              ],
              [
                129.46031374603922,
                73.81395963525861
              ],
              [
                129.46055930971605,
                73.81390211723782
              ],
              [
                129.46035716796632,
                73.8138322440681
              ],
              [
                129.46060272957112,
                73.81377472598459
              ],
              [
                129.46141130832353,
                73.81405421644212
              ]
            ]
          ]
        ]
      },
      "properties": {
        "id": "07dfd54065245cb4",
        "region": "laptev",
        "class": "unclassified_radar_target",
        "ice_identity": "unverified",
        "grounding": "unverified",
        "confidence": "low",
        "observed_at": "2025-12-08T22:19:12.733851Z",
        "source_id": "S1C_IW_GRDH_1SDV_20251208T221858_20251208T221927_005366_00AAC3",
        "source_level": "L1",
        "radar_area_m2": 800.0,
        "radar_equivalent_diameter_m": 31.92,
        "physical_floe_diameter_m": null,
        "longitude": 129.4608066,
        "latitude": 73.8140054,
        "native_spacing_m": 10,
        "effective_resolution_m": "20 x 22",
        "co_contrast_max_db": 8.77,
        "cross_contrast_max_db": 8.01,
        "co_snr_median_db": 20.92,
        "cross_snr_median_db": 5.01,
        "review_status": "unreviewed",
        "possible_confusions": "ridge, ship, fast ice, unresolved land, speckle",
        "stream": "laptev:sentinel-1c:120:descending:vv,vh",
        "repeat_track_id": "07dfd54065245cb4",
        "repeat_observations": 1,
        "repeat_span_days": 0.0,
        "repeat_excursion_m": 0.0,
        "persistent_location_candidate": false
      }
    },
    {
      "type": "Feature",
      "geometry": {
        "type": "MultiPolygon",
        "coordinates": [
          [
            [
              [
                129.5495956089592,
                73.7922961687893
              ],
              [
                129.54935068429023,
                73.79235379698547
              ],
              [
                129.54914842955645,
                73.79228401102672
              ],
              [
                129.54890350349132,
                73.79234163867913
              ],
              [
                129.54849899987735,
                73.7922020656499
              ],
              [
                129.54898884894624,
                73.79208681100616
              ],
              [
                129.54858435091654,
                73.79194723810107
              ],
              [
                129.5488292721912,
                73.79188961080699
              ],
              [
                129.5490315206745,
                73.79195939712356
              ],
              [
                129.54927644055311,
                73.79190176928574
              ],
              [
                129.54947869109856,
                73.7919715551514
              ],
              [
                129.54923377088696,
                73.79202918323016
              ],
              [
                129.54943602282847,
                73.79209896912685
              ],
              [
                129.54919110055474,
                73.79215659714382
              ],
              [
                129.5495956089592,
                73.7922961687893
              ]
            ]
          ]
        ]
      },
      "properties": {
        "id": "cdec55915fd35051",
        "region": "laptev",
        "class": "unclassified_radar_target",
        "ice_identity": "unverified",
        "grounding": "unverified",
        "confidence": "low",
        "observed_at": "2025-12-08T22:19:12.733851Z",
        "source_id": "S1C_IW_GRDH_1SDV_20251208T221858_20251208T221927_005366_00AAC3",
        "source_level": "L1",
        "radar_area_m2": 900.0,
        "radar_equivalent_diameter_m": 33.85,
        "physical_floe_diameter_m": null,
        "longitude": 129.5490492,
        "latitude": 73.7921313,
        "native_spacing_m": 10,
        "effective_resolution_m": "20 x 22",
        "co_contrast_max_db": 8.52,
        "cross_contrast_max_db": 8.37,
        "co_snr_median_db": 19.1,
        "cross_snr_median_db": 6.31,
        "review_status": "unreviewed",
        "possible_confusions": "ridge, ship, fast ice, unresolved land, speckle",
        "stream": "laptev:sentinel-1c:120:descending:vv,vh",
        "repeat_track_id": "cdec55915fd35051",
        "repeat_observations": 1,
        "repeat_span_days": 0.0,
        "repeat_excursion_m": 0.0,
        "persistent_location_candidate": false
      }
    },
    {
      "type": "Feature",
      "geometry": {
        "type": "MultiPolygon",
        "coordinates": [
          [
            [
              [
                129.49675132124298,
                73.80377518185931
              ],
              [
                129.4962607523536,
                73.80389030740521
              ],
              [
                129.49585641294513,
                73.80375063069584
              ],
              [
                129.49561112657742,
                73.80380819253159
              ],
              [
                129.49581329507942,
                73.80387803123213
              ],
              [
                129.4955680066439,
                73.80393559300549
              ],
              [
                129.49516367204444,
                73.80379591491271
              ],
              [
                129.49639009354465,
                73.80350810542227
              ],
              [
                129.49659226166256,
                73.80357794336821
              ],
              [
                129.4963469804877,
                73.80363550611418
              ],
              [
                129.49675132124298,
                73.80377518185931
              ]
            ]
          ]
        ]
      },
      "properties": {
        "id": "3d9b4225f7a5ab60",
        "region": "laptev",
        "class": "unclassified_radar_target",
        "ice_identity": "unverified",
        "grounding": "unverified",
        "confidence": "low",
        "observed_at": "2025-12-08T22:19:12.733851Z",
        "source_id": "S1C_IW_GRDH_1SDV_20251208T221858_20251208T221927_005366_00AAC3",
        "source_level": "L1",
        "radar_area_m2": 1000.0,
        "radar_equivalent_diameter_m": 35.68,
        "physical_floe_diameter_m": null,
        "longitude": 129.4960195,
        "latitude": 73.8037358,
        "native_spacing_m": 10,
        "effective_resolution_m": "20 x 22",
        "co_contrast_max_db": 9.97,
        "cross_contrast_max_db": 8.11,
        "co_snr_median_db": 21.55,
        "cross_snr_median_db": 5.83,
        "review_status": "unreviewed",
        "possible_confusions": "ridge, ship, fast ice, unresolved land, speckle",
        "stream": "laptev:sentinel-1c:120:descending:vv,vh",
        "repeat_track_id": "3d9b4225f7a5ab60",
        "repeat_observations": 1,
        "repeat_span_days": 0.0,
        "repeat_excursion_m": 0.0,
        "persistent_location_candidate": false
      }
    },
    {
      "type": "Feature",
      "geometry": {
        "type": "MultiPolygon",
        "coordinates": [
          [
            [
              [
                129.49607199217235,
                73.80311362755072
              ],
              [
                129.49533615889104,
                73.80328631308295
              ],
              [
                129.49513399976442,
                73.80321647384788
              ],
              [
                129.49488871887897,
                73.80327403484411
              ],
              [
                129.49448440649178,
                73.80313435526304
              ],
              [
                129.49472968670366,
                73.80307679474886
              ],
              [
                129.4949318423686,
                73.80314663440316
              ],
              [
                129.49566767362958,
                73.80297395031718
              ],
              [
                129.49607199217235,
                73.80311362755072
              ]
            ]
          ]
        ]
      },
      "properties": {
        "id": "531f16b5f511fbe7",
        "region": "laptev",
        "class": "unclassified_radar_target",
        "ice_identity": "unverified",
        "grounding": "unverified",
        "confidence": "low",
        "observed_at": "2025-12-08T22:19:12.733851Z",
        "source_id": "S1C_IW_GRDH_1SDV_20251208T221858_20251208T221927_005366_00AAC3",
        "source_level": "L1",
        "radar_area_m2": 800.0,
        "radar_equivalent_diameter_m": 31.92,
        "physical_floe_diameter_m": null,
        "longitude": 129.4953287,
        "latitude": 73.8031415,
        "native_spacing_m": 10,
        "effective_resolution_m": "20 x 22",
        "co_contrast_max_db": 8.23,
        "cross_contrast_max_db": 6.52,
        "co_snr_median_db": 20.07,
        "cross_snr_median_db": 4.32,
        "review_status": "unreviewed",
        "possible_confusions": "ridge, ship, fast ice, unresolved land, speckle",
        "stream": "laptev:sentinel-1c:120:descending:vv,vh",
        "repeat_track_id": "531f16b5f511fbe7",
        "repeat_observations": 1,
        "repeat_span_days": 0.0,
        "repeat_excursion_m": 0.0,
        "persistent_location_candidate": false
      }
    },
    {
      "type": "Feature",
      "geometry": {
        "type": "MultiPolygon",
        "coordinates": [
          [
            [
              [
                129.49384832586026,
                73.80234539239089
              ],
              [
                129.4936030535349,
                73.80240295188695
              ],
              [
                129.49319877374188,
                73.80226326956017
              ],
              [
                129.49295350035956,
                73.80232082827077
              ],
              [
                129.49275136339585,
                73.80225098655198
              ],
              [
                129.49348717734057,
                73.80207831023306
              ],
              [
                129.49328504109695,
                73.80200846902778
              ],
              [
                129.49402083845598,
                73.80183579070136
              ],
              [
                129.4942229757099,
                73.80190563118357
              ],
              [
                129.49397771131737,
                73.80196319117012
              ],
              [
                129.49417984996512,
                73.80203303168378
              ],
              [
                129.49368931531473,
                73.80214815122876
              ],
              [
                129.4938914550195,
                73.8022179920149
              ],
              [
                129.49364618476162,
                73.80227555157333
              ],
              [
                129.49384832586026,
                73.80234539239089
              ]
            ]
          ]
        ]
      },
      "properties": {
        "id": "9c5bf9785a97c309",
        "region": "laptev",
        "class": "unclassified_radar_target",
        "ice_identity": "unverified",
        "grounding": "unverified",
        "confidence": "low",
        "observed_at": "2025-12-08T22:19:12.733851Z",
        "source_id": "S1C_IW_GRDH_1SDV_20251208T221858_20251208T221927_005366_00AAC3",
        "source_level": "L1",
        "radar_area_m2": 1100.0,
        "radar_equivalent_diameter_m": 37.42,
        "physical_floe_diameter_m": null,
        "longitude": 129.4935732,
        "latitude": 73.8021274,
        "native_spacing_m": 10,
        "effective_resolution_m": "20 x 22",
        "co_contrast_max_db": 9.63,
        "cross_contrast_max_db": 9.17,
        "co_snr_median_db": 20.94,
        "cross_snr_median_db": 5.54,
        "review_status": "unreviewed",
        "possible_confusions": "ridge, ship, fast ice, unresolved land, speckle",
        "stream": "laptev:sentinel-1c:120:descending:vv,vh",
        "repeat_track_id": "9c5bf9785a97c309",
        "repeat_observations": 1,
        "repeat_span_days": 0.0,
        "repeat_excursion_m": 0.0,
        "persistent_location_candidate": false
      }
    },
    {
      "type": "Feature",
      "geometry": {
        "type": "MultiPolygon",
        "coordinates": [
          [
            [
              [
                129.46574767288863,
                73.80530117127262
              ],
              [
                129.46525683936093,
                73.80541622098607
              ],
              [
                129.46505478265004,
                73.80534635174072
              ],
              [
                129.46407309617769,
                73.80557644655919
              ],
              [
                129.46387104255257,
                73.80550657614035
              ],
              [
                129.46411646642838,
                73.8054490531323
              ],
              [
                129.4639144141955,
                73.80537918274513
              ],
              [
                129.46415983600164,
                73.80532165967442
              ],
              [
                129.46395778516097,
                73.80525178931889
              ],
              [
                129.46371236369353,
                73.80530931214857
              ],
              [
                129.46351031492253,
                73.80523944134262
              ],
              [
                129.46400115544904,
                73.80512439586163
              ],
              [
                129.46440525607687,
                73.80526413629998
              ],
              [
                129.46465067442116,
                73.80520661262189
              ],
              [
                129.46485272767015,
                73.805276482286
              ],
              [
                129.46509814462217,
                73.80521895806318
              ],
              [
                129.46530019994074,
                73.80528882727687
              ],
              [
                129.4655456155005,
                73.80523130250933
              ],
              [
                129.46574767288863,
                73.80530117127262
              ]
            ]
          ]
        ]
      },
      "properties": {
        "id": "dc3195ce5f594c07",
        "region": "laptev",
        "class": "unclassified_radar_target",
        "ice_identity": "unverified",
        "grounding": "unverified",
        "confidence": "low",
        "observed_at": "2025-12-08T22:19:12.733851Z",
        "source_id": "S1C_IW_GRDH_1SDV_20251208T221858_20251208T221927_005366_00AAC3",
        "source_level": "L1",
        "radar_area_m2": 1300.0,
        "radar_equivalent_diameter_m": 40.68,
        "physical_floe_diameter_m": null,
        "longitude": 129.4645213,
        "latitude": 73.8053316,
        "native_spacing_m": 10,
        "effective_resolution_m": "20 x 22",
        "co_contrast_max_db": 7.02,
        "cross_contrast_max_db": 9.3,
        "co_snr_median_db": 19.02,
        "cross_snr_median_db": 5.49,
        "review_status": "unreviewed",
        "possible_confusions": "ridge, ship, fast ice, unresolved land, speckle",
        "stream": "laptev:sentinel-1c:120:descending:vv,vh",
        "repeat_track_id": "dc3195ce5f594c07",
        "repeat_observations": 1,
        "repeat_span_days": 0.0,
        "repeat_excursion_m": 0.0,
        "persistent_location_candidate": false
      }
    },
    {
      "type": "Feature",
      "geometry": {
        "type": "MultiPolygon",
        "coordinates": [
          [
            [
              [
                129.33134275858015,
                73.83061544320663
              ],
              [
                129.33060393915702,
                73.83078751933093
              ],
              [
                129.33040214589667,
                73.83071751745875
              ],
              [
                129.330155869634,
                73.8307748753151
              ],
              [
                129.32914693109237,
                73.83042486162024
              ],
              [
                129.32939320561553,
                73.83036750496984
              ],
              [
                129.3295949902024,
                73.83043750788468
              ],
              [
                129.3298412633388,
                73.83038015068779
              ],
              [
                129.3304466285511,
                73.8305901574576
              ],
              [
                129.3309391717071,
                73.8304754407009
              ],
              [
                129.33134275858015,
                73.83061544320663
              ]
            ]
          ]
        ]
      },
      "properties": {
        "id": "c391eba4a787d063",
        "region": "laptev",
        "class": "unclassified_radar_target",
        "ice_identity": "unverified",
        "grounding": "unverified",
        "confidence": "low",
        "observed_at": "2025-12-08T22:19:12.733851Z",
        "source_id": "S1C_IW_GRDH_1SDV_20251208T221858_20251208T221927_005366_00AAC3",
        "source_level": "L1",
        "radar_area_m2": 1400.0,
        "radar_equivalent_diameter_m": 42.22,
        "physical_floe_diameter_m": null,
        "longitude": 129.3302546,
        "latitude": 73.8305847,
        "native_spacing_m": 10,
        "effective_resolution_m": "20 x 22",
        "co_contrast_max_db": 8.75,
        "cross_contrast_max_db": 6.41,
        "co_snr_median_db": 19.27,
        "cross_snr_median_db": 3.93,
        "review_status": "unreviewed",
        "possible_confusions": "ridge, ship, fast ice, unresolved land, speckle",
        "stream": "laptev:sentinel-1c:120:descending:vv,vh",
        "repeat_track_id": "c391eba4a787d063",
        "repeat_observations": 1,
        "repeat_span_days": 0.0,
        "repeat_excursion_m": 0.0,
        "persistent_location_candidate": false
      }
    },
    {
      "type": "Feature",
      "geometry": {
        "type": "MultiPolygon",
        "coordinates": [
          [
            [
              [
                129.34841064120056,
                73.8238296987606
              ],
              [
                129.3479184219895,
                73.8239444592215
              ],
              [
                129.3473130785232,
                73.82373450307249
              ],
              [
                129.34780529565515,
                73.82361974405826
              ],
              [
                129.34760351727357,
                73.82354975874026
              ],
              [
                129.34784962289288,
                73.82349237901673
              ],
              [
                129.3476478458982,
                73.82342239373122
              ],
              [
                129.34838615131625,
                73.82325025345403
              ],
              [
                129.34878970911785,
                73.82339022236978
              ],
              [
                129.3485436083523,
                73.8234476032494
              ],
              [
                129.34874538950675,
                73.82351758763545
              ],
              [
                129.34800707577014,
                73.82368972916764
              ],
              [
                129.34841064120056,
                73.8238296987606
              ]
            ]
          ]
        ]
      },
      "properties": {
        "id": "f4811fcd2d421c26",
        "region": "laptev",
        "class": "unclassified_radar_target",
        "ice_identity": "unverified",
        "grounding": "unverified",
        "confidence": "low",
        "observed_at": "2025-12-08T22:19:12.733851Z",
        "source_id": "S1C_IW_GRDH_1SDV_20251208T221858_20251208T221927_005366_00AAC3",
        "source_level": "L1",
        "radar_area_m2": 1600.0,
        "radar_equivalent_diameter_m": 45.14,
        "physical_floe_diameter_m": null,
        "longitude": 129.3480711,
        "latitude": 73.823587,
        "native_spacing_m": 10,
        "effective_resolution_m": "20 x 22",
        "co_contrast_max_db": 10.32,
        "cross_contrast_max_db": 6.81,
        "co_snr_median_db": 20.61,
        "cross_snr_median_db": 5.23,
        "review_status": "unreviewed",
        "possible_confusions": "ridge, ship, fast ice, unresolved land, speckle",
        "stream": "laptev:sentinel-1c:120:descending:vv,vh",
        "repeat_track_id": "f4811fcd2d421c26",
        "repeat_observations": 1,
        "repeat_span_days": 0.0,
        "repeat_excursion_m": 0.0,
        "persistent_location_candidate": false
      }
    },
    {
      "type": "Feature",
      "geometry": {
        "type": "MultiPolygon",
        "coordinates": [
          [
            [
              [
                129.34344675507518,
                73.81925276810878
              ],
              [
                129.34320069797667,
                73.8193101427787
              ],
              [
                129.3429989927256,
                73.81924015244718
              ],
              [
                129.34275293424128,
                73.8192975265711
              ],
              [
                129.34234952962973,
                73.81915754480042
              ],
              [
                129.34407189778693,
                73.81875592290312
              ],
              [
                129.3442736016526,
                73.81882591220548
              ],
              [
                129.34378150443365,
                73.81894066332588
              ],
              [
                129.344184915976,
                73.81908064226917
              ],
              [
                129.34393886407486,
                73.81913801785399
              ],
              [
                129.343737157784,
                73.81906802824557
              ],
              [
                129.34324504947753,
                73.81918277801825
              ],
              [
                129.34344675507518,
                73.81925276810878
              ]
            ]
          ]
        ]
      },
      "properties": {
        "id": "8f028ea752a5473a",
        "region": "laptev",
        "class": "unclassified_radar_target",
        "ice_identity": "unverified",
        "grounding": "unverified",
        "confidence": "low",
        "observed_at": "2025-12-08T22:19:12.733851Z",
        "source_id": "S1C_IW_GRDH_1SDV_20251208T221858_20251208T221927_005366_00AAC3",
        "source_level": "L1",
        "radar_area_m2": 1400.0,
        "radar_equivalent_diameter_m": 42.22,
        "physical_floe_diameter_m": null,
        "longitude": 129.3433358,
        "latitude": 73.8190613,
        "native_spacing_m": 10,
        "effective_resolution_m": "20 x 22",
        "co_contrast_max_db": 9.17,
        "cross_contrast_max_db": 5.67,
        "co_snr_median_db": 20.87,
        "cross_snr_median_db": 4.7,
        "review_status": "unreviewed",
        "possible_confusions": "ridge, ship, fast ice, unresolved land, speckle",
        "stream": "laptev:sentinel-1c:120:descending:vv,vh",
        "repeat_track_id": "8f028ea752a5473a",
        "repeat_observations": 1,
        "repeat_span_days": 0.0,
        "repeat_excursion_m": 0.0,
        "persistent_location_candidate": false
      }
    },
    {
      "type": "Feature",
      "geometry": {
        "type": "MultiPolygon",
        "coordinates": [
          [
            [
              [
                129.34205495440696,
                73.81805601841116
              ],
              [
                129.34180891047606,
                73.81811339147254
              ],
              [
                129.3414055432801,
                73.81797340759007
              ],
              [
                129.3416515865177,
                73.81791603501073
              ],
              [
                129.34144990517132,
                73.81784604299777
              ],
              [
                129.34120386228034,
                73.8179034153361
              ],
              [
                129.34100218301273,
                73.81783342287369
              ],
              [
                129.34174030544926,
                73.81766130566679
              ],
              [
                129.34214366779645,
                73.81780128893713
              ],
              [
                129.34189762802316,
                73.8178586621264
              ],
              [
                129.34209931144832,
                73.81792865368985
              ],
              [
                129.34185326959624,
                73.81798602681516
              ],
              [
                129.34205495440696,
                73.81805601841116
              ]
            ]
          ]
        ]
      },
      "properties": {
        "id": "8ed03af4db7e911b",
        "region": "laptev",
        "class": "unclassified_radar_target",
        "ice_identity": "unverified",
        "grounding": "unverified",
        "confidence": "low",
        "observed_at": "2025-12-08T22:19:12.733851Z",
        "source_id": "S1C_IW_GRDH_1SDV_20251208T221858_20251208T221927_005366_00AAC3",
        "source_level": "L1",
        "radar_area_m2": 800.0,
        "radar_equivalent_diameter_m": 31.92,
        "physical_floe_diameter_m": null,
        "longitude": 129.3416682,
        "latitude": 73.8178683,
        "native_spacing_m": 10,
        "effective_resolution_m": "20 x 22",
        "co_contrast_max_db": 8.06,
        "cross_contrast_max_db": 7.28,
        "co_snr_median_db": 19.82,
        "cross_snr_median_db": 4.25,
        "review_status": "unreviewed",
        "possible_confusions": "ridge, ship, fast ice, unresolved land, speckle",
        "stream": "laptev:sentinel-1c:120:descending:vv,vh",
        "repeat_track_id": "8ed03af4db7e911b",
        "repeat_observations": 1,
        "repeat_span_days": 0.0,
        "repeat_excursion_m": 0.0,
        "persistent_location_candidate": false
      }
    },
    {
      "type": "Feature",
      "geometry": {
        "type": "MultiPolygon",
        "coordinates": [
          [
            [
              [
                129.45156945944186,
                73.78529887387971
              ],
              [
                129.4513242941793,
                73.78535638313448
              ],
              [
                129.4511225452544,
                73.78528649802975
              ],
              [
                129.450877378604,
                73.78534400674036
              ],
              [
                129.45067563174433,
                73.78527412118586
              ],
              [
                129.44994012244985,
                73.78544664477485
              ],
              [
                129.44973837833285,
                73.78537675828923
              ],
              [
                129.45022871891157,
                73.78526174334812
              ],
              [
                129.45002697584368,
                73.78519185713488
              ],
              [
                129.45076247274682,
                73.78501933316933
              ],
              [
                129.45156945944186,
                73.78529887387971
              ]
            ]
          ]
        ]
      },
      "properties": {
        "id": "df423f32fd5fb971",
        "region": "laptev",
        "class": "unclassified_radar_target",
        "ice_identity": "unverified",
        "grounding": "unverified",
        "confidence": "low",
        "observed_at": "2025-12-08T22:19:12.733851Z",
        "source_id": "S1C_IW_GRDH_1SDV_20251208T221858_20251208T221927_005366_00AAC3",
        "source_level": "L1",
        "radar_area_m2": 1100.0,
        "radar_equivalent_diameter_m": 37.42,
        "physical_floe_diameter_m": null,
        "longitude": 129.4506488,
        "latitude": 73.7852325,
        "native_spacing_m": 10,
        "effective_resolution_m": "20 x 22",
        "co_contrast_max_db": 11.95,
        "cross_contrast_max_db": 6.79,
        "co_snr_median_db": 20.85,
        "cross_snr_median_db": 5.69,
        "review_status": "unreviewed",
        "possible_confusions": "ridge, ship, fast ice, unresolved land, speckle",
        "stream": "laptev:sentinel-1c:120:descending:vv,vh",
        "repeat_track_id": "df423f32fd5fb971",
        "repeat_observations": 1,
        "repeat_span_days": 0.0,
        "repeat_excursion_m": 0.0,
        "persistent_location_candidate": false
      }
    },
    {
      "type": "Feature",
      "geometry": {
        "type": "MultiPolygon",
        "coordinates": [
          [
            [
              [
                129.31362271280926,
                73.81532334764941
              ],
              [
                129.31337661008686,
                73.81538068618045
              ],
              [
                129.31317508153273,
                73.8153106656263
              ],
              [
                129.31292897742736,
                73.81536800361125
              ],
              [
                129.31252592620936,
                73.81522796139637
              ],
              [
                129.31351032945759,
                73.814998609553
              ],
              [
                129.31371185559397,
                73.81506862980088
              ],
              [
                129.31395795242622,
                73.81501129083624
              ],
              [
                129.314159480642,
                73.81508131063495
              ],
              [
                129.31440557609125,
                73.81502397112426
              ],
              [
                129.31460710638638,
                73.81509399047383
              ],
              [
                129.31411491306028,
                73.8152086696719
              ],
              [
                129.3139133834615,
                73.81513864984049
              ],
              [
                129.3134211839069,
                73.81525332733617
              ],
              [
                129.31362271280926,
                73.81532334764941
              ]
            ]
          ]
        ]
      },
      "properties": {
        "id": "cb8bffcdbabde3aa",
        "region": "laptev",
        "class": "unclassified_radar_target",
        "ice_identity": "unverified",
        "grounding": "unverified",
        "confidence": "low",
        "observed_at": "2025-12-08T22:19:12.733851Z",
        "source_id": "S1C_IW_GRDH_1SDV_20251208T221858_20251208T221927_005366_00AAC3",
        "source_level": "L1",
        "radar_area_m2": 1200.0,
        "radar_equivalent_diameter_m": 39.09,
        "physical_floe_diameter_m": null,
        "longitude": 129.3134677,
        "latitude": 73.8151743,
        "native_spacing_m": 10,
        "effective_resolution_m": "20 x 22",
        "co_contrast_max_db": 10.69,
        "cross_contrast_max_db": 10.0,
        "co_snr_median_db": 20.81,
        "cross_snr_median_db": 6.46,
        "review_status": "unreviewed",
        "possible_confusions": "ridge, ship, fast ice, unresolved land, speckle",
        "stream": "laptev:sentinel-1c:120:descending:vv,vh",
        "repeat_track_id": "cb8bffcdbabde3aa",
        "repeat_observations": 1,
        "repeat_span_days": 0.0,
        "repeat_excursion_m": 0.0,
        "persistent_location_candidate": false
      }
    },
    {
      "type": "Feature",
      "geometry": {
        "type": "MultiPolygon",
        "coordinates": [
          [
            [
              [
                129.29903226684436,
                73.81825369890154
              ],
              [
                129.2987860685538,
                73.81831101937571
              ],
              [
                129.2981815674545,
                73.81810091411327
              ],
              [
                129.2979353684801,
                73.81815823355929
              ],
              [
                129.29753237710412,
                73.81801816186181
              ],
              [
                129.29802477192416,
                73.8179035236282
              ],
              [
                129.29842776469727,
                73.81804359436192
              ],
              [
                129.2986739602084,
                73.81798627430526
              ],
              [
                129.29887545954165,
                73.818056309119
              ],
              [
                129.29862926368128,
                73.8181136294166
              ],
              [
                129.29903226684436,
                73.81825369890154
              ]
            ]
          ]
        ]
      },
      "properties": {
        "id": "adbf03f804866bb0",
        "region": "laptev",
        "class": "unclassified_radar_target",
        "ice_identity": "unverified",
        "grounding": "unverified",
        "confidence": "low",
        "observed_at": "2025-12-08T22:19:12.733851Z",
        "source_id": "S1C_IW_GRDH_1SDV_20251208T221858_20251208T221927_005366_00AAC3",
        "source_level": "L1",
        "radar_area_m2": 800.0,
        "radar_equivalent_diameter_m": 31.92,
        "physical_floe_diameter_m": null,
        "longitude": 129.2982991,
        "latitude": 73.8180882,
        "native_spacing_m": 10,
        "effective_resolution_m": "20 x 22",
        "co_contrast_max_db": 10.02,
        "cross_contrast_max_db": 9.2,
        "co_snr_median_db": 21.89,
        "cross_snr_median_db": 6.1,
        "review_status": "unreviewed",
        "possible_confusions": "ridge, ship, fast ice, unresolved land, speckle",
        "stream": "laptev:sentinel-1c:120:descending:vv,vh",
        "repeat_track_id": "adbf03f804866bb0",
        "repeat_observations": 1,
        "repeat_span_days": 0.0,
        "repeat_excursion_m": 0.0,
        "persistent_location_candidate": false
      }
    },
    {
      "type": "Feature",
      "geometry": {
        "type": "MultiPolygon",
        "coordinates": [
          [
            [
              [
                129.3123689846286,
                73.81503058132738
              ],
              [
                129.3121228819163,
                73.81508791834865
              ],
              [
                129.31192136236655,
                73.81501789651247
              ],
              [
                129.3116752582714,
                73.81507523298765
              ],
              [
                129.31147374080115,
                73.81500521070234
              ],
              [
                129.31122763532315,
                73.81506254663148
              ],
              [
                129.31102611993242,
                73.81499252389706
              ],
              [
                129.31151832846055,
                73.81487785221547
              ],
              [
                129.31131681410426,
                73.81480782975467
              ],
              [
                129.31008628154217,
                73.81509450546531
              ],
              [
                129.3096832615069,
                73.81495445750996
              ],
              [
                129.3094371504979,
                73.81501179125476
              ],
              [
                129.30923564342544,
                73.81494176672389
              ],
              [
                129.31022007568086,
                73.81471243087736
              ],
              [
                129.31001856894576,
                73.81464240710196
              ],
              [
                129.31051077399013,
                73.81452773782954
              ],
              [
                129.31111530147908,
                73.81473780708568
              ],
              [
                129.31136140244976,
                73.814680471269
              ],
              [
                129.31176443012788,
                73.81482051591696
              ],
              [
                129.31201053006413,
                73.81476317931329
              ],
              [
                129.31221204684817,
                73.81483320108404
              ],
              [
                129.31196594656365,
                73.81489053792863
              ],
              [
                129.3123689846286,
                73.81503058132738
              ]
            ]
          ]
        ]
      },
      "properties": {
        "id": "0746e612bb3fb456",
        "region": "laptev",
        "class": "unclassified_radar_target",
        "ice_identity": "unverified",
        "grounding": "unverified",
        "confidence": "low",
        "observed_at": "2025-12-08T22:19:12.733851Z",
        "source_id": "S1C_IW_GRDH_1SDV_20251208T221858_20251208T221927_005366_00AAC3",
        "source_level": "L1",
        "radar_area_m2": 2700.0,
        "radar_equivalent_diameter_m": 58.63,
        "physical_floe_diameter_m": null,
        "longitude": 129.3107897,
        "latitude": 73.8148548,
        "native_spacing_m": 10,
        "effective_resolution_m": "20 x 22",
        "co_contrast_max_db": 11.19,
        "cross_contrast_max_db": 10.35,
        "co_snr_median_db": 20.75,
        "cross_snr_median_db": 6.31,
        "review_status": "unreviewed",
        "possible_confusions": "ridge, ship, fast ice, unresolved land, speckle",
        "stream": "laptev:sentinel-1c:120:descending:vv,vh",
        "repeat_track_id": "0746e612bb3fb456",
        "repeat_observations": 1,
        "repeat_span_days": 0.0,
        "repeat_excursion_m": 0.0,
        "persistent_location_candidate": false
      }
    },
    {
      "type": "Feature",
      "geometry": {
        "type": "MultiPolygon",
        "coordinates": [
          [
            [
              [
                129.65458738711789,
                73.82501018427644
              ],
              [
                129.6543423424258,
                73.82506793773177
              ],
              [
                129.65373301694711,
                73.82485890550439
              ],
              [
                129.6544681428594,
                73.82468564640575
              ],
              [
                129.6542650368571,
                73.8246159692991
              ],
              [
                129.65451007502534,
                73.824558215903
              ],
              [
                129.65491628942314,
                73.82469756942182
              ],
              [
                129.6544262100375,
                73.82481307687816
              ],
              [
                129.6546293191864,
                73.824882753804
              ],
              [
                129.65438427655965,
                73.82494050732015
              ],
              [
                129.65458738711789,
                73.82501018427644
              ]
            ]
          ]
        ]
      },
      "properties": {
        "id": "2a51f6359bd28eae",
        "region": "laptev",
        "class": "unclassified_radar_target",
        "ice_identity": "unverified",
        "grounding": "unverified",
        "confidence": "low",
        "observed_at": "2026-01-01T22:19:11.484391Z",
        "source_id": "S1C_IW_GRDH_1SDV_20260101T221856_20260101T221926_005716_00B6C0",
        "source_level": "L1",
        "radar_area_m2": 800.0,
        "radar_equivalent_diameter_m": 31.92,
        "physical_floe_diameter_m": null,
        "longitude": 129.6543396,
        "latitude": 73.8248188,
        "native_spacing_m": 10,
        "effective_resolution_m": "20 x 22",
        "co_contrast_max_db": 7.1,
        "cross_contrast_max_db": 5.13,
        "co_snr_median_db": 17.37,
        "cross_snr_median_db": 5.24,
        "review_status": "unreviewed",
        "possible_confusions": "ridge, ship, fast ice, unresolved land, speckle",
        "stream": "laptev:sentinel-1c:120:descending:vv,vh",
        "repeat_track_id": "2a51f6359bd28eae",
        "repeat_observations": 1,
        "repeat_span_days": 0.0,
        "repeat_excursion_m": 0.0,
        "persistent_location_candidate": false
      }
    },
    {
      "type": "Feature",
      "geometry": {
        "type": "MultiPolygon",
        "coordinates": [
          [
            [
              [
                129.48877806623662,
                73.82663697062586
              ],
              [
                129.48779543189457,
                73.82686717459875
              ],
              [
                129.48759301246199,
                73.82679732998687
              ],
              [
                129.4873473498752,
                73.82685487997901
              ],
              [
                129.4871449325166,
                73.82678503491596
              ],
              [
                129.48763625527803,
                73.8266699351106
              ],
              [
                129.4874338389788,
                73.8266000903205
              ],
              [
                129.48767949741773,
                73.8265425402034
              ],
              [
                129.48788191405512,
                73.8266123847521
              ],
              [
                129.48812757109647,
                73.8265548340897
              ],
              [
                129.4883299898077,
                73.82662467818722
              ],
              [
                129.48857564545148,
                73.82656712697955
              ],
              [
                129.48877806623662,
                73.82663697062586
              ]
            ]
          ]
        ]
      },
      "properties": {
        "id": "6af5c99fe48d0189",
        "region": "laptev",
        "class": "unclassified_radar_target",
        "ice_identity": "unverified",
        "grounding": "unverified",
        "confidence": "low",
        "observed_at": "2026-01-01T22:19:11.484391Z",
        "source_id": "S1C_IW_GRDH_1SDV_20260101T221856_20260101T221926_005716_00B6C0",
        "source_level": "L1",
        "radar_area_m2": 900.0,
        "radar_equivalent_diameter_m": 33.85,
        "physical_floe_diameter_m": null,
        "longitude": 129.4879278,
        "latitude": 73.8266994,
        "native_spacing_m": 10,
        "effective_resolution_m": "20 x 22",
        "co_contrast_max_db": 8.04,
        "cross_contrast_max_db": 8.28,
        "co_snr_median_db": 17.83,
        "cross_snr_median_db": 9.28,
        "review_status": "unreviewed",
        "possible_confusions": "ridge, ship, fast ice, unresolved land, speckle",
        "stream": "laptev:sentinel-1c:120:descending:vv,vh",
        "repeat_track_id": "6af5c99fe48d0189",
        "repeat_observations": 1,
        "repeat_span_days": 0.0,
        "repeat_excursion_m": 0.0,
        "persistent_location_candidate": false
      }
    },
    {
      "type": "Feature",
      "geometry": {
        "type": "MultiPolygon",
        "coordinates": [
          [
            [
              [
                129.38330557285525,
                73.84847144853545
              ],
              [
                129.38281285430662,
                73.84858629044788
              ],
              [
                129.38240837881568,
                73.84844639440209
              ],
              [
                129.3826547382687,
                73.84838897408153
              ],
              [
                129.3824525027865,
                73.84831902598638
              ],
              [
                129.38220614367899,
                73.8483764460654
              ],
              [
                129.38180167862288,
                73.84823654876445
              ],
              [
                129.38204803703945,
                73.84817912916851
              ],
              [
                129.3822502690434,
                73.84824907768204
              ],
              [
                129.38274298135025,
                73.84813423709164
              ],
              [
                129.38334968986948,
                73.84834407992783
              ],
              [
                129.38310333354931,
                73.84840150110021
              ],
              [
                129.38330557285525,
                73.84847144853545
              ]
            ]
          ]
        ]
      },
      "properties": {
        "id": "f51934427cfafffa",
        "region": "laptev",
        "class": "unclassified_radar_target",
        "ice_identity": "unverified",
        "grounding": "unverified",
        "confidence": "low",
        "observed_at": "2026-01-01T22:19:11.484391Z",
        "source_id": "S1C_IW_GRDH_1SDV_20260101T221856_20260101T221926_005716_00B6C0",
        "source_level": "L1",
        "radar_area_m2": 1100.0,
        "radar_equivalent_diameter_m": 37.42,
        "physical_floe_diameter_m": null,
        "longitude": 129.3826912,
        "latitude": 73.8483432,
        "native_spacing_m": 10,
        "effective_resolution_m": "20 x 22",
        "co_contrast_max_db": 9.04,
        "cross_contrast_max_db": 7.06,
        "co_snr_median_db": 16.8,
        "cross_snr_median_db": 5.68,
        "review_status": "unreviewed",
        "possible_confusions": "ridge, ship, fast ice, unresolved land, speckle",
        "stream": "laptev:sentinel-1c:120:descending:vv,vh",
        "repeat_track_id": "f51934427cfafffa",
        "repeat_observations": 1,
        "repeat_span_days": 0.0,
        "repeat_excursion_m": 0.0,
        "persistent_location_candidate": false
      }
    },
    {
      "type": "Feature",
      "geometry": {
        "type": "MultiPolygon",
        "coordinates": [
          [
            [
              [
                129.57618101004007,
                73.80188829371988
              ],
              [
                129.57593603530415,
                73.80194595355151
              ],
              [
                129.57573354797046,
                73.80187619523377
              ],
              [
                129.57524359396768,
                73.80199151350656
              ],
              [
                129.57463614434675,
                73.80178223584483
              ],
              [
                129.57512609635836,
                73.80166691901896
              ],
              [
                129.57553106236827,
                73.80180643670579
              ],
              [
                129.57577603644054,
                73.8017487773565
              ],
              [
                129.57618101004007,
                73.80188829371988
              ]
            ]
          ]
        ]
      },
      "properties": {
        "id": "45afd32d3394ba89",
        "region": "laptev",
        "class": "unclassified_radar_target",
        "ice_identity": "unverified",
        "grounding": "unverified",
        "confidence": "low",
        "observed_at": "2026-01-01T22:19:11.484391Z",
        "source_id": "S1C_IW_GRDH_1SDV_20260101T221856_20260101T221926_005716_00B6C0",
        "source_level": "L1",
        "radar_area_m2": 800.0,
        "radar_equivalent_diameter_m": 31.92,
        "physical_floe_diameter_m": null,
        "longitude": 129.5753526,
        "latitude": 73.8018338,
        "native_spacing_m": 10,
        "effective_resolution_m": "20 x 22",
        "co_contrast_max_db": 7.91,
        "cross_contrast_max_db": 5.69,
        "co_snr_median_db": 17.39,
        "cross_snr_median_db": 4.35,
        "review_status": "unreviewed",
        "possible_confusions": "ridge, ship, fast ice, unresolved land, speckle",
        "stream": "laptev:sentinel-1c:120:descending:vv,vh",
        "repeat_track_id": "45afd32d3394ba89",
        "repeat_observations": 1,
        "repeat_span_days": 0.0,
        "repeat_excursion_m": 0.0,
        "persistent_location_candidate": false
      }
    },
    {
      "type": "Feature",
      "geometry": {
        "type": "MultiPolygon",
        "coordinates": [
          [
            [
              [
                129.43507124064416,
                73.83158598383899
              ],
              [
                129.43457939825166,
                73.83170095468553
              ],
              [
                129.43417489760571,
                73.83156115930923
              ],
              [
                129.43491265654075,
                73.83138870403108
              ],
              [
                129.43471040779727,
                73.83131880675289
              ],
              [
                129.43520223772347,
                73.83120383552816
              ],
              [
                129.4356067383128,
                73.83134362890958
              ],
              [
                129.43536082353464,
                73.8314011151569
              ],
              [
                129.43556307609197,
                73.83147101177484
              ],
              [
                129.43531715923618,
                73.83152849795911
              ],
              [
                129.4351149070204,
                73.83145860109981
              ],
              [
                129.43486898876995,
                73.83151608673832
              ],
              [
                129.43507124064416,
                73.83158598383899
              ]
            ]
          ]
        ]
      },
      "properties": {
        "id": "21756c44a1f27356",
        "region": "laptev",
        "class": "unclassified_radar_target",
        "ice_identity": "unverified",
        "grounding": "unverified",
        "confidence": "low",
        "observed_at": "2026-01-01T22:19:11.484391Z",
        "source_id": "S1C_IW_GRDH_1SDV_20260101T221856_20260101T221926_005716_00B6C0",
        "source_level": "L1",
        "radar_area_m2": 1000.0,
        "radar_equivalent_diameter_m": 35.68,
        "physical_floe_diameter_m": null,
        "longitude": 129.4349356,
        "latitude": 73.8314536,
        "native_spacing_m": 10,
        "effective_resolution_m": "20 x 22",
        "co_contrast_max_db": 8.94,
        "cross_contrast_max_db": 7.95,
        "co_snr_median_db": 16.9,
        "cross_snr_median_db": 6.5,
        "review_status": "unreviewed",
        "possible_confusions": "ridge, ship, fast ice, unresolved land, speckle",
        "stream": "laptev:sentinel-1c:120:descending:vv,vh",
        "repeat_track_id": "21756c44a1f27356",
        "repeat_observations": 1,
        "repeat_span_days": 0.0,
        "repeat_excursion_m": 0.0,
        "persistent_location_candidate": false
      }
    },
    {
      "type": "Feature",
      "geometry": {
        "type": "MultiPolygon",
        "coordinates": [
          [
            [
              [
                129.48308914757322,
                73.81342959829135
              ],
              [
                129.48235271120436,
                73.81360223396491
              ],
              [
                129.4821504797854,
                73.81353238265021
              ],
              [
                129.48239595996995,
                73.81347483797057
              ],
              [
                129.4821937299459,
                73.81340498668742
              ],
              [
                129.48243920805962,
                73.81334744194525
              ],
              [
                129.4822369794305,
                73.81327759069367
              ],
              [
                129.48248245547342,
                73.81322004588897
              ],
              [
                129.48207800273778,
                73.81308034323928
              ],
              [
                129.4828144184422,
                73.81290770845018
              ],
              [
                129.4834211031861,
                73.81311725993972
              ],
              [
                129.48268468444053,
                73.8132898968994
              ],
              [
                129.48308914757322,
                73.81342959829135
              ]
            ]
          ]
        ]
      },
      "properties": {
        "id": "2df8e75b7e0695e7",
        "region": "laptev",
        "class": "unclassified_radar_target",
        "ice_identity": "unverified",
        "grounding": "unverified",
        "confidence": "low",
        "observed_at": "2026-01-01T22:19:11.484391Z",
        "source_id": "S1C_IW_GRDH_1SDV_20260101T221856_20260101T221926_005716_00B6C0",
        "source_level": "L1",
        "radar_area_m2": 1500.0,
        "radar_equivalent_diameter_m": 43.7,
        "physical_floe_diameter_m": null,
        "longitude": 129.4826765,
        "latitude": 73.8132254,
        "native_spacing_m": 10,
        "effective_resolution_m": "20 x 22",
        "co_contrast_max_db": 8.0,
        "cross_contrast_max_db": 8.85,
        "co_snr_median_db": 16.54,
        "cross_snr_median_db": 7.19,
        "review_status": "unreviewed",
        "possible_confusions": "ridge, ship, fast ice, unresolved land, speckle",
        "stream": "laptev:sentinel-1c:120:descending:vv,vh",
        "repeat_track_id": "2df8e75b7e0695e7",
        "repeat_observations": 1,
        "repeat_span_days": 0.0,
        "repeat_excursion_m": 0.0,
        "persistent_location_candidate": false
      }
    },
    {
      "type": "Feature",
      "geometry": {
        "type": "MultiPolygon",
        "coordinates": [
          [
            [
              [
                129.3647893664754,
                73.84049445265518
              ],
              [
                129.36454306350186,
                73.84055185176624
              ],
              [
                129.3643410032483,
                73.84048188479304
              ],
              [
                129.36384839278196,
                73.84059668161686
              ],
              [
                129.36344427887155,
                73.84045674607803
              ],
              [
                129.36369058428085,
                73.8403993483015
              ],
              [
                129.3634885295852,
                73.84032938046005
              ],
              [
                129.36398113449965,
                73.84021458447424
              ],
              [
                129.3641831898878,
                73.8402845518329
              ],
              [
                129.36393688795292,
                73.8403419502198
              ],
              [
                129.36413894473202,
                73.84041191761088
              ],
              [
                129.36463154755702,
                73.84029712004916
              ],
              [
                129.36483360676576,
                73.84036708674853
              ],
              [
                129.36458730587566,
                73.84042448592336
              ],
              [
                129.3647893664754,
                73.84049445265518
              ]
            ]
          ]
        ]
      },
      "properties": {
        "id": "5368bb6c572d55ac",
        "region": "laptev",
        "class": "unclassified_radar_target",
        "ice_identity": "unverified",
        "grounding": "unverified",
        "confidence": "low",
        "observed_at": "2026-01-01T22:19:11.484391Z",
        "source_id": "S1C_IW_GRDH_1SDV_20260101T221856_20260101T221926_005716_00B6C0",
        "source_level": "L1",
        "radar_area_m2": 900.0,
        "radar_equivalent_diameter_m": 33.85,
        "physical_floe_diameter_m": null,
        "longitude": 129.3640867,
        "latitude": 73.8404176,
        "native_spacing_m": 10,
        "effective_resolution_m": "20 x 22",
        "co_contrast_max_db": 8.4,
        "cross_contrast_max_db": 6.97,
        "co_snr_median_db": 17.18,
        "cross_snr_median_db": 6.94,
        "review_status": "unreviewed",
        "possible_confusions": "ridge, ship, fast ice, unresolved land, speckle",
        "stream": "laptev:sentinel-1c:120:descending:vv,vh",
        "repeat_track_id": "5368bb6c572d55ac",
        "repeat_observations": 1,
        "repeat_span_days": 0.0,
        "repeat_excursion_m": 0.0,
        "persistent_location_candidate": false
      }
    },
    {
      "type": "Feature",
      "geometry": {
        "type": "MultiPolygon",
        "coordinates": [
          [
            [
              [
                129.49600780612815,
                73.80864094194172
              ],
              [
                129.49576244674233,
                73.808698503586
              ],
              [
                129.49556021870114,
                73.80862866528393
              ],
              [
                129.49531485792022,
                73.80868622638361
              ],
              [
                129.49511263194802,
                73.80861638763075
              ],
              [
                129.49486726977207,
                73.80867394818577
              ],
              [
                129.49466504586886,
                73.80860410898212
              ],
              [
                129.49491040770778,
                73.80854654866822
              ],
              [
                129.49470818519956,
                73.80847670949602
              ],
              [
                129.49519890300758,
                73.80836158844
              ],
              [
                129.4956033511039,
                73.80850126561019
              ],
              [
                129.49584870808383,
                73.80844370414468
              ],
              [
                129.4960509350669,
                73.80851354217415
              ],
              [
                129.49580557775002,
                73.8085711038808
              ],
              [
                129.49600780612815,
                73.80864094194172
              ]
            ]
          ]
        ]
      },
      "properties": {
        "id": "b4f8f9b0b7c6832f",
        "region": "laptev",
        "class": "unclassified_radar_target",
        "ice_identity": "unverified",
        "grounding": "unverified",
        "confidence": "low",
        "observed_at": "2026-01-01T22:19:11.484391Z",
        "source_id": "S1C_IW_GRDH_1SDV_20260101T221856_20260101T221926_005716_00B6C0",
        "source_level": "L1",
        "radar_area_m2": 900.0,
        "radar_equivalent_diameter_m": 33.85,
        "physical_floe_diameter_m": null,
        "longitude": 129.4953379,
        "latitude": 73.808544,
        "native_spacing_m": 10,
        "effective_resolution_m": "20 x 22",
        "co_contrast_max_db": 7.97,
        "cross_contrast_max_db": 8.88,
        "co_snr_median_db": 16.41,
        "cross_snr_median_db": 6.42,
        "review_status": "unreviewed",
        "possible_confusions": "ridge, ship, fast ice, unresolved land, speckle",
        "stream": "laptev:sentinel-1c:120:descending:vv,vh",
        "repeat_track_id": "b4f8f9b0b7c6832f",
        "repeat_observations": 1,
        "repeat_span_days": 0.0,
        "repeat_excursion_m": 0.0,
        "persistent_location_candidate": false
      }
    },
    {
      "type": "Feature",
      "geometry": {
        "type": "MultiPolygon",
        "coordinates": [
          [
            [
              [
                129.4438797070184,
                73.81311963942066
              ],
              [
                129.4436340962938,
                73.81317713715798
              ],
              [
                129.44282586582284,
                73.81289757500176
              ],
              [
                129.44356268871633,
                73.81272508377104
              ],
              [
                129.44376474475644,
                73.81279497390072
              ],
              [
                129.44351913851727,
                73.81285247152275
              ],
              [
                129.44392325511384,
                73.81299225163644
              ],
              [
                129.44367764646188,
                73.81304974943667
              ],
              [
                129.4438797070184,
                73.81311963942066
              ]
            ]
          ]
        ]
      },
      "properties": {
        "id": "841e48cac4e2dde5",
        "region": "laptev",
        "class": "unclassified_radar_target",
        "ice_identity": "unverified",
        "grounding": "unverified",
        "confidence": "low",
        "observed_at": "2026-01-01T22:19:11.484391Z",
        "source_id": "S1C_IW_GRDH_1SDV_20260101T221856_20260101T221926_005716_00B6C0",
        "source_level": "L1",
        "radar_area_m2": 800.0,
        "radar_equivalent_diameter_m": 31.92,
        "physical_floe_diameter_m": null,
        "longitude": 129.4434305,
        "latitude": 73.8129465,
        "native_spacing_m": 10,
        "effective_resolution_m": "20 x 22",
        "co_contrast_max_db": 9.06,
        "cross_contrast_max_db": 6.34,
        "co_snr_median_db": 17.75,
        "cross_snr_median_db": 5.54,
        "review_status": "unreviewed",
        "possible_confusions": "ridge, ship, fast ice, unresolved land, speckle",
        "stream": "laptev:sentinel-1c:120:descending:vv,vh",
        "repeat_track_id": "841e48cac4e2dde5",
        "repeat_observations": 1,
        "repeat_span_days": 0.0,
        "repeat_excursion_m": 0.0,
        "persistent_location_candidate": false
      }
    },
    {
      "type": "Feature",
      "geometry": {
        "type": "MultiPolygon",
        "coordinates": [
          [
            [
              [
                129.43804499904175,
                73.80639969267726
              ],
              [
                129.43755393710984,
                73.80651467464472
              ],
              [
                129.43715003558967,
                73.80637488053948
              ],
              [
                129.43690450270816,
                73.80643237058527
              ],
              [
                129.43670255488473,
                73.8063624729779
              ],
              [
                129.43694808742586,
                73.80630498317312
              ],
              [
                129.43674614099285,
                73.80623508559759
              ],
              [
                129.43723720020182,
                73.80612010555818
              ],
              [
                129.43804499904175,
                73.80639969267726
              ]
            ]
          ]
        ]
      },
      "properties": {
        "id": "5cce906b1f7b5c17",
        "region": "laptev",
        "class": "unclassified_radar_target",
        "ice_identity": "unverified",
        "grounding": "unverified",
        "confidence": "low",
        "observed_at": "2026-01-01T22:19:11.484391Z",
        "source_id": "S1C_IW_GRDH_1SDV_20260101T221856_20260101T221926_005716_00B6C0",
        "source_level": "L1",
        "radar_area_m2": 900.0,
        "radar_equivalent_diameter_m": 33.85,
        "physical_floe_diameter_m": null,
        "longitude": 129.4373434,
        "latitude": 73.8063231,
        "native_spacing_m": 10,
        "effective_resolution_m": "20 x 22",
        "co_contrast_max_db": 8.06,
        "cross_contrast_max_db": 7.61,
        "co_snr_median_db": 15.44,
        "cross_snr_median_db": 7.06,
        "review_status": "unreviewed",
        "possible_confusions": "ridge, ship, fast ice, unresolved land, speckle",
        "stream": "laptev:sentinel-1c:120:descending:vv,vh",
        "repeat_track_id": "5cce906b1f7b5c17",
        "repeat_observations": 1,
        "repeat_span_days": 0.0,
        "repeat_excursion_m": 0.0,
        "persistent_location_candidate": false
      }
    },
    {
      "type": "Feature",
      "geometry": {
        "type": "MultiPolygon",
        "coordinates": [
          [
            [
              [
                129.44871905278083,
                73.802258828227
              ],
              [
                129.44822819072118,
                73.80237383687188
              ],
              [
                129.44762235762195,
                73.80216417637583
              ],
              [
                129.44786778849817,
                73.80210667292816
              ],
              [
                129.44766584725238,
                73.8020367859187
              ],
              [
                129.44815670313554,
                73.8019217785939
              ],
              [
                129.44835864506044,
                73.80199166512145
              ],
              [
                129.44811321764433,
                73.8020491691767
              ],
              [
                129.44871905278083,
                73.802258828227
              ]
            ]
          ]
        ]
      },
      "properties": {
        "id": "2be79e75dea03692",
        "region": "laptev",
        "class": "unclassified_radar_target",
        "ice_identity": "unverified",
        "grounding": "unverified",
        "confidence": "low",
        "observed_at": "2026-01-01T22:19:11.484391Z",
        "source_id": "S1C_IW_GRDH_1SDV_20260101T221856_20260101T221926_005716_00B6C0",
        "source_level": "L1",
        "radar_area_m2": 800.0,
        "radar_equivalent_diameter_m": 31.92,
        "physical_floe_diameter_m": null,
        "longitude": 129.4481311,
        "latitude": 73.8021622,
        "native_spacing_m": 10,
        "effective_resolution_m": "20 x 22",
        "co_contrast_max_db": 8.3,
        "cross_contrast_max_db": 11.46,
        "co_snr_median_db": 16.82,
        "cross_snr_median_db": 10.85,
        "review_status": "unreviewed",
        "possible_confusions": "ridge, ship, fast ice, unresolved land, speckle",
        "stream": "laptev:sentinel-1c:120:descending:vv,vh",
        "repeat_track_id": "2be79e75dea03692",
        "repeat_observations": 1,
        "repeat_span_days": 0.0,
        "repeat_excursion_m": 0.0,
        "persistent_location_candidate": false
      }
    },
    {
      "type": "Feature",
      "geometry": {
        "type": "MultiPolygon",
        "coordinates": [
          [
            [
              [
                129.5271678980688,
                73.7838418112298
              ],
              [
                129.52667814233016,
                73.78395701397928
              ],
              [
                129.52607198589092,
                73.78374758472769
              ],
              [
                129.52631686362164,
                73.78368998422677
              ],
              [
                129.52611481459536,
                73.78362017429775
              ],
              [
                129.52660456420742,
                73.78350497286912
              ],
              [
                129.52680661390178,
                73.78357478231653
              ],
              [
                129.52656173962527,
                73.78363238342304
              ],
              [
                129.5271678980688,
                73.7838418112298
              ]
            ]
          ]
        ]
      },
      "properties": {
        "id": "ff4de07d72f97d02",
        "region": "laptev",
        "class": "unclassified_radar_target",
        "ice_identity": "unverified",
        "grounding": "unverified",
        "confidence": "low",
        "observed_at": "2026-01-01T22:19:11.484391Z",
        "source_id": "S1C_IW_GRDH_1SDV_20260101T221856_20260101T221926_005716_00B6C0",
        "source_level": "L1",
        "radar_area_m2": 800.0,
        "radar_equivalent_diameter_m": 31.92,
        "physical_floe_diameter_m": null,
        "longitude": 129.5265801,
        "latitude": 73.7837454,
        "native_spacing_m": 10,
        "effective_resolution_m": "20 x 22",
        "co_contrast_max_db": 7.55,
        "cross_contrast_max_db": 7.19,
        "co_snr_median_db": 18.81,
        "cross_snr_median_db": 5.46,
        "review_status": "unreviewed",
        "possible_confusions": "ridge, ship, fast ice, unresolved land, speckle",
        "stream": "laptev:sentinel-1c:120:descending:vv,vh",
        "repeat_track_id": "ff4de07d72f97d02",
        "repeat_observations": 1,
        "repeat_span_days": 0.0,
        "repeat_excursion_m": 0.0,
        "persistent_location_candidate": false
      }
    },
    {
      "type": "Feature",
      "geometry": {
        "type": "MultiPolygon",
        "coordinates": [
          [
            [
              [
                129.34259649769533,
                73.8262382689062
              ],
              [
                129.34235033209097,
                73.82629564200272
              ],
              [
                129.34194675764476,
                73.82615566073251
              ],
              [
                129.34243908573174,
                73.82604091519894
              ],
              [
                129.34223730041558,
                73.82597092473324
              ],
              [
                129.3424834615113,
                73.82591355174993
              ],
              [
                129.3426852471744,
                73.82598354197451
              ],
              [
                129.34317756485808,
                73.82586879461037
              ],
              [
                129.3435811427735,
                73.8260087734692
              ],
              [
                129.34308882370223,
                73.82612352179788
              ],
              [
                129.34288703457136,
                73.8260535319905
              ],
              [
                129.3423947092583,
                73.82616827861652
              ],
              [
                129.34259649769533,
                73.8262382689062
              ]
            ]
          ]
        ]
      },
      "properties": {
        "id": "e9c7046ac4852d31",
        "region": "laptev",
        "class": "unclassified_radar_target",
        "ice_identity": "unverified",
        "grounding": "unverified",
        "confidence": "low",
        "observed_at": "2026-01-01T22:19:11.484391Z",
        "source_id": "S1C_IW_GRDH_1SDV_20260101T221856_20260101T221926_005716_00B6C0",
        "source_level": "L1",
        "radar_area_m2": 900.0,
        "radar_equivalent_diameter_m": 33.85,
        "physical_floe_diameter_m": null,
        "longitude": 129.3427353,
        "latitude": 73.8260564,
        "native_spacing_m": 10,
        "effective_resolution_m": "20 x 22",
        "co_contrast_max_db": 8.36,
        "cross_contrast_max_db": 9.54,
        "co_snr_median_db": 16.84,
        "cross_snr_median_db": 7.02,
        "review_status": "unreviewed",
        "possible_confusions": "ridge, ship, fast ice, unresolved land, speckle",
        "stream": "laptev:sentinel-1c:120:descending:vv,vh",
        "repeat_track_id": "e9c7046ac4852d31",
        "repeat_observations": 1,
        "repeat_span_days": 0.0,
        "repeat_excursion_m": 0.0,
        "persistent_location_candidate": false
      }
    },
    {
      "type": "Feature",
      "geometry": {
        "type": "MultiPolygon",
        "coordinates": [
          [
            [
              [
                129.341991137586,
                73.82602829741145
              ],
              [
                129.3410064689288,
                73.82625778507324
              ],
              [
                129.34080468708152,
                73.82618779319324
              ],
              [
                129.34105085649963,
                73.82613042197661
              ],
              [
                129.3408490760392,
                73.82606043012915
              ],
              [
                129.34109524337637,
                73.82600305884853
              ],
              [
                129.34089346430275,
                73.82593306703366
              ],
              [
                129.34113962955908,
                73.82587569568906
              ],
              [
                129.34134140897973,
                73.82594568726283
              ],
              [
                129.3415875728492,
                73.82588831537198
              ],
              [
                129.341991137586,
                73.82602829741145
              ]
            ]
          ]
        ]
      },
      "properties": {
        "id": "78f2b27ae61320ab",
        "region": "laptev",
        "class": "unclassified_radar_target",
        "ice_identity": "unverified",
        "grounding": "unverified",
        "confidence": "low",
        "observed_at": "2026-01-01T22:19:11.484391Z",
        "source_id": "S1C_IW_GRDH_1SDV_20260101T221856_20260101T221926_005716_00B6C0",
        "source_level": "L1",
        "radar_area_m2": 800.0,
        "radar_equivalent_diameter_m": 31.92,
        "physical_floe_diameter_m": null,
        "longitude": 129.3413333,
        "latitude": 73.82605,
        "native_spacing_m": 10,
        "effective_resolution_m": "20 x 22",
        "co_contrast_max_db": 9.81,
        "cross_contrast_max_db": 8.61,
        "co_snr_median_db": 18.15,
        "cross_snr_median_db": 7.97,
        "review_status": "unreviewed",
        "possible_confusions": "ridge, ship, fast ice, unresolved land, speckle",
        "stream": "laptev:sentinel-1c:120:descending:vv,vh",
        "repeat_track_id": "78f2b27ae61320ab",
        "repeat_observations": 1,
        "repeat_span_days": 0.0,
        "repeat_excursion_m": 0.0,
        "persistent_location_candidate": false
      }
    },
    {
      "type": "Feature",
      "geometry": {
        "type": "MultiPolygon",
        "coordinates": [
          [
            [
              [
                129.49908860045625,
                73.78551600618921
              ],
              [
                129.49884359934512,
                73.7855735733677
              ],
              [
                129.49864164447123,
                73.78550373600329
              ],
              [
                129.4976616240983,
                73.78573400072344
              ],
              [
                129.49725772221882,
                73.78559432344004
              ],
              [
                129.49774773451614,
                73.78547919264923
              ],
              [
                129.49794968526405,
                73.7855490309141
              ],
              [
                129.49819468915786,
                73.7854914648233
              ],
              [
                129.49799273807412,
                73.78542162679922
              ],
              [
                129.49897273503487,
                73.78519136036859
              ],
              [
                129.49917468746185,
                73.78526119742952
              ],
              [
                129.4989296904765,
                73.78531876473254
              ],
              [
                129.4991316442948,
                73.78538860182482
              ],
              [
                129.49888664524659,
                73.7854461690656
              ],
              [
                129.49908860045625,
                73.78551600618921
              ]
            ]
          ]
        ]
      },
      "properties": {
        "id": "b9e56d73b53cb0a8",
        "region": "laptev",
        "class": "unclassified_radar_target",
        "ice_identity": "unverified",
        "grounding": "unverified",
        "confidence": "low",
        "observed_at": "2026-01-01T22:19:11.484391Z",
        "source_id": "S1C_IW_GRDH_1SDV_20260101T221856_20260101T221926_005716_00B6C0",
        "source_level": "L1",
        "radar_area_m2": 1300.0,
        "radar_equivalent_diameter_m": 40.68,
        "physical_floe_diameter_m": null,
        "longitude": 129.4983216,
        "latitude": 73.7854752,
        "native_spacing_m": 10,
        "effective_resolution_m": "20 x 22",
        "co_contrast_max_db": 9.32,
        "cross_contrast_max_db": 6.62,
        "co_snr_median_db": 17.12,
        "cross_snr_median_db": 5.03,
        "review_status": "unreviewed",
        "possible_confusions": "ridge, ship, fast ice, unresolved land, speckle",
        "stream": "laptev:sentinel-1c:120:descending:vv,vh",
        "repeat_track_id": "b9e56d73b53cb0a8",
        "repeat_observations": 1,
        "repeat_span_days": 0.0,
        "repeat_excursion_m": 0.0,
        "persistent_location_candidate": false
      }
    },
    {
      "type": "Feature",
      "geometry": {
        "type": "MultiPolygon",
        "coordinates": [
          [
            [
              [
                129.49587378461493,
                73.78568490133736
              ],
              [
                129.4953837529356,
                73.78580002752804
              ],
              [
                129.49518181005664,
                73.78573018670869
              ],
              [
                129.49493679196223,
                73.78578774910861
              ],
              [
                129.49453291205785,
                73.78564806636012
              ],
              [
                129.49502294517538,
                73.78553294222034
              ],
              [
                129.4948210071418,
                73.78546310101355
              ],
              [
                129.49506602077386,
                73.78540553872978
              ],
              [
                129.49546989924016,
                73.78554522045238
              ],
              [
                129.49522488493608,
                73.78560278321771
              ],
              [
                129.49542682642388,
                73.7856726240057
              ],
              [
                129.495671841064,
                73.78561506099958
              ],
              [
                129.49587378461493,
                73.78568490133736
              ]
            ]
          ]
        ]
      },
      "properties": {
        "id": "f1d7235cb553f123",
        "region": "laptev",
        "class": "unclassified_radar_target",
        "ice_identity": "unverified",
        "grounding": "unverified",
        "confidence": "low",
        "observed_at": "2026-01-01T22:19:11.484391Z",
        "source_id": "S1C_IW_GRDH_1SDV_20260101T221856_20260101T221926_005716_00B6C0",
        "source_level": "L1",
        "radar_area_m2": 800.0,
        "radar_equivalent_diameter_m": 31.92,
        "physical_floe_diameter_m": null,
        "longitude": 129.4951582,
        "latitude": 73.7856331,
        "native_spacing_m": 10,
        "effective_resolution_m": "20 x 22",
        "co_contrast_max_db": 8.6,
        "cross_contrast_max_db": 8.98,
        "co_snr_median_db": 16.65,
        "cross_snr_median_db": 6.52,
        "review_status": "unreviewed",
        "possible_confusions": "ridge, ship, fast ice, unresolved land, speckle",
        "stream": "laptev:sentinel-1c:120:descending:vv,vh",
        "repeat_track_id": "f1d7235cb553f123",
        "repeat_observations": 1,
        "repeat_span_days": 0.0,
        "repeat_excursion_m": 0.0,
        "persistent_location_candidate": false
      }
    },
    {
      "type": "Feature",
      "geometry": {
        "type": "MultiPolygon",
        "coordinates": [
          [
            [
              [
                129.44211407638292,
                73.79185250800924
              ],
              [
                129.44186877939887,
                73.79191000522644
              ],
              [
                129.44166698996463,
                73.79184011124434
              ],
              [
                129.44117639149198,
                73.79195510428619
              ],
              [
                129.44057103559328,
                73.79174541964102
              ],
              [
                129.44081633467488,
                73.79168792399426
              ],
              [
                129.4410181185862,
                73.79175781884423
              ],
              [
                129.4415087122451,
                73.79164282615821
              ],
              [
                129.44171049856328,
                73.79171272031758
              ],
              [
                129.44195579314055,
                73.79165522327831
              ],
              [
                129.442157581526,
                73.79172511698789
              ],
              [
                129.4419122866092,
                73.79178261426793
              ],
              [
                129.44211407638292,
                73.79185250800924
              ]
            ]
          ]
        ]
      },
      "properties": {
        "id": "2979bb7f2854582d",
        "region": "laptev",
        "class": "unclassified_radar_target",
        "ice_identity": "unverified",
        "grounding": "unverified",
        "confidence": "low",
        "observed_at": "2026-01-01T22:19:11.484391Z",
        "source_id": "S1C_IW_GRDH_1SDV_20260101T221856_20260101T221926_005716_00B6C0",
        "source_level": "L1",
        "radar_area_m2": 900.0,
        "radar_equivalent_diameter_m": 33.85,
        "physical_floe_diameter_m": null,
        "longitude": 129.4414083,
        "latitude": 73.7917901,
        "native_spacing_m": 10,
        "effective_resolution_m": "20 x 22",
        "co_contrast_max_db": 10.14,
        "cross_contrast_max_db": 7.65,
        "co_snr_median_db": 17.08,
        "cross_snr_median_db": 6.2,
        "review_status": "unreviewed",
        "possible_confusions": "ridge, ship, fast ice, unresolved land, speckle",
        "stream": "laptev:sentinel-1c:120:descending:vv,vh",
        "repeat_track_id": "2979bb7f2854582d",
        "repeat_observations": 1,
        "repeat_span_days": 0.0,
        "repeat_excursion_m": 0.0,
        "persistent_location_candidate": false
      }
    },
    {
      "type": "Feature",
      "geometry": {
        "type": "MultiPolygon",
        "coordinates": [
          [
            [
              [
                129.43804347855686,
                73.78659565660902
              ],
              [
                129.4375530121205,
                73.78671064161645
              ],
              [
                129.43735130540273,
                73.78664074281778
              ],
              [
                129.43686083273877,
                73.78675572612946
              ],
              [
                129.4366591284268,
                73.78668582664045
              ],
              [
                129.43690436528257,
                73.78662833537713
              ],
              [
                129.4367026623577,
                73.78655843591993
              ],
              [
                129.4369478971472,
                73.78650094459368
              ],
              [
                129.4367461956094,
                73.78643104516826
              ],
              [
                129.43699142833273,
                73.78637355377911
              ],
              [
                129.43739483381407,
                73.78651335193967
              ],
              [
                129.43764006548992,
                73.78645585976557
              ],
              [
                129.43804347855686,
                73.78659565660902
              ]
            ]
          ]
        ]
      },
      "properties": {
        "id": "d060e5adc357b702",
        "region": "laptev",
        "class": "unclassified_radar_target",
        "ice_identity": "unverified",
        "grounding": "unverified",
        "confidence": "low",
        "observed_at": "2026-01-01T22:19:11.484391Z",
        "source_id": "S1C_IW_GRDH_1SDV_20260101T221856_20260101T221926_005716_00B6C0",
        "source_level": "L1",
        "radar_area_m2": 900.0,
        "radar_equivalent_diameter_m": 33.85,
        "physical_floe_diameter_m": null,
        "longitude": 129.4372737,
        "latitude": 73.7865743,
        "native_spacing_m": 10,
        "effective_resolution_m": "20 x 22",
        "co_contrast_max_db": 9.28,
        "cross_contrast_max_db": 5.2,
        "co_snr_median_db": 16.99,
        "cross_snr_median_db": 3.81,
        "review_status": "unreviewed",
        "possible_confusions": "ridge, ship, fast ice, unresolved land, speckle",
        "stream": "laptev:sentinel-1c:120:descending:vv,vh",
        "repeat_track_id": "d060e5adc357b702",
        "repeat_observations": 1,
        "repeat_span_days": 0.0,
        "repeat_excursion_m": 0.0,
        "persistent_location_candidate": false
      }
    },
    {
      "type": "Feature",
      "geometry": {
        "type": "MultiPolygon",
        "coordinates": [
          [
            [
              [
                129.50922245660107,
                73.87451146911006
              ],
              [
                129.50897614897016,
                73.87456904180573
              ],
              [
                129.50856994070406,
                73.87442940380161
              ],
              [
                129.50881624765722,
                73.87437183159025
              ],
              [
                129.50841004569827,
                73.87423219322817
              ],
              [
                129.50865635022748,
                73.87417462119654
              ],
              [
                129.50885945067273,
                73.87424444024073
              ],
              [
                129.5091057537946,
                73.8741868676624
              ],
              [
                129.50930885632494,
                73.87425668625386
              ],
              [
                129.5095551580395,
                73.87419911312885
              ],
              [
                129.5097582626548,
                73.87426893126761
              ],
              [
                129.51000456296197,
                73.8742113575959
              ],
              [
                129.5102076696623,
                73.87428117528194
              ],
              [
                129.50946876248574,
                73.87445389610984
              ],
              [
                129.50926565680186,
                73.87438407769737
              ],
              [
                129.50901935125603,
                73.87444165045544
              ],
              [
                129.50922245660107,
                73.87451146911006
              ]
            ]
          ]
        ]
      },
      "properties": {
        "id": "0be8af269c701106",
        "region": "laptev",
        "class": "unclassified_radar_target",
        "ice_identity": "unverified",
        "grounding": "unverified",
        "confidence": "low",
        "observed_at": "2026-02-18T22:19:09.718022Z",
        "source_id": "S1C_IW_GRDH_1SDV_20260218T221855_20260218T221924_006416_00CEAB",
        "source_level": "L1",
        "radar_area_m2": 1100.0,
        "radar_equivalent_diameter_m": 37.42,
        "physical_floe_diameter_m": null,
        "longitude": 129.5092201,
        "latitude": 73.8743361,
        "native_spacing_m": 10,
        "effective_resolution_m": "20 x 22",
        "co_contrast_max_db": 9.48,
        "cross_contrast_max_db": 9.63,
        "co_snr_median_db": 17.69,
        "cross_snr_median_db": 6.09,
        "review_status": "unreviewed",
        "possible_confusions": "ridge, ship, fast ice, unresolved land, speckle",
        "stream": "laptev:sentinel-1c:120:descending:vv,vh",
        "repeat_track_id": "0be8af269c701106",
        "repeat_observations": 1,
        "repeat_span_days": 0.0,
        "repeat_excursion_m": 0.0,
        "persistent_location_candidate": false
      }
    },
    {
      "type": "Feature",
      "geometry": {
        "type": "MultiPolygon",
        "coordinates": [
          [
            [
              [
                129.6437897367764,
                73.82896470157733
              ],
              [
                129.6435445943073,
                73.82902244159608
              ],
              [
                129.64334148095907,
                73.82895275388302
              ],
              [
                129.64309633708075,
                73.82901049335749
              ],
              [
                129.64269011625606,
                73.82887111681453
              ],
              [
                129.64293525947673,
                73.8288133778234
              ],
              [
                129.64273215134259,
                73.82874368947687
              ],
              [
                129.6429772924964,
                73.82868595042481
              ],
              [
                129.64318040095935,
                73.8287556385297
              ],
              [
                129.64367067871058,
                73.82864015903445
              ],
              [
                129.6438737895692,
                73.8287098464448
              ],
              [
                129.64362865123377,
                73.82876758658541
              ],
              [
                129.64383176350157,
                73.8288372740263
              ],
              [
                129.64358662309934,
                73.82889501410595
              ],
              [
                129.6437897367764,
                73.82896470157733
              ]
            ]
          ]
        ]
      },
      "properties": {
        "id": "b25667556a036b25",
        "region": "laptev",
        "class": "unclassified_radar_target",
        "ice_identity": "unverified",
        "grounding": "unverified",
        "confidence": "low",
        "observed_at": "2026-02-18T22:19:09.718022Z",
        "source_id": "S1C_IW_GRDH_1SDV_20260218T221855_20260218T221924_006416_00CEAB",
        "source_level": "L1",
        "radar_area_m2": 900.0,
        "radar_equivalent_diameter_m": 33.85,
        "physical_floe_diameter_m": null,
        "longitude": 129.6433041,
        "latitude": 73.8288375,
        "native_spacing_m": 10,
        "effective_resolution_m": "20 x 22",
        "co_contrast_max_db": 8.89,
        "cross_contrast_max_db": 5.94,
        "co_snr_median_db": 15.77,
        "cross_snr_median_db": 4.55,
        "review_status": "unreviewed",
        "possible_confusions": "ridge, ship, fast ice, unresolved land, speckle",
        "stream": "laptev:sentinel-1c:120:descending:vv,vh",
        "repeat_track_id": "b25667556a036b25",
        "repeat_observations": 1,
        "repeat_span_days": 0.0,
        "repeat_excursion_m": 0.0,
        "persistent_location_candidate": false
      }
    },
    {
      "type": "Feature",
      "geometry": {
        "type": "MultiPolygon",
        "coordinates": [
          [
            [
              [
                129.58748406966652,
                73.83915485631236
              ],
              [
                129.5867475778062,
                73.83932786757435
              ],
              [
                129.58613858698493,
                73.83911863506903
              ],
              [
                129.58687507585117,
                73.8389456259827
              ],
              [
                129.58748406966652,
                73.83915485631236
              ]
            ]
          ]
        ]
      },
      "properties": {
        "id": "f09897f173fa25cc",
        "region": "laptev",
        "class": "unclassified_radar_target",
        "ice_identity": "unverified",
        "grounding": "unverified",
        "confidence": "low",
        "observed_at": "2026-02-18T22:19:09.718022Z",
        "source_id": "S1C_IW_GRDH_1SDV_20260218T221855_20260218T221924_006416_00CEAB",
        "source_level": "L1",
        "radar_area_m2": 900.0,
        "radar_equivalent_diameter_m": 33.85,
        "physical_floe_diameter_m": null,
        "longitude": 129.5868113,
        "latitude": 73.8391367,
        "native_spacing_m": 10,
        "effective_resolution_m": "20 x 22",
        "co_contrast_max_db": 12.23,
        "cross_contrast_max_db": 9.67,
        "co_snr_median_db": 19.44,
        "cross_snr_median_db": 9.74,
        "review_status": "unreviewed",
        "possible_confusions": "ridge, ship, fast ice, unresolved land, speckle",
        "stream": "laptev:sentinel-1c:120:descending:vv,vh",
        "repeat_track_id": "f09897f173fa25cc",
        "repeat_observations": 1,
        "repeat_span_days": 0.0,
        "repeat_excursion_m": 0.0,
        "persistent_location_candidate": false
      }
    },
    {
      "type": "Feature",
      "geometry": {
        "type": "MultiPolygon",
        "coordinates": [
          [
            [
              [
                129.5406298862375,
                73.83853096914339
              ],
              [
                129.54013858038874,
                73.83864619627823
              ],
              [
                129.5399357899776,
                73.8385764053671
              ],
              [
                129.54018144343598,
                73.83851879219316
              ],
              [
                129.53997865442827,
                73.83844900131326
              ],
              [
                129.54071560336357,
                73.83827616069453
              ],
              [
                129.54051281508836,
                73.83820637032919
              ],
              [
                129.54100410501346,
                73.83809114221513
              ],
              [
                129.5408013178062,
                73.83802135212267
              ],
              [
                129.54104695982508,
                73.83796373785187
              ],
              [
                129.54124974736777,
                73.83803352770266
              ],
              [
                129.54149538798328,
                73.83797591288656
              ],
              [
                129.54190096895573,
                73.83811549147363
              ],
              [
                129.54140968464444,
                73.83823072176882
              ],
              [
                129.54161247706818,
                73.83830051123005
              ],
              [
                129.54136683196884,
                73.83835812616384
              ],
              [
                129.54116403988047,
                73.83828833646096
              ],
              [
                129.54091839337767,
                73.83834595084946
              ],
              [
                129.54112118513063,
                73.83841574079402
              ],
              [
                129.54087553655353,
                73.83847335512054
              ],
              [
                129.540672745136,
                73.83840356493435
              ],
              [
                129.54042709515542,
                73.83846117871558
              ],
              [
                129.5406298862375,
                73.83853096914339
              ]
            ]
          ]
        ]
      },
      "properties": {
        "id": "18b224879444181a",
        "region": "laptev",
        "class": "unclassified_radar_target",
        "ice_identity": "unverified",
        "grounding": "unverified",
        "confidence": "low",
        "observed_at": "2026-02-18T22:19:09.718022Z",
        "source_id": "S1C_IW_GRDH_1SDV_20260218T221855_20260218T221924_006416_00CEAB",
        "source_level": "L1",
        "radar_area_m2": 1600.0,
        "radar_equivalent_diameter_m": 45.14,
        "physical_floe_diameter_m": null,
        "longitude": 129.5409298,
        "latitude": 73.8382699,
        "native_spacing_m": 10,
        "effective_resolution_m": "20 x 22",
        "co_contrast_max_db": 8.66,
        "cross_contrast_max_db": 8.88,
        "co_snr_median_db": 16.86,
        "cross_snr_median_db": 8.17,
        "review_status": "unreviewed",
        "possible_confusions": "ridge, ship, fast ice, unresolved land, speckle",
        "stream": "laptev:sentinel-1c:120:descending:vv,vh",
        "repeat_track_id": "18b224879444181a",
        "repeat_observations": 1,
        "repeat_span_days": 0.0,
        "repeat_excursion_m": 0.0,
        "persistent_location_candidate": false
      }
    },
    {
      "type": "Feature",
      "geometry": {
        "type": "MultiPolygon",
        "coordinates": [
          [
            [
              [
                129.56629284011063,
                73.82405561711167
              ],
              [
                129.56604749708444,
                73.82411326319735
              ],
              [
                129.56584477659786,
                73.82404349699381
              ],
              [
                129.56535408600377,
                73.82415878777266
              ],
              [
                129.56515136791998,
                73.82408902087573
              ],
              [
                129.56564205784736,
                73.82397373057982
              ],
              [
                129.565439340833,
                73.82390396395539
              ],
              [
                129.56593002314938,
                73.82378867292972
              ],
              [
                129.5661327408304,
                73.8238584390712
              ],
              [
                129.5663780797178,
                73.82380079286213
              ],
              [
                129.56678352095466,
                73.82394032403079
              ],
              [
                129.56653818140072,
                73.82399797072281
              ],
              [
                129.5663354602475,
                73.82392820500222
              ],
              [
                129.56609011929075,
                73.8239858511496
              ],
              [
                129.56629284011063,
                73.82405561711167
              ]
            ]
          ]
        ]
      },
      "properties": {
        "id": "733191cee09c5152",
        "region": "laptev",
        "class": "unclassified_radar_target",
        "ice_identity": "unverified",
        "grounding": "unverified",
        "confidence": "low",
        "observed_at": "2026-02-18T22:19:09.718022Z",
        "source_id": "S1C_IW_GRDH_1SDV_20260218T221855_20260218T221924_006416_00CEAB",
        "source_level": "L1",
        "radar_area_m2": 900.0,
        "radar_equivalent_diameter_m": 33.85,
        "physical_floe_diameter_m": null,
        "longitude": 129.5659479,
        "latitude": 73.8239606,
        "native_spacing_m": 10,
        "effective_resolution_m": "20 x 22",
        "co_contrast_max_db": 8.8,
        "cross_contrast_max_db": 5.43,
        "co_snr_median_db": 17.39,
        "cross_snr_median_db": 6.32,
        "review_status": "unreviewed",
        "possible_confusions": "ridge, ship, fast ice, unresolved land, speckle",
        "stream": "laptev:sentinel-1c:120:descending:vv,vh",
        "repeat_track_id": "733191cee09c5152",
        "repeat_observations": 1,
        "repeat_span_days": 0.0,
        "repeat_excursion_m": 0.0,
        "persistent_location_candidate": false
      }
    },
    {
      "type": "Feature",
      "geometry": {
        "type": "MultiPolygon",
        "coordinates": [
          [
            [
              [
                129.56772225342226,
                73.82383714667996
              ],
              [
                129.56698624417726,
                73.82401008929943
              ],
              [
                129.56678352095466,
                73.82394032403079
              ],
              [
                129.56702885877252,
                73.82388267703558
              ],
              [
                129.56682613695278,
                73.82381291179797
              ],
              [
                129.5670714727013,
                73.82375526474111
              ],
              [
                129.56686875228436,
                73.82368549953449
              ],
              [
                129.5666234168691,
                73.82374314634988
              ],
              [
                129.56642069852148,
                73.82367338069135
              ],
              [
                129.56617536170347,
                73.82373102696211
              ],
              [
                129.56597264542515,
                73.82366126085165
              ],
              [
                129.5667086496714,
                73.82348832185428
              ],
              [
                129.56772225342226,
                73.82383714667996
              ]
            ]
          ]
        ]
      },
      "properties": {
        "id": "d68688f19fae5094",
        "region": "laptev",
        "class": "unclassified_radar_target",
        "ice_identity": "unverified",
        "grounding": "unverified",
        "confidence": "low",
        "observed_at": "2026-02-18T22:19:09.718022Z",
        "source_id": "S1C_IW_GRDH_1SDV_20260218T221855_20260218T221924_006416_00CEAB",
        "source_level": "L1",
        "radar_area_m2": 1100.0,
        "radar_equivalent_diameter_m": 37.42,
        "physical_floe_diameter_m": null,
        "longitude": 129.5669144,
        "latitude": 73.8237335,
        "native_spacing_m": 10,
        "effective_resolution_m": "20 x 22",
        "co_contrast_max_db": 10.46,
        "cross_contrast_max_db": 8.17,
        "co_snr_median_db": 17.14,
        "cross_snr_median_db": 6.16,
        "review_status": "unreviewed",
        "possible_confusions": "ridge, ship, fast ice, unresolved land, speckle",
        "stream": "laptev:sentinel-1c:120:descending:vv,vh",
        "repeat_track_id": "d68688f19fae5094",
        "repeat_observations": 1,
        "repeat_span_days": 0.0,
        "repeat_excursion_m": 0.0,
        "persistent_location_candidate": false
      }
    },
    {
      "type": "Feature",
      "geometry": {
        "type": "MultiPolygon",
        "coordinates": [
          [
            [
              [
                129.46058821629225,
                73.83370542957925
              ],
              [
                129.46034235406424,
                73.83376294611557
              ],
              [
                129.46013996668879,
                73.83369307457929
              ],
              [
                129.4596482377022,
                73.83380810625627
              ],
              [
                129.45944585274395,
                73.8337382340274
              ],
              [
                129.45895411749,
                73.83385326400453
              ],
              [
                129.4587517349491,
                73.83378339108307
              ],
              [
                129.45899760310436,
                73.8337258764881
              ],
              [
                129.45879522196014,
                73.83365600359843
              ],
              [
                129.45904108803825,
                73.83359848894065
              ],
              [
                129.45883870829076,
                73.83352861608277
              ],
              [
                129.4590845722918,
                73.8334711013622
              ],
              [
                129.4592869523795,
                73.83354097397861
              ],
              [
                129.4600245349819,
                73.83336842726708
              ],
              [
                129.4604293024088,
                73.83350817042223
              ],
              [
                129.46018344259798,
                73.83356568677989
              ],
              [
                129.46058821629225,
                73.83370542957925
              ]
            ]
          ]
        ]
      },
      "properties": {
        "id": "3c4660f8aa4c6482",
        "region": "laptev",
        "class": "unclassified_radar_target",
        "ice_identity": "unverified",
        "grounding": "unverified",
        "confidence": "low",
        "observed_at": "2026-02-18T22:19:09.718022Z",
        "source_id": "S1C_IW_GRDH_1SDV_20260218T221855_20260218T221924_006416_00CEAB",
        "source_level": "L1",
        "radar_area_m2": 1600.0,
        "radar_equivalent_diameter_m": 45.14,
        "physical_floe_diameter_m": null,
        "longitude": 129.4596421,
        "latitude": 73.8336191,
        "native_spacing_m": 10,
        "effective_resolution_m": "20 x 22",
        "co_contrast_max_db": 11.55,
        "cross_contrast_max_db": 9.1,
        "co_snr_median_db": 17.67,
        "cross_snr_median_db": 9.0,
        "review_status": "unreviewed",
        "possible_confusions": "ridge, ship, fast ice, unresolved land, speckle",
        "stream": "laptev:sentinel-1c:120:descending:vv,vh",
        "repeat_track_id": "3c4660f8aa4c6482",
        "repeat_observations": 1,
        "repeat_span_days": 0.0,
        "repeat_excursion_m": 0.0,
        "persistent_location_candidate": false
      }
    },
    {
      "type": "Feature",
      "geometry": {
        "type": "MultiPolygon",
        "coordinates": [
          [
            [
              [
                129.37383557530933,
                73.8516147552012
              ],
              [
                129.37358913586317,
                73.85167216450775
              ],
              [
                129.37318466297222,
                73.85153225055124
              ],
              [
                129.37343110172608,
                73.85147484172785
              ],
              [
                129.37302663510158,
                73.8513349274179
              ],
              [
                129.3735195060057,
                73.8512201098216
              ],
              [
                129.37412621062873,
                73.85142997952337
              ],
              [
                129.37363333764785,
                73.85154479856911
              ],
              [
                129.37383557530933,
                73.8516147552012
              ]
            ]
          ]
        ]
      },
      "properties": {
        "id": "cd4f4b06e39cb176",
        "region": "laptev",
        "class": "unclassified_radar_target",
        "ice_identity": "unverified",
        "grounding": "unverified",
        "confidence": "low",
        "observed_at": "2026-02-18T22:19:09.718022Z",
        "source_id": "S1C_IW_GRDH_1SDV_20260218T221855_20260218T221924_006416_00CEAB",
        "source_level": "L1",
        "radar_area_m2": 800.0,
        "radar_equivalent_diameter_m": 31.92,
        "physical_floe_diameter_m": null,
        "longitude": 129.3735598,
        "latitude": 73.8514302,
        "native_spacing_m": 10,
        "effective_resolution_m": "20 x 22",
        "co_contrast_max_db": 7.67,
        "cross_contrast_max_db": 7.8,
        "co_snr_median_db": 16.31,
        "cross_snr_median_db": 6.61,
        "review_status": "unreviewed",
        "possible_confusions": "ridge, ship, fast ice, unresolved land, speckle",
        "stream": "laptev:sentinel-1c:120:descending:vv,vh",
        "repeat_track_id": "cd4f4b06e39cb176",
        "repeat_observations": 1,
        "repeat_span_days": 0.0,
        "repeat_excursion_m": 0.0,
        "persistent_location_candidate": false
      }
    },
    {
      "type": "Feature",
      "geometry": {
        "type": "MultiPolygon",
        "coordinates": [
          [
            [
              [
                129.4304318755347,
                73.83653685846842
              ],
              [
                129.4296938358362,
                73.83670929616311
              ],
              [
                129.42928925270397,
                73.83656949191736
              ],
              [
                129.4295352669898,
                73.83651201347324
              ],
              [
                129.42913069012207,
                73.83637220887259
              ],
              [
                129.4293767019865,
                73.83631473060679
              ],
              [
                129.42917441581622,
                73.83624482823376
              ],
              [
                129.42942042560145,
                73.83618734990486
              ],
              [
                129.42982500036337,
                73.83632715395862
              ],
              [
                129.42957898989394,
                73.8363846327704
              ],
              [
                129.42978127953847,
                73.83645453472455
              ],
              [
                129.43002729034998,
                73.83639705567136
              ],
              [
                129.4304318755347,
                73.83653685846842
              ]
            ]
          ]
        ]
      },
      "properties": {
        "id": "1dcebeda3a284784",
        "region": "laptev",
        "class": "unclassified_radar_target",
        "ice_identity": "unverified",
        "grounding": "unverified",
        "confidence": "low",
        "observed_at": "2026-02-18T22:19:09.718022Z",
        "source_id": "S1C_IW_GRDH_1SDV_20260218T221855_20260218T221924_006416_00CEAB",
        "source_level": "L1",
        "radar_area_m2": 1000.0,
        "radar_equivalent_diameter_m": 35.68,
        "physical_floe_diameter_m": null,
        "longitude": 129.4297075,
        "latitude": 73.8364718,
        "native_spacing_m": 10,
        "effective_resolution_m": "20 x 22",
        "co_contrast_max_db": 7.81,
        "cross_contrast_max_db": 7.28,
        "co_snr_median_db": 18.78,
        "cross_snr_median_db": 9.44,
        "review_status": "unreviewed",
        "possible_confusions": "ridge, ship, fast ice, unresolved land, speckle",
        "stream": "laptev:sentinel-1c:120:descending:vv,vh",
        "repeat_track_id": "1dcebeda3a284784",
        "repeat_observations": 1,
        "repeat_span_days": 0.0,
        "repeat_excursion_m": 0.0,
        "persistent_location_candidate": false
      }
    },
    {
      "type": "Feature",
      "geometry": {
        "type": "MultiPolygon",
        "coordinates": [
          [
            [
              [
                129.4680224227263,
                73.82715947704168
              ],
              [
                129.46777668555052,
                73.82721700314565
              ],
              [
                129.46716967695843,
                73.82700740846886
              ],
              [
                129.46692393906525,
                73.82706493354466
              ],
              [
                129.46672160667853,
                73.82699506799172
              ],
              [
                129.4672130800504,
                73.82688001801878
              ],
              [
                129.4670107487204,
                73.82681015273891
              ],
              [
                129.4672564824636,
                73.82675262753769
              ],
              [
                129.46745881413307,
                73.82682249257621
              ],
              [
                129.4677045464801,
                73.8267649668296
              ],
              [
                129.4679068802245,
                73.82683483141707
              ],
              [
                129.46766114753805,
                73.82689235740506
              ],
              [
                129.46806581955474,
                73.82703208643379
              ],
              [
                129.46782008445396,
                73.82708961260043
              ],
              [
                129.4680224227263,
                73.82715947704168
              ]
            ]
          ]
        ]
      },
      "properties": {
        "id": "7fd43745ead99c53",
        "region": "laptev",
        "class": "unclassified_radar_target",
        "ice_identity": "unverified",
        "grounding": "unverified",
        "confidence": "low",
        "observed_at": "2026-02-18T22:19:09.718022Z",
        "source_id": "S1C_IW_GRDH_1SDV_20260218T221855_20260218T221924_006416_00CEAB",
        "source_level": "L1",
        "radar_area_m2": 1000.0,
        "radar_equivalent_diameter_m": 35.68,
        "physical_floe_diameter_m": null,
        "longitude": 129.4674761,
        "latitude": 73.8269708,
        "native_spacing_m": 10,
        "effective_resolution_m": "20 x 22",
        "co_contrast_max_db": 9.5,
        "cross_contrast_max_db": 9.96,
        "co_snr_median_db": 18.25,
        "cross_snr_median_db": 9.45,
        "review_status": "unreviewed",
        "possible_confusions": "ridge, ship, fast ice, unresolved land, speckle",
        "stream": "laptev:sentinel-1c:120:descending:vv,vh",
        "repeat_track_id": "7fd43745ead99c53",
        "repeat_observations": 1,
        "repeat_span_days": 0.0,
        "repeat_excursion_m": 0.0,
        "persistent_location_candidate": false
      }
    },
    {
      "type": "Feature",
      "geometry": {
        "type": "MultiPolygon",
        "coordinates": [
          [
            [
              [
                129.46364340095627,
                73.82607444939
              ],
              [
                129.46315192667842,
                73.82618949078076
              ],
              [
                129.46274731774173,
                73.82604975172826
              ],
              [
                129.46250157867905,
                73.82610727148484
              ],
              [
                129.46189467930796,
                73.82589766061005
              ],
              [
                129.46214041735158,
                73.82584014157749
              ],
              [
                129.46254501587637,
                73.8259798818876
              ],
              [
                129.46303648811642,
                73.8258648419449
              ],
              [
                129.46323879066105,
                73.82593471130288
              ],
              [
                129.46299305506903,
                73.8259922316676
              ],
              [
                129.46319535900938,
                73.82606210105733
              ],
              [
                129.463441094941,
                73.82600458045124
              ],
              [
                129.46364340095627,
                73.82607444939
              ]
            ]
          ]
        ]
      },
      "properties": {
        "id": "fcac826aaf5d78c7",
        "region": "laptev",
        "class": "unclassified_radar_target",
        "ice_identity": "unverified",
        "grounding": "unverified",
        "confidence": "low",
        "observed_at": "2026-02-18T22:19:09.718022Z",
        "source_id": "S1C_IW_GRDH_1SDV_20260218T221855_20260218T221924_006416_00CEAB",
        "source_level": "L1",
        "radar_area_m2": 800.0,
        "radar_equivalent_diameter_m": 31.92,
        "physical_floe_diameter_m": null,
        "longitude": 129.4627889,
        "latitude": 73.8260107,
        "native_spacing_m": 10,
        "effective_resolution_m": "20 x 22",
        "co_contrast_max_db": 7.53,
        "cross_contrast_max_db": 7.82,
        "co_snr_median_db": 17.45,
        "cross_snr_median_db": 10.16,
        "review_status": "unreviewed",
        "possible_confusions": "ridge, ship, fast ice, unresolved land, speckle",
        "stream": "laptev:sentinel-1c:120:descending:vv,vh",
        "repeat_track_id": "fcac826aaf5d78c7",
        "repeat_observations": 1,
        "repeat_span_days": 0.0,
        "repeat_excursion_m": 0.0,
        "persistent_location_candidate": false
      }
    },
    {
      "type": "Feature",
      "geometry": {
        "type": "MultiPolygon",
        "coordinates": [
          [
            [
              [
                129.4359239263006,
                73.83173818728038
              ],
              [
                129.43543208533112,
                73.83185316018401
              ],
              [
                129.43502757358485,
                73.83171336654709
              ],
              [
                129.4347816511789,
                73.83177085205953
              ],
              [
                129.43457939825166,
                73.83170095468553
              ],
              [
                129.434825320316,
                73.83164346941447
              ],
              [
                129.4344208189869,
                73.8315036745209
              ],
              [
                129.43466673863188,
                73.8314461894282
              ],
              [
                129.43446449022997,
                73.83137629190867
              ],
              [
                129.43471040779727,
                73.83131880675289
              ],
              [
                129.4345081607899,
                73.8312489092653
              ],
              [
                129.43549181233172,
                73.83101896656366
              ],
              [
                129.4356940607053,
                73.8310888630858
              ],
              [
                129.43593996959208,
                73.83103137640802
              ],
              [
                129.43573772087703,
                73.83096148012729
              ],
              [
                129.43622953275943,
                73.83084650634126
              ],
              [
                129.43643178215743,
                73.83091640213928
              ],
              [
                129.4361858767428,
                73.83097388942586
              ],
              [
                129.4363881275354,
                73.83104378525582
              ],
              [
                129.4361422200432,
                73.83110127247933
              ],
              [
                129.43634447223042,
                73.83117116834121
              ],
              [
                129.43609856266067,
                73.83122865550173
              ],
              [
                129.43589631081494,
                73.83115875939849
              ],
              [
                129.43540448715007,
                73.83127373232358
              ],
              [
                129.43601124584663,
                73.83148342145326
              ],
              [
                129.43576533038546,
                73.83154090818333
              ],
              [
                129.43536082353464,
                73.8314011151569
              ],
              [
                129.4351149070204,
                73.83145860109981
              ],
              [
                129.43531715923618,
                73.83152849795911
              ],
              [
                129.43507124064416,
                73.83158598383899
              ],
              [
                129.43547574960118,
                73.83172577741205
              ],
              [
                129.43572166887625,
                73.83166829104941
              ],
              [
                129.4359239263006,
                73.83173818728038
              ]
            ]
          ]
        ]
      },
      "properties": {
        "id": "dd0e4832ca8c7c9f",
        "region": "laptev",
        "class": "unclassified_radar_target",
        "ice_identity": "unverified",
        "grounding": "unverified",
        "confidence": "low",
        "observed_at": "2026-02-18T22:19:09.718022Z",
        "source_id": "S1C_IW_GRDH_1SDV_20260218T221855_20260218T221924_006416_00CEAB",
        "source_level": "L1",
        "radar_area_m2": 2700.0,
        "radar_equivalent_diameter_m": 58.63,
        "physical_floe_diameter_m": null,
        "longitude": 129.4353446,
        "latitude": 73.8313507,
        "native_spacing_m": 10,
        "effective_resolution_m": "20 x 22",
        "co_contrast_max_db": 10.12,
        "cross_contrast_max_db": 9.89,
        "co_snr_median_db": 16.12,
        "cross_snr_median_db": 6.57,
        "review_status": "unreviewed",
        "possible_confusions": "ridge, ship, fast ice, unresolved land, speckle",
        "stream": "laptev:sentinel-1c:120:descending:vv,vh",
        "repeat_track_id": "dd0e4832ca8c7c9f",
        "repeat_observations": 1,
        "repeat_span_days": 0.0,
        "repeat_excursion_m": 0.0,
        "persistent_location_candidate": false
      }
    },
    {
      "type": "Feature",
      "geometry": {
        "type": "MultiPolygon",
        "coordinates": [
          [
            [
              [
                129.50077907532526,
                73.8125648959771
              ],
              [
                129.50028827041123,
                73.8126800299899
              ],
              [
                129.49988367852367,
                73.81254036301249
              ],
              [
                129.50012908117347,
                73.81248279664024
              ],
              [
                129.4995222053282,
                73.8122732953245
              ],
              [
                129.4997676052346,
                73.81221572937228
              ],
              [
                129.50017218807227,
                73.81235539664348
              ],
              [
                129.50041758691953,
                73.81229782990539
              ],
              [
                129.50082217736224,
                73.81243749585516
              ],
              [
                129.5005767778414,
                73.81249506307566
              ],
              [
                129.50077907532526,
                73.8125648959771
              ]
            ]
          ]
        ]
      },
      "properties": {
        "id": "1934c3cc8184306c",
        "region": "laptev",
        "class": "unclassified_radar_target",
        "ice_identity": "unverified",
        "grounding": "unverified",
        "confidence": "low",
        "observed_at": "2026-02-18T22:19:09.718022Z",
        "source_id": "S1C_IW_GRDH_1SDV_20260218T221855_20260218T221924_006416_00CEAB",
        "source_level": "L1",
        "radar_area_m2": 900.0,
        "radar_equivalent_diameter_m": 33.85,
        "physical_floe_diameter_m": null,
        "longitude": 129.5002405,
        "latitude": 73.8124501,
        "native_spacing_m": 10,
        "effective_resolution_m": "20 x 22",
        "co_contrast_max_db": 9.59,
        "cross_contrast_max_db": 7.18,
        "co_snr_median_db": 16.51,
        "cross_snr_median_db": 7.68,
        "review_status": "unreviewed",
        "possible_confusions": "ridge, ship, fast ice, unresolved land, speckle",
        "stream": "laptev:sentinel-1c:120:descending:vv,vh",
        "repeat_track_id": "1934c3cc8184306c",
        "repeat_observations": 1,
        "repeat_span_days": 0.0,
        "repeat_excursion_m": 0.0,
        "persistent_location_candidate": false
      }
    },
    {
      "type": "Feature",
      "geometry": {
        "type": "MultiPolygon",
        "coordinates": [
          [
            [
              [
                129.51893504847118,
                73.80361100938151
              ],
              [
                129.51868984565468,
                73.80366859935425
              ],
              [
                129.51848758182936,
                73.80359878362246
              ],
              [
                129.518242377617,
                73.80365637305091
              ],
              [
                129.51804011585827,
                73.80358655686821
              ],
              [
                129.51779491025007,
                73.80364414575234
              ],
              [
                129.51759265055793,
                73.80357432911876
              ],
              [
                129.51783785583072,
                73.80351674047571
              ],
              [
                129.51743334096918,
                73.80337710706131
              ],
              [
                129.5179237449797,
                73.80326192982992
              ],
              [
                129.51893504847118,
                73.80361100938151
              ]
            ]
          ]
        ]
      },
      "properties": {
        "id": "cde15f23d75f0a36",
        "region": "laptev",
        "class": "unclassified_radar_target",
        "ice_identity": "unverified",
        "grounding": "unverified",
        "confidence": "low",
        "observed_at": "2026-02-18T22:19:09.718022Z",
        "source_id": "S1C_IW_GRDH_1SDV_20260218T221855_20260218T221924_006416_00CEAB",
        "source_level": "L1",
        "radar_area_m2": 1000.0,
        "radar_equivalent_diameter_m": 35.68,
        "physical_floe_diameter_m": null,
        "longitude": 129.5181192,
        "latitude": 73.8034859,
        "native_spacing_m": 10,
        "effective_resolution_m": "20 x 22",
        "co_contrast_max_db": 8.88,
        "cross_contrast_max_db": 6.59,
        "co_snr_median_db": 17.11,
        "cross_snr_median_db": 5.66,
        "review_status": "unreviewed",
        "possible_confusions": "ridge, ship, fast ice, unresolved land, speckle",
        "stream": "laptev:sentinel-1c:120:descending:vv,vh",
        "repeat_track_id": "cde15f23d75f0a36",
        "repeat_observations": 1,
        "repeat_span_days": 0.0,
        "repeat_excursion_m": 0.0,
        "persistent_location_candidate": false
      }
    },
    {
      "type": "Feature",
      "geometry": {
        "type": "MultiPolygon",
        "coordinates": [
          [
            [
              [
                129.48230464760013,
                73.80575719951676
              ],
              [
                129.48205928324182,
                73.80581474467817
              ],
              [
                129.48165501775014,
                73.80567503979725
              ],
              [
                129.482145743385,
                73.80555995013513
              ],
              [
                129.48194361256066,
                73.8054900978625
              ],
              [
                129.48218897244365,
                73.8054325528172
              ],
              [
                129.4823911036056,
                73.80550240484875
              ],
              [
                129.48288181885326,
                73.80538731336536
              ],
              [
                129.4830839524216,
                73.80545716470526
              ],
              [
                129.48283859532575,
                73.8055147108398
              ],
              [
                129.48304073028768,
                73.80558456221124
              ],
              [
                129.48279537112307,
                73.80564210828331
              ],
              [
                129.48259323649873,
                73.80557225667077
              ],
              [
                129.48210251365103,
                73.80568734742212
              ],
              [
                129.48230464760013,
                73.80575719951676
              ]
            ]
          ]
        ]
      },
      "properties": {
        "id": "0ad5beacae834adc",
        "region": "laptev",
        "class": "unclassified_radar_target",
        "ice_identity": "unverified",
        "grounding": "unverified",
        "confidence": "low",
        "observed_at": "2026-02-18T22:19:09.718022Z",
        "source_id": "S1C_IW_GRDH_1SDV_20260218T221855_20260218T221924_006416_00CEAB",
        "source_level": "L1",
        "radar_area_m2": 800.0,
        "radar_equivalent_diameter_m": 31.92,
        "physical_floe_diameter_m": null,
        "longitude": 129.4823641,
        "latitude": 73.805582,
        "native_spacing_m": 10,
        "effective_resolution_m": "20 x 22",
        "co_contrast_max_db": 6.83,
        "cross_contrast_max_db": 6.14,
        "co_snr_median_db": 16.03,
        "cross_snr_median_db": 7.27,
        "review_status": "unreviewed",
        "possible_confusions": "ridge, ship, fast ice, unresolved land, speckle",
        "stream": "laptev:sentinel-1c:120:descending:vv,vh",
        "repeat_track_id": "0ad5beacae834adc",
        "repeat_observations": 1,
        "repeat_span_days": 0.0,
        "repeat_excursion_m": 0.0,
        "persistent_location_candidate": false
      }
    },
    {
      "type": "Feature",
      "geometry": {
        "type": "MultiPolygon",
        "coordinates": [
          [
            [
              [
                129.4852195624558,
                73.80448719236885
              ],
              [
                129.48497422748318,
                73.80454474118152
              ],
              [
                129.48477209712675,
                73.80447489165505
              ],
              [
                129.48428142266337,
                73.80458998788775
              ],
              [
                129.48407929471284,
                73.80452013766964
              ],
              [
                129.48285257994894,
                73.80480787173454
              ],
              [
                129.48265045541703,
                73.80473802010165
              ],
              [
                129.48289580149432,
                73.80468047413679
              ],
              [
                129.48269367835587,
                73.80461062253545
              ],
              [
                129.48342970518905,
                73.8044379835428
              ],
              [
                129.48322758276902,
                73.80436813245507
              ],
              [
                129.48347292124726,
                73.80431058575817
              ],
              [
                129.48387716849334,
                73.80445028724203
              ],
              [
                129.48412250591562,
                73.80439273975952
              ],
              [
                129.4843246324726,
                73.80446258994611
              ],
              [
                129.4850606353659,
                73.80428994495436
              ],
              [
                129.48526276466615,
                73.80435979420828
              ],
              [
                129.48501743176195,
                73.80441734308343
              ],
              [
                129.4852195624558,
                73.80448719236885
              ]
            ]
          ]
        ]
      },
      "properties": {
        "id": "0e206799338c1edc",
        "region": "laptev",
        "class": "unclassified_radar_target",
        "ice_identity": "unverified",
        "grounding": "unverified",
        "confidence": "low",
        "observed_at": "2026-02-18T22:19:09.718022Z",
        "source_id": "S1C_IW_GRDH_1SDV_20260218T221855_20260218T221924_006416_00CEAB",
        "source_level": "L1",
        "radar_area_m2": 1600.0,
        "radar_equivalent_diameter_m": 45.14,
        "physical_floe_diameter_m": null,
        "longitude": 129.4838249,
        "latitude": 73.8045212,
        "native_spacing_m": 10,
        "effective_resolution_m": "20 x 22",
        "co_contrast_max_db": 8.91,
        "cross_contrast_max_db": 9.61,
        "co_snr_median_db": 16.81,
        "cross_snr_median_db": 8.21,
        "review_status": "unreviewed",
        "possible_confusions": "ridge, ship, fast ice, unresolved land, speckle",
        "stream": "laptev:sentinel-1c:120:descending:vv,vh",
        "repeat_track_id": "0e206799338c1edc",
        "repeat_observations": 1,
        "repeat_span_days": 0.0,
        "repeat_excursion_m": 0.0,
        "persistent_location_candidate": false
      }
    },
    {
      "type": "Feature",
      "geometry": {
        "type": "MultiPolygon",
        "coordinates": [
          [
            [
              [
                129.47002095753265,
                73.8013684430034
              ],
              [
                129.46953027244916,
                73.8014835037432
              ],
              [
                129.46872217760082,
                73.80120404120036
              ],
              [
                129.4689675196547,
                73.80114651194614
              ],
              [
                129.46916954110984,
                73.80121637765495
              ],
              [
                129.46941488177188,
                73.80115884785617
              ],
              [
                129.4696169052953,
                73.80122871311463
              ],
              [
                129.46986224456543,
                73.8011711827713
              ],
              [
                129.47006427015722,
                73.80124104757941
              ],
              [
                129.46981893054894,
                73.80129857816371
              ],
              [
                129.47002095753265,
                73.8013684430034
              ]
            ]
          ]
        ]
      },
      "properties": {
        "id": "0c11ed1b0e4a13ae",
        "region": "laptev",
        "class": "unclassified_radar_target",
        "ice_identity": "unverified",
        "grounding": "unverified",
        "confidence": "low",
        "observed_at": "2026-02-18T22:19:09.718022Z",
        "source_id": "S1C_IW_GRDH_1SDV_20260218T221855_20260218T221924_006416_00CEAB",
        "source_level": "L1",
        "radar_area_m2": 800.0,
        "radar_equivalent_diameter_m": 31.92,
        "physical_floe_diameter_m": null,
        "longitude": 129.4694527,
        "latitude": 73.8012965,
        "native_spacing_m": 10,
        "effective_resolution_m": "20 x 22",
        "co_contrast_max_db": 7.68,
        "cross_contrast_max_db": 5.1,
        "co_snr_median_db": 15.17,
        "cross_snr_median_db": 5.18,
        "review_status": "unreviewed",
        "possible_confusions": "ridge, ship, fast ice, unresolved land, speckle",
        "stream": "laptev:sentinel-1c:120:descending:vv,vh",
        "repeat_track_id": "0c11ed1b0e4a13ae",
        "repeat_observations": 1,
        "repeat_span_days": 0.0,
        "repeat_excursion_m": 0.0,
        "persistent_location_candidate": false
      }
    },
    {
      "type": "Feature",
      "geometry": {
        "type": "MultiPolygon",
        "coordinates": [
          [
            [
              [
                129.4266779013961,
                73.80859190844004
              ],
              [
                129.42618669332137,
                73.80870686233445
              ],
              [
                129.42578283495507,
                73.8085670458296
              ],
              [
                129.42553722900323,
                73.80862452183865
              ],
              [
                129.42533530275801,
                73.80855461303159
              ],
              [
                129.4255809083687,
                73.80849713726353
              ],
              [
                129.42517706038936,
                73.80835731950415
              ],
              [
                129.42542266358655,
                73.80829984391403
              ],
              [
                129.42501882184928,
                73.80816002580036
              ],
              [
                129.42551002168565,
                73.8080450746719
              ],
              [
                129.4263177148138,
                73.80832470813492
              ],
              [
                129.42607211439656,
                73.80838218481519
              ],
              [
                129.42627404166527,
                73.80845209289923
              ],
              [
                129.42602843917572,
                73.80850956951645
              ],
              [
                129.42623036783445,
                73.80857947763242
              ],
              [
                129.4264759706651,
                73.80852200077418
              ],
              [
                129.4266779013961,
                73.80859190844004
              ]
            ]
          ]
        ]
      },
      "properties": {
        "id": "662343c33b894286",
        "region": "laptev",
        "class": "unclassified_radar_target",
        "ice_identity": "unverified",
        "grounding": "unverified",
        "confidence": "low",
        "observed_at": "2026-02-18T22:19:09.718022Z",
        "source_id": "S1C_IW_GRDH_1SDV_20260218T221855_20260218T221924_006416_00CEAB",
        "source_level": "L1",
        "radar_area_m2": 1600.0,
        "radar_equivalent_diameter_m": 45.14,
        "physical_floe_diameter_m": null,
        "longitude": 129.4257771,
        "latitude": 73.808378,
        "native_spacing_m": 10,
        "effective_resolution_m": "20 x 22",
        "co_contrast_max_db": 8.69,
        "cross_contrast_max_db": 9.52,
        "co_snr_median_db": 16.59,
        "cross_snr_median_db": 6.71,
        "review_status": "unreviewed",
        "possible_confusions": "ridge, ship, fast ice, unresolved land, speckle",
        "stream": "laptev:sentinel-1c:120:descending:vv,vh",
        "repeat_track_id": "662343c33b894286",
        "repeat_observations": 1,
        "repeat_span_days": 0.0,
        "repeat_excursion_m": 0.0,
        "persistent_location_candidate": false
      }
    },
    {
      "type": "Feature",
      "geometry": {
        "type": "MultiPolygon",
        "coordinates": [
          [
            [
              [
                129.38196797193945,
                73.8183409107562
              ],
              [
                129.38172206426668,
                73.81839833253903
              ],
              [
                129.3815202049241,
                73.81832838071233
              ],
              [
                129.38127429586288,
                73.81838580194945
              ],
              [
                129.38087058306436,
                73.81824589718741
              ],
              [
                129.3811164914371,
                73.81818847643247
              ],
              [
                129.38091463729262,
                73.81811852397928
              ],
              [
                129.3811605435884,
                73.81806110316082
              ],
              [
                129.38136239807713,
                73.8181310553729
              ],
              [
                129.3816083029845,
                73.81807363400871
              ],
              [
                129.38201201784847,
                73.81821353732423
              ],
              [
                129.38176611225265,
                73.8182709591706
              ],
              [
                129.38196797193945,
                73.8183409107562
              ]
            ]
          ]
        ]
      },
      "properties": {
        "id": "a4e8f4ad1f75896b",
        "region": "laptev",
        "class": "unclassified_radar_target",
        "ice_identity": "unverified",
        "grounding": "unverified",
        "confidence": "low",
        "observed_at": "2026-02-18T22:19:09.718022Z",
        "source_id": "S1C_IW_GRDH_1SDV_20260218T221855_20260218T221924_006416_00CEAB",
        "source_level": "L1",
        "radar_area_m2": 800.0,
        "radar_equivalent_diameter_m": 31.92,
        "physical_floe_diameter_m": null,
        "longitude": 129.3814413,
        "latitude": 73.8182297,
        "native_spacing_m": 10,
        "effective_resolution_m": "20 x 22",
        "co_contrast_max_db": 9.59,
        "cross_contrast_max_db": 7.97,
        "co_snr_median_db": 18.15,
        "cross_snr_median_db": 8.33,
        "review_status": "unreviewed",
        "possible_confusions": "ridge, ship, fast ice, unresolved land, speckle",
        "stream": "laptev:sentinel-1c:120:descending:vv,vh",
        "repeat_track_id": "a4e8f4ad1f75896b",
        "repeat_observations": 1,
        "repeat_span_days": 0.0,
        "repeat_excursion_m": 0.0,
        "persistent_location_candidate": false
      }
    },
    {
      "type": "Feature",
      "geometry": {
        "type": "MultiPolygon",
        "coordinates": [
          [
            [
              [
                129.3337129675968,
                73.82901031233123
              ],
              [
                129.333220488284,
                73.82912503608988
              ],
              [
                129.33281692220123,
                73.82898503706558
              ],
              [
                129.33306316202956,
                73.8289276758212
              ],
              [
                129.33245782487035,
                73.82871767644416
              ],
              [
                129.3331965308205,
                73.82854559305018
              ],
              [
                129.3333983091821,
                73.8286155923276
              ],
              [
                129.33290583958774,
                73.8287303153778
              ],
              [
                129.33330940012354,
                73.82887031427161
              ],
              [
                129.33355563648308,
                73.82881295241681
              ],
              [
                129.33375741970013,
                73.82888295130972
              ],
              [
                129.33351118299294,
                73.82894031340571
              ],
              [
                129.3337129675968,
                73.82901031233123
              ]
            ]
          ]
        ]
      },
      "properties": {
        "id": "40ece4de67c4fe22",
        "region": "laptev",
        "class": "unclassified_radar_target",
        "ice_identity": "unverified",
        "grounding": "unverified",
        "confidence": "low",
        "observed_at": "2026-02-18T22:19:09.718022Z",
        "source_id": "S1C_IW_GRDH_1SDV_20260218T221855_20260218T221924_006416_00CEAB",
        "source_level": "L1",
        "radar_area_m2": 1000.0,
        "radar_equivalent_diameter_m": 35.68,
        "physical_floe_diameter_m": null,
        "longitude": 129.3331346,
        "latitude": 73.8288525,
        "native_spacing_m": 10,
        "effective_resolution_m": "20 x 22",
        "co_contrast_max_db": 7.79,
        "cross_contrast_max_db": 6.17,
        "co_snr_median_db": 17.58,
        "cross_snr_median_db": 8.45,
        "review_status": "unreviewed",
        "possible_confusions": "ridge, ship, fast ice, unresolved land, speckle",
        "stream": "laptev:sentinel-1c:120:descending:vv,vh",
        "repeat_track_id": "40ece4de67c4fe22",
        "repeat_observations": 1,
        "repeat_span_days": 0.0,
        "repeat_excursion_m": 0.0,
        "persistent_location_candidate": false
      }
    },
    {
      "type": "Feature",
      "geometry": {
        "type": "MultiPolygon",
        "coordinates": [
          [
            [
              [
                129.4414652022582,
                73.79177021705321
              ],
              [
                129.44097460446463,
                73.79188520961348
              ],
              [
                129.44057103559328,
                73.79174541964102
              ],
              [
                129.44081633467488,
                73.79168792399426
              ],
              [
                129.44021099330746,
                73.7914782381903
              ],
              [
                129.44094687712976,
                73.79130575159515
              ],
              [
                129.44114865687646,
                73.79137564634983
              ],
              [
                129.4409033636572,
                73.79143314242597
              ],
              [
                129.4411051447921,
                73.79150303721241
              ],
              [
                129.44085984950559,
                73.79156053322566
              ],
              [
                129.44106163202866,
                73.79163042804389
              ],
              [
                129.44130692765475,
                73.79157293178983
              ],
              [
                129.4415087122451,
                73.79164282615821
              ],
              [
                129.44126341627955,
                73.79170032265304
              ],
              [
                129.4414652022582,
                73.79177021705321
              ]
            ]
          ]
        ]
      },
      "properties": {
        "id": "2aaa798109b9b464",
        "region": "laptev",
        "class": "unclassified_radar_target",
        "ice_identity": "unverified",
        "grounding": "unverified",
        "confidence": "low",
        "observed_at": "2026-02-18T22:19:09.718022Z",
        "source_id": "S1C_IW_GRDH_1SDV_20260218T221855_20260218T221924_006416_00CEAB",
        "source_level": "L1",
        "radar_area_m2": 1100.0,
        "radar_equivalent_diameter_m": 37.42,
        "physical_floe_diameter_m": null,
        "longitude": 129.4408866,
        "latitude": 73.7916022,
        "native_spacing_m": 10,
        "effective_resolution_m": "20 x 22",
        "co_contrast_max_db": 9.34,
        "cross_contrast_max_db": 8.07,
        "co_snr_median_db": 16.76,
        "cross_snr_median_db": 6.42,
        "review_status": "unreviewed",
        "possible_confusions": "ridge, ship, fast ice, unresolved land, speckle",
        "stream": "laptev:sentinel-1c:120:descending:vv,vh",
        "repeat_track_id": "2aaa798109b9b464",
        "repeat_observations": 1,
        "repeat_span_days": 0.0,
        "repeat_excursion_m": 0.0,
        "persistent_location_candidate": false
      }
    },
    {
      "type": "Feature",
      "geometry": {
        "type": "MultiPolygon",
        "coordinates": [
          [
            [
              [
                157.73490898635603,
                71.71677019156508
              ],
              [
                157.73480219227085,
                71.71685419572732
              ],
              [
                157.73454134950197,
                71.71681980252586
              ],
              [
                157.734434553456,
                71.71690380646116
              ],
              [
                157.73417371067103,
                71.71686941272328
              ],
              [
                157.733960113685,
                71.71703742006514
              ],
              [
                157.73369926989557,
                71.71700302563859
              ],
              [
                157.73380606986325,
                71.71691902215727
              ],
              [
                157.73354522803467,
                71.71688462749873
              ],
              [
                157.73365202801835,
                71.71680062409486
              ],
              [
                157.73391286885848,
                71.71683501860116
              ],
              [
                157.73412646393177,
                71.71666701126475
              ],
              [
                157.73438730376748,
                71.7167014050824
              ],
              [
                157.73449409885714,
                71.71661740114982
              ],
              [
                157.7347549386768,
                71.71665179443104
              ],
              [
                157.73464814457557,
                71.71673579851586
              ],
              [
                157.73490898635603,
                71.71677019156508
              ]
            ]
          ]
        ]
      },
      "properties": {
        "id": "2ddd6bb9ffab399a",
        "region": "east_siberian",
        "class": "unclassified_radar_target",
        "ice_identity": "unverified",
        "grounding": "unverified",
        "confidence": "low",
        "observed_at": "2026-01-05T20:08:11.842380Z",
        "source_id": "S1C_IW_GRDH_1SDV_20260105T200757_20260105T200826_005773_00B8B5",
        "source_level": "L1",
        "radar_area_m2": 900.0,
        "radar_equivalent_diameter_m": 33.85,
        "physical_floe_diameter_m": null,
        "longitude": 157.7342245,
        "latitude": 71.7168162,
        "native_spacing_m": 10,
        "effective_resolution_m": "20 x 22",
        "co_contrast_max_db": 8.43,
        "cross_contrast_max_db": 6.53,
        "co_snr_median_db": 19.17,
        "cross_snr_median_db": 5.89,
        "review_status": "unreviewed",
        "possible_confusions": "ridge, ship, fast ice, unresolved land, speckle",
        "stream": "east_siberian:sentinel-1c:2:descending:vv,vh",
        "repeat_track_id": "2ddd6bb9ffab399a",
        "repeat_observations": 1,
        "repeat_span_days": 0.0,
        "repeat_excursion_m": 0.0,
        "persistent_location_candidate": false
      }
    },
    {
      "type": "Feature",
      "geometry": {
        "type": "MultiPolygon",
        "coordinates": [
          [
            [
              [
                157.72348402643135,
                71.68887560720997
              ],
              [
                157.7232706558215,
                71.68904360881592
              ],
              [
                157.72248937243822,
                71.68894037300825
              ],
              [
                157.72259606118328,
                71.68885637269878
              ],
              [
                157.72207521241387,
                71.68878754721311
              ],
              [
                157.72218190215915,
                71.68870354713302
              ],
              [
                157.7224423250739,
                71.68873795991558
              ],
              [
                157.72254901286428,
                71.68865395960866
              ],
              [
                157.72280943576388,
                71.68868837185562
              ],
              [
                157.7227027489585,
                71.68877237231456
              ],
              [
                157.72348402643135,
                71.68887560720997
              ]
            ]
          ]
        ]
      },
      "properties": {
        "id": "f6ae02690cfdb2e2",
        "region": "east_siberian",
        "class": "unclassified_radar_target",
        "ice_identity": "unverified",
        "grounding": "unverified",
        "confidence": "low",
        "observed_at": "2026-01-05T20:08:11.842380Z",
        "source_id": "S1C_IW_GRDH_1SDV_20260105T200757_20260105T200826_005773_00B8B5",
        "source_level": "L1",
        "radar_area_m2": 900.0,
        "radar_equivalent_diameter_m": 33.85,
        "physical_floe_diameter_m": null,
        "longitude": 157.7228138,
        "latitude": 71.6888579,
        "native_spacing_m": 10,
        "effective_resolution_m": "20 x 22",
        "co_contrast_max_db": 8.24,
        "cross_contrast_max_db": 9.55,
        "co_snr_median_db": 16.89,
        "cross_snr_median_db": 8.61,
        "review_status": "unreviewed",
        "possible_confusions": "ridge, ship, fast ice, unresolved land, speckle",
        "stream": "east_siberian:sentinel-1c:2:descending:vv,vh",
        "repeat_track_id": "f6ae02690cfdb2e2",
        "repeat_observations": 1,
        "repeat_span_days": 0.0,
        "repeat_excursion_m": 0.0,
        "persistent_location_candidate": false
      }
    },
    {
      "type": "Feature",
      "geometry": {
        "type": "MultiPolygon",
        "coordinates": [
          [
            [
              [
                157.7239892279905,
                71.6834489029037
              ],
              [
                157.72388257678398,
                71.68353290473638
              ],
              [
                157.72284117351933,
                71.68339525866874
              ],
              [
                157.72305448283916,
                71.68322725614463
              ],
              [
                157.72331483023248,
                71.6832616679328
              ],
              [
                157.72352813370637,
                71.6830936648058
              ],
              [
                157.72378848009998,
                71.6831280759065
              ],
              [
                157.72357517859504,
                71.68329607933745
              ],
              [
                157.7238355279268,
                71.68333049035861
              ],
              [
                157.72372887670497,
                71.68341449211401
              ],
              [
                157.7239892279905,
                71.6834489029037
              ]
            ]
          ]
        ]
      },
      "properties": {
        "id": "c80eaf13a03a2b43",
        "region": "east_siberian",
        "class": "unclassified_radar_target",
        "ice_identity": "unverified",
        "grounding": "unverified",
        "confidence": "low",
        "observed_at": "2026-01-05T20:08:11.842380Z",
        "source_id": "S1C_IW_GRDH_1SDV_20260105T200757_20260105T200826_005773_00B8B5",
        "source_level": "L1",
        "radar_area_m2": 900.0,
        "radar_equivalent_diameter_m": 33.85,
        "physical_floe_diameter_m": null,
        "longitude": 157.7234377,
        "latitude": 71.6833379,
        "native_spacing_m": 10,
        "effective_resolution_m": "20 x 22",
        "co_contrast_max_db": 7.61,
        "cross_contrast_max_db": 6.66,
        "co_snr_median_db": 17.07,
        "cross_snr_median_db": 5.25,
        "review_status": "unreviewed",
        "possible_confusions": "ridge, ship, fast ice, unresolved land, speckle",
        "stream": "east_siberian:sentinel-1c:2:descending:vv,vh",
        "repeat_track_id": "c80eaf13a03a2b43",
        "repeat_observations": 1,
        "repeat_span_days": 0.0,
        "repeat_excursion_m": 0.0,
        "persistent_location_candidate": false
      }
    },
    {
      "type": "Feature",
      "geometry": {
        "type": "MultiPolygon",
        "coordinates": [
          [
            [
              [
                157.6626723615658,
                71.71154393648814
              ],
              [
                157.6625652690353,
                71.71162789788421
              ],
              [
                157.6623046349394,
                71.71159339852824
              ],
              [
                157.66219754044914,
                71.71167735969664
              ],
              [
                157.66193690634216,
                71.71164285980436
              ],
              [
                157.66215109631923,
                71.71147493769763
              ],
              [
                157.6618904651574,
                71.71144043772678
              ],
              [
                157.66199755966983,
                71.71135647671326
              ],
              [
                157.66173693046773,
                71.71132197651127
              ],
              [
                157.66195111854046,
                71.71115405456402
              ],
              [
                157.66247237397744,
                71.71122305397407
              ],
              [
                157.66236528239898,
                71.71130701529036
              ],
              [
                157.66262591256432,
                71.7113415145724
              ],
              [
                157.66241172845537,
                71.71150943728473
              ],
              [
                157.6626723615658,
                71.71154393648814
              ]
            ]
          ]
        ]
      },
      "properties": {
        "id": "12f27350f04a48cc",
        "region": "east_siberian",
        "class": "unclassified_radar_target",
        "ice_identity": "unverified",
        "grounding": "unverified",
        "confidence": "low",
        "observed_at": "2026-01-05T20:08:11.842380Z",
        "source_id": "S1C_IW_GRDH_1SDV_20260105T200757_20260105T200826_005773_00B8B5",
        "source_level": "L1",
        "radar_area_m2": 1000.0,
        "radar_equivalent_diameter_m": 35.68,
        "physical_floe_diameter_m": null,
        "longitude": 157.6622107,
        "latitude": 71.7114043,
        "native_spacing_m": 10,
        "effective_resolution_m": "20 x 22",
        "co_contrast_max_db": 8.84,
        "cross_contrast_max_db": 10.24,
        "co_snr_median_db": 17.59,
        "cross_snr_median_db": 6.85,
        "review_status": "unreviewed",
        "possible_confusions": "ridge, ship, fast ice, unresolved land, speckle",
        "stream": "east_siberian:sentinel-1c:2:descending:vv,vh",
        "repeat_track_id": "12f27350f04a48cc",
        "repeat_observations": 1,
        "repeat_span_days": 0.0,
        "repeat_excursion_m": 0.0,
        "persistent_location_candidate": false
      }
    },
    {
      "type": "Feature",
      "geometry": {
        "type": "MultiPolygon",
        "coordinates": [
          [
            [
              [
                157.66169049228338,
                71.71111955428343
              ],
              [
                157.66136920575673,
                71.7113714366339
              ],
              [
                157.66110857751792,
                71.71133693551188
              ],
              [
                157.66121567498647,
                71.71125297495608
              ],
              [
                157.6609550487073,
                71.71121847360291
              ],
              [
                157.66084795025338,
                71.71130243400614
              ],
              [
                157.66058732396323,
                71.7112679321167
              ],
              [
                157.66048022354965,
                71.71135189229223
              ],
              [
                157.65995897192172,
                71.71128288705705
              ],
              [
                157.66017317571584,
                71.71111496724116
              ],
              [
                157.660433799072,
                71.71114946974546
              ],
              [
                157.66054089852224,
                71.71106550957224
              ],
              [
                157.66132277148068,
                71.71116901432516
              ],
              [
                157.66142986700063,
                71.71108505361912
              ],
              [
                157.66169049228338,
                71.71111955428343
              ]
            ]
          ]
        ]
      },
      "properties": {
        "id": "e9a2f1cf2f1cb005",
        "region": "east_siberian",
        "class": "unclassified_radar_target",
        "ice_identity": "unverified",
        "grounding": "unverified",
        "confidence": "low",
        "observed_at": "2026-01-05T20:08:11.842380Z",
        "source_id": "S1C_IW_GRDH_1SDV_20260105T200757_20260105T200826_005773_00B8B5",
        "source_level": "L1",
        "radar_area_m2": 1100.0,
        "radar_equivalent_diameter_m": 37.42,
        "physical_floe_diameter_m": null,
        "longitude": 157.6608101,
        "latitude": 71.7112127,
        "native_spacing_m": 10,
        "effective_resolution_m": "20 x 22",
        "co_contrast_max_db": 9.74,
        "cross_contrast_max_db": 8.21,
        "co_snr_median_db": 18.0,
        "cross_snr_median_db": 5.43,
        "review_status": "unreviewed",
        "possible_confusions": "ridge, ship, fast ice, unresolved land, speckle",
        "stream": "east_siberian:sentinel-1c:2:descending:vv,vh",
        "repeat_track_id": "e9a2f1cf2f1cb005",
        "repeat_observations": 1,
        "repeat_span_days": 0.0,
        "repeat_excursion_m": 0.0,
        "persistent_location_candidate": false
      }
    },
    {
      "type": "Feature",
      "geometry": {
        "type": "MultiPolygon",
        "coordinates": [
          [
            [
              [
                157.61561592238203,
                71.72690414310918
              ],
              [
                157.6155085264554,
                71.72698807419832
              ],
              [
                157.61524776339482,
                71.72695350669787
              ],
              [
                157.61514036550514,
                71.72703743755864
              ],
              [
                157.6146188403458,
                71.7269683011005
              ],
              [
                157.61472624020644,
                71.72688437054565
              ],
              [
                157.61446548007862,
                71.72684980189385
              ],
              [
                157.61468027883797,
                71.72668194086378
              ],
              [
                157.61520179612944,
                71.72675107717178
              ],
              [
                157.61509439920945,
                71.72683500803042
              ],
              [
                157.61561592238203,
                71.72690414310918
              ]
            ]
          ]
        ]
      },
      "properties": {
        "id": "d40d0489b9c53b6f",
        "region": "east_siberian",
        "class": "unclassified_radar_target",
        "ice_identity": "unverified",
        "grounding": "unverified",
        "confidence": "low",
        "observed_at": "2026-01-05T20:08:11.842380Z",
        "source_id": "S1C_IW_GRDH_1SDV_20260105T200757_20260105T200826_005773_00B8B5",
        "source_level": "L1",
        "radar_area_m2": 800.0,
        "radar_equivalent_diameter_m": 31.92,
        "physical_floe_diameter_m": null,
        "longitude": 157.6149755,
        "latitude": 71.7268683,
        "native_spacing_m": 10,
        "effective_resolution_m": "20 x 22",
        "co_contrast_max_db": 7.96,
        "cross_contrast_max_db": 8.95,
        "co_snr_median_db": 19.86,
        "cross_snr_median_db": 7.01,
        "review_status": "unreviewed",
        "possible_confusions": "ridge, ship, fast ice, unresolved land, speckle",
        "stream": "east_siberian:sentinel-1c:2:descending:vv,vh",
        "repeat_track_id": "d40d0489b9c53b6f",
        "repeat_observations": 1,
        "repeat_span_days": 0.0,
        "repeat_excursion_m": 0.0,
        "persistent_location_candidate": false
      }
    },
    {
      "type": "Feature",
      "geometry": {
        "type": "MultiPolygon",
        "coordinates": [
          [
            [
              [
                157.64464392064724,
                71.67411594487194
              ],
              [
                157.64443000437205,
                71.67428385536381
              ],
              [
                157.64416993036764,
                71.67424932748672
              ],
              [
                157.64406296979269,
                71.67433328246763
              ],
              [
                157.6438028957785,
                71.6742987540553
              ],
              [
                157.64390985733428,
                71.67421479922675
              ],
              [
                157.64338971418053,
                71.67414574155812
              ],
              [
                157.64371059890664,
                71.67389387753576
              ],
              [
                157.6444908062665,
                71.67399746209328
              ],
              [
                157.64438384860452,
                71.67408141729953
              ],
              [
                157.64464392064724,
                71.67411594487194
              ]
            ]
          ]
        ]
      },
      "properties": {
        "id": "5595e82416e5d149",
        "region": "east_siberian",
        "class": "unclassified_radar_target",
        "ice_identity": "unverified",
        "grounding": "unverified",
        "confidence": "low",
        "observed_at": "2026-01-05T20:08:11.842380Z",
        "source_id": "S1C_IW_GRDH_1SDV_20260105T200757_20260105T200826_005773_00B8B5",
        "source_level": "L1",
        "radar_area_m2": 1200.0,
        "radar_equivalent_diameter_m": 39.09,
        "physical_floe_diameter_m": null,
        "longitude": 157.6440219,
        "latitude": 71.674107,
        "native_spacing_m": 10,
        "effective_resolution_m": "20 x 22",
        "co_contrast_max_db": 8.29,
        "cross_contrast_max_db": 6.86,
        "co_snr_median_db": 18.41,
        "cross_snr_median_db": 7.41,
        "review_status": "unreviewed",
        "possible_confusions": "ridge, ship, fast ice, unresolved land, speckle",
        "stream": "east_siberian:sentinel-1c:2:descending:vv,vh",
        "repeat_track_id": "5595e82416e5d149",
        "repeat_observations": 1,
        "repeat_span_days": 0.0,
        "repeat_excursion_m": 0.0,
        "persistent_location_candidate": false
      }
    },
    {
      "type": "Feature",
      "geometry": {
        "type": "MultiPolygon",
        "coordinates": [
          [
            [
              [
                157.62665895024764,
                71.68154375774935
              ],
              [
                157.62655186796076,
                71.68162770124789
              ],
              [
                157.62525115814128,
                71.68145492897601
              ],
              [
                157.6253582453331,
                71.68137098624
              ],
              [
                157.62561838437122,
                71.68140554130774
              ],
              [
                157.6257254696097,
                71.681321598344
              ],
              [
                157.62650588961546,
                71.6814252607921
              ],
              [
                157.62639880731993,
                71.68150920421336
              ],
              [
                157.62665895024764,
                71.68154375774935
              ]
            ]
          ]
        ]
      },
      "properties": {
        "id": "de210d5406980f65",
        "region": "east_siberian",
        "class": "unclassified_radar_target",
        "ice_identity": "unverified",
        "grounding": "unverified",
        "confidence": "low",
        "observed_at": "2026-01-05T20:08:11.842380Z",
        "source_id": "S1C_IW_GRDH_1SDV_20260105T200757_20260105T200826_005773_00B8B5",
        "source_level": "L1",
        "radar_area_m2": 800.0,
        "radar_equivalent_diameter_m": 31.92,
        "physical_floe_diameter_m": null,
        "longitude": 157.6259952,
        "latitude": 71.6814679,
        "native_spacing_m": 10,
        "effective_resolution_m": "20 x 22",
        "co_contrast_max_db": 9.6,
        "cross_contrast_max_db": 6.81,
        "co_snr_median_db": 17.25,
        "cross_snr_median_db": 5.62,
        "review_status": "unreviewed",
        "possible_confusions": "ridge, ship, fast ice, unresolved land, speckle",
        "stream": "east_siberian:sentinel-1c:2:descending:vv,vh",
        "repeat_track_id": "de210d5406980f65",
        "repeat_observations": 1,
        "repeat_span_days": 0.0,
        "repeat_excursion_m": 0.0,
        "persistent_location_candidate": false
      }
    },
    {
      "type": "Feature",
      "geometry": {
        "type": "MultiPolygon",
        "coordinates": [
          [
            [
              [
                157.6176470834112,
                71.67406334633631
              ],
              [
                157.61721875806722,
                71.6743991019329
              ],
              [
                157.61695873327005,
                71.67436453419333
              ],
              [
                157.61674456280656,
                71.67453241123508
              ],
              [
                157.61648453702145,
                71.67449784280775
              ],
              [
                157.61659162371913,
                71.674413904477
              ],
              [
                157.61607157702477,
                71.67434476677916
              ],
              [
                157.61628575142382,
                71.67417689050183
              ],
              [
                157.61706581704388,
                71.67428059555955
              ],
              [
                157.6172799816757,
                71.67411271806624
              ],
              [
                157.61675994087665,
                71.67404358235379
              ],
              [
                157.61686702369445,
                71.67395964379921
              ],
              [
                157.6176470834112,
                71.67406334633631
              ]
            ]
          ]
        ]
      },
      "properties": {
        "id": "e741301954cf96fb",
        "region": "east_siberian",
        "class": "unclassified_radar_target",
        "ice_identity": "unverified",
        "grounding": "unverified",
        "confidence": "low",
        "observed_at": "2026-01-05T20:08:11.842380Z",
        "source_id": "S1C_IW_GRDH_1SDV_20260105T200757_20260105T200826_005773_00B8B5",
        "source_level": "L1",
        "radar_area_m2": 1300.0,
        "radar_equivalent_diameter_m": 40.68,
        "physical_floe_diameter_m": null,
        "longitude": 157.6168799,
        "latitude": 71.6742521,
        "native_spacing_m": 10,
        "effective_resolution_m": "20 x 22",
        "co_contrast_max_db": 7.98,
        "cross_contrast_max_db": 6.02,
        "co_snr_median_db": 17.35,
        "cross_snr_median_db": 4.82,
        "review_status": "unreviewed",
        "possible_confusions": "ridge, ship, fast ice, unresolved land, speckle",
        "stream": "east_siberian:sentinel-1c:2:descending:vv,vh",
        "repeat_track_id": "e741301954cf96fb",
        "repeat_observations": 1,
        "repeat_span_days": 0.0,
        "repeat_excursion_m": 0.0,
        "persistent_location_candidate": false
      }
    },
    {
      "type": "Feature",
      "geometry": {
        "type": "MultiPolygon",
        "coordinates": [
          [
            [
              [
                157.74428759900374,
                71.68662059257811
              ],
              [
                157.7440744435362,
                71.68678861973447
              ],
              [
                157.7435535730919,
                71.6867198570168
              ],
              [
                157.74366015328118,
                71.68663584377975
              ],
              [
                157.7433997204979,
                71.68660146199736
              ],
              [
                157.7435063007038,
                71.6865174488376
              ],
              [
                157.74324586987498,
                71.68648306682344
              ],
              [
                157.74313928868355,
                71.68656707983128
              ],
              [
                157.7428788578381,
                71.68653269728155
              ],
              [
                157.743092021223,
                71.6863646714951
              ],
              [
                157.7428315933174,
                71.68633028886555
              ],
              [
                157.74304475479767,
                71.6861622630844
              ],
              [
                157.74356560763584,
                71.68623102735219
              ],
              [
                157.7434590293511,
                71.68631504058389
              ],
              [
                157.74371945820897,
                71.68634942229424
              ],
              [
                157.74361287994086,
                71.68643343560323
              ],
              [
                157.74413374253422,
                71.68650219817673
              ],
              [
                157.74402716526822,
                71.68658621171494
              ],
              [
                157.74428759900374,
                71.68662059257811
              ]
            ]
          ]
        ]
      },
      "properties": {
        "id": "c5b30ee429978409",
        "region": "east_siberian",
        "class": "unclassified_radar_target",
        "ice_identity": "unverified",
        "grounding": "unverified",
        "confidence": "low",
        "observed_at": "2026-01-29T20:08:11.648992Z",
        "source_id": "S1C_IW_GRDH_1SDV_20260129T200756_20260129T200826_006123_00C496",
        "source_level": "L1",
        "radar_area_m2": 1500.0,
        "radar_equivalent_diameter_m": 43.7,
        "physical_floe_diameter_m": null,
        "longitude": 157.7435264,
        "latitude": 71.6864776,
        "native_spacing_m": 10,
        "effective_resolution_m": "20 x 22",
        "co_contrast_max_db": 8.32,
        "cross_contrast_max_db": 7.79,
        "co_snr_median_db": 15.27,
        "cross_snr_median_db": 4.96,
        "review_status": "unreviewed",
        "possible_confusions": "ridge, ship, fast ice, unresolved land, speckle",
        "stream": "east_siberian:sentinel-1c:2:descending:vv,vh",
        "repeat_track_id": "c5b30ee429978409",
        "repeat_observations": 2,
        "repeat_span_days": 24.0,
        "repeat_excursion_m": 25.1,
        "persistent_location_candidate": false
      }
    },
    {
      "type": "Feature",
      "geometry": {
        "type": "MultiPolygon",
        "coordinates": [
          [
            [
              [
                157.6614210044766,
                71.7275708125997
              ],
              [
                157.6612066209004,
                71.72773872974999
              ],
              [
                157.6606849033685,
                71.7276697283487
              ],
              [
                157.66057770814209,
                71.72775368650565
              ],
              [
                157.66005599254032,
                71.72768468326278
              ],
              [
                157.66048477548614,
                71.7273488514056
              ],
              [
                157.66100648319133,
                71.72741785342676
              ],
              [
                157.6608992908931,
                71.72750181180925
              ],
              [
                157.6614210044766,
                71.7275708125997
              ]
            ]
          ]
        ]
      },
      "properties": {
        "id": "c2453d2ce4fa1f0a",
        "region": "east_siberian",
        "class": "unclassified_radar_target",
        "ice_identity": "unverified",
        "grounding": "unverified",
        "confidence": "low",
        "observed_at": "2026-01-29T20:08:11.648992Z",
        "source_id": "S1C_IW_GRDH_1SDV_20260129T200756_20260129T200826_006123_00C496",
        "source_level": "L1",
        "radar_area_m2": 1200.0,
        "radar_equivalent_diameter_m": 39.09,
        "physical_floe_diameter_m": null,
        "longitude": 157.6607051,
        "latitude": 71.7275743,
        "native_spacing_m": 10,
        "effective_resolution_m": "20 x 22",
        "co_contrast_max_db": 10.71,
        "cross_contrast_max_db": 7.58,
        "co_snr_median_db": 21.96,
        "cross_snr_median_db": 5.19,
        "review_status": "unreviewed",
        "possible_confusions": "ridge, ship, fast ice, unresolved land, speckle",
        "stream": "east_siberian:sentinel-1c:2:descending:vv,vh",
        "repeat_track_id": "c2453d2ce4fa1f0a",
        "repeat_observations": 2,
        "repeat_span_days": 24.0,
        "repeat_excursion_m": 67.2,
        "persistent_location_candidate": false
      }
    },
    {
      "type": "Feature",
      "geometry": {
        "type": "MultiPolygon",
        "coordinates": [
          [
            [
              [
                157.66199755966983,
                71.71135647671326
              ],
              [
                157.66178336967064,
                71.71152439866513
              ],
              [
                157.661001479075,
                71.71142089599256
              ],
              [
                157.66110857751792,
                71.71133693551188
              ],
              [
                157.66084795025338,
                71.71130243400614
              ],
              [
                157.6609550487073,
                71.71121847360291
              ],
              [
                157.66121567498647,
                71.71125297495608
              ],
              [
                157.66142986700063,
                71.71108505361912
              ],
              [
                157.66195111854046,
                71.71115405456402
              ],
              [
                157.66173693046773,
                71.71132197651127
              ],
              [
                157.66199755966983,
                71.71135647671326
              ]
            ]
          ]
        ]
      },
      "properties": {
        "id": "4dc41238c0ef0eb7",
        "region": "east_siberian",
        "class": "unclassified_radar_target",
        "ice_identity": "unverified",
        "grounding": "unverified",
        "confidence": "low",
        "observed_at": "2026-01-29T20:08:11.648992Z",
        "source_id": "S1C_IW_GRDH_1SDV_20260129T200756_20260129T200826_006123_00C496",
        "source_level": "L1",
        "radar_area_m2": 1100.0,
        "radar_equivalent_diameter_m": 37.42,
        "physical_floe_diameter_m": null,
        "longitude": 157.6614875,
        "latitude": 71.7113113,
        "native_spacing_m": 10,
        "effective_resolution_m": "20 x 22",
        "co_contrast_max_db": 7.73,
        "cross_contrast_max_db": 8.9,
        "co_snr_median_db": 16.54,
        "cross_snr_median_db": 5.59,
        "review_status": "unreviewed",
        "possible_confusions": "ridge, ship, fast ice, unresolved land, speckle",
        "stream": "east_siberian:sentinel-1c:2:descending:vv,vh",
        "repeat_track_id": "4dc41238c0ef0eb7",
        "repeat_observations": 1,
        "repeat_span_days": 0.0,
        "repeat_excursion_m": 0.0,
        "persistent_location_candidate": false
      }
    },
    {
      "type": "Feature",
      "geometry": {
        "type": "MultiPolygon",
        "coordinates": [
          [
            [
              [
                157.65980545093888,
                71.7111644241461
              ],
              [
                157.65948413790707,
                71.71141630307409
              ],
              [
                157.65922351255847,
                71.71138179919208
              ],
              [
                157.65933061886207,
                71.71129783977713
              ],
              [
                157.65880937305863,
                71.71122883116715
              ],
              [
                157.65913069203478,
                71.7109769533869
              ],
              [
                157.6593913114935,
                71.71101145742603
              ],
              [
                157.6594984148849,
                71.7109274978631
              ],
              [
                157.6597590343327,
                71.71096200136593
              ],
              [
                157.65954482854613,
                71.7111299207218
              ],
              [
                157.65980545093888,
                71.7111644241461
              ]
            ]
          ]
        ]
      },
      "properties": {
        "id": "79531407bfe44d7c",
        "region": "east_siberian",
        "class": "unclassified_radar_target",
        "ice_identity": "unverified",
        "grounding": "unverified",
        "confidence": "low",
        "observed_at": "2026-01-29T20:08:11.648992Z",
        "source_id": "S1C_IW_GRDH_1SDV_20260129T200756_20260129T200826_006123_00C496",
        "source_level": "L1",
        "radar_area_m2": 1000.0,
        "radar_equivalent_diameter_m": 35.68,
        "physical_floe_diameter_m": null,
        "longitude": 157.6593503,
        "latitude": 71.711163,
        "native_spacing_m": 10,
        "effective_resolution_m": "20 x 22",
        "co_contrast_max_db": 9.68,
        "cross_contrast_max_db": 8.7,
        "co_snr_median_db": 16.86,
        "cross_snr_median_db": 6.64,
        "review_status": "unreviewed",
        "possible_confusions": "ridge, ship, fast ice, unresolved land, speckle",
        "stream": "east_siberian:sentinel-1c:2:descending:vv,vh",
        "repeat_track_id": "79531407bfe44d7c",
        "repeat_observations": 1,
        "repeat_span_days": 0.0,
        "repeat_excursion_m": 0.0,
        "persistent_location_candidate": false
      }
    },
    {
      "type": "Feature",
      "geometry": {
        "type": "MultiPolygon",
        "coordinates": [
          [
            [
              [
                157.6437178574901,
                71.70324274532578
              ],
              [
                157.64350359538437,
                71.70341064731149
              ],
              [
                157.64324311289812,
                71.7033761195963
              ],
              [
                157.64313597940017,
                71.70346007032374
              ],
              [
                157.64287549690417,
                71.70342554207248
              ],
              [
                157.64298263138602,
                71.70334159149763
              ],
              [
                157.642722150848,
                71.7033070630155
              ],
              [
                157.64293641885703,
                71.70313916194536
              ],
              [
                157.6431968974273,
                71.70317369012228
              ],
              [
                157.64330402898682,
                71.7030897393218
              ],
              [
                157.64356450754727,
                71.7031242669627
              ],
              [
                157.64345737697164,
                71.70320821791574
              ],
              [
                157.6437178574901,
                71.70324274532578
              ]
            ]
          ]
        ]
      },
      "properties": {
        "id": "54747d481ea2698e",
        "region": "east_siberian",
        "class": "unclassified_radar_target",
        "ice_identity": "unverified",
        "grounding": "unverified",
        "confidence": "low",
        "observed_at": "2026-01-29T20:08:11.648992Z",
        "source_id": "S1C_IW_GRDH_1SDV_20260129T200756_20260129T200826_006123_00C496",
        "source_level": "L1",
        "radar_area_m2": 800.0,
        "radar_equivalent_diameter_m": 31.92,
        "physical_floe_diameter_m": null,
        "longitude": 157.64322,
        "latitude": 71.7032749,
        "native_spacing_m": 10,
        "effective_resolution_m": "20 x 22",
        "co_contrast_max_db": 7.29,
        "cross_contrast_max_db": 9.38,
        "co_snr_median_db": 15.79,
        "cross_snr_median_db": 7.52,
        "review_status": "unreviewed",
        "possible_confusions": "ridge, ship, fast ice, unresolved land, speckle",
        "stream": "east_siberian:sentinel-1c:2:descending:vv,vh",
        "repeat_track_id": "54747d481ea2698e",
        "repeat_observations": 1,
        "repeat_span_days": 0.0,
        "repeat_excursion_m": 0.0,
        "persistent_location_candidate": false
      }
    },
    {
      "type": "Feature",
      "geometry": {
        "type": "MultiPolygon",
        "coordinates": [
          [
            [
              [
                157.73401966688135,
                71.71675101497034
              ],
              [
                157.73380606986325,
                71.71691902215727
              ],
              [
                157.7327627083836,
                71.71678144121785
              ],
              [
                157.73286951133247,
                71.71669743827066
              ],
              [
                157.73313034925536,
                71.71673183392961
              ],
              [
                157.73323715024338,
                71.71664783075543
              ],
              [
                157.73297631330888,
                71.71661343524872
              ],
              [
                157.73308311431288,
                71.71652943215199
              ],
              [
                157.7336047871775,
                71.7165982224768
              ],
              [
                157.7334979881503,
                71.71668222587793
              ],
              [
                157.73401966688135,
                71.71675101497034
              ]
            ]
          ]
        ]
      },
      "properties": {
        "id": "561fd71045fe17a7",
        "region": "east_siberian",
        "class": "unclassified_radar_target",
        "ice_identity": "unverified",
        "grounding": "unverified",
        "confidence": "low",
        "observed_at": "2026-02-22T20:08:10.382859Z",
        "source_id": "S1C_IW_GRDH_1SDV_20260222T200755_20260222T200825_006473_00D0A5",
        "source_level": "L1",
        "radar_area_m2": 900.0,
        "radar_equivalent_diameter_m": 33.85,
        "physical_floe_diameter_m": null,
        "longitude": 157.7334064,
        "latitude": 71.716741,
        "native_spacing_m": 10,
        "effective_resolution_m": "20 x 22",
        "co_contrast_max_db": 9.36,
        "cross_contrast_max_db": 10.12,
        "co_snr_median_db": 20.33,
        "cross_snr_median_db": 10.65,
        "review_status": "unreviewed",
        "possible_confusions": "ridge, ship, fast ice, unresolved land, speckle",
        "stream": "east_siberian:sentinel-1c:2:descending:vv,vh",
        "repeat_track_id": "561fd71045fe17a7",
        "repeat_observations": 1,
        "repeat_span_days": 0.0,
        "repeat_excursion_m": 0.0,
        "persistent_location_candidate": false
      }
    },
    {
      "type": "Feature",
      "geometry": {
        "type": "MultiPolygon",
        "coordinates": [
          [
            [
              [
                157.7165374941067,
                71.71876100054308
              ],
              [
                157.71632371463414,
                71.71892898622382
              ],
              [
                157.71606287699225,
                71.71889456603972
              ],
              [
                157.7159559848081,
                71.71897855861549
              ],
              [
                157.71543431046797,
                71.71890971679014
              ],
              [
                157.71564809781515,
                71.71874173217316
              ],
              [
                157.71538726408096,
                71.71870731098895
              ],
              [
                157.71549415728268,
                71.71862331872046
              ],
              [
                157.71575499002884,
                71.71865773975235
              ],
              [
                157.71586188126935,
                71.71857374725671
              ],
              [
                157.71612271400073,
                71.7186081677521
              ],
              [
                157.71601582374825,
                71.71869216040008
              ],
              [
                157.7165374941067,
                71.71876100054308
              ]
            ]
          ]
        ]
      },
      "properties": {
        "id": "044b31820304e5c3",
        "region": "east_siberian",
        "class": "unclassified_radar_target",
        "ice_identity": "unverified",
        "grounding": "unverified",
        "confidence": "low",
        "observed_at": "2026-02-22T20:08:10.382859Z",
        "source_id": "S1C_IW_GRDH_1SDV_20260222T200755_20260222T200825_006473_00D0A5",
        "source_level": "L1",
        "radar_area_m2": 1000.0,
        "radar_equivalent_diameter_m": 35.68,
        "physical_floe_diameter_m": null,
        "longitude": 157.7159243,
        "latitude": 71.718788,
        "native_spacing_m": 10,
        "effective_resolution_m": "20 x 22",
        "co_contrast_max_db": 10.66,
        "cross_contrast_max_db": 7.81,
        "co_snr_median_db": 21.23,
        "cross_snr_median_db": 7.58,
        "review_status": "unreviewed",
        "possible_confusions": "ridge, ship, fast ice, unresolved land, speckle",
        "stream": "east_siberian:sentinel-1c:2:descending:vv,vh",
        "repeat_track_id": "044b31820304e5c3",
        "repeat_observations": 1,
        "repeat_span_days": 0.0,
        "repeat_excursion_m": 0.0,
        "persistent_location_candidate": false
      }
    },
    {
      "type": "Feature",
      "geometry": {
        "type": "MultiPolygon",
        "coordinates": [
          [
            [
              [
                157.71558825300593,
                71.71902813024344
              ],
              [
                157.71548135788723,
                71.71911212251713
              ],
              [
                157.71417717432274,
                71.71894001162842
              ],
              [
                157.7142840743815,
                71.71885602011645
              ],
              [
                157.71454490815984,
                71.71889044291015
              ],
              [
                157.71465180625728,
                71.71880645117098
              ],
              [
                157.71543431046797,
                71.71890971679014
              ],
              [
                157.71532741533449,
                71.71899370898636
              ],
              [
                157.71558825300593,
                71.71902813024344
              ]
            ]
          ]
        ]
      },
      "properties": {
        "id": "3f2857621a088080",
        "region": "east_siberian",
        "class": "unclassified_radar_target",
        "ice_identity": "unverified",
        "grounding": "unverified",
        "confidence": "low",
        "observed_at": "2026-02-22T20:08:10.382859Z",
        "source_id": "S1C_IW_GRDH_1SDV_20260222T200755_20260222T200825_006473_00D0A5",
        "source_level": "L1",
        "radar_area_m2": 800.0,
        "radar_equivalent_diameter_m": 31.92,
        "physical_floe_diameter_m": null,
        "longitude": 157.7149228,
        "latitude": 71.7189526,
        "native_spacing_m": 10,
        "effective_resolution_m": "20 x 22",
        "co_contrast_max_db": 8.42,
        "cross_contrast_max_db": 8.02,
        "co_snr_median_db": 19.94,
        "cross_snr_median_db": 6.43,
        "review_status": "unreviewed",
        "possible_confusions": "ridge, ship, fast ice, unresolved land, speckle",
        "stream": "east_siberian:sentinel-1c:2:descending:vv,vh",
        "repeat_track_id": "3f2857621a088080",
        "repeat_observations": 1,
        "repeat_span_days": 0.0,
        "repeat_excursion_m": 0.0,
        "persistent_location_candidate": false
      }
    },
    {
      "type": "Feature",
      "geometry": {
        "type": "MultiPolygon",
        "coordinates": [
          [
            [
              [
                157.7634270429167,
                71.68159447890336
              ],
              [
                157.7633205816208,
                71.68167850463729
              ],
              [
                157.76306018212216,
                71.68164415142776
              ],
              [
                157.76295371887295,
                71.68172817693538
              ],
              [
                157.76243292080747,
                71.6816594690618
              ],
              [
                157.76232645461926,
                71.68174349419137
              ],
              [
                157.76180565845348,
                71.68167478447958
              ],
              [
                157.76191212661297,
                71.68159075965353
              ],
              [
                157.7616517309673,
                71.68155640437395
              ],
              [
                157.76175819914462,
                71.68147237962515
              ],
              [
                157.76253938602798,
                71.6815754438577
              ],
              [
                157.76264585028076,
                71.6814914185791
              ],
              [
                157.7634270429167,
                71.68159447890336
              ]
            ]
          ]
        ]
      },
      "properties": {
        "id": "1969f08811e03127",
        "region": "east_siberian",
        "class": "unclassified_radar_target",
        "ice_identity": "unverified",
        "grounding": "unverified",
        "confidence": "low",
        "observed_at": "2026-02-22T20:08:10.382859Z",
        "source_id": "S1C_IW_GRDH_1SDV_20260222T200755_20260222T200825_006473_00D0A5",
        "source_level": "L1",
        "radar_area_m2": 1000.0,
        "radar_equivalent_diameter_m": 35.68,
        "physical_floe_diameter_m": null,
        "longitude": 157.7624968,
        "latitude": 71.6816091,
        "native_spacing_m": 10,
        "effective_resolution_m": "20 x 22",
        "co_contrast_max_db": 8.48,
        "cross_contrast_max_db": 9.71,
        "co_snr_median_db": 17.44,
        "cross_snr_median_db": 7.99,
        "review_status": "unreviewed",
        "possible_confusions": "ridge, ship, fast ice, unresolved land, speckle",
        "stream": "east_siberian:sentinel-1c:2:descending:vv,vh",
        "repeat_track_id": "1969f08811e03127",
        "repeat_observations": 1,
        "repeat_span_days": 0.0,
        "repeat_excursion_m": 0.0,
        "persistent_location_candidate": false
      }
    },
    {
      "type": "Feature",
      "geometry": {
        "type": "MultiPolygon",
        "coordinates": [
          [
            [
              [
                157.7564452977893,
                71.68518469447255
              ],
              [
                157.7561257537546,
                71.68543675752267
              ],
              [
                157.75586531468505,
                71.6854023939572
              ],
              [
                157.75575879708433,
                71.68548641467298
              ],
              [
                157.75549835799734,
                71.68545205057197
              ],
              [
                157.7558179108519,
                71.6851999886565
              ],
              [
                157.75529704149773,
                71.68513126021442
              ],
              [
                157.75540355915075,
                71.68504723973051
              ],
              [
                157.75592442653343,
                71.68511596786891
              ],
              [
                157.7560309412466,
                71.68503194700679
              ],
              [
                157.7562913754046,
                71.68506631034862
              ],
              [
                157.7561848616772,
                71.68515033136259
              ],
              [
                157.7564452977893,
                71.68518469447255
              ]
            ]
          ]
        ]
      },
      "properties": {
        "id": "1cf0f2b524fd421f",
        "region": "east_siberian",
        "class": "unclassified_radar_target",
        "ice_identity": "unverified",
        "grounding": "unverified",
        "confidence": "low",
        "observed_at": "2026-02-22T20:08:10.382859Z",
        "source_id": "S1C_IW_GRDH_1SDV_20260222T200755_20260222T200825_006473_00D0A5",
        "source_level": "L1",
        "radar_area_m2": 1000.0,
        "radar_equivalent_diameter_m": 35.68,
        "physical_floe_diameter_m": null,
        "longitude": 157.7559162,
        "latitude": 71.6852424,
        "native_spacing_m": 10,
        "effective_resolution_m": "20 x 22",
        "co_contrast_max_db": 14.04,
        "cross_contrast_max_db": 5.96,
        "co_snr_median_db": 18.19,
        "cross_snr_median_db": 5.21,
        "review_status": "unreviewed",
        "possible_confusions": "ridge, ship, fast ice, unresolved land, speckle",
        "stream": "east_siberian:sentinel-1c:2:descending:vv,vh",
        "repeat_track_id": "1cf0f2b524fd421f",
        "repeat_observations": 1,
        "repeat_span_days": 0.0,
        "repeat_excursion_m": 0.0,
        "persistent_location_candidate": false
      }
    },
    {
      "type": "Feature",
      "geometry": {
        "type": "MultiPolygon",
        "coordinates": [
          [
            [
              [
                157.73315119239967,
                71.69515520049211
              ],
              [
                157.73283115811032,
                71.6954072178125
              ],
              [
                157.73257062183427,
                71.69537282060786
              ],
              [
                157.73246394081133,
                71.69545682607988
              ],
              [
                157.73220340451942,
                71.69542242833938
              ],
              [
                157.73231008652837,
                71.69533842301942
              ],
              [
                157.73204955219273,
                71.6953040250472
              ],
              [
                157.73215623421757,
                71.6952200198046
              ],
              [
                157.73241676756714,
                71.69525441762475
              ],
              [
                157.73263012673414,
                71.69508640661128
              ],
              [
                157.73315119239967,
                71.69515520049211
              ]
            ]
          ]
        ]
      },
      "properties": {
        "id": "3a5d1c1e426875c3",
        "region": "east_siberian",
        "class": "unclassified_radar_target",
        "ice_identity": "unverified",
        "grounding": "unverified",
        "confidence": "low",
        "observed_at": "2026-02-22T20:08:10.382859Z",
        "source_id": "S1C_IW_GRDH_1SDV_20260222T200755_20260222T200825_006473_00D0A5",
        "source_level": "L1",
        "radar_area_m2": 800.0,
        "radar_equivalent_diameter_m": 31.92,
        "physical_floe_diameter_m": null,
        "longitude": 157.7326255,
        "latitude": 71.6952697,
        "native_spacing_m": 10,
        "effective_resolution_m": "20 x 22",
        "co_contrast_max_db": 9.12,
        "cross_contrast_max_db": 8.05,
        "co_snr_median_db": 16.31,
        "cross_snr_median_db": 5.83,
        "review_status": "unreviewed",
        "possible_confusions": "ridge, ship, fast ice, unresolved land, speckle",
        "stream": "east_siberian:sentinel-1c:2:descending:vv,vh",
        "repeat_track_id": "3a5d1c1e426875c3",
        "repeat_observations": 1,
        "repeat_span_days": 0.0,
        "repeat_excursion_m": 0.0,
        "persistent_location_candidate": false
      }
    },
    {
      "type": "Feature",
      "geometry": {
        "type": "MultiPolygon",
        "coordinates": [
          [
            [
              [
                157.7441810217544,
                71.68670460619359
              ],
              [
                157.74396786434906,
                71.68687263320072
              ],
              [
                157.74370742765691,
                71.6868382518818
              ],
              [
                157.74360084651536,
                71.68692226512152
              ],
              [
                157.74255910549388,
                71.68678473540157
              ],
              [
                157.74266569057755,
                71.68670072276953
              ],
              [
                157.74240525873006,
                71.6866663395323
              ],
              [
                157.74251184383027,
                71.68658232697754
              ],
              [
                157.7422514139372,
                71.6865479435086
              ],
              [
                157.74235799905395,
                71.68646393103114
              ],
              [
                157.7426184279616,
                71.68649831434817
              ],
              [
                157.7428315933174,
                71.68633028886555
              ],
              [
                157.74335245009746,
                71.68639905374097
              ],
              [
                157.74324586987498,
                71.68648306682344
              ],
              [
                157.74298544001502,
                71.68644868442564
              ],
              [
                157.7427722746923,
                71.68661671006285
              ],
              [
                157.74329313932313,
                71.6866854750825
              ],
              [
                157.7433997204979,
                71.68660146199736
              ],
              [
                157.74366015328118,
                71.68663584377975
              ],
              [
                157.7435535730919,
                71.6867198570168
              ],
              [
                157.7438140078296,
                71.68675423856746
              ],
              [
                157.74392058703336,
                71.6866702251785
              ],
              [
                157.7441810217544,
                71.68670460619359
              ]
            ]
          ]
        ]
      },
      "properties": {
        "id": "cc26b8844ce7ab3f",
        "region": "east_siberian",
        "class": "unclassified_radar_target",
        "ice_identity": "unverified",
        "grounding": "unverified",
        "confidence": "low",
        "observed_at": "2026-02-22T20:08:10.382859Z",
        "source_id": "S1C_IW_GRDH_1SDV_20260222T200755_20260222T200825_006473_00D0A5",
        "source_level": "L1",
        "radar_area_m2": 1700.0,
        "radar_equivalent_diameter_m": 46.52,
        "physical_floe_diameter_m": null,
        "longitude": 157.7431445,
        "latitude": 71.6866687,
        "native_spacing_m": 10,
        "effective_resolution_m": "20 x 22",
        "co_contrast_max_db": 10.81,
        "cross_contrast_max_db": 8.27,
        "co_snr_median_db": 17.33,
        "cross_snr_median_db": 6.35,
        "review_status": "unreviewed",
        "possible_confusions": "ridge, ship, fast ice, unresolved land, speckle",
        "stream": "east_siberian:sentinel-1c:2:descending:vv,vh",
        "repeat_track_id": "c5b30ee429978409",
        "repeat_observations": 2,
        "repeat_span_days": 24.0,
        "repeat_excursion_m": 25.1,
        "persistent_location_candidate": false
      }
    },
    {
      "type": "Feature",
      "geometry": {
        "type": "MultiPolygon",
        "coordinates": [
          [
            [
              [
                157.69073103186352,
                71.72634204958993
              ],
              [
                157.6906239811545,
                71.72642602599605
              ],
              [
                157.6901021907607,
                71.72635711068077
              ],
              [
                157.68999513710085,
                71.7264410867068
              ],
              [
                157.68947334863088,
                71.72637216954976
              ],
              [
                157.68958040426665,
                71.72628819382884
              ],
              [
                157.68984129702622,
                71.7263226524469
              ],
              [
                157.69005540339708,
                71.72615470047488
              ],
              [
                157.6903162951557,
                71.7261891584037
              ],
              [
                157.69042334589085,
                71.72610518215262
              ],
              [
                157.69068423763642,
                71.72613963954474
              ],
              [
                157.69047013716713,
                71.72630759227691
              ],
              [
                157.69073103186352,
                71.72634204958993
              ]
            ]
          ]
        ]
      },
      "properties": {
        "id": "1010e0764b293ce1",
        "region": "east_siberian",
        "class": "unclassified_radar_target",
        "ice_identity": "unverified",
        "grounding": "unverified",
        "confidence": "low",
        "observed_at": "2026-02-22T20:08:10.382859Z",
        "source_id": "S1C_IW_GRDH_1SDV_20260222T200755_20260222T200825_006473_00D0A5",
        "source_level": "L1",
        "radar_area_m2": 800.0,
        "radar_equivalent_diameter_m": 31.92,
        "physical_floe_diameter_m": null,
        "longitude": 157.6901825,
        "latitude": 71.7262941,
        "native_spacing_m": 10,
        "effective_resolution_m": "20 x 22",
        "co_contrast_max_db": 7.56,
        "cross_contrast_max_db": 10.05,
        "co_snr_median_db": 22.06,
        "cross_snr_median_db": 10.12,
        "review_status": "unreviewed",
        "possible_confusions": "ridge, ship, fast ice, unresolved land, speckle",
        "stream": "east_siberian:sentinel-1c:2:descending:vv,vh",
        "repeat_track_id": "1010e0764b293ce1",
        "repeat_observations": 1,
        "repeat_span_days": 0.0,
        "repeat_excursion_m": 0.0,
        "persistent_location_candidate": false
      }
    },
    {
      "type": "Feature",
      "geometry": {
        "type": "MultiPolygon",
        "coordinates": [
          [
            [
              [
                157.69733270038907,
                71.72044415493077
              ],
              [
                157.69722571395607,
                71.72052813605355
              ],
              [
                157.69644324306324,
                71.72042479061399
              ],
              [
                157.69655023245892,
                71.7203408099486
              ],
              [
                157.69628941176364,
                71.720306360853
              ],
              [
                157.69639640117273,
                71.72022238026508
              ],
              [
                157.6966572208805,
                71.72025682920821
              ],
              [
                157.69676420832803,
                71.72017284839286
              ],
              [
                157.69754667033297,
                71.72027619246037
              ],
              [
                157.69743968584802,
                71.72036017373304
              ],
              [
                157.69717886321814,
                71.7203257259422
              ],
              [
                157.69707187677162,
                71.72040970698748
              ],
              [
                157.69733270038907,
                71.72044415493077
              ]
            ]
          ]
        ]
      },
      "properties": {
        "id": "9cc0373a67fc5a0f",
        "region": "east_siberian",
        "class": "unclassified_radar_target",
        "ice_identity": "unverified",
        "grounding": "unverified",
        "confidence": "low",
        "observed_at": "2026-02-22T20:08:10.382859Z",
        "source_id": "S1C_IW_GRDH_1SDV_20260222T200755_20260222T200825_006473_00D0A5",
        "source_level": "L1",
        "radar_area_m2": 900.0,
        "radar_equivalent_diameter_m": 33.85,
        "physical_floe_diameter_m": null,
        "longitude": 157.696908,
        "latitude": 71.720339,
        "native_spacing_m": 10,
        "effective_resolution_m": "20 x 22",
        "co_contrast_max_db": 9.62,
        "cross_contrast_max_db": 10.02,
        "co_snr_median_db": 21.46,
        "cross_snr_median_db": 8.59,
        "review_status": "unreviewed",
        "possible_confusions": "ridge, ship, fast ice, unresolved land, speckle",
        "stream": "east_siberian:sentinel-1c:2:descending:vv,vh",
        "repeat_track_id": "9cc0373a67fc5a0f",
        "repeat_observations": 1,
        "repeat_span_days": 0.0,
        "repeat_excursion_m": 0.0,
        "persistent_location_candidate": false
      }
    },
    {
      "type": "Feature",
      "geometry": {
        "type": "MultiPolygon",
        "coordinates": [
          [
            [
              [
                157.66117955071235,
                71.74304409944804
              ],
              [
                157.66085770052428,
                71.74329596875045
              ],
              [
                157.66059662166683,
                71.74326146853933
              ],
              [
                157.66070390702933,
                71.74317751233325
              ],
              [
                157.66018175422514,
                71.74310851106364
              ],
              [
                157.66028904058734,
                71.74302455508801
              ],
              [
                157.6600279666406,
                71.74299005402953
              ],
              [
                157.6601352530138,
                71.74290609813156
              ],
              [
                157.6603963259719,
                71.7429405990372
              ],
              [
                157.66050361037873,
                71.74285664291115
              ],
              [
                157.66076468332577,
                71.7428911432796
              ],
              [
                157.66065739990768,
                71.7429750995585
              ],
              [
                157.66117955071235,
                71.74304409944804
              ]
            ]
          ]
        ]
      },
      "properties": {
        "id": "7a8639d9cc29376f",
        "region": "east_siberian",
        "class": "unclassified_radar_target",
        "ice_identity": "unverified",
        "grounding": "unverified",
        "confidence": "low",
        "observed_at": "2026-02-22T20:08:10.382859Z",
        "source_id": "S1C_IW_GRDH_1SDV_20260222T200755_20260222T200825_006473_00D0A5",
        "source_level": "L1",
        "radar_area_m2": 900.0,
        "radar_equivalent_diameter_m": 33.85,
        "physical_floe_diameter_m": null,
        "longitude": 157.6606286,
        "latitude": 71.743064,
        "native_spacing_m": 10,
        "effective_resolution_m": "20 x 22",
        "co_contrast_max_db": 8.82,
        "cross_contrast_max_db": 8.3,
        "co_snr_median_db": 23.18,
        "cross_snr_median_db": 5.41,
        "review_status": "unreviewed",
        "possible_confusions": "ridge, ship, fast ice, unresolved land, speckle",
        "stream": "east_siberian:sentinel-1c:2:descending:vv,vh",
        "repeat_track_id": "7a8639d9cc29376f",
        "repeat_observations": 1,
        "repeat_span_days": 0.0,
        "repeat_excursion_m": 0.0,
        "persistent_location_candidate": false
      }
    },
    {
      "type": "Feature",
      "geometry": {
        "type": "MultiPolygon",
        "coordinates": [
          [
            [
              [
                157.71450204973445,
                71.69857792818287
              ],
              [
                157.7143952680291,
                71.69866192239662
              ],
              [
                157.71335308250065,
                71.6985242238386
              ],
              [
                157.71356665282647,
                71.69835623655369
              ],
              [
                157.71382719578028,
                71.69839066146444
              ],
              [
                157.71393397850068,
                71.6983066675576
              ],
              [
                157.71419452143988,
                71.69834109193245
              ],
              [
                157.71430130220338,
                71.69825709779862
              ],
              [
                157.71456184512797,
                71.69829152163757
              ],
              [
                157.71445506535025,
                71.69837551592357
              ],
              [
                157.71471561023174,
                71.69840993953093
              ],
              [
                157.71460883046868,
                71.69849393389431
              ],
              [
                157.71434828460139,
                71.69845951013477
              ],
              [
                157.71424150288138,
                71.69854350427116
              ],
              [
                157.71450204973445,
                71.69857792818287
              ]
            ]
          ]
        ]
      },
      "properties": {
        "id": "1c9fc6231e5970a0",
        "region": "east_siberian",
        "class": "unclassified_radar_target",
        "ice_identity": "unverified",
        "grounding": "unverified",
        "confidence": "low",
        "observed_at": "2026-02-22T20:08:10.382859Z",
        "source_id": "S1C_IW_GRDH_1SDV_20260222T200755_20260222T200825_006473_00D0A5",
        "source_level": "L1",
        "radar_area_m2": 1100.0,
        "radar_equivalent_diameter_m": 37.42,
        "physical_floe_diameter_m": null,
        "longitude": 157.7140559,
        "latitude": 71.698461,
        "native_spacing_m": 10,
        "effective_resolution_m": "20 x 22",
        "co_contrast_max_db": 10.55,
        "cross_contrast_max_db": 7.52,
        "co_snr_median_db": 18.94,
        "cross_snr_median_db": 6.73,
        "review_status": "unreviewed",
        "possible_confusions": "ridge, ship, fast ice, unresolved land, speckle",
        "stream": "east_siberian:sentinel-1c:2:descending:vv,vh",
        "repeat_track_id": "1c9fc6231e5970a0",
        "repeat_observations": 1,
        "repeat_span_days": 0.0,
        "repeat_excursion_m": 0.0,
        "persistent_location_candidate": false
      }
    },
    {
      "type": "Feature",
      "geometry": {
        "type": "MultiPolygon",
        "coordinates": [
          [
            [
              [
                157.73567467113511,
                71.67999026829645
              ],
              [
                157.73556809296946,
                71.68007427758465
              ],
              [
                157.73530776765745,
                71.6800398835961
              ],
              [
                157.73509460645158,
                71.68020790164474
              ],
              [
                157.7345739547949,
                71.68013911190958
              ],
              [
                157.73478711993891,
                71.67997109446857
              ],
              [
                157.7345267975324,
                71.67993669932959
              ],
              [
                157.73463337963614,
                71.67985269064903
              ],
              [
                157.73567467113511,
                71.67999026829645
              ]
            ]
          ]
        ]
      },
      "properties": {
        "id": "1271c6857843067f",
        "region": "east_siberian",
        "class": "unclassified_radar_target",
        "ice_identity": "unverified",
        "grounding": "unverified",
        "confidence": "low",
        "observed_at": "2026-02-22T20:08:10.382859Z",
        "source_id": "S1C_IW_GRDH_1SDV_20260222T200755_20260222T200825_006473_00D0A5",
        "source_level": "L1",
        "radar_area_m2": 800.0,
        "radar_equivalent_diameter_m": 31.92,
        "physical_floe_diameter_m": null,
        "longitude": 157.7350208,
        "latitude": 71.6800265,
        "native_spacing_m": 10,
        "effective_resolution_m": "20 x 22",
        "co_contrast_max_db": 8.69,
        "cross_contrast_max_db": 11.04,
        "co_snr_median_db": 15.98,
        "cross_snr_median_db": 10.12,
        "review_status": "unreviewed",
        "possible_confusions": "ridge, ship, fast ice, unresolved land, speckle",
        "stream": "east_siberian:sentinel-1c:2:descending:vv,vh",
        "repeat_track_id": "1271c6857843067f",
        "repeat_observations": 1,
        "repeat_span_days": 0.0,
        "repeat_excursion_m": 0.0,
        "persistent_location_candidate": false
      }
    },
    {
      "type": "Feature",
      "geometry": {
        "type": "MultiPolygon",
        "coordinates": [
          [
            [
              [
                157.723129490361,
                71.68843637003035
              ],
              [
                157.7230228064651,
                71.68852037071349
              ],
              [
                157.7225019655759,
                71.6884515464442
              ],
              [
                157.72239527874015,
                71.68853554674855
              ],
              [
                157.72187443976017,
                71.6884667206408
              ],
              [
                157.7221945032679,
                71.68821472041581
              ],
              [
                157.72297575432765,
                71.68831795763364
              ],
              [
                157.72286907041652,
                71.68840195823952
              ],
              [
                157.723129490361,
                71.68843637003035
              ]
            ]
          ]
        ]
      },
      "properties": {
        "id": "2016f603d24820f4",
        "region": "east_siberian",
        "class": "unclassified_radar_target",
        "ice_identity": "unverified",
        "grounding": "unverified",
        "confidence": "low",
        "observed_at": "2026-02-22T20:08:10.382859Z",
        "source_id": "S1C_IW_GRDH_1SDV_20260222T200755_20260222T200825_006473_00D0A5",
        "source_level": "L1",
        "radar_area_m2": 900.0,
        "radar_equivalent_diameter_m": 33.85,
        "physical_floe_diameter_m": null,
        "longitude": 157.7224659,
        "latitude": 71.6883868,
        "native_spacing_m": 10,
        "effective_resolution_m": "20 x 22",
        "co_contrast_max_db": 9.86,
        "cross_contrast_max_db": 8.59,
        "co_snr_median_db": 17.15,
        "cross_snr_median_db": 8.37,
        "review_status": "unreviewed",
        "possible_confusions": "ridge, ship, fast ice, unresolved land, speckle",
        "stream": "east_siberian:sentinel-1c:2:descending:vv,vh",
        "repeat_track_id": "2016f603d24820f4",
        "repeat_observations": 1,
        "repeat_span_days": 0.0,
        "repeat_excursion_m": 0.0,
        "persistent_location_candidate": false
      }
    },
    {
      "type": "Feature",
      "geometry": {
        "type": "MultiPolygon",
        "coordinates": [
          [
            [
              [
                157.66620393768073,
                71.73242295298084
              ],
              [
                157.6660967399512,
                71.7325069138591
              ],
              [
                157.66583580407985,
                71.73247242076425
              ],
              [
                157.66572860438612,
                71.73255638141461
              ],
              [
                157.66494579966724,
                71.7324528993669
              ],
              [
                157.66505300232427,
                71.7323689391747
              ],
              [
                157.6655748691849,
                71.73243792728523
              ],
              [
                157.6657892676187,
                71.73227000606448
              ],
              [
                157.66552833567567,
                71.73223551250675
              ],
              [
                157.66574273217938,
                71.7320675912908
              ],
              [
                157.6662645930908,
                71.73213657741123
              ],
              [
                157.66594300279718,
                71.73238846003875
              ],
              [
                157.66620393768073,
                71.73242295298084
              ]
            ]
          ]
        ]
      },
      "properties": {
        "id": "8b62766a97e71283",
        "region": "east_siberian",
        "class": "unclassified_radar_target",
        "ice_identity": "unverified",
        "grounding": "unverified",
        "confidence": "low",
        "observed_at": "2026-02-22T20:08:10.382859Z",
        "source_id": "S1C_IW_GRDH_1SDV_20260222T200755_20260222T200825_006473_00D0A5",
        "source_level": "L1",
        "radar_area_m2": 1000.0,
        "radar_equivalent_diameter_m": 35.68,
        "physical_floe_diameter_m": null,
        "longitude": 157.6657403,
        "latitude": 71.7323322,
        "native_spacing_m": 10,
        "effective_resolution_m": "20 x 22",
        "co_contrast_max_db": 7.63,
        "cross_contrast_max_db": 6.49,
        "co_snr_median_db": 20.45,
        "cross_snr_median_db": 5.36,
        "review_status": "unreviewed",
        "possible_confusions": "ridge, ship, fast ice, unresolved land, speckle",
        "stream": "east_siberian:sentinel-1c:2:descending:vv,vh",
        "repeat_track_id": "8b62766a97e71283",
        "repeat_observations": 1,
        "repeat_span_days": 0.0,
        "repeat_excursion_m": 0.0,
        "persistent_location_candidate": false
      }
    },
    {
      "type": "Feature",
      "geometry": {
        "type": "MultiPolygon",
        "coordinates": [
          [
            [
              [
                157.71524060905688,
                71.69033680497267
              ],
              [
                157.71502714663305,
                71.69050479630414
              ],
              [
                157.71450627959678,
                71.69043594879726
              ],
              [
                157.7148264776868,
                71.69018396260049
              ],
              [
                157.71456604857892,
                71.690149538728
              ],
              [
                157.71467278031997,
                71.69006554333158
              ],
              [
                157.71493320844294,
                71.69009996705202
              ],
              [
                157.71503993822884,
                71.69001597142872
              ],
              [
                157.71530036633712,
                71.69005039461346
              ],
              [
                157.71498017702353,
                71.69030238171521
              ],
              [
                157.71524060905688,
                71.69033680497267
              ]
            ]
          ]
        ]
      },
      "properties": {
        "id": "699c64f3793e5388",
        "region": "east_siberian",
        "class": "unclassified_radar_target",
        "ice_identity": "unverified",
        "grounding": "unverified",
        "confidence": "low",
        "observed_at": "2026-02-22T20:08:10.382859Z",
        "source_id": "S1C_IW_GRDH_1SDV_20260222T200755_20260222T200825_006473_00D0A5",
        "source_level": "L1",
        "radar_area_m2": 800.0,
        "radar_equivalent_diameter_m": 31.92,
        "physical_floe_diameter_m": null,
        "longitude": 157.7149092,
        "latitude": 71.6902685,
        "native_spacing_m": 10,
        "effective_resolution_m": "20 x 22",
        "co_contrast_max_db": 8.37,
        "cross_contrast_max_db": 7.85,
        "co_snr_median_db": 15.19,
        "cross_snr_median_db": 6.52,
        "review_status": "unreviewed",
        "possible_confusions": "ridge, ship, fast ice, unresolved land, speckle",
        "stream": "east_siberian:sentinel-1c:2:descending:vv,vh",
        "repeat_track_id": "699c64f3793e5388",
        "repeat_observations": 1,
        "repeat_span_days": 0.0,
        "repeat_excursion_m": 0.0,
        "persistent_location_candidate": false
      }
    },
    {
      "type": "Feature",
      "geometry": {
        "type": "MultiPolygon",
        "coordinates": [
          [
            [
              [
                157.6683529672021,
                71.72691733912654
              ],
              [
                157.6681386543424,
                71.72708526478914
              ],
              [
                157.6676169293637,
                71.72701628363609
              ],
              [
                157.66772408825594,
                71.72693232114769
              ],
              [
                157.66720236915478,
                71.72686333876372
              ],
              [
                157.66730952904575,
                71.72677937650553
              ],
              [
                157.66704867194602,
                71.72674488489011
              ],
              [
                157.66715583184842,
                71.72666092270944
              ],
              [
                157.66767754504917,
                71.72672990525086
              ],
              [
                157.66778470200143,
                71.72664594268973
              ],
              [
                157.66804555907817,
                71.72668043323168
              ],
              [
                157.66793840311317,
                71.72676439594548
              ],
              [
                157.66819926215288,
                71.72679888625605
              ],
              [
                157.6680921061994,
                71.72688284904737
              ],
              [
                157.6683529672021,
                71.72691733912654
              ]
            ]
          ]
        ]
      },
      "properties": {
        "id": "6388981667d6c538",
        "region": "east_siberian",
        "class": "unclassified_radar_target",
        "ice_identity": "unverified",
        "grounding": "unverified",
        "confidence": "low",
        "observed_at": "2026-02-22T20:08:10.382859Z",
        "source_id": "S1C_IW_GRDH_1SDV_20260222T200755_20260222T200825_006473_00D0A5",
        "source_level": "L1",
        "radar_area_m2": 1100.0,
        "radar_equivalent_diameter_m": 37.42,
        "physical_floe_diameter_m": null,
        "longitude": 157.6677573,
        "latitude": 71.726852,
        "native_spacing_m": 10,
        "effective_resolution_m": "20 x 22",
        "co_contrast_max_db": 8.09,
        "cross_contrast_max_db": 9.34,
        "co_snr_median_db": 22.21,
        "cross_snr_median_db": 11.57,
        "review_status": "unreviewed",
        "possible_confusions": "ridge, ship, fast ice, unresolved land, speckle",
        "stream": "east_siberian:sentinel-1c:2:descending:vv,vh",
        "repeat_track_id": "6388981667d6c538",
        "repeat_observations": 1,
        "repeat_span_days": 0.0,
        "repeat_excursion_m": 0.0,
        "persistent_location_candidate": false
      }
    },
    {
      "type": "Feature",
      "geometry": {
        "type": "MultiPolygon",
        "coordinates": [
          [
            [
              [
                157.67626959534093,
                71.71736624189553
              ],
              [
                157.67616253089312,
                71.71745021073876
              ],
              [
                157.67590178913915,
                71.71741573161202
              ],
              [
                157.67579472273033,
                71.71749970022763
              ],
              [
                157.6755339809643,
                71.71746522056446
              ],
              [
                157.6756410483596,
                71.7173812521014
              ],
              [
                157.67511956972396,
                71.71731229192838
              ],
              [
                157.67533370553707,
                71.71714435538722
              ],
              [
                157.6761159190333,
                71.71724779415561
              ],
              [
                157.6760088545734,
                71.71733176292136
              ],
              [
                157.67626959534093,
                71.71736624189553
              ]
            ]
          ]
        ]
      },
      "properties": {
        "id": "10f66a783cf2d3f8",
        "region": "east_siberian",
        "class": "unclassified_radar_target",
        "ice_identity": "unverified",
        "grounding": "unverified",
        "confidence": "low",
        "observed_at": "2026-02-22T20:08:10.382859Z",
        "source_id": "S1C_IW_GRDH_1SDV_20260222T200755_20260222T200825_006473_00D0A5",
        "source_level": "L1",
        "radar_area_m2": 800.0,
        "radar_equivalent_diameter_m": 31.92,
        "physical_floe_diameter_m": null,
        "longitude": 157.6756888,
        "latitude": 71.717314,
        "native_spacing_m": 10,
        "effective_resolution_m": "20 x 22",
        "co_contrast_max_db": 9.97,
        "cross_contrast_max_db": 11.47,
        "co_snr_median_db": 21.13,
        "cross_snr_median_db": 11.7,
        "review_status": "unreviewed",
        "possible_confusions": "ridge, ship, fast ice, unresolved land, speckle",
        "stream": "east_siberian:sentinel-1c:2:descending:vv,vh",
        "repeat_track_id": "10f66a783cf2d3f8",
        "repeat_observations": 1,
        "repeat_span_days": 0.0,
        "repeat_excursion_m": 0.0,
        "persistent_location_candidate": false
      }
    },
    {
      "type": "Feature",
      "geometry": {
        "type": "MultiPolygon",
        "coordinates": [
          [
            [
              [
                157.6999333508654,
                71.6978296519311
              ],
              [
                157.69982650724182,
                71.69791363748404
              ],
              [
                157.69956599711716,
                71.69787919202493
              ],
              [
                157.6993523049847,
                71.69804716260165
              ],
              [
                157.69909179386121,
                71.69801271645441
              ],
              [
                157.69919864139845,
                71.69792873135573
              ],
              [
                157.6989381322318,
                71.69789428497708
              ],
              [
                157.69883128370935,
                71.69797826992348
              ],
              [
                157.6985707745291,
                71.69794382300893
              ],
              [
                157.69867762403675,
                71.6978598382148
              ],
              [
                157.69815661056157,
                71.69779094353925
              ],
              [
                157.69826346106797,
                71.6977069589747
              ],
              [
                157.6993054879641,
                71.69784474618218
              ],
              [
                157.69941233355814,
                71.69776076093376
              ],
              [
                157.6999333508654,
                71.6978296519311
              ]
            ]
          ]
        ]
      },
      "properties": {
        "id": "fa64109ebc7bfc23",
        "region": "east_siberian",
        "class": "unclassified_radar_target",
        "ice_identity": "unverified",
        "grounding": "unverified",
        "confidence": "low",
        "observed_at": "2026-02-22T20:08:10.382859Z",
        "source_id": "S1C_IW_GRDH_1SDV_20260222T200755_20260222T200825_006473_00D0A5",
        "source_level": "L1",
        "radar_area_m2": 900.0,
        "radar_equivalent_diameter_m": 33.85,
        "physical_floe_diameter_m": null,
        "longitude": 157.6990639,
        "latitude": 71.6978619,
        "native_spacing_m": 10,
        "effective_resolution_m": "20 x 22",
        "co_contrast_max_db": 8.56,
        "cross_contrast_max_db": 9.92,
        "co_snr_median_db": 15.93,
        "cross_snr_median_db": 7.74,
        "review_status": "unreviewed",
        "possible_confusions": "ridge, ship, fast ice, unresolved land, speckle",
        "stream": "east_siberian:sentinel-1c:2:descending:vv,vh",
        "repeat_track_id": "fa64109ebc7bfc23",
        "repeat_observations": 1,
        "repeat_span_days": 0.0,
        "repeat_excursion_m": 0.0,
        "persistent_location_candidate": false
      }
    },
    {
      "type": "Feature",
      "geometry": {
        "type": "MultiPolygon",
        "coordinates": [
          [
            [
              [
                157.71322578418733,
                71.68545955299528
              ],
              [
                157.71348614472052,
                71.68549397907663
              ],
              [
                157.7135928544867,
                71.68540998373815
              ],
              [
                157.71385321500532,
                71.68544440928396
              ],
              [
                157.71395992281734,
                71.68536041371866
              ],
              [
                157.71422028332137,
                71.68539483872893
              ],
              [
                157.71379345019207,
                71.68573082114976
              ],
              [
                157.71353308575047,
                71.68569639553122
              ],
              [
                157.71342637405917,
                71.68578039079742
              ],
              [
                157.713166009603,
                71.68574596464335
              ],
              [
                157.71327272227867,
                71.68566196952922
              ],
              [
                157.71275199824464,
                71.68559311637476
              ],
              [
                157.7128587119192,
                71.68550912148999
              ],
              [
                157.71259835234133,
                71.68547469448963
              ],
              [
                157.7127050660304,
                71.68539069968216
              ],
              [
                157.71296542462395,
                71.68542512653045
              ],
              [
                157.71307213635887,
                71.68534113149612
              ],
              [
                157.71333249493787,
                71.68537555780887
              ],
              [
                157.71322578418733,
                71.68545955299528
              ]
            ],
            [
              [
                157.71374650622352,
                71.6855284047745
              ],
              [
                157.71348614472052,
                71.68549397907663
              ],
              [
                157.7133794339845,
                71.68557797434032
              ],
              [
                157.7136397964719,
                71.68561240019025
              ],
              [
                157.71374650622352,
                71.6855284047745
              ]
            ]
          ]
        ]
      },
      "properties": {
        "id": "170f1b24d9afc0db",
        "region": "east_siberian",
        "class": "unclassified_radar_target",
        "ice_identity": "unverified",
        "grounding": "unverified",
        "confidence": "low",
        "observed_at": "2026-02-22T20:08:10.382859Z",
        "source_id": "S1C_IW_GRDH_1SDV_20260222T200755_20260222T200825_006473_00D0A5",
        "source_level": "L1",
        "radar_area_m2": 1300.0,
        "radar_equivalent_diameter_m": 40.68,
        "physical_floe_diameter_m": null,
        "longitude": 157.7134146,
        "latitude": 71.6855411,
        "native_spacing_m": 10,
        "effective_resolution_m": "20 x 22",
        "co_contrast_max_db": 8.39,
        "cross_contrast_max_db": 9.96,
        "co_snr_median_db": 17.4,
        "cross_snr_median_db": 7.38,
        "review_status": "unreviewed",
        "possible_confusions": "ridge, ship, fast ice, unresolved land, speckle",
        "stream": "east_siberian:sentinel-1c:2:descending:vv,vh",
        "repeat_track_id": "170f1b24d9afc0db",
        "repeat_observations": 1,
        "repeat_span_days": 0.0,
        "repeat_excursion_m": 0.0,
        "persistent_location_candidate": false
      }
    },
    {
      "type": "Feature",
      "geometry": {
        "type": "MultiPolygon",
        "coordinates": [
          [
            [
              [
                157.65948782580583,
                71.72741326065625
              ],
              [
                157.65938062662022,
                71.72749721812481
              ],
              [
                157.65911977419884,
                71.72746271492792
              ],
              [
                157.6590125730501,
                71.7275466721686
              ],
              [
                157.65849086916174,
                71.72747766431733
              ],
              [
                157.6587052744311,
                71.72730975037167
              ],
              [
                157.65844442592504,
                71.72727524617542
              ],
              [
                157.65855162808253,
                71.72719128924254
              ],
              [
                157.6588124756016,
                71.72722579328605
              ],
              [
                157.658919675796,
                71.72714183612526
              ],
              [
                157.6591805233042,
                71.72717633963204
              ],
              [
                157.65907332409677,
                71.72726029694556
              ],
              [
                157.659334173568,
                71.72729480022105
              ],
              [
                157.65922697437148,
                71.72737875761207
              ],
              [
                157.65948782580583,
                71.72741326065625
              ]
            ]
          ]
        ]
      },
      "properties": {
        "id": "726b41ce80d76a72",
        "region": "east_siberian",
        "class": "unclassified_radar_target",
        "ice_identity": "unverified",
        "grounding": "unverified",
        "confidence": "low",
        "observed_at": "2026-02-22T20:08:10.382859Z",
        "source_id": "S1C_IW_GRDH_1SDV_20260222T200755_20260222T200825_006473_00D0A5",
        "source_level": "L1",
        "radar_area_m2": 900.0,
        "radar_equivalent_diameter_m": 33.85,
        "physical_floe_diameter_m": null,
        "longitude": 157.6589338,
        "latitude": 71.7273563,
        "native_spacing_m": 10,
        "effective_resolution_m": "20 x 22",
        "co_contrast_max_db": 8.95,
        "cross_contrast_max_db": 5.59,
        "co_snr_median_db": 21.35,
        "cross_snr_median_db": 7.93,
        "review_status": "unreviewed",
        "possible_confusions": "ridge, ship, fast ice, unresolved land, speckle",
        "stream": "east_siberian:sentinel-1c:2:descending:vv,vh",
        "repeat_track_id": "c2453d2ce4fa1f0a",
        "repeat_observations": 2,
        "repeat_span_days": 24.0,
        "repeat_excursion_m": 67.2,
        "persistent_location_candidate": false
      }
    },
    {
      "type": "Feature",
      "geometry": {
        "type": "MultiPolygon",
        "coordinates": [
          [
            [
              [
                157.65853731341798,
                71.72768008238532
              ],
              [
                157.65832290231344,
                71.72784799603494
              ],
              [
                157.65806204690924,
                71.72781349130638
              ],
              [
                157.6579548389057,
                71.72789744786567
              ],
              [
                157.6576939834907,
                71.72786294260038
              ],
              [
                157.65780119248126,
                71.7277789861938
              ],
              [
                157.65754033902948,
                71.72774448069721
              ],
              [
                157.65743312905192,
                71.72782843695104
              ],
              [
                157.6571722755893,
                71.72779393091768
              ],
              [
                157.65727948655385,
                71.72770997481658
              ],
              [
                157.65701863505444,
                71.72767546855192
              ],
              [
                157.65712584602974,
                71.72759151252833
              ],
              [
                157.6573866965422,
                71.72762601864027
              ],
              [
                157.65749390555436,
                71.72754206238879
              ],
              [
                157.65853731341798,
                71.72768008238532
              ]
            ]
          ]
        ]
      },
      "properties": {
        "id": "c1bad33fafb98f93",
        "region": "east_siberian",
        "class": "unclassified_radar_target",
        "ice_identity": "unverified",
        "grounding": "unverified",
        "confidence": "low",
        "observed_at": "2026-02-22T20:08:10.382859Z",
        "source_id": "S1C_IW_GRDH_1SDV_20260222T200755_20260222T200825_006473_00D0A5",
        "source_level": "L1",
        "radar_area_m2": 1100.0,
        "radar_equivalent_diameter_m": 37.42,
        "physical_floe_diameter_m": null,
        "longitude": 157.6577913,
        "latitude": 71.7277108,
        "native_spacing_m": 10,
        "effective_resolution_m": "20 x 22",
        "co_contrast_max_db": 9.99,
        "cross_contrast_max_db": 10.07,
        "co_snr_median_db": 21.77,
        "cross_snr_median_db": 9.05,
        "review_status": "unreviewed",
        "possible_confusions": "ridge, ship, fast ice, unresolved land, speckle",
        "stream": "east_siberian:sentinel-1c:2:descending:vv,vh",
        "repeat_track_id": "c1bad33fafb98f93",
        "repeat_observations": 1,
        "repeat_span_days": 0.0,
        "repeat_excursion_m": 0.0,
        "persistent_location_candidate": false
      }
    },
    {
      "type": "Feature",
      "geometry": {
        "type": "MultiPolygon",
        "coordinates": [
          [
            [
              [
                157.65560717531434,
                71.72758688665306
              ],
              [
                157.6554999574519,
                71.72767084176257
              ],
              [
                157.654717417533,
                71.72756731398783
              ],
              [
                157.65450297295794,
                71.7277352230648
              ],
              [
                157.65424212629708,
                71.72770071273305
              ],
              [
                157.65456379465584,
                71.72744884946303
              ],
              [
                157.6548246383561,
                71.72748335933653
              ],
              [
                157.65493185820296,
                71.72739940461004
              ],
              [
                157.65545354655845,
                71.72746842289958
              ],
              [
                157.65534632868534,
                71.72755237793156
              ],
              [
                157.65560717531434,
                71.72758688665306
              ]
            ]
          ]
        ]
      },
      "properties": {
        "id": "3cfc20ae4ca5b39d",
        "region": "east_siberian",
        "class": "unclassified_radar_target",
        "ice_identity": "unverified",
        "grounding": "unverified",
        "confidence": "low",
        "observed_at": "2026-02-22T20:08:10.382859Z",
        "source_id": "S1C_IW_GRDH_1SDV_20260222T200755_20260222T200825_006473_00D0A5",
        "source_level": "L1",
        "radar_area_m2": 800.0,
        "radar_equivalent_diameter_m": 31.92,
        "physical_floe_diameter_m": null,
        "longitude": 157.6549207,
        "latitude": 71.7275574,
        "native_spacing_m": 10,
        "effective_resolution_m": "20 x 22",
        "co_contrast_max_db": 7.22,
        "cross_contrast_max_db": 7.0,
        "co_snr_median_db": 20.54,
        "cross_snr_median_db": 8.28,
        "review_status": "unreviewed",
        "possible_confusions": "ridge, ship, fast ice, unresolved land, speckle",
        "stream": "east_siberian:sentinel-1c:2:descending:vv,vh",
        "repeat_track_id": "3cfc20ae4ca5b39d",
        "repeat_observations": 1,
        "repeat_span_days": 0.0,
        "repeat_excursion_m": 0.0,
        "persistent_location_candidate": false
      }
    },
    {
      "type": "Feature",
      "geometry": {
        "type": "MultiPolygon",
        "coordinates": [
          [
            [
              [
                157.7094870477315,
                71.68457271208065
              ],
              [
                157.70938032414233,
                71.68465670505826
              ],
              [
                157.7091199830493,
                71.68462227291432
              ],
              [
                157.70901325750614,
                71.68470626566501
              ],
              [
                157.70875291639885,
                71.68467183298559
              ],
              [
                157.70885964292614,
                71.68458784038697
              ],
              [
                157.70807862837597,
                71.68448454050426
              ],
              [
                157.70829208442552,
                71.68431655599512
              ],
              [
                157.70881275588604,
                71.6843854223587
              ],
              [
                157.70870603031437,
                71.68446941495482
              ],
              [
                157.7094870477315,
                71.68457271208065
              ]
            ]
          ]
        ]
      },
      "properties": {
        "id": "fa53a277830665fb",
        "region": "east_siberian",
        "class": "unclassified_radar_target",
        "ice_identity": "unverified",
        "grounding": "unverified",
        "confidence": "low",
        "observed_at": "2026-02-22T20:08:10.382859Z",
        "source_id": "S1C_IW_GRDH_1SDV_20260222T200755_20260222T200825_006473_00D0A5",
        "source_level": "L1",
        "radar_area_m2": 800.0,
        "radar_equivalent_diameter_m": 31.92,
        "physical_floe_diameter_m": null,
        "longitude": 157.7087311,
        "latitude": 71.6845095,
        "native_spacing_m": 10,
        "effective_resolution_m": "20 x 22",
        "co_contrast_max_db": 8.18,
        "cross_contrast_max_db": 10.34,
        "co_snr_median_db": 16.51,
        "cross_snr_median_db": 7.86,
        "review_status": "unreviewed",
        "possible_confusions": "ridge, ship, fast ice, unresolved land, speckle",
        "stream": "east_siberian:sentinel-1c:2:descending:vv,vh",
        "repeat_track_id": "fa53a277830665fb",
        "repeat_observations": 1,
        "repeat_span_days": 0.0,
        "repeat_excursion_m": 0.0,
        "persistent_location_candidate": false
      }
    },
    {
      "type": "Feature",
      "geometry": {
        "type": "MultiPolygon",
        "coordinates": [
          [
            [
              [
                157.64649516711918,
                71.72755885932828
              ],
              [
                157.64628064777878,
                71.72772675850089
              ],
              [
                157.64523732903413,
                71.72758866667776
              ],
              [
                157.6451300639527,
                71.72767261554002
              ],
              [
                157.6443475821889,
                71.72756904218271
              ],
              [
                157.64445485022992,
                71.72748509377885
              ],
              [
                157.64419402591508,
                71.7274505687113
              ],
              [
                157.6444085610403,
                71.72728267198337
              ],
              [
                157.64519103099556,
                71.72738624511737
              ],
              [
                157.64529829413374,
                71.72730229618216
              ],
              [
                157.6455591184188,
                71.72733681963946
              ],
              [
                157.64545185626713,
                71.72742076872748
              ],
              [
                157.64649516711918,
                71.72755885932828
              ]
            ]
          ]
        ]
      },
      "properties": {
        "id": "f4d3953adc7fa381",
        "region": "east_siberian",
        "class": "unclassified_radar_target",
        "ice_identity": "unverified",
        "grounding": "unverified",
        "confidence": "low",
        "observed_at": "2026-02-22T20:08:10.382859Z",
        "source_id": "S1C_IW_GRDH_1SDV_20260222T200755_20260222T200825_006473_00D0A5",
        "source_level": "L1",
        "radar_area_m2": 2000.0,
        "radar_equivalent_diameter_m": 50.46,
        "physical_floe_diameter_m": null,
        "longitude": 157.6452633,
        "latitude": 71.7275087,
        "native_spacing_m": 10,
        "effective_resolution_m": "20 x 22",
        "co_contrast_max_db": 9.4,
        "cross_contrast_max_db": 9.63,
        "co_snr_median_db": 19.81,
        "cross_snr_median_db": 8.39,
        "review_status": "unreviewed",
        "possible_confusions": "ridge, ship, fast ice, unresolved land, speckle",
        "stream": "east_siberian:sentinel-1c:2:descending:vv,vh",
        "repeat_track_id": "f4d3953adc7fa381",
        "repeat_observations": 1,
        "repeat_span_days": 0.0,
        "repeat_excursion_m": 0.0,
        "persistent_location_candidate": false
      }
    },
    {
      "type": "Feature",
      "geometry": {
        "type": "MultiPolygon",
        "coordinates": [
          [
            [
              [
                157.64262910053534,
                71.72724341024319
              ],
              [
                157.64288991899036,
                71.7272779376144
              ],
              [
                157.64299719197362,
                71.72719399005209
              ],
              [
                157.6435188298407,
                71.72726304333706
              ],
              [
                157.64362609987444,
                71.72717909539385
              ],
              [
                157.64388691928647,
                71.72721362130764
              ],
              [
                157.6439941873571,
                71.72712967313637
              ],
              [
                157.64425500675927,
                71.7271641985134
              ],
              [
                157.64371866157217,
                71.7275839393811
              ],
              [
                157.64397948688338,
                71.72761846513818
              ],
              [
                157.64387221590258,
                71.72770241323873
              ],
              [
                157.6430897399394,
                71.72759883435722
              ],
              [
                157.6431970138797,
                71.72751488671508
              ],
              [
                157.64293619149848,
                71.72748035980614
              ],
              [
                157.6428289165717,
                71.72756430729548
              ],
              [
                157.64256809418063,
                71.7275297798498
              ],
              [
                157.64267537009388,
                71.72744583251327
              ],
              [
                157.642414549666,
                71.72741130483645
              ],
              [
                157.64262910053534,
                71.72724341024319
              ]
            ],
            [
              [
                157.64315073842204,
                71.72731246460167
              ],
              [
                157.64288991899036,
                71.7272779376144
              ],
              [
                157.64278264503045,
                71.72736188510146
              ],
              [
                157.64304346544859,
                71.72739641224153
              ],
              [
                157.64315073842204,
                71.72731246460167
              ]
            ]
          ]
        ]
      },
      "properties": {
        "id": "b496a54346c95c2e",
        "region": "east_siberian",
        "class": "unclassified_radar_target",
        "ice_identity": "unverified",
        "grounding": "unverified",
        "confidence": "low",
        "observed_at": "2026-02-22T20:08:10.382859Z",
        "source_id": "S1C_IW_GRDH_1SDV_20260222T200755_20260222T200825_006473_00D0A5",
        "source_level": "L1",
        "radar_area_m2": 2000.0,
        "radar_equivalent_diameter_m": 50.46,
        "physical_floe_diameter_m": null,
        "longitude": 157.6433863,
        "latitude": 71.7274025,
        "native_spacing_m": 10,
        "effective_resolution_m": "20 x 22",
        "co_contrast_max_db": 9.38,
        "cross_contrast_max_db": 10.42,
        "co_snr_median_db": 19.68,
        "cross_snr_median_db": 7.3,
        "review_status": "unreviewed",
        "possible_confusions": "ridge, ship, fast ice, unresolved land, speckle",
        "stream": "east_siberian:sentinel-1c:2:descending:vv,vh",
        "repeat_track_id": "b496a54346c95c2e",
        "repeat_observations": 1,
        "repeat_span_days": 0.0,
        "repeat_excursion_m": 0.0,
        "persistent_location_candidate": false
      }
    },
    {
      "type": "Feature",
      "geometry": {
        "type": "MultiPolygon",
        "coordinates": [
          [
            [
              [
                157.66141564105126,
                71.71157385886868
              ],
              [
                157.6612014432352,
                71.71174178006464
              ],
              [
                157.66068017790013,
                71.71167277698378
              ],
              [
                157.66089437965775,
                71.71150485639808
              ],
              [
                157.6606337504225,
                71.71147035458722
              ],
              [
                157.6609550487073,
                71.71121847360291
              ],
              [
                157.66121567498647,
                71.71125297495608
              ],
              [
                157.66110857751792,
                71.71133693551188
              ],
              [
                157.66136920575673,
                71.7113714366339
              ],
              [
                157.66115500986731,
                71.71153935782525
              ],
              [
                157.66141564105126,
                71.71157385886868
              ]
            ]
          ]
        ]
      },
      "properties": {
        "id": "5e642faee17be342",
        "region": "east_siberian",
        "class": "unclassified_radar_target",
        "ice_identity": "unverified",
        "grounding": "unverified",
        "confidence": "low",
        "observed_at": "2026-02-22T20:08:10.382859Z",
        "source_id": "S1C_IW_GRDH_1SDV_20260222T200755_20260222T200825_006473_00D0A5",
        "source_level": "L1",
        "radar_area_m2": 900.0,
        "radar_equivalent_diameter_m": 33.85,
        "physical_floe_diameter_m": null,
        "longitude": 157.6610255,
        "latitude": 71.711495,
        "native_spacing_m": 10,
        "effective_resolution_m": "20 x 22",
        "co_contrast_max_db": 7.6,
        "cross_contrast_max_db": 9.62,
        "co_snr_median_db": 17.02,
        "cross_snr_median_db": 8.54,
        "review_status": "unreviewed",
        "possible_confusions": "ridge, ship, fast ice, unresolved land, speckle",
        "stream": "east_siberian:sentinel-1c:2:descending:vv,vh",
        "repeat_track_id": "5e642faee17be342",
        "repeat_observations": 1,
        "repeat_span_days": 0.0,
        "repeat_excursion_m": 0.0,
        "persistent_location_candidate": false
      }
    },
    {
      "type": "Feature",
      "geometry": {
        "type": "MultiPolygon",
        "coordinates": [
          [
            [
              [
                157.64204645232863,
                71.72746072380662
              ],
              [
                157.6419391734658,
                71.72754467076224
              ],
              [
                157.64167835301842,
                71.72751014201192
              ],
              [
                157.64157107219245,
                71.72759408873947
              ],
              [
                157.64104943225502,
                71.72752502978142
              ],
              [
                157.64094214847947,
                71.72760897612805
              ],
              [
                157.64068132898944,
                71.72757444592031
              ],
              [
                157.6407886137514,
                71.72749049972649
              ],
              [
                157.6402669796744,
                71.72742143846483
              ],
              [
                157.6401596929397,
                71.72750538435302
              ],
              [
                157.63989887638,
                71.72747085299348
              ],
              [
                157.64000616410104,
                71.72738690725811
              ],
              [
                157.63974534950444,
                71.72735237566746
              ],
              [
                157.6398526372351,
                71.72726843000962
              ],
              [
                157.64011345084535,
                71.72730296144744
              ],
              [
                157.64022073661292,
                71.7272190155615
              ],
              [
                157.64048155021356,
                71.72725354646259
              ],
              [
                157.64058883401805,
                71.72716960034856
              ],
              [
                157.6416320942424,
                71.72730771950238
              ],
              [
                157.64173937312466,
                71.72722377270179
              ],
              [
                157.6420001896361,
                71.72725830137763
              ],
              [
                157.64178563286768,
                71.7274261952091
              ],
              [
                157.64204645232863,
                71.72746072380662
              ]
            ]
          ]
        ]
      },
      "properties": {
        "id": "1c2eb8f2c4c8dc41",
        "region": "east_siberian",
        "class": "unclassified_radar_target",
        "ice_identity": "unverified",
        "grounding": "unverified",
        "confidence": "low",
        "observed_at": "2026-02-22T20:08:10.382859Z",
        "source_id": "S1C_IW_GRDH_1SDV_20260222T200755_20260222T200825_006473_00D0A5",
        "source_level": "L1",
        "radar_area_m2": 2200.0,
        "radar_equivalent_diameter_m": 52.93,
        "physical_floe_diameter_m": null,
        "longitude": 157.6409656,
        "latitude": 71.7273846,
        "native_spacing_m": 10,
        "effective_resolution_m": "20 x 22",
        "co_contrast_max_db": 12.87,
        "cross_contrast_max_db": 9.76,
        "co_snr_median_db": 20.47,
        "cross_snr_median_db": 6.87,
        "review_status": "unreviewed",
        "possible_confusions": "ridge, ship, fast ice, unresolved land, speckle",
        "stream": "east_siberian:sentinel-1c:2:descending:vv,vh",
        "repeat_track_id": "1c2eb8f2c4c8dc41",
        "repeat_observations": 1,
        "repeat_span_days": 0.0,
        "repeat_excursion_m": 0.0,
        "persistent_location_candidate": false
      }
    },
    {
      "type": "Feature",
      "geometry": {
        "type": "MultiPolygon",
        "coordinates": [
          [
            [
              [
                157.66153696154623,
                71.71100109283795
              ],
              [
                157.66142986700063,
                71.71108505361912
              ],
              [
                157.66116924269215,
                71.71105055257107
              ],
              [
                157.66106214618688,
                71.71113451312458
              ],
              [
                157.6608015218674,
                71.71110001154025
              ],
              [
                157.66069442340248,
                71.71118397186603
              ],
              [
                157.660433799072,
                71.71114946974546
              ],
              [
                157.66032669864745,
                71.71123342984355
              ],
              [
                157.66058732396323,
                71.7112679321167
              ],
              [
                157.66048022354965,
                71.71135189229223
              ],
              [
                157.65995897192172,
                71.71128288705705
              ],
              [
                157.66006607430597,
                71.71119892718666
              ],
              [
                157.65954482854613,
                71.7111299207218
              ],
              [
                157.6594377241913,
                71.71121388028705
              ],
              [
                157.65969834756933,
                71.7112483838639
              ],
              [
                157.65959124322538,
                71.71133234350658
              ],
              [
                157.65906999547312,
                71.711263335664
              ],
              [
                157.65928420712774,
                71.7110954169138
              ],
              [
                157.65902358668376,
                71.71106091272212
              ],
              [
                157.65913069203478,
                71.7109769533869
              ],
              [
                157.6596519319266,
                71.71104596108142
              ],
              [
                157.6597590343327,
                71.71096200136593
              ],
              [
                157.6594984148849,
                71.7109274978631
              ],
              [
                157.6596055173019,
                71.71084353822502
              ],
              [
                157.66038737561257,
                71.7109470471247
              ],
              [
                157.66028027615138,
                71.71103100722051
              ],
              [
                157.66054089852224,
                71.71106550957224
              ],
              [
                157.660862191027,
                71.71081362860178
              ],
              [
                157.66112281141628,
                71.7108481301121
              ],
              [
                157.66122990598396,
                71.7107641694858
              ],
              [
                157.66149052636217,
                71.71079867045988
              ],
              [
                157.6612763382231,
                71.71096659194247
              ],
              [
                157.66153696154623,
                71.71100109283795
              ]
            ]
          ]
        ]
      },
      "properties": {
        "id": "e9b0cc39b9bf5093",
        "region": "east_siberian",
        "class": "unclassified_radar_target",
        "ice_identity": "unverified",
        "grounding": "unverified",
        "confidence": "low",
        "observed_at": "2026-02-22T20:08:10.382859Z",
        "source_id": "S1C_IW_GRDH_1SDV_20260222T200755_20260222T200825_006473_00D0A5",
        "source_level": "L1",
        "radar_area_m2": 2500.0,
        "radar_equivalent_diameter_m": 56.42,
        "physical_floe_diameter_m": null,
        "longitude": 157.6602595,
        "latitude": 71.7110616,
        "native_spacing_m": 10,
        "effective_resolution_m": "20 x 22",
        "co_contrast_max_db": 10.08,
        "cross_contrast_max_db": 12.63,
        "co_snr_median_db": 18.14,
        "cross_snr_median_db": 7.94,
        "review_status": "unreviewed",
        "possible_confusions": "ridge, ship, fast ice, unresolved land, speckle",
        "stream": "east_siberian:sentinel-1c:2:descending:vv,vh",
        "repeat_track_id": "e9b0cc39b9bf5093",
        "repeat_observations": 1,
        "repeat_span_days": 0.0,
        "repeat_excursion_m": 0.0,
        "persistent_location_candidate": false
      }
    },
    {
      "type": "Feature",
      "geometry": {
        "type": "MultiPolygon",
        "coordinates": [
          [
            [
              [
                157.7011915108462,
                71.6705241562155
              ],
              [
                157.70097814946539,
                71.67069213569172
              ],
              [
                157.700457892579,
                71.67062324493291
              ],
              [
                157.7003512084708,
                71.67070723425479
              ],
              [
                157.70009108049834,
                71.67067278814869
              ],
              [
                157.70019776558885,
                71.67058879897884
              ],
              [
                157.6996775145147,
                71.67051990592135
              ],
              [
                157.69989088571896,
                71.67035192796524
              ],
              [
                157.7004111328638,
                71.67042082041468
              ],
              [
                157.70030444971067,
                71.67050480973417
              ],
              [
                157.70082470269497,
                71.67057370095516
              ],
              [
                157.7009313838834,
                71.67048971133167
              ],
              [
                157.7011915108462,
                71.6705241562155
              ]
            ]
          ]
        ]
      },
      "properties": {
        "id": "8f5090c8b0e2393f",
        "region": "east_siberian",
        "class": "unclassified_radar_target",
        "ice_identity": "unverified",
        "grounding": "unverified",
        "confidence": "low",
        "observed_at": "2026-02-22T20:08:10.382859Z",
        "source_id": "S1C_IW_GRDH_1SDV_20260222T200755_20260222T200825_006473_00D0A5",
        "source_level": "L1",
        "radar_area_m2": 900.0,
        "radar_equivalent_diameter_m": 33.85,
        "physical_floe_diameter_m": null,
        "longitude": 157.700376,
        "latitude": 71.6705415,
        "native_spacing_m": 10,
        "effective_resolution_m": "20 x 22",
        "co_contrast_max_db": 8.57,
        "cross_contrast_max_db": 7.61,
        "co_snr_median_db": 17.87,
        "cross_snr_median_db": 9.12,
        "review_status": "unreviewed",
        "possible_confusions": "ridge, ship, fast ice, unresolved land, speckle",
        "stream": "east_siberian:sentinel-1c:2:descending:vv,vh",
        "repeat_track_id": "8f5090c8b0e2393f",
        "repeat_observations": 1,
        "repeat_span_days": 0.0,
        "repeat_excursion_m": 0.0,
        "persistent_location_candidate": false
      }
    },
    {
      "type": "Feature",
      "geometry": {
        "type": "MultiPolygon",
        "coordinates": [
          [
            [
              [
                157.62346972868366,
                71.72696340462934
              ],
              [
                157.62314764417212,
                71.72721521186067
              ],
              [
                157.62288686358292,
                71.72718065556269
              ],
              [
                157.6227794991387,
                71.7272645910028
              ],
              [
                157.62199716027783,
                71.72716091934714
              ],
              [
                157.62210452767926,
                71.72707698436575
              ],
              [
                157.6218437509994,
                71.72704242653248
              ],
              [
                157.62195111840919,
                71.72695849162864
              ],
              [
                157.62273344842367,
                71.72706216351828
              ],
              [
                157.622948174397,
                71.726894292567
              ],
              [
                157.62346972868366,
                71.72696340462934
              ]
            ]
          ]
        ]
      },
      "properties": {
        "id": "36afab701873814f",
        "region": "east_siberian",
        "class": "unclassified_radar_target",
        "ice_identity": "unverified",
        "grounding": "unverified",
        "confidence": "low",
        "observed_at": "2026-02-22T20:08:10.382859Z",
        "source_id": "S1C_IW_GRDH_1SDV_20260222T200755_20260222T200825_006473_00D0A5",
        "source_level": "L1",
        "radar_area_m2": 1200.0,
        "radar_equivalent_diameter_m": 39.09,
        "physical_floe_diameter_m": null,
        "longitude": 157.6227066,
        "latitude": 71.7270831,
        "native_spacing_m": 10,
        "effective_resolution_m": "20 x 22",
        "co_contrast_max_db": 9.4,
        "cross_contrast_max_db": 9.69,
        "co_snr_median_db": 19.8,
        "cross_snr_median_db": 6.8,
        "review_status": "unreviewed",
        "possible_confusions": "ridge, ship, fast ice, unresolved land, speckle",
        "stream": "east_siberian:sentinel-1c:2:descending:vv,vh",
        "repeat_track_id": "36afab701873814f",
        "repeat_observations": 1,
        "repeat_span_days": 0.0,
        "repeat_excursion_m": 0.0,
        "persistent_location_candidate": false
      }
    },
    {
      "type": "Feature",
      "geometry": {
        "type": "MultiPolygon",
        "coordinates": [
          [
            [
              [
                157.63944313978175,
                71.70277420934029
              ],
              [
                157.63965743142097,
                71.70260631208741
              ],
              [
                157.63939696747224,
                71.70257177869487
              ],
              [
                157.6395041128143,
                71.70248783010824
              ],
              [
                157.63924365082343,
                71.7024532964849
              ],
              [
                157.63935079617502,
                71.70236934797563
              ],
              [
                157.63961125718225,
                71.70240388144639
              ],
              [
                157.63971840057604,
                71.70231993270927
              ],
              [
                157.63997886157372,
                71.70235446564396
              ],
              [
                157.6398717191636,
                71.70243841453366
              ],
              [
                157.6401321821191,
                71.70247294723755
              ],
              [
                157.64045360347606,
                71.702221099885
              ],
              [
                157.64071406445456,
                71.70225563174763
              ],
              [
                157.64082120197503,
                71.70217168232709
              ],
              [
                157.64108166294392,
                71.7022062136537
              ],
              [
                157.64118879850662,
                71.70212226400538
              ],
              [
                157.64144925946584,
                71.70215679479595
              ],
              [
                157.64155639307083,
                71.70207284491978
              ],
              [
                157.6418168540204,
                71.70210737517436
              ],
              [
                157.64170972139914,
                71.7021913252031
              ],
              [
                157.6419701843065,
                71.70222585522684
              ],
              [
                157.641863051695,
                71.70230980533299
              ],
              [
                157.6416025878039,
                71.70227527515667
              ],
              [
                157.6414954532346,
                71.702359225035
              ],
              [
                157.64175591810937,
                71.70239375536393
              ],
              [
                157.64154164801607,
                71.70256165520017
              ],
              [
                157.64102071530556,
                71.7024925935485
              ],
              [
                157.64091357683026,
                71.70257654304861
              ],
              [
                157.6411740436822,
                71.70261107421877
              ],
              [
                157.64106690521655,
                71.70269502379625
              ],
              [
                157.64158784381027,
                71.70276408529146
              ],
              [
                157.64148070633806,
                71.70284803509897
              ],
              [
                157.6409597657768,
                71.70277897329856
              ],
              [
                157.64085262536292,
                71.70286292272563
              ],
              [
                157.64059215555972,
                71.70282839109767
              ],
              [
                157.64048501318794,
                71.70291234029693
              ],
              [
                157.64022454337513,
                71.70287780813292
              ],
              [
                157.6403316867307,
                71.70279385908626
              ],
              [
                157.64007121887576,
                71.7027593266914
              ],
              [
                157.6399640745365,
                71.70284327558547
              ],
              [
                157.63944313978175,
                71.70277420934029
              ]
            ],
            [
              [
                157.64134212488688,
                71.7022407445969
              ],
              [
                157.64108166294392,
                71.7022062136537
              ],
              [
                157.6409745264072,
                71.70229016322685
              ],
              [
                157.64123498933384,
                71.70232469432266
              ],
              [
                157.64134212488688,
                71.7022407445969
              ]
            ],
            [
              [
                157.63976457577937,
                71.70252236334817
              ],
              [
                157.63965743142097,
                71.70260631208741
              ],
              [
                157.64017836224087,
                71.70267537772216
              ],
              [
                157.64028550463183,
                71.7025914286777
              ],
              [
                157.63976457577937,
                71.70252236334817
              ]
            ]
          ]
        ]
      },
      "properties": {
        "id": "8a91b04c98e854f6",
        "region": "east_siberian",
        "class": "unclassified_radar_target",
        "ice_identity": "unverified",
        "grounding": "unverified",
        "confidence": "low",
        "observed_at": "2026-02-22T20:08:10.382859Z",
        "source_id": "S1C_IW_GRDH_1SDV_20260222T200755_20260222T200825_006473_00D0A5",
        "source_level": "L1",
        "radar_area_m2": 4100.0,
        "radar_equivalent_diameter_m": 72.25,
        "physical_floe_diameter_m": null,
        "longitude": 157.6406508,
        "latitude": 71.7025118,
        "native_spacing_m": 10,
        "effective_resolution_m": "20 x 22",
        "co_contrast_max_db": 11.07,
        "cross_contrast_max_db": 11.8,
        "co_snr_median_db": 16.66,
        "cross_snr_median_db": 8.96,
        "review_status": "unreviewed",
        "possible_confusions": "ridge, ship, fast ice, unresolved land, speckle",
        "stream": "east_siberian:sentinel-1c:2:descending:vv,vh",
        "repeat_track_id": "8a91b04c98e854f6",
        "repeat_observations": 1,
        "repeat_span_days": 0.0,
        "repeat_excursion_m": 0.0,
        "persistent_location_candidate": false
      }
    },
    {
      "type": "Feature",
      "geometry": {
        "type": "MultiPolygon",
        "coordinates": [
          [
            [
              [
                157.6045258299938,
                71.72651348801112
              ],
              [
                157.60441838587215,
                71.7265974124573
              ],
              [
                157.60415764912764,
                71.72656282869153
              ],
              [
                157.60405020304302,
                71.72664675290923
              ],
              [
                157.60326799572184,
                71.72654299885059
              ],
              [
                157.6031605457042,
                71.72662692253378
              ],
              [
                157.60263907707645,
                71.72655775093678
              ],
              [
                157.60285398007375,
                71.72638990410691
              ],
              [
                157.60259324919676,
                71.72635531803886
              ],
              [
                157.60270070021346,
                71.72627139466371
              ],
              [
                157.6034828928233,
                71.72637515125771
              ],
              [
                157.60337544476155,
                71.72645907509188
              ],
              [
                157.60363617857232,
                71.72649366000883
              ],
              [
                157.6037436256491,
                71.72640973602165
              ],
              [
                157.60400435945277,
                71.72644432040185
              ],
              [
                157.6041118045666,
                71.7263603961862
              ],
              [
                157.60437253836312,
                71.72639498002968
              ],
              [
                157.60426509423436,
                71.72647890439833
              ],
              [
                157.6045258299938,
                71.72651348801112
              ]
            ]
          ]
        ]
      },
      "properties": {
        "id": "3e2ab5a6ccff715a",
        "region": "east_siberian",
        "class": "unclassified_radar_target",
        "ice_identity": "unverified",
        "grounding": "unverified",
        "confidence": "low",
        "observed_at": "2026-02-22T20:08:10.382859Z",
        "source_id": "S1C_IW_GRDH_1SDV_20260222T200755_20260222T200825_006473_00D0A5",
        "source_level": "L1",
        "radar_area_m2": 1400.0,
        "radar_equivalent_diameter_m": 42.22,
        "physical_floe_diameter_m": null,
        "longitude": 157.6034795,
        "latitude": 71.7264799,
        "native_spacing_m": 10,
        "effective_resolution_m": "20 x 22",
        "co_contrast_max_db": 8.48,
        "cross_contrast_max_db": 8.57,
        "co_snr_median_db": 20.57,
        "cross_snr_median_db": 9.35,
        "review_status": "unreviewed",
        "possible_confusions": "ridge, ship, fast ice, unresolved land, speckle",
        "stream": "east_siberian:sentinel-1c:2:descending:vv,vh",
        "repeat_track_id": "3e2ab5a6ccff715a",
        "repeat_observations": 1,
        "repeat_span_days": 0.0,
        "repeat_excursion_m": 0.0,
        "persistent_location_candidate": false
      }
    },
    {
      "type": "Feature",
      "geometry": {
        "type": "MultiPolygon",
        "coordinates": [
          [
            [
              [
                157.59497074006217,
                71.72563850917453
              ],
              [
                157.59475577407756,
                71.72580634667567
              ],
              [
                157.59345224667044,
                71.72563335303967
              ],
              [
                157.59366722250113,
                71.72546551706904
              ],
              [
                157.59314582232366,
                71.72539631754135
              ],
              [
                157.5932533107409,
                71.72531239974884
              ],
              [
                157.5924712207646,
                71.72520859803922
              ],
              [
                157.5925787111572,
                71.72512468063036
              ],
              [
                157.59310010152754,
                71.72519388184763
              ],
              [
                157.59320758897297,
                71.72510996405711
              ],
              [
                157.59346828464086,
                71.72514456393726
              ],
              [
                157.59336079817996,
                71.72522848188083
              ],
              [
                157.59362149581048,
                71.72526308153039
              ],
              [
                157.593514009356,
                71.72534699955145
              ],
              [
                157.59403540952056,
                71.72541619800579
              ],
              [
                157.59392792405703,
                71.72550011625744
              ],
              [
                157.59418862659112,
                71.72553471506217
              ],
              [
                157.59451107709356,
                71.7252829596215
              ],
              [
                157.594771777652,
                71.72531755758345
              ],
              [
                157.5946642961139,
                71.72540147629228
              ],
              [
                157.59518570213427,
                71.72547067137134
              ],
              [
                157.59507822158727,
                71.72555459031071
              ],
              [
                157.59481751710342,
                71.72551999280994
              ],
              [
                157.5947100345937,
                71.72560391152072
              ],
              [
                157.59497074006217,
                71.72563850917453
              ]
            ]
          ]
        ]
      },
      "properties": {
        "id": "75aa950539a504ad",
        "region": "east_siberian",
        "class": "unclassified_radar_target",
        "ice_identity": "unverified",
        "grounding": "unverified",
        "confidence": "low",
        "observed_at": "2026-02-22T20:08:10.382859Z",
        "source_id": "S1C_IW_GRDH_1SDV_20260222T200755_20260222T200825_006473_00D0A5",
        "source_level": "L1",
        "radar_area_m2": 2400.0,
        "radar_equivalent_diameter_m": 55.28,
        "physical_floe_diameter_m": null,
        "longitude": 157.5940072,
        "latitude": 71.7254779,
        "native_spacing_m": 10,
        "effective_resolution_m": "20 x 22",
        "co_contrast_max_db": 9.08,
        "cross_contrast_max_db": 9.54,
        "co_snr_median_db": 21.25,
        "cross_snr_median_db": 10.04,
        "review_status": "unreviewed",
        "possible_confusions": "ridge, ship, fast ice, unresolved land, speckle",
        "stream": "east_siberian:sentinel-1c:2:descending:vv,vh",
        "repeat_track_id": "75aa950539a504ad",
        "repeat_observations": 1,
        "repeat_span_days": 0.0,
        "repeat_excursion_m": 0.0,
        "persistent_location_candidate": false
      }
    },
    {
      "type": "Feature",
      "geometry": {
        "type": "MultiPolygon",
        "coordinates": [
          [
            [
              [
                157.66222962300517,
                71.66555557959147
              ],
              [
                157.66180230366624,
                71.66589144699853
              ],
              [
                157.66154231521125,
                71.66585694414059
              ],
              [
                157.66164914748077,
                71.66577297755352
              ],
              [
                157.66138916097583,
                71.66573847446497
              ],
              [
                157.66149599325632,
                71.66565450795505
              ],
              [
                157.66175597878077,
                71.66568901089144
              ],
              [
                157.66186280911128,
                71.66560504415433
              ],
              [
                157.66134284099297,
                71.66553603820313
              ],
              [
                157.66155650266748,
                71.66536810511265
              ],
              [
                157.66207646686377,
                71.66543711045517
              ],
              [
                157.66196963847227,
                71.66552107734225
              ],
              [
                157.66222962300517,
                71.66555557959147
              ]
            ]
          ]
        ]
      },
      "properties": {
        "id": "c8e88d15d59b0e3d",
        "region": "east_siberian",
        "class": "unclassified_radar_target",
        "ice_identity": "unverified",
        "grounding": "unverified",
        "confidence": "low",
        "observed_at": "2026-02-22T20:08:10.382859Z",
        "source_id": "S1C_IW_GRDH_1SDV_20260222T200755_20260222T200825_006473_00D0A5",
        "source_level": "L1",
        "radar_area_m2": 900.0,
        "radar_equivalent_diameter_m": 33.85,
        "physical_floe_diameter_m": null,
        "longitude": 157.6617728,
        "latitude": 71.6656095,
        "native_spacing_m": 10,
        "effective_resolution_m": "20 x 22",
        "co_contrast_max_db": 8.85,
        "cross_contrast_max_db": 7.4,
        "co_snr_median_db": 19.77,
        "cross_snr_median_db": 8.98,
        "review_status": "unreviewed",
        "possible_confusions": "ridge, ship, fast ice, unresolved land, speckle",
        "stream": "east_siberian:sentinel-1c:2:descending:vv,vh",
        "repeat_track_id": "c8e88d15d59b0e3d",
        "repeat_observations": 1,
        "repeat_span_days": 0.0,
        "repeat_excursion_m": 0.0,
        "persistent_location_candidate": false
      }
    },
    {
      "type": "Feature",
      "geometry": {
        "type": "MultiPolygon",
        "coordinates": [
          [
            [
              [
                157.63454356330743,
                71.6868116943601
              ],
              [
                157.63443648631056,
                71.68689564194442
              ],
              [
                157.63417625351866,
                71.68686110008285
              ],
              [
                157.63406917456732,
                71.68694504743948
              ],
              [
                157.63380894176623,
                71.68691050504233
              ],
              [
                157.63391602169946,
                71.68682655783823
              ],
              [
                157.6336557908529,
                71.68679201521049
              ],
              [
                157.63376287079524,
                71.68670806808369
              ],
              [
                157.63350264190322,
                71.68667352522539
              ],
              [
                157.6336097218547,
                71.68658957817588
              ],
              [
                157.63386994976491,
                71.68662412088166
              ],
              [
                157.63397702776192,
                71.68654017360446
              ],
              [
                157.634237255663,
                71.68657471577467
              ],
              [
                157.63413017864784,
                71.68665866320438
              ],
              [
                157.63439040850338,
                71.68669320514401
              ],
              [
                157.63428333149736,
                71.68677715265103
              ],
              [
                157.63454356330743,
                71.6868116943601
              ]
            ]
          ]
        ]
      },
      "properties": {
        "id": "21638a84ced44089",
        "region": "east_siberian",
        "class": "unclassified_radar_target",
        "ice_identity": "unverified",
        "grounding": "unverified",
        "confidence": "low",
        "observed_at": "2026-02-22T20:08:10.382859Z",
        "source_id": "S1C_IW_GRDH_1SDV_20260222T200755_20260222T200825_006473_00D0A5",
        "source_level": "L1",
        "radar_area_m2": 800.0,
        "radar_equivalent_diameter_m": 31.92,
        "physical_floe_diameter_m": null,
        "longitude": 157.6340231,
        "latitude": 71.6867426,
        "native_spacing_m": 10,
        "effective_resolution_m": "20 x 22",
        "co_contrast_max_db": 9.67,
        "cross_contrast_max_db": 6.68,
        "co_snr_median_db": 18.15,
        "cross_snr_median_db": 6.39,
        "review_status": "unreviewed",
        "possible_confusions": "ridge, ship, fast ice, unresolved land, speckle",
        "stream": "east_siberian:sentinel-1c:2:descending:vv,vh",
        "repeat_track_id": "21638a84ced44089",
        "repeat_observations": 1,
        "repeat_span_days": 0.0,
        "repeat_excursion_m": 0.0,
        "persistent_location_candidate": false
      }
    },
    {
      "type": "Feature",
      "geometry": {
        "type": "MultiPolygon",
        "coordinates": [
          [
            [
              [
                157.62805167045573,
                71.68212139959168
              ],
              [
                157.62773042961163,
                71.68237323216137
              ],
              [
                157.62747027300958,
                71.68233868023849
              ],
              [
                157.62757735524454,
                71.68225473627632
              ],
              [
                157.62731720059602,
                71.68222018412301
              ],
              [
                157.62721011738,
                71.68230412793267
              ],
              [
                157.62694996272285,
                71.68226957524388
              ],
              [
                157.62705704691996,
                71.6821856315867
              ],
              [
                157.62679689421634,
                71.68215107866749
              ],
              [
                157.62690397842215,
                71.6820671350876
              ],
              [
                157.62716413014468,
                71.68210168785433
              ],
              [
                157.62727121239695,
                71.68201774404672
              ],
              [
                157.6275313641108,
                71.682052296278
              ],
              [
                157.6274242828396,
                71.68213624023811
              ],
              [
                157.62768443650697,
                71.68217079223895
              ],
              [
                157.62779151679706,
                71.6820868481263
              ],
              [
                157.62805167045573,
                71.68212139959168
              ]
            ]
          ]
        ]
      },
      "properties": {
        "id": "3e9cf6148b310b10",
        "region": "east_siberian",
        "class": "unclassified_radar_target",
        "ice_identity": "unverified",
        "grounding": "unverified",
        "confidence": "low",
        "observed_at": "2026-02-22T20:08:10.382859Z",
        "source_id": "S1C_IW_GRDH_1SDV_20260222T200755_20260222T200825_006473_00D0A5",
        "source_level": "L1",
        "radar_area_m2": 800.0,
        "radar_equivalent_diameter_m": 31.92,
        "physical_floe_diameter_m": null,
        "longitude": 157.6274358,
        "latitude": 71.6821869,
        "native_spacing_m": 10,
        "effective_resolution_m": "20 x 22",
        "co_contrast_max_db": 8.07,
        "cross_contrast_max_db": 6.33,
        "co_snr_median_db": 16.12,
        "cross_snr_median_db": 6.75,
        "review_status": "unreviewed",
        "possible_confusions": "ridge, ship, fast ice, unresolved land, speckle",
        "stream": "east_siberian:sentinel-1c:2:descending:vv,vh",
        "repeat_track_id": "3e9cf6148b310b10",
        "repeat_observations": 1,
        "repeat_span_days": 0.0,
        "repeat_excursion_m": 0.0,
        "persistent_location_candidate": false
      }
    },
    {
      "type": "Feature",
      "geometry": {
        "type": "MultiPolygon",
        "coordinates": [
          [
            [
              [
                157.6249409346076,
                71.66619753269913
              ],
              [
                157.62472693109382,
                71.66636542144502
              ],
              [
                157.62420708020824,
                71.66629630674316
              ],
              [
                157.6241000750364,
                71.6663802506986
              ],
              [
                157.62384015007058,
                71.66634569262132
              ],
              [
                157.62405416140197,
                71.66617780494012
              ],
              [
                157.6237942393656,
                71.66614324678504
              ],
              [
                157.62390124455428,
                71.66605930298401
              ],
              [
                157.62416116561133,
                71.66609386098672
              ],
              [
                157.6242681688499,
                71.66600991695809
              ],
              [
                157.62478801191796,
                71.66607903151089
              ],
              [
                157.624681010638,
                71.66616297584426
              ],
              [
                157.6249409346076,
                71.66619753269913
              ]
            ]
          ]
        ]
      },
      "properties": {
        "id": "0d96e8f70b712da6",
        "region": "east_siberian",
        "class": "unclassified_radar_target",
        "ice_identity": "unverified",
        "grounding": "unverified",
        "confidence": "low",
        "observed_at": "2026-02-22T20:08:10.382859Z",
        "source_id": "S1C_IW_GRDH_1SDV_20260222T200755_20260222T200825_006473_00D0A5",
        "source_level": "L1",
        "radar_area_m2": 1000.0,
        "radar_equivalent_diameter_m": 35.68,
        "physical_floe_diameter_m": null,
        "longitude": 157.6243615,
        "latitude": 71.666199,
        "native_spacing_m": 10,
        "effective_resolution_m": "20 x 22",
        "co_contrast_max_db": 7.5,
        "cross_contrast_max_db": 8.11,
        "co_snr_median_db": 16.46,
        "cross_snr_median_db": 7.45,
        "review_status": "unreviewed",
        "possible_confusions": "ridge, ship, fast ice, unresolved land, speckle",
        "stream": "east_siberian:sentinel-1c:2:descending:vv,vh",
        "repeat_track_id": "0d96e8f70b712da6",
        "repeat_observations": 1,
        "repeat_span_days": 0.0,
        "repeat_excursion_m": 0.0,
        "persistent_location_candidate": false
      }
    },
    {
      "type": "Feature",
      "geometry": {
        "type": "MultiPolygon",
        "coordinates": [
          [
            [
              [
                157.6109792329611,
                71.67190043480359
              ],
              [
                157.61076503676168,
                71.67206830525481
              ],
              [
                157.61024507779067,
                71.67199915024023
              ],
              [
                157.61013797627413,
                71.67208308504789
              ],
              [
                157.60987799726706,
                71.6720485068141
              ],
              [
                157.60977089379915,
                71.67213244139396
              ],
              [
                157.60951091478458,
                71.67209786262501
              ],
              [
                157.60983222521082,
                71.67184605911706
              ],
              [
                157.60957225010648,
                71.67181148042297
              ],
              [
                157.6096793526174,
                71.67172754592227
              ],
              [
                157.61019930183915,
                71.67179670262277
              ],
              [
                157.61009220128705,
                71.67188063742852
              ],
              [
                157.61061215635536,
                71.67194979290338
              ],
              [
                157.61071925494858,
                71.67186585779265
              ],
              [
                157.6109792329611,
                71.67190043480359
              ]
            ]
          ]
        ]
      },
      "properties": {
        "id": "cc8fe73228fa7312",
        "region": "east_siberian",
        "class": "unclassified_radar_target",
        "ice_identity": "unverified",
        "grounding": "unverified",
        "confidence": "low",
        "observed_at": "2026-02-22T20:08:10.382859Z",
        "source_id": "S1C_IW_GRDH_1SDV_20260222T200755_20260222T200825_006473_00D0A5",
        "source_level": "L1",
        "radar_area_m2": 1000.0,
        "radar_equivalent_diameter_m": 35.68,
        "physical_floe_diameter_m": null,
        "longitude": 157.6101319,
        "latitude": 71.6719448,
        "native_spacing_m": 10,
        "effective_resolution_m": "20 x 22",
        "co_contrast_max_db": 8.26,
        "cross_contrast_max_db": 9.8,
        "co_snr_median_db": 18.47,
        "cross_snr_median_db": 8.74,
        "review_status": "unreviewed",
        "possible_confusions": "ridge, ship, fast ice, unresolved land, speckle",
        "stream": "east_siberian:sentinel-1c:2:descending:vv,vh",
        "repeat_track_id": "cc8fe73228fa7312",
        "repeat_observations": 1,
        "repeat_span_days": 0.0,
        "repeat_excursion_m": 0.0,
        "persistent_location_candidate": false
      }
    },
    {
      "type": "Feature",
      "geometry": {
        "type": "MultiPolygon",
        "coordinates": [
          [
            [
              [
                157.60648271141403,
                71.67208778474517
              ],
              [
                157.60626847223935,
                71.67225564972115
              ],
              [
                157.6049686109682,
                71.67208272642844
              ],
              [
                157.60507573593813,
                71.67199879474079
              ],
              [
                157.60533570526883,
                71.67203338001207
              ],
              [
                157.60544282828735,
                71.67194944809654
              ],
              [
                157.60648271141403,
                71.67208778474517
              ]
            ]
          ]
        ]
      },
      "properties": {
        "id": "79854f0ffc5dbbf1",
        "region": "east_siberian",
        "class": "unclassified_radar_target",
        "ice_identity": "unverified",
        "grounding": "unverified",
        "confidence": "low",
        "observed_at": "2026-02-22T20:08:10.382859Z",
        "source_id": "S1C_IW_GRDH_1SDV_20260222T200755_20260222T200825_006473_00D0A5",
        "source_level": "L1",
        "radar_area_m2": 900.0,
        "radar_equivalent_diameter_m": 33.85,
        "physical_floe_diameter_m": null,
        "longitude": 157.6057775,
        "latitude": 71.6720976,
        "native_spacing_m": 10,
        "effective_resolution_m": "20 x 22",
        "co_contrast_max_db": 7.2,
        "cross_contrast_max_db": 9.38,
        "co_snr_median_db": 16.68,
        "cross_snr_median_db": 10.81,
        "review_status": "unreviewed",
        "possible_confusions": "ridge, ship, fast ice, unresolved land, speckle",
        "stream": "east_siberian:sentinel-1c:2:descending:vv,vh",
        "repeat_track_id": "79854f0ffc5dbbf1",
        "repeat_observations": 1,
        "repeat_span_days": 0.0,
        "repeat_excursion_m": 0.0,
        "persistent_location_candidate": false
      }
    },
    {
      "type": "Feature",
      "geometry": {
        "type": "MultiPolygon",
        "coordinates": [
          [
            [
              [
                157.6143455874168,
                71.66616295535812
              ],
              [
                157.61423853828083,
                71.66624689338123
              ],
              [
                157.6137187299095,
                71.6661777479351
              ],
              [
                157.6136116778444,
                71.66626168557809
              ],
              [
                157.61335177413662,
                71.66622711212872
              ],
              [
                157.61324472012137,
                71.66631104954405
              ],
              [
                157.61272491366157,
                71.66624190119275
              ],
              [
                157.61283196963467,
                71.66615796408233
              ],
              [
                157.61231216901768,
                71.66608881450568
              ],
              [
                157.6124192259774,
                71.66600487762491
              ],
              [
                157.61267912482134,
                71.66603945245207
              ],
              [
                157.61278617983092,
                71.66595551534355
              ],
              [
                157.61304607866722,
                71.66599008963571
              ],
              [
                157.61293902463657,
                71.66607402689665
              ],
              [
                157.61319892542298,
                71.6661086009587
              ],
              [
                157.61330597847473,
                71.6660246635453
              ],
              [
                157.61356587925346,
                71.66605923707236
              ],
              [
                157.61367293035508,
                71.66597529943128
              ],
              [
                157.61419273286822,
                71.66604444503281
              ],
              [
                157.61408568372448,
                71.66612838297874
              ],
              [
                157.6143455874168,
                71.66616295535812
              ]
            ]
          ]
        ]
      },
      "properties": {
        "id": "e44d7c53057be8b4",
        "region": "east_siberian",
        "class": "unclassified_radar_target",
        "ice_identity": "unverified",
        "grounding": "unverified",
        "confidence": "low",
        "observed_at": "2026-02-22T20:08:10.382859Z",
        "source_id": "S1C_IW_GRDH_1SDV_20260222T200755_20260222T200825_006473_00D0A5",
        "source_level": "L1",
        "radar_area_m2": 1400.0,
        "radar_equivalent_diameter_m": 42.22,
        "physical_floe_diameter_m": null,
        "longitude": 157.6133474,
        "latitude": 71.6661284,
        "native_spacing_m": 10,
        "effective_resolution_m": "20 x 22",
        "co_contrast_max_db": 9.21,
        "cross_contrast_max_db": 12.17,
        "co_snr_median_db": 16.67,
        "cross_snr_median_db": 9.7,
        "review_status": "unreviewed",
        "possible_confusions": "ridge, ship, fast ice, unresolved land, speckle",
        "stream": "east_siberian:sentinel-1c:2:descending:vv,vh",
        "repeat_track_id": "e44d7c53057be8b4",
        "repeat_observations": 1,
        "repeat_span_days": 0.0,
        "repeat_excursion_m": 0.0,
        "persistent_location_candidate": false
      }
    },
    {
      "type": "Feature",
      "geometry": {
        "type": "MultiPolygon",
        "coordinates": [
          [
            [
              [
                157.6126178567172,
                71.66632583822792
              ],
              [
                157.61251079880157,
                71.6664097751878
              ],
              [
                157.6122508950707,
                71.66637520013343
              ],
              [
                157.61214383520488,
                71.66645913686561
              ],
              [
                157.61188393146637,
                71.66642456127623
              ],
              [
                157.6117768696503,
                71.66650849778068
              ],
              [
                157.61151696590417,
                71.66647392165629
              ],
              [
                157.61183815137514,
                71.66622211237444
              ],
              [
                157.61131835267017,
                71.66615295989268
              ],
              [
                157.61153247537655,
                71.66598508727157
              ],
              [
                157.6117923722857,
                71.66601966339884
              ],
              [
                157.61189943120314,
                71.66593572682292
              ],
              [
                157.61215932810464,
                71.66597030241519
              ],
              [
                157.61205227016606,
                71.66605423914353
              ],
              [
                157.61231216901768,
                71.66608881450568
              ],
              [
                157.61209805218456,
                71.66625668804149
              ],
              [
                157.6126178567172,
                71.66632583822792
              ]
            ]
          ]
        ]
      },
      "properties": {
        "id": "09bd0dcedc64b125",
        "region": "east_siberian",
        "class": "unclassified_radar_target",
        "ice_identity": "unverified",
        "grounding": "unverified",
        "confidence": "low",
        "observed_at": "2026-02-22T20:08:10.382859Z",
        "source_id": "S1C_IW_GRDH_1SDV_20260222T200755_20260222T200825_006473_00D0A5",
        "source_level": "L1",
        "radar_area_m2": 1300.0,
        "radar_equivalent_diameter_m": 40.68,
        "physical_floe_diameter_m": null,
        "longitude": 157.6119205,
        "latitude": 71.6662217,
        "native_spacing_m": 10,
        "effective_resolution_m": "20 x 22",
        "co_contrast_max_db": 9.02,
        "cross_contrast_max_db": 9.49,
        "co_snr_median_db": 16.89,
        "cross_snr_median_db": 7.88,
        "review_status": "unreviewed",
        "possible_confusions": "ridge, ship, fast ice, unresolved land, speckle",
        "stream": "east_siberian:sentinel-1c:2:descending:vv,vh",
        "repeat_track_id": "09bd0dcedc64b125",
        "repeat_observations": 1,
        "repeat_span_days": 0.0,
        "repeat_excursion_m": 0.0,
        "persistent_location_candidate": false
      }
    },
    {
      "type": "Feature",
      "geometry": {
        "type": "MultiPolygon",
        "coordinates": [
          [
            [
              [
                157.59831687456702,
                71.67109944338915
              ],
              [
                157.5981025727411,
                71.67126729875656
              ],
              [
                157.5973227405389,
                71.67116350988843
              ],
              [
                157.59710842895024,
                71.67133136403899
              ],
              [
                157.59684848486958,
                71.67129676667933
              ],
              [
                157.59674132663784,
                71.67138069348901
              ],
              [
                157.59622143943568,
                71.6713114973168
              ],
              [
                157.59654291708736,
                71.67105971757714
              ],
              [
                157.59680285726557,
                71.67109431539681
              ],
              [
                157.5969100135593,
                71.67101038851364
              ],
              [
                157.5974298948748,
                71.6710795827001
              ],
              [
                157.59753704823842,
                71.67099565543644
              ],
              [
                157.59831687456702,
                71.67109944338915
              ]
            ]
          ]
        ]
      },
      "properties": {
        "id": "30a7c1ac0492cb91",
        "region": "east_siberian",
        "class": "unclassified_radar_target",
        "ice_identity": "unverified",
        "grounding": "unverified",
        "confidence": "low",
        "observed_at": "2026-02-22T20:08:10.382859Z",
        "source_id": "S1C_IW_GRDH_1SDV_20260222T200755_20260222T200825_006473_00D0A5",
        "source_level": "L1",
        "radar_area_m2": 1600.0,
        "radar_equivalent_diameter_m": 45.14,
        "physical_floe_diameter_m": null,
        "longitude": 157.5971985,
        "latitude": 71.6711715,
        "native_spacing_m": 10,
        "effective_resolution_m": "20 x 22",
        "co_contrast_max_db": 8.19,
        "cross_contrast_max_db": 9.02,
        "co_snr_median_db": 17.48,
        "cross_snr_median_db": 8.32,
        "review_status": "unreviewed",
        "possible_confusions": "ridge, ship, fast ice, unresolved land, speckle",
        "stream": "east_siberian:sentinel-1c:2:descending:vv,vh",
        "repeat_track_id": "30a7c1ac0492cb91",
        "repeat_observations": 1,
        "repeat_span_days": 0.0,
        "repeat_excursion_m": 0.0,
        "persistent_location_candidate": false
      }
    },
    {
      "type": "Feature",
      "geometry": {
        "type": "MultiPolygon",
        "coordinates": [
          [
            [
              [
                157.57317626535115,
                71.68267833771394
              ],
              [
                157.57296160105994,
                71.6828461597667
              ],
              [
                157.57166130692448,
                71.68267299531988
              ],
              [
                157.57176864445375,
                71.68258908509526
              ],
              [
                157.57202870035286,
                71.68262371859714
              ],
              [
                157.57213603592842,
                71.68253980814424
              ],
              [
                157.57317626535115,
                71.68267833771394
              ]
            ]
          ]
        ]
      },
      "properties": {
        "id": "7a40e6a6961c644f",
        "region": "east_siberian",
        "class": "unclassified_radar_target",
        "ice_identity": "unverified",
        "grounding": "unverified",
        "confidence": "low",
        "observed_at": "2026-02-22T20:08:10.382859Z",
        "source_id": "S1C_IW_GRDH_1SDV_20260222T200755_20260222T200825_006473_00D0A5",
        "source_level": "L1",
        "radar_area_m2": 900.0,
        "radar_equivalent_diameter_m": 33.85,
        "physical_floe_diameter_m": null,
        "longitude": 157.5724706,
        "latitude": 71.682688,
        "native_spacing_m": 10,
        "effective_resolution_m": "20 x 22",
        "co_contrast_max_db": 8.15,
        "cross_contrast_max_db": 6.32,
        "co_snr_median_db": 13.89,
        "cross_snr_median_db": 4.48,
        "review_status": "unreviewed",
        "possible_confusions": "ridge, ship, fast ice, unresolved land, speckle",
        "stream": "east_siberian:sentinel-1c:2:descending:vv,vh",
        "repeat_track_id": "7a40e6a6961c644f",
        "repeat_observations": 1,
        "repeat_span_days": 0.0,
        "repeat_excursion_m": 0.0,
        "persistent_location_candidate": false
      }
    },
    {
      "type": "Feature",
      "geometry": {
        "type": "MultiPolygon",
        "coordinates": [
          [
            [
              [
                157.57389053951314,
                71.67236378234524
              ],
              [
                157.57378327094506,
                71.67244769514974
              ],
              [
                157.57352335482503,
                71.67241306368471
              ],
              [
                157.57341608430548,
                71.67249697626102
              ],
              [
                157.57315616818045,
                71.67246234426084
              ],
              [
                157.5730488957094,
                71.67254625660892
              ],
              [
                157.57278897957937,
                71.67251162407354
              ],
              [
                157.5730035255047,
                71.67234379960726
              ],
              [
                157.57274361230438,
                71.67230916699482
              ],
              [
                157.57285088478537,
                71.67222525480115
              ],
              [
                157.57311079700747,
                71.67225988726088
              ],
              [
                157.57321806753703,
                71.67217597483899
              ],
              [
                157.57347797975416,
                71.67221060676354
              ],
              [
                157.57337071020282,
                71.67229451933812
              ],
              [
                157.57389053951314,
                71.67236378234524
              ]
            ]
          ]
        ]
      },
      "properties": {
        "id": "37b66b88a38a5a5f",
        "region": "east_siberian",
        "class": "unclassified_radar_target",
        "ice_identity": "unverified",
        "grounding": "unverified",
        "confidence": "low",
        "observed_at": "2026-02-22T20:08:10.382859Z",
        "source_id": "S1C_IW_GRDH_1SDV_20260222T200755_20260222T200825_006473_00D0A5",
        "source_level": "L1",
        "radar_area_m2": 800.0,
        "radar_equivalent_diameter_m": 31.92,
        "physical_floe_diameter_m": null,
        "longitude": 157.5732444,
        "latitude": 71.6723636,
        "native_spacing_m": 10,
        "effective_resolution_m": "20 x 22",
        "co_contrast_max_db": 8.19,
        "cross_contrast_max_db": 6.73,
        "co_snr_median_db": 18.73,
        "cross_snr_median_db": 8.84,
        "review_status": "unreviewed",
        "possible_confusions": "ridge, ship, fast ice, unresolved land, speckle",
        "stream": "east_siberian:sentinel-1c:2:descending:vv,vh",
        "repeat_track_id": "37b66b88a38a5a5f",
        "repeat_observations": 1,
        "repeat_span_days": 0.0,
        "repeat_excursion_m": 0.0,
        "persistent_location_candidate": false
      }
    },
    {
      "type": "Feature",
      "geometry": {
        "type": "MultiPolygon",
        "coordinates": [
          [
            [
              [
                157.49914618444478,
                71.71711204680987
              ],
              [
                157.49903831594082,
                71.71719590869645
              ],
              [
                157.49877791000483,
                71.71716117014083
              ],
              [
                157.4986700395399,
                71.71724503179793
              ],
              [
                157.498409633604,
                71.71721029270583
              ],
              [
                157.49851750504936,
                71.71712643120223
              ],
              [
                157.4979966980801,
                71.71705695217614
              ],
              [
                157.4982124419509,
                71.71688922955488
              ],
              [
                157.49899364799313,
                71.71699344659861
              ],
              [
                157.49888577948923,
                71.71707730840771
              ],
              [
                157.49914618444478,
                71.71711204680987
              ]
            ]
          ]
        ]
      },
      "properties": {
        "id": "8d6bbf4f6e3801e3",
        "region": "east_siberian",
        "class": "unclassified_radar_target",
        "ice_identity": "unverified",
        "grounding": "unverified",
        "confidence": "low",
        "observed_at": "2026-02-22T20:08:10.382859Z",
        "source_id": "S1C_IW_GRDH_1SDV_20260222T200755_20260222T200825_006473_00D0A5",
        "source_level": "L1",
        "radar_area_m2": 800.0,
        "radar_equivalent_diameter_m": 31.92,
        "physical_floe_diameter_m": null,
        "longitude": 157.4985659,
        "latitude": 71.7170592,
        "native_spacing_m": 10,
        "effective_resolution_m": "20 x 22",
        "co_contrast_max_db": 9.0,
        "cross_contrast_max_db": 7.93,
        "co_snr_median_db": 17.02,
        "cross_snr_median_db": 7.85,
        "review_status": "unreviewed",
        "possible_confusions": "ridge, ship, fast ice, unresolved land, speckle",
        "stream": "east_siberian:sentinel-1c:2:descending:vv,vh",
        "repeat_track_id": "8d6bbf4f6e3801e3",
        "repeat_observations": 1,
        "repeat_span_days": 0.0,
        "repeat_excursion_m": 0.0,
        "persistent_location_candidate": false
      }
    },
    {
      "type": "Feature",
      "geometry": {
        "type": "MultiPolygon",
        "coordinates": [
          [
            [
              [
                157.50123961759334,
                71.69911653560796
              ],
              [
                157.50102410881348,
                71.69928426639962
              ],
              [
                157.5007639516784,
                71.69924952981158
              ],
              [
                157.50065619484204,
                71.69933339494018
              ],
              [
                157.50039603770688,
                71.69929865781621
              ],
              [
                157.5005037955219,
                71.69921479284095
              ],
              [
                157.50024364034394,
                71.69918005548769
              ],
              [
                157.50035139815895,
                71.69909619058981
              ],
              [
                157.50061155235832,
                71.69913092778975
              ],
              [
                157.50093481699636,
                71.69887933218041
              ],
              [
                157.50119496923853,
                71.69891406853777
              ],
              [
                157.5009794624155,
                71.69908179932658
              ],
              [
                157.50123961759334,
                71.69911653560796
              ]
            ]
          ]
        ]
      },
      "properties": {
        "id": "3ed1f980d736c89c",
        "region": "east_siberian",
        "class": "unclassified_radar_target",
        "ice_identity": "unverified",
        "grounding": "unverified",
        "confidence": "low",
        "observed_at": "2026-02-22T20:08:10.382859Z",
        "source_id": "S1C_IW_GRDH_1SDV_20260222T200755_20260222T200825_006473_00D0A5",
        "source_level": "L1",
        "radar_area_m2": 800.0,
        "radar_equivalent_diameter_m": 31.92,
        "physical_floe_diameter_m": null,
        "longitude": 157.5008011,
        "latitude": 71.6991317,
        "native_spacing_m": 10,
        "effective_resolution_m": "20 x 22",
        "co_contrast_max_db": 7.96,
        "cross_contrast_max_db": 9.05,
        "co_snr_median_db": 16.12,
        "cross_snr_median_db": 7.36,
        "review_status": "unreviewed",
        "possible_confusions": "ridge, ship, fast ice, unresolved land, speckle",
        "stream": "east_siberian:sentinel-1c:2:descending:vv,vh",
        "repeat_track_id": "3ed1f980d736c89c",
        "repeat_observations": 1,
        "repeat_span_days": 0.0,
        "repeat_excursion_m": 0.0,
        "persistent_location_candidate": false
      }
    },
    {
      "type": "Feature",
      "geometry": {
        "type": "MultiPolygon",
        "coordinates": [
          [
            [
              [
                157.52416614297763,
                71.6670062710653
              ],
              [
                157.52373628524,
                71.66734180420202
              ],
              [
                157.52347653461618,
                71.66730709918585
              ],
              [
                157.52358400148816,
                71.66722321616822
              ],
              [
                157.5230645051157,
                71.66715380529544
              ],
              [
                157.52338690574123,
                71.66690215670566
              ],
              [
                157.52364665051235,
                71.66693686187429
              ],
              [
                157.52375411446283,
                71.66685297870664
              ],
              [
                157.52401385923233,
                71.66688768334025
              ],
              [
                157.52390639625781,
                71.66697156666085
              ],
              [
                157.52416614297763,
                71.6670062710653
              ]
            ]
          ]
        ]
      },
      "properties": {
        "id": "1b21cccee523d5ea",
        "region": "east_siberian",
        "class": "unclassified_radar_target",
        "ice_identity": "unverified",
        "grounding": "unverified",
        "confidence": "low",
        "observed_at": "2026-02-22T20:08:10.382859Z",
        "source_id": "S1C_IW_GRDH_1SDV_20260222T200755_20260222T200825_006473_00D0A5",
        "source_level": "L1",
        "radar_area_m2": 1100.0,
        "radar_equivalent_diameter_m": 37.42,
        "physical_floe_diameter_m": null,
        "longitude": 157.5236389,
        "latitude": 71.6670832,
        "native_spacing_m": 10,
        "effective_resolution_m": "20 x 22",
        "co_contrast_max_db": 9.73,
        "cross_contrast_max_db": 12.84,
        "co_snr_median_db": 17.46,
        "cross_snr_median_db": 9.76,
        "review_status": "unreviewed",
        "possible_confusions": "ridge, ship, fast ice, unresolved land, speckle",
        "stream": "east_siberian:sentinel-1c:2:descending:vv,vh",
        "repeat_track_id": "1b21cccee523d5ea",
        "repeat_observations": 1,
        "repeat_span_days": 0.0,
        "repeat_excursion_m": 0.0,
        "persistent_location_candidate": false
      }
    },
    {
      "type": "Feature",
      "geometry": {
        "type": "MultiPolygon",
        "coordinates": [
          [
            [
              [
                -176.37709933919564,
                70.77245029801321
              ],
              [
                -176.3770485068002,
                70.77272246757853
              ],
              [
                -176.37785134457744,
                70.77273969858467
              ],
              [
                -176.3778852255298,
                70.77255825206653
              ],
              [
                -176.37761761526897,
                70.77255250887363
              ],
              [
                -176.37763455675267,
                70.77246178561843
              ],
              [
                -176.37709933919564,
                70.77245029801321
              ]
            ]
          ]
        ]
      },
      "properties": {
        "id": "53a125c9a31fdccc",
        "region": "chukchi",
        "class": "unclassified_radar_target",
        "ice_identity": "unverified",
        "grounding": "unverified",
        "confidence": "low",
        "observed_at": "2026-01-28T05:18:21.957477Z",
        "source_id": "S1A_IW_GRDH_1SDH_20260128T051807_20260128T051836_062963_07E647",
        "source_level": "L1",
        "radar_area_m2": 800.0,
        "radar_equivalent_diameter_m": 31.92,
        "physical_floe_diameter_m": null,
        "longitude": -176.3774398,
        "latitude": 70.7726056,
        "native_spacing_m": 10,
        "effective_resolution_m": "20 x 22",
        "co_contrast_max_db": 9.42,
        "cross_contrast_max_db": 10.96,
        "co_snr_median_db": 17.4,
        "cross_snr_median_db": 7.36,
        "review_status": "unreviewed",
        "possible_confusions": "ridge, ship, fast ice, unresolved land, speckle",
        "stream": "chukchi:sentinel-1a:66:ascending:hh,hv",
        "repeat_track_id": "53a125c9a31fdccc",
        "repeat_observations": 1,
        "repeat_span_days": 0.0,
        "repeat_excursion_m": 0.0,
        "persistent_location_candidate": false
      }
    },
    {
      "type": "Feature",
      "geometry": {
        "type": "MultiPolygon",
        "coordinates": [
          [
            [
              [
                -176.39109692548195,
                70.78386250064072
              ],
              [
                -176.39106314828913,
                70.78404394654824
              ],
              [
                -176.39133092093653,
                70.78404966834663
              ],
              [
                -176.3912802577028,
                70.7843218371751
              ],
              [
                -176.39154803424742,
                70.7843275586272
              ],
              [
                -176.39153114743365,
                70.78441828156645
              ],
              [
                -176.39179892538263,
                70.78442400262041
              ],
              [
                -176.391849581611,
                70.78415183368064
              ],
              [
                -176.3915818074015,
                70.78414611270443
              ],
              [
                -176.39159869374174,
                70.78405538972096
              ],
              [
                -176.39213423982568,
                70.7840668311975
              ],
              [
                -176.3921511235152,
                70.78397610814744
              ],
              [
                -176.39188335164076,
                70.78397038764713
              ],
              [
                -176.39190023641893,
                70.78387966460824
              ],
              [
                -176.39109692548195,
                70.78386250064072
              ]
            ]
          ]
        ]
      },
      "properties": {
        "id": "3f5153213434036a",
        "region": "chukchi",
        "class": "unclassified_radar_target",
        "ice_identity": "unverified",
        "grounding": "unverified",
        "confidence": "low",
        "observed_at": "2026-01-28T05:18:21.957477Z",
        "source_id": "S1A_IW_GRDH_1SDH_20260128T051807_20260128T051836_062963_07E647",
        "source_level": "L1",
        "radar_area_m2": 1300.0,
        "radar_equivalent_diameter_m": 40.68,
        "physical_floe_diameter_m": null,
        "longitude": -176.3915607,
        "latitude": 70.7840931,
        "native_spacing_m": 10,
        "effective_resolution_m": "20 x 22",
        "co_contrast_max_db": 12.41,
        "cross_contrast_max_db": 11.72,
        "co_snr_median_db": 19.76,
        "cross_snr_median_db": 6.52,
        "review_status": "unreviewed",
        "possible_confusions": "ridge, ship, fast ice, unresolved land, speckle",
        "stream": "chukchi:sentinel-1a:66:ascending:hh,hv",
        "repeat_track_id": "3f5153213434036a",
        "repeat_observations": 1,
        "repeat_span_days": 0.0,
        "repeat_excursion_m": 0.0,
        "persistent_location_candidate": false
      }
    },
    {
      "type": "Feature",
      "geometry": {
        "type": "MultiPolygon",
        "coordinates": [
          [
            [
              [
                -176.40195613612838,
                70.78618909826776
              ],
              [
                -176.40192245640083,
                70.78637054567146
              ],
              [
                -176.4024580724399,
                70.78638195441219
              ],
              [
                -176.4024917471802,
                70.78620050690513
              ],
              [
                -176.40275955294226,
                70.78620621058766
              ],
              [
                -176.40279322455936,
                70.78602476297002
              ],
              [
                -176.40225761817985,
                70.78601335528421
              ],
              [
                -176.40222394157556,
                70.7861948027985
              ],
              [
                -176.40195613612838,
                70.78618909826776
              ]
            ]
          ]
        ]
      },
      "properties": {
        "id": "3ca4deec45b8a6c1",
        "region": "chukchi",
        "class": "unclassified_radar_target",
        "ice_identity": "unverified",
        "grounding": "unverified",
        "confidence": "low",
        "observed_at": "2026-01-28T05:18:21.957477Z",
        "source_id": "S1A_IW_GRDH_1SDH_20260128T051807_20260128T051836_062963_07E647",
        "source_level": "L1",
        "radar_area_m2": 800.0,
        "radar_equivalent_diameter_m": 31.92,
        "physical_floe_diameter_m": null,
        "longitude": -176.4023578,
        "latitude": 70.7861977,
        "native_spacing_m": 10,
        "effective_resolution_m": "20 x 22",
        "co_contrast_max_db": 10.27,
        "cross_contrast_max_db": 8.21,
        "co_snr_median_db": 17.84,
        "cross_snr_median_db": 5.87,
        "review_status": "unreviewed",
        "possible_confusions": "ridge, ship, fast ice, unresolved land, speckle",
        "stream": "chukchi:sentinel-1a:66:ascending:hh,hv",
        "repeat_track_id": "3ca4deec45b8a6c1",
        "repeat_observations": 1,
        "repeat_span_days": 0.0,
        "repeat_excursion_m": 0.0,
        "persistent_location_candidate": false
      }
    },
    {
      "type": "Feature",
      "geometry": {
        "type": "MultiPolygon",
        "coordinates": [
          [
            [
              [
                -176.40641054991747,
                70.76506146897842
              ],
              [
                -176.40639374924015,
                70.76515219617251
              ],
              [
                -176.4066612660551,
                70.76515789386703
              ],
              [
                -176.40664446646502,
                70.76524862107217
              ],
              [
                -176.4071795030538,
                70.76526001524174
              ],
              [
                -176.4071459083796,
                70.76544146971091
              ],
              [
                -176.40741342939756,
                70.76544716621176
              ],
              [
                -176.40739663306937,
                70.76553789345002
              ],
              [
                -176.40766415548836,
                70.76554358955296
              ],
              [
                -176.40764736024744,
                70.76563431680226
              ],
              [
                -176.4079148840675,
                70.76564001250732
              ],
              [
                -176.40794847190415,
                70.76545855794245
              ],
              [
                -176.40848351503794,
                70.76546994797846
              ],
              [
                -176.4085003062327,
                70.76537922062238
              ],
              [
                -176.40743022556893,
                70.76535643895875
              ],
              [
                -176.40748061314207,
                70.76508425711135
              ],
              [
                -176.40641054991747,
                70.76506146897842
              ]
            ]
          ]
        ]
      },
      "properties": {
        "id": "36347fb80e984c68",
        "region": "chukchi",
        "class": "unclassified_radar_target",
        "ice_identity": "unverified",
        "grounding": "unverified",
        "confidence": "low",
        "observed_at": "2026-01-28T05:18:21.957477Z",
        "source_id": "S1A_IW_GRDH_1SDH_20260128T051807_20260128T051836_062963_07E647",
        "source_level": "L1",
        "radar_area_m2": 1600.0,
        "radar_equivalent_diameter_m": 45.14,
        "physical_floe_diameter_m": null,
        "longitude": -176.4074041,
        "latitude": 70.765316,
        "native_spacing_m": 10,
        "effective_resolution_m": "20 x 22",
        "co_contrast_max_db": 8.72,
        "cross_contrast_max_db": 14.82,
        "co_snr_median_db": 18.42,
        "cross_snr_median_db": 9.16,
        "review_status": "unreviewed",
        "possible_confusions": "ridge, ship, fast ice, unresolved land, speckle",
        "stream": "chukchi:sentinel-1a:66:ascending:hh,hv",
        "repeat_track_id": "36347fb80e984c68",
        "repeat_observations": 1,
        "repeat_span_days": 0.0,
        "repeat_excursion_m": 0.0,
        "persistent_location_candidate": false
      }
    },
    {
      "type": "Feature",
      "geometry": {
        "type": "MultiPolygon",
        "coordinates": [
          [
            [
              [
                -176.41181644029453,
                70.78375748433157
              ],
              [
                -176.41178285695145,
                70.78393893439588
              ],
              [
                -176.41258618928708,
                70.7839560000969
              ],
              [
                -176.41260297729747,
                70.7838652749948
              ],
              [
                -176.41233520094187,
                70.78385958687761
              ],
              [
                -176.41235199004186,
                70.78376886178657
              ],
              [
                -176.41261976515088,
                70.78377454987798
              ],
              [
                -176.41265334038698,
                70.78359309960017
              ],
              [
                -176.412385567771,
                70.7835874115603
              ],
              [
                -176.41236877898487,
                70.78367813668079
              ],
              [
                -176.4121010052793,
                70.78367244819108
              ],
              [
                -176.41208421508972,
                70.7837631732711
              ],
              [
                -176.41181644029453,
                70.78375748433157
              ]
            ]
          ]
        ]
      },
      "properties": {
        "id": "2664fc567973578a",
        "region": "chukchi",
        "class": "unclassified_radar_target",
        "ice_identity": "unverified",
        "grounding": "unverified",
        "confidence": "low",
        "observed_at": "2026-01-28T05:18:21.957477Z",
        "source_id": "S1A_IW_GRDH_1SDH_20260128T051807_20260128T051836_062963_07E647",
        "source_level": "L1",
        "radar_area_m2": 800.0,
        "radar_equivalent_diameter_m": 31.92,
        "physical_floe_diameter_m": null,
        "longitude": -176.4122453,
        "latitude": 70.7838008,
        "native_spacing_m": 10,
        "effective_resolution_m": "20 x 22",
        "co_contrast_max_db": 11.0,
        "cross_contrast_max_db": 14.0,
        "co_snr_median_db": 19.4,
        "cross_snr_median_db": 11.19,
        "review_status": "unreviewed",
        "possible_confusions": "ridge, ship, fast ice, unresolved land, speckle",
        "stream": "chukchi:sentinel-1a:66:ascending:hh,hv",
        "repeat_track_id": "2664fc567973578a",
        "repeat_observations": 1,
        "repeat_span_days": 0.0,
        "repeat_excursion_m": 0.0,
        "persistent_location_candidate": false
      }
    },
    {
      "type": "Feature",
      "geometry": {
        "type": "MultiPolygon",
        "coordinates": [
          [
            [
              [
                -176.461040840401,
                70.72468254561895
              ],
              [
                -176.46097479432194,
                70.72504549916597
              ],
              [
                -176.46124177598875,
                70.72505111078756
              ],
              [
                -176.4612252653236,
                70.72514184916287
              ],
              [
                -176.46175923159737,
                70.72515307118815
              ],
              [
                -176.46180875569544,
                70.72488085586608
              ],
              [
                -176.46154177619954,
                70.72487524514088
              ],
              [
                -176.46157479397422,
                70.72469376823656
              ],
              [
                -176.461040840401,
                70.72468254561895
              ]
            ]
          ]
        ]
      },
      "properties": {
        "id": "4deb1ca289416418",
        "region": "chukchi",
        "class": "unclassified_radar_target",
        "ice_identity": "unverified",
        "grounding": "unverified",
        "confidence": "low",
        "observed_at": "2026-01-28T05:18:21.957477Z",
        "source_id": "S1A_IW_GRDH_1SDH_20260128T051807_20260128T051836_062963_07E647",
        "source_level": "L1",
        "radar_area_m2": 1200.0,
        "radar_equivalent_diameter_m": 39.09,
        "physical_floe_diameter_m": null,
        "longitude": -176.4613764,
        "latitude": 70.7249249,
        "native_spacing_m": 10,
        "effective_resolution_m": "20 x 22",
        "co_contrast_max_db": 9.97,
        "cross_contrast_max_db": 11.6,
        "co_snr_median_db": 18.91,
        "cross_snr_median_db": 7.81,
        "review_status": "unreviewed",
        "possible_confusions": "ridge, ship, fast ice, unresolved land, speckle",
        "stream": "chukchi:sentinel-1a:66:ascending:hh,hv",
        "repeat_track_id": "4deb1ca289416418",
        "repeat_observations": 1,
        "repeat_span_days": 0.0,
        "repeat_excursion_m": 0.0,
        "persistent_location_candidate": false
      }
    },
    {
      "type": "Feature",
      "geometry": {
        "type": "MultiPolygon",
        "coordinates": [
          [
            [
              [
                -176.45570282677483,
                70.78632354609617
              ],
              [
                -176.45565306028524,
                70.78659573305612
              ],
              [
                -176.45672436810105,
                70.78661820850878
              ],
              [
                -176.45675753593883,
                70.7864367503465
              ],
              [
                -176.45595406232715,
                70.78641989454597
              ],
              [
                -176.45597064975482,
                70.78632916551918
              ],
              [
                -176.45570282677483,
                70.78632354609617
              ]
            ]
          ]
        ]
      },
      "properties": {
        "id": "00a72ecbd849d861",
        "region": "chukchi",
        "class": "unclassified_radar_target",
        "ice_identity": "unverified",
        "grounding": "unverified",
        "confidence": "low",
        "observed_at": "2026-01-28T05:18:21.957477Z",
        "source_id": "S1A_IW_GRDH_1SDH_20260128T051807_20260128T051836_062963_07E647",
        "source_level": "L1",
        "radar_area_m2": 900.0,
        "radar_equivalent_diameter_m": 33.85,
        "physical_floe_diameter_m": null,
        "longitude": -176.4561634,
        "latitude": 70.7865002,
        "native_spacing_m": 10,
        "effective_resolution_m": "20 x 22",
        "co_contrast_max_db": 8.42,
        "cross_contrast_max_db": 15.9,
        "co_snr_median_db": 17.44,
        "cross_snr_median_db": 12.57,
        "review_status": "unreviewed",
        "possible_confusions": "ridge, ship, fast ice, unresolved land, speckle",
        "stream": "chukchi:sentinel-1a:66:ascending:hh,hv",
        "repeat_track_id": "00a72ecbd849d861",
        "repeat_observations": 1,
        "repeat_span_days": 0.0,
        "repeat_excursion_m": 0.0,
        "persistent_location_candidate": false
      }
    },
    {
      "type": "Feature",
      "geometry": {
        "type": "MultiPolygon",
        "coordinates": [
          [
            [
              [
                -176.46597178302207,
                70.79783202982348
              ],
              [
                -176.46595523253566,
                70.79792275817509
              ],
              [
                -176.4662232186283,
                70.79792836125996
              ],
              [
                -176.466173569986,
                70.79820054630304
              ],
              [
                -176.46670955012777,
                70.79821175135193
              ],
              [
                -176.46669300276815,
                70.79830247972107
              ],
              [
                -176.46696099431986,
                70.79830808163433
              ],
              [
                -176.46694444805414,
                70.79839881001422
              ],
              [
                -176.46721244100942,
                70.79840441152842
              ],
              [
                -176.46722898602638,
                70.79831368312314
              ],
              [
                -176.46803296207466,
                70.79833048504307
              ],
              [
                -176.46804950319077,
                70.79823975654695
              ],
              [
                -176.46778151226866,
                70.79823415635677
              ],
              [
                -176.46779805447875,
                70.79814342787137
              ],
              [
                -176.46753006496007,
                70.79813782728219
              ],
              [
                -176.46756315141334,
                70.7979563703182
              ],
              [
                -176.4678311384347,
                70.79796197085659
              ],
              [
                -176.46786422177163,
                70.79778051378318
              ],
              [
                -176.46732825287842,
                70.7977693123835
              ],
              [
                -176.46731170878996,
                70.79786004087676
              ],
              [
                -176.46704372332684,
                70.79785443951492
              ],
              [
                -176.46702717783498,
                70.79794516796814
              ],
              [
                -176.46675919127796,
                70.79793956615649
              ],
              [
                -176.46677573801847,
                70.79784883772865
              ],
              [
                -176.46650775286486,
                70.797843235518
              ],
              [
                -176.4665243006992,
                70.79775250710091
              ],
              [
                -176.46625631694906,
                70.79774690449128
              ],
              [
                -176.46623976786609,
                70.79783763288295
              ],
              [
                -176.46597178302207,
                70.79783202982348
              ]
            ]
          ]
        ]
      },
      "properties": {
        "id": "cb0bbc7b1b20b55a",
        "region": "chukchi",
        "class": "unclassified_radar_target",
        "ice_identity": "unverified",
        "grounding": "unverified",
        "confidence": "low",
        "observed_at": "2026-01-28T05:18:21.957477Z",
        "source_id": "S1A_IW_GRDH_1SDH_20260128T051807_20260128T051836_062963_07E647",
        "source_level": "L1",
        "radar_area_m2": 3100.0,
        "radar_equivalent_diameter_m": 62.83,
        "physical_floe_diameter_m": null,
        "longitude": -176.4670191,
        "latitude": 70.798061,
        "native_spacing_m": 10,
        "effective_resolution_m": "20 x 22",
        "co_contrast_max_db": 11.29,
        "cross_contrast_max_db": 11.59,
        "co_snr_median_db": 18.03,
        "cross_snr_median_db": 7.7,
        "review_status": "unreviewed",
        "possible_confusions": "ridge, ship, fast ice, unresolved land, speckle",
        "stream": "chukchi:sentinel-1a:66:ascending:hh,hv",
        "repeat_track_id": "cb0bbc7b1b20b55a",
        "repeat_observations": 1,
        "repeat_span_days": 0.0,
        "repeat_excursion_m": 0.0,
        "persistent_location_candidate": false
      }
    },
    {
      "type": "Feature",
      "geometry": {
        "type": "MultiPolygon",
        "coordinates": [
          [
            [
              [
                -176.5099695599182,
                70.78654271647018
              ],
              [
                -176.5099368893921,
                70.7867241849589
              ],
              [
                -176.51020473348166,
                70.78672971849517
              ],
              [
                -176.51018839923697,
                70.78682045274265
              ],
              [
                -176.51072409036914,
                70.78683151859265
              ],
              [
                -176.5107404221189,
                70.78674078429503
              ],
              [
                -176.51100826666655,
                70.78674631655866
              ],
              [
                -176.51102459701622,
                70.78665558222137
              ],
              [
                -176.51075675371598,
                70.7866500499828
              ],
              [
                -176.51078941645207,
                70.7864685813144
              ],
              [
                -176.51052157579943,
                70.78646304870176
              ],
              [
                -176.51050524326027,
                70.78655378301822
              ],
              [
                -176.5099695599182,
                70.78654271647018
              ]
            ]
          ]
        ]
      },
      "properties": {
        "id": "318c9cef3f53cadc",
        "region": "chukchi",
        "class": "unclassified_radar_target",
        "ice_identity": "unverified",
        "grounding": "unverified",
        "confidence": "low",
        "observed_at": "2026-01-28T05:18:21.957477Z",
        "source_id": "S1A_IW_GRDH_1SDH_20260128T051807_20260128T051836_062963_07E647",
        "source_level": "L1",
        "radar_area_m2": 1000.0,
        "radar_equivalent_diameter_m": 35.68,
        "physical_floe_diameter_m": null,
        "longitude": -176.5104589,
        "latitude": 70.7866621,
        "native_spacing_m": 10,
        "effective_resolution_m": "20 x 22",
        "co_contrast_max_db": 9.96,
        "cross_contrast_max_db": 14.14,
        "co_snr_median_db": 19.19,
        "cross_snr_median_db": 12.59,
        "review_status": "unreviewed",
        "possible_confusions": "ridge, ship, fast ice, unresolved land, speckle",
        "stream": "chukchi:sentinel-1a:66:ascending:hh,hv",
        "repeat_track_id": "318c9cef3f53cadc",
        "repeat_observations": 1,
        "repeat_span_days": 0.0,
        "repeat_excursion_m": 0.0,
        "persistent_location_candidate": false
      }
    },
    {
      "type": "Feature",
      "geometry": {
        "type": "MultiPolygon",
        "coordinates": [
          [
            [
              [
                -176.5348327185628,
                70.79934878866277
              ],
              [
                -176.5348164888982,
                70.79943952346508
              ],
              [
                -176.53508451564488,
                70.79944501749031
              ],
              [
                -176.53506828707768,
                70.79953575230289
              ],
              [
                -176.53560434352494,
                70.79954673912965
              ],
              [
                -176.53562056959368,
                70.79945600426723
              ],
              [
                -176.53642465165547,
                70.79947248124891
              ],
              [
                -176.53644087382474,
                70.79938174629716
              ],
              [
                -176.5361728475683,
                70.79937625441934
              ],
              [
                -176.536189070835,
                70.79928551947792
              ],
              [
                -176.5364570958423,
                70.79929101133084
              ],
              [
                -176.536489539422,
                70.79910954135435
              ],
              [
                -176.53568547235065,
                70.79909306467154
              ],
              [
                -176.5356692468891,
                70.79918379959237
              ],
              [
                -176.5354012235864,
                70.79917830649087
              ],
              [
                -176.53536876970952,
                70.7993597762389
              ],
              [
                -176.5348327185628,
                70.79934878866277
              ]
            ]
          ]
        ]
      },
      "properties": {
        "id": "255f0341a4f2a323",
        "region": "chukchi",
        "class": "unclassified_radar_target",
        "ice_identity": "unverified",
        "grounding": "unverified",
        "confidence": "low",
        "observed_at": "2026-01-28T05:18:21.957477Z",
        "source_id": "S1A_IW_GRDH_1SDH_20260128T051807_20260128T051836_062963_07E647",
        "source_level": "L1",
        "radar_area_m2": 1800.0,
        "radar_equivalent_diameter_m": 47.87,
        "physical_floe_diameter_m": null,
        "longitude": -176.535764,
        "latitude": 70.7993223,
        "native_spacing_m": 10,
        "effective_resolution_m": "20 x 22",
        "co_contrast_max_db": 9.87,
        "cross_contrast_max_db": 14.21,
        "co_snr_median_db": 18.82,
        "cross_snr_median_db": 9.48,
        "review_status": "unreviewed",
        "possible_confusions": "ridge, ship, fast ice, unresolved land, speckle",
        "stream": "chukchi:sentinel-1a:66:ascending:hh,hv",
        "repeat_track_id": "255f0341a4f2a323",
        "repeat_observations": 1,
        "repeat_span_days": 0.0,
        "repeat_excursion_m": 0.0,
        "persistent_location_candidate": false
      }
    },
    {
      "type": "Feature",
      "geometry": {
        "type": "MultiPolygon",
        "coordinates": [
          [
            [
              [
                -176.5479665596903,
                70.77093099942263
              ],
              [
                -176.54790198049884,
                70.77129395993116
              ],
              [
                -176.54816962258326,
                70.7712994334784
              ],
              [
                -176.5481857663617,
                70.77120869334841
              ],
              [
                -176.54845340735127,
                70.77121416644698
              ],
              [
                -176.54846954973326,
                70.7711234262776
              ],
              [
                -176.54873718962796,
                70.77112889892746
              ],
              [
                -176.54876947144817,
                70.7709474184953
              ],
              [
                -176.5479665596903,
                70.77093099942263
              ]
            ]
          ]
        ]
      },
      "properties": {
        "id": "c9d0e4bc14f15407",
        "region": "chukchi",
        "class": "unclassified_radar_target",
        "ice_identity": "unverified",
        "grounding": "unverified",
        "confidence": "low",
        "observed_at": "2026-01-28T05:18:21.957477Z",
        "source_id": "S1A_IW_GRDH_1SDH_20260128T051807_20260128T051836_062963_07E647",
        "source_level": "L1",
        "radar_area_m2": 900.0,
        "radar_equivalent_diameter_m": 33.85,
        "physical_floe_diameter_m": null,
        "longitude": -176.5482825,
        "latitude": 70.7710842,
        "native_spacing_m": 10,
        "effective_resolution_m": "20 x 22",
        "co_contrast_max_db": 10.81,
        "cross_contrast_max_db": 10.17,
        "co_snr_median_db": 20.16,
        "cross_snr_median_db": 9.06,
        "review_status": "unreviewed",
        "possible_confusions": "ridge, ship, fast ice, unresolved land, speckle",
        "stream": "chukchi:sentinel-1a:66:ascending:hh,hv",
        "repeat_track_id": "c9d0e4bc14f15407",
        "repeat_observations": 1,
        "repeat_span_days": 0.0,
        "repeat_excursion_m": 0.0,
        "persistent_location_candidate": false
      }
    },
    {
      "type": "Feature",
      "geometry": {
        "type": "MultiPolygon",
        "coordinates": [
          [
            [
              [
                -176.33981081424258,
                70.71944855852546
              ],
              [
                -176.33979374269086,
                70.71953928561311
              ],
              [
                -176.34032748422808,
                70.719550892335
              ],
              [
                -176.34029334559926,
                70.71973234657058
              ],
              [
                -176.34109396652534,
                70.7197497536407
              ],
              [
                -176.3411110322054,
                70.71965902645177
              ],
              [
                -176.34084415964233,
                70.71965322454388
              ],
              [
                -176.3408612264013,
                70.71956249736628
              ],
              [
                -176.34059435523517,
                70.71955669506195
              ],
              [
                -176.34061142307314,
                70.71946596789573
              ],
              [
                -176.34034455330396,
                70.71946016519493
              ],
              [
                -176.34036162222083,
                70.71936943804008
              ],
              [
                -176.3400947538486,
                70.71936363494285
              ],
              [
                -176.34007768369375,
                70.71945436207152
              ],
              [
                -176.33981081424258,
                70.71944855852546
              ]
            ]
          ]
        ]
      },
      "properties": {
        "id": "df331b0cfc792451",
        "region": "chukchi",
        "class": "unclassified_radar_target",
        "ice_identity": "unverified",
        "grounding": "unverified",
        "confidence": "low",
        "observed_at": "2026-02-21T05:18:20.546650Z",
        "source_id": "S1A_IW_GRDH_1SDH_20260221T051805_20260221T051835_063313_07F367",
        "source_level": "L1",
        "radar_area_m2": 900.0,
        "radar_equivalent_diameter_m": 33.85,
        "physical_floe_diameter_m": null,
        "longitude": -176.3404562,
        "latitude": 70.719579,
        "native_spacing_m": 10,
        "effective_resolution_m": "20 x 22",
        "co_contrast_max_db": 9.11,
        "cross_contrast_max_db": 12.2,
        "co_snr_median_db": 17.23,
        "cross_snr_median_db": 7.0,
        "review_status": "unreviewed",
        "possible_confusions": "ridge, ship, fast ice, unresolved land, speckle",
        "stream": "chukchi:sentinel-1a:66:ascending:hh,hv",
        "repeat_track_id": "df331b0cfc792451",
        "repeat_observations": 1,
        "repeat_span_days": 0.0,
        "repeat_excursion_m": 0.0,
        "persistent_location_candidate": false
      }
    },
    {
      "type": "Feature",
      "geometry": {
        "type": "MultiPolygon",
        "coordinates": [
          [
            [
              [
                -176.34536823886788,
                70.7312297336604
              ],
              [
                -176.34528295736578,
                70.73168336326023
              ],
              [
                -176.34554999617768,
                70.73168915802826
              ],
              [
                -176.34556705155657,
                70.73159843211175
              ],
              [
                -176.34583408928793,
                70.73160422643072
              ],
              [
                -176.34588525075225,
                70.73133204851379
              ],
              [
                -176.34561821673933,
                70.73132625427333
              ],
              [
                -176.3456352714823,
                70.73123552829755
              ],
              [
                -176.34536823886788,
                70.7312297336604
              ]
            ]
          ]
        ]
      },
      "properties": {
        "id": "116afd89c9f90b3c",
        "region": "chukchi",
        "class": "unclassified_radar_target",
        "ice_identity": "unverified",
        "grounding": "unverified",
        "confidence": "low",
        "observed_at": "2026-02-21T05:18:20.546650Z",
        "source_id": "S1A_IW_GRDH_1SDH_20260221T051805_20260221T051835_063313_07F367",
        "source_level": "L1",
        "radar_area_m2": 800.0,
        "radar_equivalent_diameter_m": 31.92,
        "physical_floe_diameter_m": null,
        "longitude": -176.3455593,
        "latitude": 70.7314616,
        "native_spacing_m": 10,
        "effective_resolution_m": "20 x 22",
        "co_contrast_max_db": 7.79,
        "cross_contrast_max_db": 7.33,
        "co_snr_median_db": 17.69,
        "cross_snr_median_db": 4.36,
        "review_status": "unreviewed",
        "possible_confusions": "ridge, ship, fast ice, unresolved land, speckle",
        "stream": "chukchi:sentinel-1a:66:ascending:hh,hv",
        "repeat_track_id": "116afd89c9f90b3c",
        "repeat_observations": 1,
        "repeat_span_days": 0.0,
        "repeat_excursion_m": 0.0,
        "persistent_location_candidate": false
      }
    },
    {
      "type": "Feature",
      "geometry": {
        "type": "MultiPolygon",
        "coordinates": [
          [
            [
              [
                -176.43540401051655,
                70.76658732040231
              ],
              [
                -176.4353873439045,
                70.76667805024833
              ],
              [
                -176.43565489019525,
                70.76668370201735
              ],
              [
                -176.435638224672,
                70.76677443187421
              ],
              [
                -176.43617332020938,
                70.7667857341923
              ],
              [
                -176.43618998324362,
                70.76669500428429
              ],
              [
                -176.43645753000123,
                70.76670065478216
              ],
              [
                -176.43650751443704,
                70.76642846489314
              ],
              [
                -176.4362399714128,
                70.76642281447195
              ],
              [
                -176.43622330884537,
                70.76651354442411
              ],
              [
                -176.43595576473228,
                70.76650789355365
              ],
              [
                -176.43593910076478,
                70.76659862346553
              ],
              [
                -176.43540401051655,
                70.76658732040231
              ]
            ]
          ]
        ]
      },
      "properties": {
        "id": "9539d3a63b275a05",
        "region": "chukchi",
        "class": "unclassified_radar_target",
        "ice_identity": "unverified",
        "grounding": "unverified",
        "confidence": "low",
        "observed_at": "2026-02-21T05:18:20.546650Z",
        "source_id": "S1A_IW_GRDH_1SDH_20260221T051805_20260221T051835_063313_07F367",
        "source_level": "L1",
        "radar_area_m2": 900.0,
        "radar_equivalent_diameter_m": 33.85,
        "physical_floe_diameter_m": null,
        "longitude": -176.4360385,
        "latitude": 70.766626,
        "native_spacing_m": 10,
        "effective_resolution_m": "20 x 22",
        "co_contrast_max_db": 9.64,
        "cross_contrast_max_db": 8.2,
        "co_snr_median_db": 18.02,
        "cross_snr_median_db": 4.68,
        "review_status": "unreviewed",
        "possible_confusions": "ridge, ship, fast ice, unresolved land, speckle",
        "stream": "chukchi:sentinel-1a:66:ascending:hh,hv",
        "repeat_track_id": "9539d3a63b275a05",
        "repeat_observations": 1,
        "repeat_span_days": 0.0,
        "repeat_excursion_m": 0.0,
        "persistent_location_candidate": false
      }
    },
    {
      "type": "Feature",
      "geometry": {
        "type": "MultiPolygon",
        "coordinates": [
          [
            [
              [
                -176.43655749747236,
                70.76615627487169
              ],
              [
                -176.43654083661613,
                70.76624700489356
              ],
              [
                -176.43680837730713,
                70.76625265483986
              ],
              [
                -176.43677505761684,
                70.76643411489059
              ],
              [
                -176.43704260095225,
                70.76643976446432
              ],
              [
                -176.4370259421182,
                70.76653049449318
              ],
              [
                -176.43729348685363,
                70.76653614366877
              ],
              [
                -176.43731014444325,
                70.76644541361433
              ],
              [
                -176.43757768808982,
                70.76645106234064
              ],
              [
                -176.43761100031344,
                70.76626960213653
              ],
              [
                -176.43787854162665,
                70.76627525038799
              ],
              [
                -176.43789519626068,
                70.7661845202383
              ],
              [
                -176.4373601162787,
                70.7661732233628
              ],
              [
                -176.437376773246,
                70.76608249324953
              ],
              [
                -176.43684169637504,
                70.7660711947303
              ],
              [
                -176.43682503691886,
                70.76616192479243
              ],
              [
                -176.43655749747236,
                70.76615627487169
              ]
            ]
          ]
        ]
      },
      "properties": {
        "id": "392ebab593f66cb6",
        "region": "chukchi",
        "class": "unclassified_radar_target",
        "ice_identity": "unverified",
        "grounding": "unverified",
        "confidence": "low",
        "observed_at": "2026-02-21T05:18:20.546650Z",
        "source_id": "S1A_IW_GRDH_1SDH_20260221T051805_20260221T051835_063313_07F367",
        "source_level": "L1",
        "radar_area_m2": 1400.0,
        "radar_equivalent_diameter_m": 42.22,
        "physical_floe_diameter_m": null,
        "longitude": -176.437187,
        "latitude": 70.7662802,
        "native_spacing_m": 10,
        "effective_resolution_m": "20 x 22",
        "co_contrast_max_db": 9.48,
        "cross_contrast_max_db": 12.19,
        "co_snr_median_db": 18.27,
        "cross_snr_median_db": 7.53,
        "review_status": "unreviewed",
        "possible_confusions": "ridge, ship, fast ice, unresolved land, speckle",
        "stream": "chukchi:sentinel-1a:66:ascending:hh,hv",
        "repeat_track_id": "392ebab593f66cb6",
        "repeat_observations": 1,
        "repeat_span_days": 0.0,
        "repeat_excursion_m": 0.0,
        "persistent_location_candidate": false
      }
    },
    {
      "type": "Feature",
      "geometry": {
        "type": "MultiPolygon",
        "coordinates": [
          [
            [
              [
                -176.43767762289409,
                70.7659066815518
              ],
              [
                -176.43764431191488,
                70.7660881418736
              ],
              [
                -176.43817938971912,
                70.76609943785056
              ],
              [
                -176.4381960427977,
                70.76600870764591
              ],
              [
                -176.4384635806887,
                70.76601435497327
              ],
              [
                -176.43848023236737,
                70.76592362472836
              ],
              [
                -176.43874776916948,
                70.76592927160647
              ],
              [
                -176.4387644194482,
                70.76583854132127
              ],
              [
                -176.4379618132416,
                70.7658215994925
              ],
              [
                -176.43794515922966,
                70.76591232970102
              ],
              [
                -176.43767762289409,
                70.7659066815518
              ]
            ]
          ]
        ]
      },
      "properties": {
        "id": "23fc88bd81182499",
        "region": "chukchi",
        "class": "unclassified_radar_target",
        "ice_identity": "unverified",
        "grounding": "unverified",
        "confidence": "low",
        "observed_at": "2026-02-21T05:18:20.546650Z",
        "source_id": "S1A_IW_GRDH_1SDH_20260221T051805_20260221T051835_063313_07F367",
        "source_level": "L1",
        "radar_area_m2": 800.0,
        "radar_equivalent_diameter_m": 31.92,
        "physical_floe_diameter_m": null,
        "longitude": -176.4381396,
        "latitude": 70.7659506,
        "native_spacing_m": 10,
        "effective_resolution_m": "20 x 22",
        "co_contrast_max_db": 10.3,
        "cross_contrast_max_db": 9.03,
        "co_snr_median_db": 19.43,
        "cross_snr_median_db": 5.27,
        "review_status": "unreviewed",
        "possible_confusions": "ridge, ship, fast ice, unresolved land, speckle",
        "stream": "chukchi:sentinel-1a:66:ascending:hh,hv",
        "repeat_track_id": "23fc88bd81182499",
        "repeat_observations": 1,
        "repeat_span_days": 0.0,
        "repeat_excursion_m": 0.0,
        "persistent_location_candidate": false
      }
    },
    {
      "type": "Feature",
      "geometry": {
        "type": "MultiPolygon",
        "coordinates": [
          [
            [
              [
                -176.48335988302892,
                70.75538909504895
              ],
              [
                -176.4833105829616,
                70.7556613034802
              ],
              [
                -176.48411280897687,
                70.75567803013946
              ],
              [
                -176.4841456683819,
                70.75549655771535
              ],
              [
                -176.48387826204345,
                70.75549098263622
              ],
              [
                -176.4838946927592,
                70.75540024642736
              ],
              [
                -176.48335988302892,
                70.75538909504895
              ]
            ]
          ]
        ]
      },
      "properties": {
        "id": "7944872e687e64bf",
        "region": "chukchi",
        "class": "unclassified_radar_target",
        "ice_identity": "unverified",
        "grounding": "unverified",
        "confidence": "low",
        "observed_at": "2026-02-21T05:18:20.546650Z",
        "source_id": "S1A_IW_GRDH_1SDH_20260221T051805_20260221T051835_063313_07F367",
        "source_level": "L1",
        "radar_area_m2": 800.0,
        "radar_equivalent_diameter_m": 31.92,
        "physical_floe_diameter_m": null,
        "longitude": -176.4837009,
        "latitude": 70.7555442,
        "native_spacing_m": 10,
        "effective_resolution_m": "20 x 22",
        "co_contrast_max_db": 8.56,
        "cross_contrast_max_db": 9.27,
        "co_snr_median_db": 18.59,
        "cross_snr_median_db": 7.32,
        "review_status": "unreviewed",
        "possible_confusions": "ridge, ship, fast ice, unresolved land, speckle",
        "stream": "chukchi:sentinel-1a:66:ascending:hh,hv",
        "repeat_track_id": "7944872e687e64bf",
        "repeat_observations": 1,
        "repeat_span_days": 0.0,
        "repeat_excursion_m": 0.0,
        "persistent_location_candidate": false
      }
    }
  ]
}