{
  "type": "FeatureCollection",
  "features": [
    {
      "type": "Feature",
      "geometry": {
        "type": "MultiPolygon",
        "coordinates": [
          [
            [
              [
                52.00278306694698,
                71.06937537455643
              ],
              [
                52.002139303067814,
                71.06920756235456
              ],
              [
                52.00297748794397,
                71.06884954699555
              ],
              [
                52.003406659475665,
                71.06896142003747
              ],
              [
                52.002903754196254,
                71.06917623098732
              ],
              [
                52.00311834278526,
                71.06923216770839
              ],
              [
                52.00278306694698,
                71.06937537455643
              ]
            ]
          ]
        ]
      },
      "properties": {
        "id": "3ba504936e891703",
        "class": "floe_instance_candidate",
        "ice_identity": "optical_candidate",
        "grounding": "unverified",
        "confirmed_stamukha": false,
        "confidence": "low",
        "review_status": "unreviewed",
        "region": "barents",
        "observed_at": "2026-02-25T09:00:06.641000Z",
        "source_id": "S2C_T39WWU_20260225T085937_L2A",
        "source_collection": "sentinel-2-c1-l2a",
        "source_level": "L2A",
        "area_m2": 1200.0,
        "equivalent_diameter_m": 39.09,
        "longitude": 52.0027847,
        "latitude": 71.0691164,
        "truncated": false,
        "minimum_threshold_iou": 0.632,
        "threshold_stable": true,
        "inferred_boundary_fraction": 0.0,
        "touching_floes_may_be_split": false,
        "isolated_stable_candidate": true,
        "low_sun": true,
        "sun_elevation_deg": 10.2149731551564,
        "processing_method": "distance_watershed_experimental_v1",
        "native_green_m": 10,
        "native_swir_m": 20,
        "notice": "Candidate outline; shape splitting can divide one floe or merge multiple floes; 30 m completeness unvalidated"
      }
    },
    {
      "type": "Feature",
      "geometry": {
        "type": "MultiPolygon",
        "coordinates": [
          [
            [
              [
                51.89105121757173,
                71.04259389917446
              ],
              [
                51.89062329447251,
                71.0424817408997
              ],
              [
                51.8907911166987,
                71.04241024419188
              ],
              [
                51.8897213324222,
                71.04212984476224
              ],
              [
                51.88988915493204,
                71.04205834889788
              ],
              [
                51.88924730032872,
                71.0418901065867
              ],
              [
                51.889415122507316,
                71.04181861115951
              ],
              [
                51.888987226319834,
                71.04170644866552
              ],
              [
                51.88915504785981,
                71.04163495347234
              ],
              [
                51.888941101953385,
                71.04157887202065
              ],
              [
                51.8897801923905,
                71.04122139448647
              ],
              [
                51.88935230741087,
                71.0411092327988
              ],
              [
                51.88952012235319,
                71.04103773718145
              ],
              [
                51.889092243001166,
                71.04092557481249
              ],
              [
                51.88926005730491,
                71.04085407942917
              ],
              [
                51.8879764511696,
                71.04051758701601
              ],
              [
                51.88814426606387,
                71.04044609267918
              ],
              [
                51.88728855493286,
                71.04022175977889
              ],
              [
                51.88745636980292,
                71.04015026608232
              ],
              [
                51.88660067995101,
                71.0399259296448
              ],
              [
                51.88676849479672,
                71.03985443658843
              ],
              [
                51.885912826223255,
                71.03963009661382
              ],
              [
                51.8860806410445,
                71.0395586041977
              ],
              [
                51.88586672734098,
                71.03950251872755
              ],
              [
                51.88603454121628,
                71.03943102634229
              ],
              [
                51.88582062907296,
                71.03937494080343
              ],
              [
                51.88598844200233,
                71.039303448449
              ],
              [
                51.88577453141917,
                71.03924736284142
              ],
              [
                51.88594234340264,
                71.03917587051785
              ],
              [
                51.88572843437963,
                71.03911978484155
              ],
              [
                51.88589624541718,
                71.03904829254884
              ],
              [
                51.88568233795429,
                71.03899220680383
              ],
              [
                51.88585014804596,
                71.03892071454194
              ],
              [
                51.886064055201736,
                71.03897680008383
              ],
              [
                51.88639967101185,
                71.03883381463707
              ],
              [
                51.88682748785385,
                71.03894598409292
              ],
              [
                51.88699529326516,
                71.03887449070491
              ],
              [
                51.88720920325848,
                71.03893057482196
              ],
              [
                51.887377007109656,
                71.03885908105859
              ],
              [
                51.887590918048765,
                71.0389151647007
              ],
              [
                51.88775872033978,
                71.03884367056197
              ],
              [
                51.88797263222468,
                71.03889975372911
              ],
              [
                51.88814043295555,
                71.03882825921504
              ],
              [
                51.8883543457862,
                71.0388843419072
              ],
              [
                51.8885221449569,
                71.03881284701777
              ],
              [
                51.88873605873329,
                71.03886892923501
              ],
              [
                51.88856825986982,
                71.03894042432755
              ],
              [
                51.88899609179593,
                71.03905258835267
              ],
              [
                51.88916389004493,
                71.03898109285393
              ],
              [
                51.88959172636842,
                71.03909325538542
              ],
              [
                51.889927317878445,
                71.03895026305875
              ],
              [
                51.889713399704775,
                71.03889418233513
              ],
              [
                51.88988119388763,
                71.03882268611655
              ],
              [
                51.88966727727417,
                71.03876660532417
              ],
              [
                51.89000286249568,
                71.0386236127765
              ],
              [
                51.889788947749686,
                71.0385675321185
              ],
              [
                51.89062789041418,
                71.03821004875077
              ],
              [
                51.89084180362373,
                71.03826612839327
              ],
              [
                51.891009588090746,
                71.03819463099997
              ],
              [
                51.89015394399873,
                71.03797031161122
              ],
              [
                51.89132840879348,
                71.03746983072243
              ],
              [
                51.89111450305347,
                71.03741375161727
              ],
              [
                51.892288908615036,
                71.0369132637116
              ],
              [
                51.89314453048627,
                71.03713757281479
              ],
              [
                51.89297676325064,
                71.03720907241598
              ],
              [
                51.8931906721575,
                71.03726514921522
              ],
              [
                51.89285513454287,
                71.03740814830715
              ],
              [
                51.89306904531719,
                71.0374642252407
              ],
              [
                51.89290127493818,
                71.03753572473146
              ],
              [
                51.89311518727259,
                71.03759180159621
              ],
              [
                51.89294741594822,
                71.03766330111785
              ],
              [
                51.89316132984276,
                71.03771937791385
              ],
              [
                51.89299355757302,
                71.03779087746638
              ],
              [
                51.893849226908415,
                71.038015182744
              ],
              [
                51.893681454615525,
                71.03808668293668
              ],
              [
                51.89389537538876,
                71.0381427587795
              ],
              [
                51.8937276021505,
                71.03821425900306
              ],
              [
                51.895439015897516,
                71.0386628575826
              ],
              [
                51.89527124386621,
                71.0387343592587
              ],
              [
                51.895057312455386,
                71.03867828518476
              ],
              [
                51.894889538863715,
                71.0387497864856
              ],
              [
                51.89531740355325,
                71.03886193476775
              ],
              [
                51.89582071872461,
                71.03864742913014
              ],
              [
                51.89603465202609,
                71.03870350225408
              ],
              [
                51.89620242093662,
                71.03863199982739
              ],
              [
                51.89641635518341,
                71.03868807247633
              ],
              [
                51.89658412253353,
                71.03861656967437
              ],
              [
                51.89722593186825,
                71.03878478538053
              ],
              [
                51.89739369704278,
                71.03871328179711
              ],
              [
                51.89760763568577,
                71.03876935295226
              ],
              [
                51.89777539929985,
                71.03869784899356
              ],
              [
                51.898631165169746,
                71.03892213008264
              ],
              [
                51.8987989263004,
                71.0388506251394
              ],
              [
                51.89901287059233,
                71.03890669452879
              ],
              [
                51.89918063016246,
                71.03883518921026
              ],
              [
                51.90003641862784,
                71.03905946323619
              ],
              [
                51.90020417571428,
                71.03898795693317
              ],
              [
                51.90084602929504,
                71.03915615898802
              ],
              [
                51.90067827313186,
                71.03922766590034
              ],
              [
                51.900892227138925,
                71.03928373291117
              ],
              [
                51.90072447003063,
                71.03935523985439
              ],
              [
                51.90093842559836,
                71.0394113067964
              ],
              [
                51.900770667544954,
                71.03948281377053
              ],
              [
                51.90098462467337,
                71.03953888064369
              ],
              [
                51.90081686567485,
                71.03961038764876
              ],
              [
                51.90103082436396,
                71.03966645445306
              ],
              [
                51.9008630644203,
                71.03973796148908
              ],
              [
                51.90107702467014,
                71.03979402822452
              ],
              [
                51.90090926378134,
                71.03986553529148
              ],
              [
                51.90112322559192,
                71.03992160195807
              ],
              [
                51.8999488664415,
                71.04042214802774
              ],
              [
                51.900162831659614,
                71.0404782158441
              ],
              [
                51.89898841326476,
                71.04097875489893
              ],
              [
                51.89877444589232,
                71.04092268566085
              ],
              [
                51.89827110400333,
                71.04113719920652
              ],
              [
                51.898485072298975,
                71.04119326905395
              ],
              [
                51.898317289470754,
                71.04126477342793
              ],
              [
                51.898531259327285,
                71.04132084320656
              ],
              [
                51.898195690526805,
                71.04146385184413
              ],
              [
                51.898409662251986,
                71.04151992175703
              ],
              [
                51.898074089054205,
                71.04166293011205
              ],
              [
                51.89786011671356,
                71.04160685979289
              ],
              [
                51.89769232792712,
                71.04167836350899
              ],
              [
                51.89747835653198,
                71.04162229271476
              ],
              [
                51.895968198288415,
                71.04226581658216
              ],
              [
                51.895754225377416,
                71.04220974368785
              ],
              [
                51.89558642344292,
                71.04228124527556
              ],
              [
                51.895372451477606,
                71.04222517190615
              ],
              [
                51.89335872680974,
                71.04308317508743
              ],
              [
                51.8931447524066,
                71.04302709900843
              ],
              [
                51.893312569996894,
                71.04295559989377
              ],
              [
                51.89181478642392,
                71.04256306114853
              ],
              [
                51.891646966680966,
                71.04263455884117
              ],
              [
                51.89121903918302,
                71.04252240206036
              ],
              [
                51.89105121757173,
                71.04259389917446
              ]
            ]
          ]
        ]
      },
      "properties": {
        "id": "b4052754ad1dcb2b",
        "class": "floe_instance_candidate",
        "ice_identity": "optical_candidate",
        "grounding": "unverified",
        "confirmed_stamukha": false,
        "confidence": "low",
        "review_status": "unreviewed",
        "region": "barents",
        "observed_at": "2026-02-25T09:00:06.641000Z",
        "source_id": "S2C_T39WWU_20260225T085937_L2A",
        "source_collection": "sentinel-2-c1-l2a",
        "source_level": "L2A",
        "area_m2": 187900.0,
        "equivalent_diameter_m": 489.12,
        "longitude": 51.8934843,
        "latitude": 71.0401405,
        "truncated": false,
        "minimum_threshold_iou": 0.846,
        "threshold_stable": true,
        "inferred_boundary_fraction": 0.61,
        "touching_floes_may_be_split": true,
        "isolated_stable_candidate": false,
        "low_sun": true,
        "sun_elevation_deg": 10.2149731551564,
        "processing_method": "distance_watershed_experimental_v1",
        "native_green_m": 10,
        "native_swir_m": 20,
        "notice": "Candidate outline; shape splitting can divide one floe or merge multiple floes; 30 m completeness unvalidated"
      }
    },
    {
      "type": "Feature",
      "geometry": {
        "type": "MultiPolygon",
        "coordinates": [
          [
            [
              [
                51.87678760654045,
                71.02614835424944
              ],
              [
                51.875932666844726,
                71.02592395964945
              ],
              [
                51.87643585916227,
                71.02570950659434
              ],
              [
                51.87664959129028,
                71.02576560504276
              ],
              [
                51.876817319253774,
                71.02569412014364
              ],
              [
                51.877031052326856,
                71.0257502181175
              ],
              [
                51.87719877873269,
                71.02567873284312
              ],
              [
                51.878267461336996,
                71.02595921762351
              ],
              [
                51.877764282960285,
                71.02617367597468
              ],
              [
                51.877336804326404,
                71.0260614816594
              ],
              [
                51.87716907508536,
                71.02613296702603
              ],
              [
                51.87695533733921,
                71.02607686925799
              ],
              [
                51.87678760654045,
                71.02614835424944
              ]
            ]
          ]
        ]
      },
      "properties": {
        "id": "21ee2d1e52120acd",
        "class": "floe_instance_candidate",
        "ice_identity": "optical_candidate",
        "grounding": "unverified",
        "confirmed_stamukha": false,
        "confidence": "low",
        "review_status": "unreviewed",
        "region": "barents",
        "observed_at": "2026-02-25T09:00:06.641000Z",
        "source_id": "S2C_T39WWU_20260225T085937_L2A",
        "source_collection": "sentinel-2-c1-l2a",
        "source_level": "L2A",
        "area_m2": 2700.0,
        "equivalent_diameter_m": 58.63,
        "longitude": 51.877095,
        "latitude": 71.0259274,
        "truncated": false,
        "minimum_threshold_iou": 0.628,
        "threshold_stable": true,
        "inferred_boundary_fraction": 0.0,
        "touching_floes_may_be_split": false,
        "isolated_stable_candidate": true,
        "low_sun": true,
        "sun_elevation_deg": 10.2149731551564,
        "processing_method": "distance_watershed_experimental_v1",
        "native_green_m": 10,
        "native_swir_m": 20,
        "notice": "Candidate outline; shape splitting can divide one floe or merge multiple floes; 30 m completeness unvalidated"
      }
    },
    {
      "type": "Feature",
      "geometry": {
        "type": "MultiPolygon",
        "coordinates": [
          [
            [
              [
                51.92519221416372,
                71.03687508295869
              ],
              [
                51.924764218978765,
                71.03676300890677
              ],
              [
                51.924931863608656,
                71.03669147815552
              ],
              [
                51.924717868203345,
                71.03663544092447
              ],
              [
                51.92488551188971,
                71.03656391020428
              ],
              [
                51.924671518045415,
                71.03650787290418
              ],
              [
                51.924839160788245,
                71.03643634221503
              ],
              [
                51.92462516850493,
                71.03638030484585
              ],
              [
                51.92479281030424,
                71.03630877418775
              ],
              [
                51.92457881958188,
                71.03625273674953
              ],
              [
                51.924746460437696,
                71.03618120612248
              ],
              [
                51.92453247127627,
                71.03612516861521
              ],
              [
                51.924700111188585,
                71.03605363801921
              ],
              [
                51.92448612358808,
                71.0359976004429
              ],
              [
                51.92465376255691,
                71.03592606987793
              ],
              [
                51.924439776517296,
                71.03587003223257
              ],
              [
                51.92460741454264,
                71.03579850169866
              ],
              [
                51.92332352645251,
                71.03546227133124
              ],
              [
                51.92349116507773,
                71.03539074184344
              ],
              [
                51.92263526596155,
                71.03516658363618
              ],
              [
                51.92280290456911,
                71.03509505478843
              ],
              [
                51.92258893322894,
                71.0350390147595
              ],
              [
                51.922756570893,
                71.0349674859428
              ],
              [
                51.922970541924585,
                71.03502352576871
              ],
              [
                51.92330581287929,
                71.03488046721336
              ],
              [
                51.92309184246493,
                71.03482442779347
              ],
              [
                51.92342710902863,
                71.03468136895626
              ],
              [
                51.92364107882577,
                71.03473740797016
              ],
              [
                51.923976339764096,
                71.0345943480391
              ],
              [
                51.924190310195996,
                71.03465038637493
              ],
              [
                51.924525565508965,
                71.03450732535003
              ],
              [
                51.92473953657558,
                71.03456336300786
              ],
              [
                51.92490716204539,
                71.03449183203449
              ],
              [
                51.92512113405533,
                71.03454786921722
              ],
              [
                51.92528875796447,
                71.03447633786891
              ],
              [
                51.925502730917714,
                71.03453237457663
              ],
              [
                51.926005594207176,
                71.03431777889095
              ],
              [
                51.926219567486264,
                71.03437381471763
              ],
              [
                51.9263871857701,
                71.03430228227552
              ],
              [
                51.926601159992416,
                71.03435831762715
              ],
              [
                51.926768776715555,
                71.03428678481012
              ],
              [
                51.927410705967986,
                71.03445488862367
              ],
              [
                51.927578320512886,
                71.03438335502572
              ],
              [
                51.92800627899004,
                71.03449542246842
              ],
              [
                51.92850911326025,
                71.03428081942506
              ],
              [
                51.928723093450294,
                71.03433685212934
              ],
              [
                51.92905830941979,
                71.03419378216815
              ],
              [
                51.92970025564839,
                71.03436187743061
              ],
              [
                51.92986786082868,
                71.03429034158317
              ],
              [
                51.93029583062291,
                71.03440240332512
              ],
              [
                51.93046343393348,
                71.03433086689981
              ],
              [
                51.93089140811755,
                71.03444292714742
              ],
              [
                51.931059009558375,
                71.03437139014422
              ],
              [
                51.93148698813225,
                71.0344834488975
              ],
              [
                51.93131938730931,
                71.03455498630669
              ],
              [
                51.931961365486444,
                71.03472307300486
              ],
              [
                51.93162616193859,
                71.03486614852542
              ],
              [
                51.93184015778616,
                71.03492217728657
              ],
              [
                51.93133734400151,
                71.03513678988708
              ],
              [
                51.93155134202802,
                71.03519281898514
              ],
              [
                51.93171894756591,
                71.03512128142053
              ],
              [
                51.93193294653545,
                71.03517731004348
              ],
              [
                51.93243575471014,
                71.0349626957093
              ],
              [
                51.932649754004636,
                71.03501872345117
              ],
              [
                51.93281735391655,
                71.034947184793
              ],
              [
                51.93324535564337,
                71.0350592390544
              ],
              [
                51.93307775634955,
                71.03513077811859
              ],
              [
                51.933505763702414,
                71.03524283169749
              ],
              [
                51.93333816377471,
                71.03531437099574
              ],
              [
                51.93398018512125,
                71.03548244993222
              ],
              [
                51.93381258486878,
                71.03555398966753
              ],
              [
                51.93445461841089,
                71.03572206676384
              ],
              [
                51.934622217736006,
                71.03565052641954
              ],
              [
                51.9354782787509,
                71.0358746245928
              ],
              [
                51.935310680662404,
                71.03594616574907
              ],
              [
                51.935524699355454,
                71.03600218981504
              ],
              [
                51.93585989366201,
                71.03585910692459
              ],
              [
                51.93607391298874,
                71.03591513031242
              ],
              [
                51.93640910166867,
                71.03577204632847
              ],
              [
                51.93491099700296,
                71.03537987974062
              ],
              [
                51.93507859162913,
                71.03530833891175
              ],
              [
                51.93486458199406,
                71.03525231422792
              ],
              [
                51.93519976810874,
                71.03510923246048
              ],
              [
                51.93498576034391,
                71.03505320791052
              ],
              [
                51.93532094206903,
                71.03491012586151
              ],
              [
                51.93553494921557,
                71.03496615000552
              ],
              [
                51.93570253789108,
                71.03489460852023
              ],
              [
                51.93591654598039,
                71.03495063218911
              ],
              [
                51.936084133094795,
                71.03487909032896
              ],
              [
                51.937368206066225,
                71.03521522540954
              ],
              [
                51.937200620807054,
                71.0352867684876
              ],
              [
                51.93805669573069,
                71.03551085391034
              ],
              [
                51.93788911045656,
                71.03558239762849
              ],
              [
                51.93831715604883,
                71.03569443911292
              ],
              [
                51.93814957014129,
                71.03576598306515
              ],
              [
                51.938363595124734,
                71.0358220036021
              ],
              [
                51.93819600827447,
                71.03589354758547
              ],
              [
                51.93841003481924,
                71.03594956805327
              ],
              [
                51.93824244702624,
                71.03602111206776
              ],
              [
                51.93867050449053,
                71.03613315259283
              ],
              [
                51.938502916064124,
                71.03620469684141
              ],
              [
                51.93871694698369,
                71.03626071689868
              ],
              [
                51.93854935761453,
                71.03633226117842
              ],
              [
                51.938763390095495,
                71.03638828116651
              ],
              [
                51.93842820821958,
                71.03653136961631
              ],
              [
                51.93885627817518,
                71.03664340958798
              ],
              [
                51.93868868597773,
                71.03671495396107
              ],
              [
                51.93911676156055,
                71.03682699325003
              ],
              [
                51.93894916872967,
                71.03689853785724
              ],
              [
                51.93916320870866,
                71.03695455729645
              ],
              [
                51.93815762728394,
                71.03738382254838
              ],
              [
                51.93794358544882,
                71.03732780189117
              ],
              [
                51.93693795708798,
                71.03775705973733
              ],
              [
                51.93629583352847,
                71.03758899247846
              ],
              [
                51.93646344231381,
                71.03751745054286
              ],
              [
                51.936249403941126,
                71.0374614277819
              ],
              [
                51.93641701178347,
                71.0373898858774
              ],
              [
                51.93620297497231,
                71.0373338630473
              ],
              [
                51.93637058187168,
                71.03726232117393
              ],
              [
                51.93594251262458,
                71.03715027510322
              ],
              [
                51.93611011889022,
                71.03707873346396
              ],
              [
                51.935896086454235,
                71.03702271022335
              ],
              [
                51.935058041057566,
                71.03738041568563
              ],
              [
                51.93527207503968,
                71.03743643994127
              ],
              [
                51.93460161741856,
                71.0377226020289
              ],
              [
                51.93438758219961,
                71.0376665769612
              ],
              [
                51.93388472490699,
                71.03788119611282
              ],
              [
                51.93367069001282,
                71.03782517016393
              ],
              [
                51.93350306810145,
                71.03789670933429
              ],
              [
                51.93328903415046,
                71.03784068291021
              ],
              [
                51.9331214106776,
                71.03791222170564
              ],
              [
                51.93290737766981,
                71.03785619480637
              ],
              [
                51.93273975263546,
                71.03792773322687
              ],
              [
                51.932525720570894,
                71.03787170585245
              ],
              [
                51.93235809397507,
                71.03794324389798
              ],
              [
                51.93214406285374,
                71.03788721604842
              ],
              [
                51.93197643469646,
                71.03795875371901
              ],
              [
                51.9317624045184,
                71.03790272539426
              ],
              [
                51.931594774799656,
                71.03797426268989
              ],
              [
                51.931380745564894,
                71.03791823388997
              ],
              [
                51.9312131142847,
                71.03798977081064
              ],
              [
                51.930357008633116,
                71.03776565207752
              ],
              [
                51.930189374864405,
                71.03783718801418
              ],
              [
                51.92997535127341,
                71.03778115744753
              ],
              [
                51.929807715943326,
                71.0378526930092
              ],
              [
                51.9295936932957,
                71.03779666196742
              ],
              [
                51.929426056404246,
                71.03786819715411
              ],
              [
                51.92899801424819,
                71.0377561338481
              ],
              [
                51.929165651757586,
                71.03768459906746
              ],
              [
                51.927025519207994,
                71.0371242682408
              ],
              [
                51.92719315855412,
                71.03705273531841
              ],
              [
                51.92697915249582,
                71.0369967009422
              ],
              [
                51.92714679089849,
                71.03692516805087
              ],
              [
                51.9260767809354,
                71.03664499310347
              ],
              [
                51.925573857338264,
                71.0368595882162
              ],
              [
                51.9253598581761,
                71.03680355180138
              ],
              [
                51.92519221416372,
                71.03687508295869
              ]
            ]
          ]
        ]
      },
      "properties": {
        "id": "af887b40c0bc3ca1",
        "class": "floe_instance_candidate",
        "ice_identity": "optical_candidate",
        "grounding": "unverified",
        "confirmed_stamukha": false,
        "confidence": "low",
        "review_status": "unreviewed",
        "region": "barents",
        "observed_at": "2026-02-25T09:00:06.641000Z",
        "source_id": "S2C_T39WWU_20260225T085937_L2A",
        "source_collection": "sentinel-2-c1-l2a",
        "source_level": "L2A",
        "area_m2": 155200.0,
        "equivalent_diameter_m": 444.53,
        "longitude": 51.9309847,
        "latitude": 71.0361043,
        "truncated": false,
        "minimum_threshold_iou": 0.804,
        "threshold_stable": true,
        "inferred_boundary_fraction": 0.335,
        "touching_floes_may_be_split": true,
        "isolated_stable_candidate": false,
        "low_sun": true,
        "sun_elevation_deg": 10.2149731551564,
        "processing_method": "distance_watershed_experimental_v1",
        "native_green_m": 10,
        "native_swir_m": 20,
        "notice": "Candidate outline; shape splitting can divide one floe or merge multiple floes; 30 m completeness unvalidated"
      }
    },
    {
      "type": "Feature",
      "geometry": {
        "type": "MultiPolygon",
        "coordinates": [
          [
            [
              [
                51.93531312555166,
                71.03329227998269
              ],
              [
                51.93424319908388,
                71.03301215442285
              ],
              [
                51.93457835064169,
                71.03286907336891
              ],
              [
                51.934364369721315,
                71.0328130478466
              ],
              [
                51.93486708859763,
                71.03259842558553
              ],
              [
                51.93465310985602,
                71.03254240039999
              ],
              [
                51.93532338540446,
                71.03225623579098
              ],
              [
                51.935751341666844,
                71.03236828426631
              ],
              [
                51.93591890680681,
                71.03229674227849
              ],
              [
                51.93613288650631,
                71.03235276590507
              ],
              [
                51.93630045008561,
                71.03228122354243
              ],
              [
                51.93587249255636,
                71.03216917642308
              ],
              [
                51.93604005550227,
                71.03209763429452
              ],
              [
                51.93582607892408,
                71.03204161052966
              ],
              [
                51.93599364092749,
                71.03197006843217
              ],
              [
                51.93492377835497,
                71.03168994654126
              ],
              [
                51.93509134065211,
                71.03161840528668
              ],
              [
                51.93487737220119,
                71.03156238029518
              ],
              [
                51.935212493658995,
                71.03141929767631
              ],
              [
                51.93542646149186,
                71.03147532226193
              ],
              [
                51.93576157732567,
                71.03133223854974
              ],
              [
                51.935547610110866,
                71.03127621437002
              ],
              [
                51.93571516645962,
                71.0312046724591
              ],
              [
                51.93507327325102,
                71.03103659889634
              ],
              [
                51.935408384048365,
                71.0308935157766
              ],
              [
                51.93519442276637,
                71.03083749111738
              ],
              [
                51.935361976596944,
                71.03076594950268
              ],
              [
                51.93450614521891,
                71.03054184895694
              ],
              [
                51.93467369903405,
                71.03047030798214
              ],
              [
                51.93445974462694,
                71.03041428236847
              ],
              [
                51.93479484912108,
                71.03027120030916
              ],
              [
                51.93500880291024,
                71.03032722551696
              ],
              [
                51.935176352971325,
                71.03025568402659
              ],
              [
                51.9360321794054,
                71.03047978132537
              ],
              [
                51.9363672733015,
                71.03033669620565
              ],
              [
                51.93679519279041,
                71.03044874241087
              ],
              [
                51.93696273724336,
                71.03037719918737
              ],
              [
                51.937390661119466,
                71.03048924389842
              ],
              [
                51.93822836152367,
                71.03013152317423
              ],
              [
                51.93865628731398,
                71.03024356476764
              ],
              [
                51.93882382302269,
                71.0301720197015
              ],
              [
                51.939037787485624,
                71.03022803988713
              ],
              [
                51.93920532163391,
                71.0301564944462
              ],
              [
                51.93899135748011,
                71.03010047446351
              ],
              [
                51.93915889068627,
                71.0300289290537
              ],
              [
                51.9393728545309,
                71.03008494883349
              ],
              [
                51.93954038617665,
                71.03001340304894
              ],
              [
                51.939754350963376,
                71.03006942235373
              ],
              [
                51.94025693746563,
                71.02985478336045
              ],
              [
                51.94047090257603,
                71.02991080178437
              ],
              [
                51.940638428598454,
                71.02983925490676
              ],
              [
                51.94085239465087,
                71.02989527285567
              ],
              [
                51.94101991911286,
                71.02982372560331
              ],
              [
                51.94123388610726,
                71.02987974307719
              ],
              [
                51.94140140900881,
                71.02980819545013
              ],
              [
                51.94161537694518,
                71.02986421244898
              ],
              [
                51.941782898286284,
                71.0297926644472
              ],
              [
                51.9419968671646,
                71.02984868097106
              ],
              [
                51.94216438694523,
                71.02977713259455
              ],
              [
                51.943662201962155,
                71.03016923922189
              ],
              [
                51.9434946843467,
                71.03024078901878
              ],
              [
                51.94413662476462,
                71.03040883124316
              ],
              [
                51.94396910682601,
                71.03048038147702
              ],
              [
                51.94482504613836,
                71.03070443477802
              ],
              [
                51.94499256283936,
                71.03063288373245
              ],
              [
                51.946276507489706,
                71.03096895430218
              ],
              [
                51.94610899264545,
                71.03104050656526
              ],
              [
                51.94632298810952,
                71.0310965175773
              ],
              [
                51.94615547232345,
                71.03116806987151
              ],
              [
                51.94679746715214,
                71.03133610188341
              ],
              [
                51.94662995104326,
                71.03140765461463
              ],
              [
                51.9468439521317,
                71.03146366494389
              ],
              [
                51.946676435080995,
                71.03153521770625
              ],
              [
                51.94710444163104,
                71.03164723795409
              ],
              [
                51.94643436339063,
                71.0319334489093
              ],
              [
                51.94664836978091,
                71.03198945943667
              ],
              [
                51.94581074537087,
                71.03234722028027
              ],
              [
                51.946024754560256,
                71.03240323155016
              ],
              [
                51.945857226233365,
                71.03247478340647
              ],
              [
                51.94564321673445,
                71.03241877193364
              ],
              [
                51.945475686846535,
                71.03249032341523
              ],
              [
                51.945261678289626,
                71.03243431146728
              ],
              [
                51.94509414684069,
                71.03250586257414
              ],
              [
                51.944880139225795,
                71.03244985015111
              ],
              [
                51.94471260621587,
                71.03252140088321
              ],
              [
                51.94449859954301,
                71.03246538798507
              ],
              [
                51.94315828793236,
                71.03303778603362
              ],
              [
                51.94294428003552,
                71.03298177123975
              ],
              [
                51.942776735142665,
                71.03305332001972
              ],
              [
                51.94256272818801,
                71.03299730475075
              ],
              [
                51.94105476504411,
                71.03364123421214
              ],
              [
                51.940840756556746,
                71.03358521684443
              ],
              [
                51.940673198528586,
                71.03365676350026
              ],
              [
                51.939817175858835,
                71.03343269049613
              ],
              [
                51.939984735124256,
                71.03336114465213
              ],
              [
                51.93870074052586,
                71.03302502819949
              ],
              [
                51.938533179404885,
                71.03309657282574
              ],
              [
                51.93831918437674,
                71.03304055226155
              ],
              [
                51.93815162169488,
                71.03311209651302
              ],
              [
                51.939007610554384,
                71.03333617794884
              ],
              [
                51.93884004785777,
                71.03340772284027
              ],
              [
                51.9390540485111,
                71.03346374272185
              ],
              [
                51.93871891998126,
                71.03360683239512
              ],
              [
                51.93786292240424,
                71.0333827496123
              ],
              [
                51.93769535502484,
                71.0334542933793
              ],
              [
                51.93748135845067,
                71.03339827180031
              ],
              [
                51.93731378951036,
                71.03346981519252
              ],
              [
                51.9368857994988,
                71.03335777081223
              ],
              [
                51.93671822868843,
                71.03342931362664
              ],
              [
                51.93607625213152,
                71.03326124440646
              ],
              [
                51.93590867914202,
                71.0333327864401
              ],
              [
                51.93548070041109,
                71.03322073852682
              ],
              [
                51.93531312555166,
                71.03329227998269
              ]
            ],
            [
              [
                51.936774833114384,
                71.03252083515218
              ],
              [
                51.93643970405565,
                71.0326639205796
              ],
              [
                51.9366536893798,
                71.03271994352367
              ],
              [
                51.936821254225855,
                71.03264840069292
              ],
              [
                51.937035240492506,
                71.03270442316193
              ],
              [
                51.93720280377779,
                71.0326328799564
              ],
              [
                51.936774833114384,
                71.03252083515218
              ]
            ]
          ]
        ]
      },
      "properties": {
        "id": "b8e24a56a6f3aec9",
        "class": "floe_instance_candidate",
        "ice_identity": "optical_candidate",
        "grounding": "unverified",
        "confirmed_stamukha": false,
        "confidence": "low",
        "review_status": "unreviewed",
        "region": "barents",
        "observed_at": "2026-02-25T09:00:06.641000Z",
        "source_id": "S2C_T39WWU_20260225T085937_L2A",
        "source_collection": "sentinel-2-c1-l2a",
        "source_level": "L2A",
        "area_m2": 131200.0,
        "equivalent_diameter_m": 408.72,
        "longitude": 51.9403473,
        "latitude": 71.0316999,
        "truncated": false,
        "minimum_threshold_iou": 0.951,
        "threshold_stable": true,
        "inferred_boundary_fraction": 0.245,
        "touching_floes_may_be_split": true,
        "isolated_stable_candidate": false,
        "low_sun": true,
        "sun_elevation_deg": 10.2149731551564,
        "processing_method": "distance_watershed_experimental_v1",
        "native_green_m": 10,
        "native_swir_m": 20,
        "notice": "Candidate outline; shape splitting can divide one floe or merge multiple floes; 30 m completeness unvalidated"
      }
    },
    {
      "type": "Feature",
      "geometry": {
        "type": "MultiPolygon",
        "coordinates": [
          [
            [
              [
                51.93915889068627,
                71.0300289290537
              ],
              [
                51.938517006659865,
                71.02986086808178
              ],
              [
                51.938684539542194,
                71.02978932310893
              ],
              [
                51.93847058101166,
                71.0297333024437
              ],
              [
                51.93863811295187,
                71.02966175750194
              ],
              [
                51.93842415598167,
                71.02960573676756
              ],
              [
                51.93859168697978,
                71.02953419185692
              ],
              [
                51.938377731569894,
                71.02947817105337
              ],
              [
                51.93854526162592,
                71.02940662617382
              ],
              [
                51.93768945373454,
                71.02918254105057
              ],
              [
                51.93785698377573,
                71.02911099681089
              ],
              [
                51.93764303523986,
                71.0290549750528
              ],
              [
                51.937978092186924,
                71.0289118864638
              ],
              [
                51.9377641455203,
                71.0288558648395
              ],
              [
                51.9379316724262,
                71.02878432049016
              ],
              [
                51.93771772731975,
                71.02872829879668
              ],
              [
                51.93805277799637,
                71.02858520998842
              ],
              [
                51.937838834759106,
                71.02852918842872
              ],
              [
                51.93817388104952,
                71.02838609933904
              ],
              [
                51.93774599956437,
                71.02827405621508
              ],
              [
                51.937913521451094,
                71.02820251181832
              ],
              [
                51.93769958289411,
                71.02814649005114
              ],
              [
                51.93786710383883,
                71.02807494568549
              ],
              [
                51.937653166841905,
                71.02801892384919
              ],
              [
                51.93782068684465,
                71.02794737951461
              ],
              [
                51.93760675140775,
                71.02789135760915
              ],
              [
                51.9379417882783,
                71.02774826883042
              ],
              [
                51.93772785471041,
                71.0276922470587
              ],
              [
                51.93806288719514,
                71.02754915799851
              ],
              [
                51.93784895549625,
                71.02749313636055
              ],
              [
                51.93935654253849,
                71.02684922891164
              ],
              [
                51.9391426148718,
                71.02679320882767
              ],
              [
                51.93931011859789,
                71.02672166289948
              ],
              [
                51.93909619249108,
                71.02666564274634
              ],
              [
                51.93943119680888,
                71.02652255078037
              ],
              [
                51.939859049037096,
                71.02663459000306
              ],
              [
                51.940026548701674,
                71.02656304335662
              ],
              [
                51.94066833549777,
                71.02673109954158
              ],
              [
                51.940835832984256,
                71.02665955211474
              ],
              [
                51.941049764108776,
                71.02671557009606
              ],
              [
                51.94121726003535,
                71.02664402229453
              ],
              [
                51.94228693287428,
                71.02692410710581
              ],
              [
                51.9421194384935,
                71.02699565592174
              ],
              [
                51.94254731700314,
                71.02710768834753
              ],
              [
                51.94237982198992,
                71.0271792373975
              ],
              [
                51.9425937634302,
                71.02723525340518
              ],
              [
                51.94242626747533,
                71.02730680248625
              ],
              [
                51.94264021047567,
                71.02736281842473
              ],
              [
                51.94247271357915,
                71.0274343675369
              ],
              [
                51.94290060395091,
                71.0275463990034
              ],
              [
                51.943068100228984,
                71.02747484948544
              ],
              [
                51.943282046981956,
                71.02753086460768
              ],
              [
                51.943114551013124,
                71.02760241432854
              ],
              [
                51.943328499326235,
                71.02765842938156
              ],
              [
                51.94316100241576,
                71.02772997913355
              ],
              [
                51.943374952289034,
                71.02778599411737
              ],
              [
                51.9432074544369,
                71.02785754390048
              ],
              [
                51.94342140587036,
                71.02791355881511
              ],
              [
                51.94325390707656,
                71.02798510862934
              ],
              [
                51.943467860070214,
                71.02804112347476
              ],
              [
                51.943300360334746,
                71.02811267332011
              ],
              [
                51.94308640703182,
                71.02805665827178
              ],
              [
                51.94275140318946,
                71.02819975704135
              ],
              [
                51.94296535711091,
                71.02825577249548
              ],
              [
                51.942797853622515,
                71.02832732182549
              ],
              [
                51.94322576583691,
                71.02843935232326
              ],
              [
                51.943058261716054,
                71.02851090188729
              ],
              [
                51.94348617955303,
                71.02862293170249
              ],
              [
                51.94331867479972,
                71.02869448150055
              ],
              [
                51.9437465982594,
                71.02880651063312
              ],
              [
                51.94307656921006,
                71.02909270973082
              ],
              [
                51.943290534053695,
                71.02914872470056
              ],
              [
                51.941782898286284,
                71.0297926644472
              ],
              [
                51.941568930659166,
                71.02973664765128
              ],
              [
                51.94140140900881,
                71.02980819545013
              ],
              [
                51.941187442323645,
                71.02975217817917
              ],
              [
                51.94101991911286,
                71.02982372560331
              ],
              [
                51.94080595336966,
                71.02976770785733
              ],
              [
                51.940638428598454,
                71.02983925490676
              ],
              [
                51.94042446379726,
                71.02978323668574
              ],
              [
                51.94025693746563,
                71.02985478336045
              ],
              [
                51.940042973606445,
                71.02979876466443
              ],
              [
                51.93954038617665,
                71.03001340304894
              ],
              [
                51.93932642264118,
                71.02995738347205
              ],
              [
                51.93915889068627,
                71.0300289290537
              ]
            ]
          ]
        ]
      },
      "properties": {
        "id": "91f67c5dd0d1d5af",
        "class": "floe_instance_candidate",
        "ice_identity": "optical_candidate",
        "grounding": "unverified",
        "confirmed_stamukha": false,
        "confidence": "low",
        "review_status": "unreviewed",
        "region": "barents",
        "observed_at": "2026-02-25T09:00:06.641000Z",
        "source_id": "S2C_T39WWU_20260225T085937_L2A",
        "source_collection": "sentinel-2-c1-l2a",
        "source_level": "L2A",
        "area_m2": 60000.0,
        "equivalent_diameter_m": 276.4,
        "longitude": 51.9404902,
        "latitude": 71.0283119,
        "truncated": false,
        "minimum_threshold_iou": 0.934,
        "threshold_stable": true,
        "inferred_boundary_fraction": 0.36,
        "touching_floes_may_be_split": true,
        "isolated_stable_candidate": false,
        "low_sun": true,
        "sun_elevation_deg": 10.2149731551564,
        "processing_method": "distance_watershed_experimental_v1",
        "native_green_m": 10,
        "native_swir_m": 20,
        "notice": "Candidate outline; shape splitting can divide one floe or merge multiple floes; 30 m completeness unvalidated"
      }
    },
    {
      "type": "Feature",
      "geometry": {
        "type": "MultiPolygon",
        "coordinates": [
          [
            [
              [
                51.8971109005973,
                71.01438921348077
              ],
              [
                51.8966835715072,
                71.0142770653778
              ],
              [
                51.89685112427799,
                71.014205559581
              ],
              [
                51.89663746191422,
                71.01414948532496
              ],
              [
                51.89680501374215,
                71.01407797955898
              ],
              [
                51.89701867579914,
                71.01413405361217
              ],
              [
                51.89735377509254,
                71.0139910411586
              ],
              [
                51.898208433362214,
                71.01421533303302
              ],
              [
                51.89787333652344,
                71.0143583471092
              ],
              [
                51.8976596694679,
                71.01430227414232
              ],
              [
                51.89749211886719,
                71.0143737807196
              ],
              [
                51.89727845275448,
                71.01431770727832
              ],
              [
                51.8971109005973,
                71.01438921348077
              ]
            ]
          ]
        ]
      },
      "properties": {
        "id": "b289e3b7d96a7834",
        "class": "floe_instance_candidate",
        "ice_identity": "optical_candidate",
        "grounding": "unverified",
        "confirmed_stamukha": false,
        "confidence": "low",
        "review_status": "unreviewed",
        "region": "barents",
        "observed_at": "2026-02-25T09:00:06.641000Z",
        "source_id": "S2C_T39WWU_20260225T085937_L2A",
        "source_collection": "sentinel-2-c1-l2a",
        "source_level": "L2A",
        "area_m2": 1400.0,
        "equivalent_diameter_m": 42.22,
        "longitude": 51.8973903,
        "latitude": 71.0142068,
        "truncated": false,
        "minimum_threshold_iou": 0.667,
        "threshold_stable": true,
        "inferred_boundary_fraction": 0.0,
        "touching_floes_may_be_split": false,
        "isolated_stable_candidate": true,
        "low_sun": true,
        "sun_elevation_deg": 10.2149731551564,
        "processing_method": "distance_watershed_experimental_v1",
        "native_green_m": 10,
        "native_swir_m": 20,
        "notice": "Candidate outline; shape splitting can divide one floe or merge multiple floes; 30 m completeness unvalidated"
      }
    },
    {
      "type": "Feature",
      "geometry": {
        "type": "MultiPolygon",
        "coordinates": [
          [
            [
              [
                51.871542045913,
                71.0083678271636
              ],
              [
                51.870474441780075,
                71.0080872927013
              ],
              [
                51.870642038169784,
                71.00801581186884
              ],
              [
                51.870428521396065,
                71.00795970436523
              ],
              [
                51.8705961168421,
                71.00788822356347
              ],
              [
                51.87016908765285,
                71.0077760081479
              ],
              [
                51.87050427601941,
                71.00763304683919
              ],
              [
                51.87029076390928,
                71.00757693913005
              ],
              [
                51.87062594789043,
                71.00743397753841
              ],
              [
                51.87019892863905,
                71.00732176211739
              ],
              [
                51.870534108845746,
                71.00717880064843
              ],
              [
                51.87074761723608,
                71.00723490808902
              ],
              [
                51.87091520516047,
                71.00716342689354
              ],
              [
                51.872409796727105,
                71.00755616996133
              ],
              [
                51.872242210941046,
                71.00762765257633
              ],
              [
                51.87266924895528,
                71.00773986284516
              ],
              [
                51.87283683413028,
                71.00766837982457
              ],
              [
                51.87326387652967,
                71.00778058860249
              ],
              [
                51.87359904191031,
                71.00763762123378
              ],
              [
                51.872744964552105,
                71.00741320421498
              ],
              [
                51.87291254659108,
                71.00734172108362
              ],
              [
                51.87269903067961,
                71.0072856163534
              ],
              [
                51.87303419162161,
                71.00714264997997
              ],
              [
                51.87324770692201,
                71.00719875430461
              ],
              [
                51.873415285214,
                71.00712727065695
              ],
              [
                51.87384231895065,
                71.00723947808667
              ],
              [
                51.873674741269774,
                71.00731096213993
              ],
              [
                51.87388826031714,
                71.00736706565058
              ],
              [
                51.873720681692845,
                71.0074385497345
              ],
              [
                51.87393420229479,
                71.00749465317665
              ],
              [
                51.87376662272707,
                71.00756613729128
              ],
              [
                51.87398014488362,
                71.00762224066486
              ],
              [
                51.87364498261221,
                71.00776520878337
              ],
              [
                51.87407203189479,
                71.00787741552773
              ],
              [
                51.8739044494967,
                71.0079488997344
              ],
              [
                51.87411797631719,
                71.00800500290237
              ],
              [
                51.87395039297561,
                71.00807648713975
              ],
              [
                51.874163921350785,
                71.00813259023917
              ],
              [
                51.873996337065726,
                71.00820407450723
              ],
              [
                51.87420986699561,
                71.00826017753813
              ],
              [
                51.87404228176706,
                71.00833166183688
              ],
              [
                51.874255813251686,
                71.00838776479922
              ],
              [
                51.87408822707962,
                71.00845924912869
              ],
              [
                51.87387469528938,
                71.00840314596354
              ],
              [
                51.873707107562566,
                71.00847462991808
              ],
              [
                51.872852991670555,
                71.00825021373292
              ],
              [
                51.872685401472275,
                71.00832169670416
              ],
              [
                51.87247187531655,
                71.0082655917767
              ],
              [
                51.87230428356358,
                71.00833707437302
              ],
              [
                51.872090758351455,
                71.00828096897146
              ],
              [
                51.87192316504382,
                71.00835245119285
              ],
              [
                51.8717096407753,
                71.00829634531715
              ],
              [
                51.871542045913,
                71.0083678271636
              ]
            ]
          ]
        ]
      },
      "properties": {
        "id": "5c5766627b608d0f",
        "class": "floe_instance_candidate",
        "ice_identity": "optical_candidate",
        "grounding": "unverified",
        "confirmed_stamukha": false,
        "confidence": "low",
        "review_status": "unreviewed",
        "region": "barents",
        "observed_at": "2026-02-25T09:00:06.641000Z",
        "source_id": "S2C_T39WWU_20260225T085937_L2A",
        "source_collection": "sentinel-2-c1-l2a",
        "source_level": "L2A",
        "area_m2": 13400.0,
        "equivalent_diameter_m": 130.62,
        "longitude": 51.8722137,
        "latitude": 71.007821,
        "truncated": false,
        "minimum_threshold_iou": 0.754,
        "threshold_stable": true,
        "inferred_boundary_fraction": 0.0,
        "touching_floes_may_be_split": false,
        "isolated_stable_candidate": true,
        "low_sun": true,
        "sun_elevation_deg": 10.2149731551564,
        "processing_method": "distance_watershed_experimental_v1",
        "native_green_m": 10,
        "native_swir_m": 20,
        "notice": "Candidate outline; shape splitting can divide one floe or merge multiple floes; 30 m completeness unvalidated"
      }
    },
    {
      "type": "Feature",
      "geometry": {
        "type": "MultiPolygon",
        "coordinates": [
          [
            [
              [
                51.94836046595504,
                71.03243753385743
              ],
              [
                51.947932434402794,
                71.03232551688532
              ],
              [
                51.948099953673,
                71.03225396298365
              ],
              [
                51.947885940083665,
                71.03219795429224
              ],
              [
                51.94822097548896,
                71.0320548463795
              ],
              [
                51.94800696377028,
                71.03199883782177
              ],
              [
                51.94817447990541,
                71.03192728381067
              ],
              [
                51.94796046974774,
                71.03187127518369
              ],
              [
                51.94829549888299,
                71.03172816705205
              ],
              [
                51.94808149059592,
                71.03167215855876
              ],
              [
                51.948249003596075,
                71.03160060443821
              ],
              [
                51.948034996869964,
                71.03154459587567
              ],
              [
                51.9483700197354,
                71.03140148752512
              ],
              [
                51.94794201127557,
                71.03128947039521
              ],
              [
                51.94810952145047,
                71.03121791636815
              ],
              [
                51.94575556779477,
                71.03060180492615
              ],
              [
                51.94592308012308,
                71.03053025295942
              ],
              [
                51.94528111996748,
                71.03036221745974
              ],
              [
                51.945113606710834,
                71.0304337688177
              ],
              [
                51.94447165688808,
                71.03026573026003
              ],
              [
                51.944304141451966,
                71.03033728083749
              ],
              [
                51.943662201962155,
                71.03016923922189
              ],
              [
                51.943829718326384,
                71.03009768925318
              ],
              [
                51.9429738177611,
                71.02987363076764
              ],
              [
                51.943141334111466,
                71.02980208143882
              ],
              [
                51.942927362407445,
                71.02974606634005
              ],
              [
                51.94309487781595,
                71.02967451704237
              ],
              [
                51.942880907672425,
                71.02961850187441
              ],
              [
                51.943048422139064,
                71.02954695260784
              ],
              [
                51.94283445355599,
                71.02949093737067
              ],
              [
                51.94350450014843,
                71.02920473939821
              ],
              [
                51.943290534053695,
                71.02914872470056
              ],
              [
                51.94463056966111,
                71.02857632213356
              ],
              [
                51.944844533281206,
                71.02863233520797
              ],
              [
                51.945012031793134,
                71.02856078391123
              ],
              [
                51.94458410642264,
                71.0284487578961
              ],
              [
                51.94441660729201,
                71.02852030878704
              ],
              [
                51.943560770325604,
                71.02829625267987
              ],
              [
                51.943728270693484,
                71.02822470260051
              ],
              [
                51.94351431488863,
                71.02816868809634
              ],
              [
                51.943681814314836,
                71.02809713804812
              ],
              [
                51.943467860070214,
                71.02804112347476
              ],
              [
                51.943635358554744,
                71.02796957345767
              ],
              [
                51.94342140587036,
                71.02791355881511
              ],
              [
                51.94358890341322,
                71.02784200882913
              ],
              [
                51.943374952289034,
                71.02778599411737
              ],
              [
                51.94354244889025,
                71.02771444416251
              ],
              [
                51.943328499326235,
                71.02765842938156
              ],
              [
                51.9436634893945,
                71.02751532936233
              ],
              [
                51.944091388536336,
                71.02762735784057
              ],
              [
                51.94425888107558,
                71.02755580716754
              ],
              [
                51.944900738242076,
                71.02772384723555
              ],
              [
                51.9450682286025,
                71.02765229578206
              ],
              [
                51.94549613901594,
                71.02776432072781
              ],
              [
                51.94583111474676,
                71.02762121649408
              ],
              [
                51.945189252859,
                71.02745317988462
              ],
              [
                51.945356739776166,
                71.02738162811877
              ],
              [
                51.945142788624615,
                71.02732561557431
              ],
              [
                51.945477759325094,
                71.02718251193313
              ],
              [
                51.94526381004304,
                71.02712649952235
              ],
              [
                51.94543129382638,
                71.027054947647
              ],
              [
                51.944361567724656,
                71.02677488252607
              ],
              [
                51.94419408239481,
                71.02684643338699
              ],
              [
                51.942910450492775,
                71.02651034504584
              ],
              [
                51.94307793767805,
                71.02643879540216
              ],
              [
                51.942864003714575,
                71.02638277992925
              ],
              [
                51.9430314899583,
                71.02631123031671
              ],
              [
                51.94281755755477,
                71.02625521477461
              ],
              [
                51.94298504285697,
                71.02618366519316
              ],
              [
                51.94277111201334,
                71.02612764958188
              ],
              [
                51.94293859637402,
                71.02605610003155
              ],
              [
                51.94272466709028,
                71.02600008435107
              ],
              [
                51.942892150509444,
                71.02592853483186
              ],
              [
                51.94267822278557,
                71.0258725190822
              ],
              [
                51.94284570526324,
                71.02580096959412
              ],
              [
                51.94263177909921,
                71.02574495377524
              ],
              [
                51.942966740920916,
                71.02560185468953
              ],
              [
                51.94275281662587,
                71.02554583900435
              ],
              [
                51.94308777406339,
                71.02540273963736
              ],
              [
                51.94287385163731,
                71.02534672408585
              ],
              [
                51.94337627934157,
                71.0251320743558
              ],
              [
                51.94359020084013,
                71.02518808929872
              ],
              [
                51.94375767393122,
                71.02511653884234
              ],
              [
                51.94354375274184,
                71.02506052410229
              ],
              [
                51.944046165439346,
                71.02484587231129
              ],
              [
                51.944260085701124,
                71.02490188644275
              ],
              [
                51.94476248621627,
                71.0246872324975
              ],
              [
                51.94454856688212,
                71.02463121897459
              ],
              [
                51.9447160315287,
                71.02455966751889
              ],
              [
                51.944929950553636,
                71.02461568083893
              ],
              [
                51.94509741364052,
                71.02454412900866
              ],
              [
                51.945525254823366,
                71.02465615442686
              ],
              [
                51.94535779235497,
                71.02472770666286
              ],
              [
                51.945785639158274,
                71.0248397313985
              ],
              [
                51.9456181760579,
                71.02491128386848
              ],
              [
                51.94625995656954,
                71.02507931954001
              ],
              [
                51.94559009537406,
                71.0253655301369
              ],
              [
                51.94537616604918,
                71.02530951770703
              ],
              [
                51.94470628360741,
                71.0255957247447
              ],
              [
                51.944920214169365,
                71.02565173798604
              ],
              [
                51.944752740741656,
                71.02572328951898
              ],
              [
                51.944966672863494,
                71.02577930269109
              ],
              [
                51.94396180788911,
                71.02620860949924
              ],
              [
                51.94438967959587,
                71.0263206374617
              ],
              [
                51.944557159599796,
                71.02624908635063
              ],
              [
                51.944771097019974,
                71.02630509972087
              ],
              [
                51.94510605265717,
                71.02616199657774
              ],
              [
                51.945319990709486,
                71.02621800927017
              ],
              [
                51.945487466342755,
                71.02614645723811
              ],
              [
                51.94655717381814,
                71.02642651560451
              ],
              [
                51.94672464665407,
                71.02635496238638
              ],
              [
                51.948008335041465,
                71.02669102222967
              ],
              [
                51.94834327324842,
                71.02654791284378
              ],
              [
                51.94855722507161,
                71.02660392145955
              ],
              [
                51.94889215765685,
                71.02646081098099
              ],
              [
                51.94932006381748,
                71.02657282658471
              ],
              [
                51.949487527615126,
                71.02650127068215
              ],
              [
                51.949915438159536,
                71.02661328479168
              ],
              [
                51.94974797498089,
                71.02668484110002
              ],
              [
                51.94996193243864,
                71.02674084794947
              ],
              [
                51.94979446831879,
                71.02681240428895
              ],
              [
                51.950436349124935,
                71.02698042381316
              ],
              [
                51.950603812316174,
                71.02690886686509
              ],
              [
                51.950817774776795,
                71.02696487262602
              ],
              [
                51.95098523640776,
                71.02689331530337
              ],
              [
                51.95119919980954,
                71.02694932058931
              ],
              [
                51.95136665988021,
                71.02687776289207
              ],
              [
                51.951580624223126,
                71.02693376770303
              ],
              [
                51.95191553999316,
                71.02679065138769
              ],
              [
                51.95212950496758,
                71.02684665552076
              ],
              [
                51.952296960666935,
                71.02677509690268
              ],
              [
                51.95251092658243,
                71.02683110056077
              ],
              [
                51.95267838072147,
                71.02675954156811
              ],
              [
                51.95289234757802,
                71.02681554475119
              ],
              [
                51.95305980015673,
                71.02674398538397
              ],
              [
                51.953273767954315,
                71.02679998809202
              ],
              [
                51.95344121897269,
                71.02672842835027
              ],
              [
                51.953655187711284,
                71.02678443058332
              ],
              [
                51.953990085376674,
                71.02664131017902
              ],
              [
                51.95463199723831,
                71.02680931402804
              ],
              [
                51.9547994432659,
                71.02673775295979
              ],
              [
                51.955441365454305,
                71.02690575375084
              ],
              [
                51.955608809302,
                71.02683419190232
              ],
              [
                51.9560367630614,
                71.02694619066315
              ],
              [
                51.95620420503886,
                71.02687462823725
              ],
              [
                51.95663216318134,
                71.02698662550365
              ],
              [
                51.95679960328853,
                71.02691506250035
              ],
              [
                51.95701358392594,
                71.02697106052247
              ],
              [
                51.957181022472646,
                71.02689949714463
              ],
              [
                51.95760898687977,
                71.02701149196658
              ],
              [
                51.95777642355612,
                71.02693992801137
              ],
              [
                51.9579904073258,
                71.02699592481122
              ],
              [
                51.958157842441636,
                71.0269243604815
              ],
              [
                51.95922777850046,
                71.02720433938366
              ],
              [
                51.959060344934166,
                71.02727590472766
              ],
              [
                51.959274336207855,
                71.02733189989436
              ],
              [
                51.95910690170082,
                71.02740346526959
              ],
              [
                51.959320894535146,
                71.02745946036694
              ],
              [
                51.959153459087354,
                71.02753102577337
              ],
              [
                51.95936745348233,
                71.02758702080139
              ],
              [
                51.959534888620176,
                71.02751545519213
              ],
              [
                51.9597488839559,
                71.02757144974508
              ],
              [
                51.959916317533065,
                71.02749988376128
              ],
              [
                51.960130313809536,
                71.02755587783919
              ],
              [
                51.95996288054235,
                71.02762744402587
              ],
              [
                51.960176878379514,
                71.02768343803442
              ],
              [
                51.96000944417159,
                71.02775500425227
              ],
              [
                51.96022344356947,
                71.0278109981915
              ],
              [
                51.96005600842081,
                71.02788256444059
              ],
              [
                51.96027000937942,
                71.02793855831045
              ],
              [
                51.96010257329002,
                71.02801012459072
              ],
              [
                51.9603165758094,
                71.02806611839125
              ],
              [
                51.96014913877923,
                71.02813768470276
              ],
              [
                51.96036314285939,
                71.02819367843392
              ],
              [
                51.960195704888456,
                71.02826524477663
              ],
              [
                51.960409710529426,
                71.02832123843845
              ],
              [
                51.96024227161771,
                71.02839280481238
              ],
              [
                51.960456278819514,
                71.02844879840487
              ],
              [
                51.960288838967,
                71.02852036481
              ],
              [
                51.96050284772966,
                71.02857635833313
              ],
              [
                51.960335406936345,
                71.02864792476949
              ],
              [
                51.96012139786366,
                71.0285919310435
              ],
              [
                51.958781824005726,
                71.0291644547316
              ],
              [
                51.9596378777223,
                71.02938843449425
              ],
              [
                51.95980532759266,
                71.02931686882255
              ],
              [
                51.960019343839136,
                71.02937286287977
              ],
              [
                51.95784240197727,
                71.03030320585897
              ],
              [
                51.95805642350488,
                71.03035920228149
              ],
              [
                51.95788895799125,
                71.03043076612717
              ],
              [
                51.95810298107994,
                71.03048676248036
              ],
              [
                51.95609330104655,
                71.03134551767143
              ],
              [
                51.95630732910599,
                71.03140151618719
              ],
              [
                51.95613984794699,
                71.03147307820664
              ],
              [
                51.95635387756762,
                71.0315290766531
              ],
              [
                51.95585142751285,
                71.0317437622899
              ],
              [
                51.955423367663236,
                71.03163176390733
              ],
              [
                51.95525588118922,
                71.031703325037
              ],
              [
                51.95504185283144,
                71.03164732523445
              ],
              [
                51.95520933961537,
                71.03157576430765
              ],
              [
                51.954995312818795,
                71.0315197644358
              ],
              [
                51.95482782572497,
                71.03159132515967
              ],
              [
                51.95439977526588,
                71.03147932419344
              ],
              [
                51.953729811898654,
                71.03176556374837
              ],
              [
                51.95330176396593,
                71.03165356006996
              ],
              [
                51.953134269376186,
                71.03172511912356
              ],
              [
                51.952706225829104,
                71.03161311395047
              ],
              [
                51.95253872936842,
                71.03168467242648
              ],
              [
                51.95232470916208,
                71.03162866922868
              ],
              [
                51.95215721114028,
                71.03170022733008
              ],
              [
                51.951943191875486,
                71.03164422365717
              ],
              [
                51.951440689372795,
                71.0318588963221
              ],
              [
                51.95101265273871,
                71.03174688694217
              ],
              [
                51.95084514878231,
                71.03181844374781
              ],
              [
                51.950631132032576,
                71.03176243844663
              ],
              [
                51.9504636265151,
                71.03183399487763
              ],
              [
                51.95067764357454,
                71.03189000038172
              ],
              [
                51.950510137115394,
                71.03196155684385
              ],
              [
                51.950938175607845,
                71.03207356744133
              ],
              [
                51.95077066851676,
                71.03214512413757
              ],
              [
                51.95098468994982,
                71.03220112923093
              ],
              [
                51.95081718191705,
                71.03227268595835
              ],
              [
                51.95060316017427,
                71.03221668066205
              ],
              [
                51.95043565058035,
                71.03228823701482
              ],
              [
                51.95022162977927,
                71.03223223124338
              ],
              [
                51.95005411862423,
                71.03230378722145
              ],
              [
                51.949840098764874,
                71.03224778097491
              ],
              [
                51.94967258604869,
                71.03231933657828
              ],
              [
                51.94945856713109,
                71.03226332985662
              ],
              [
                51.94912353732505,
                71.03240644014222
              ],
              [
                51.94890951903955,
                71.0323504327425
              ],
              [
                51.9487420019497,
                71.03242198742473
              ],
              [
                51.94852798460601,
                71.0323659795499
              ],
              [
                51.94836046595504,
                71.03243753385743
              ]
            ]
          ]
        ]
      },
      "properties": {
        "id": "227b9221f242637c",
        "class": "floe_instance_candidate",
        "ice_identity": "optical_candidate",
        "grounding": "unverified",
        "confirmed_stamukha": false,
        "confidence": "low",
        "review_status": "unreviewed",
        "region": "barents",
        "observed_at": "2026-02-25T09:00:06.641000Z",
        "source_id": "S2C_T39WWU_20260225T085937_L2A",
        "source_collection": "sentinel-2-c1-l2a",
        "source_level": "L2A",
        "area_m2": 302400.0,
        "equivalent_diameter_m": 620.51,
        "longitude": 51.9511468,
        "latitude": 71.0288985,
        "truncated": false,
        "minimum_threshold_iou": 0.915,
        "threshold_stable": true,
        "inferred_boundary_fraction": 0.244,
        "touching_floes_may_be_split": true,
        "isolated_stable_candidate": false,
        "low_sun": true,
        "sun_elevation_deg": 10.2149731551564,
        "processing_method": "distance_watershed_experimental_v1",
        "native_green_m": 10,
        "native_swir_m": 20,
        "notice": "Candidate outline; shape splitting can divide one floe or merge multiple floes; 30 m completeness unvalidated"
      }
    },
    {
      "type": "Feature",
      "geometry": {
        "type": "MultiPolygon",
        "coordinates": [
          [
            [
              [
                51.9623521081266,
                71.02409913752673
              ],
              [
                51.962138143957155,
                71.02404314592096
              ],
              [
                51.962305537787145,
                71.02397157720678
              ],
              [
                51.961877613818835,
                71.02385959358433
              ],
              [
                51.962045007018524,
                71.0237880251042
              ],
              [
                51.961403131372364,
                71.0236200482377
              ],
              [
                51.96157052425166,
                71.02354848019442
              ],
              [
                51.96114261402494,
                71.02343649466155
              ],
              [
                51.9613100062739,
                71.02336492685228
              ],
              [
                51.96109605334566,
                71.0233089338804
              ],
              [
                51.96092866078681,
                71.02338050148687
              ],
              [
                51.95964496761107,
                71.02304453672366
              ],
              [
                51.959477571942955,
                71.02311610294161
              ],
              [
                51.9588357413024,
                71.02294811627762
              ],
              [
                51.959003137899906,
                71.02287655066807
              ],
              [
                51.958575257676344,
                71.0227645586037
              ],
              [
                51.95874265364332,
                71.02269299322815
              ],
              [
                51.95895659282028,
                71.0227489891936
              ],
              [
                51.959123987227386,
                71.02267742344362
              ],
              [
                51.95933792734464,
                71.02273341893414
              ],
              [
                51.959505320191866,
                71.02266185280975
              ],
              [
                51.95971926124941,
                71.02271784782532
              ],
              [
                51.96055620518558,
                71.02236001361514
              ],
              [
                51.96098408795253,
                71.0224720008018
              ],
              [
                51.961151472369956,
                71.02240043303935
              ],
              [
                51.96222119961353,
                71.02268039522944
              ],
              [
                51.96238858123145,
                71.02260882628136
              ],
              [
                51.96260253012036,
                71.02266481770013
              ],
              [
                51.9627699101783,
                71.02259324837765
              ],
              [
                51.962983860007306,
                71.02264923932147
              ],
              [
                51.963151238505276,
                71.02257766962461
              ],
              [
                51.96422100485097,
                71.0228576192471
              ],
              [
                51.96405362790292,
                71.02292918995798
              ],
              [
                51.96448154381154,
                71.02304116830742
              ],
              [
                51.96431416623347,
                71.02311273925227
              ],
              [
                51.96452812637292,
                71.02316872822152
              ],
              [
                51.96419336808657,
                71.02331187000213
              ],
              [
                51.96440733009618,
                71.02336785910482
              ],
              [
                51.96407256742946,
                71.0235110006047
              ],
              [
                51.96428653130926,
                71.0235669898408
              ],
              [
                51.96395176426207,
                71.02371013105997
              ],
              [
                51.96373779976221,
                71.02365414141825
              ],
              [
                51.96306824942572,
                71.02394042098618
              ],
              [
                51.962854284936,
                71.02388443026102
              ],
              [
                51.9623521081266,
                71.02409913752673
              ]
            ]
          ]
        ]
      },
      "properties": {
        "id": "24bc8fbfde78b4e6",
        "class": "floe_instance_candidate",
        "ice_identity": "optical_candidate",
        "grounding": "unverified",
        "confirmed_stamukha": false,
        "confidence": "low",
        "review_status": "unreviewed",
        "region": "barents",
        "observed_at": "2026-02-25T09:00:06.641000Z",
        "source_id": "S2C_T39WWU_20260225T085937_L2A",
        "source_collection": "sentinel-2-c1-l2a",
        "source_level": "L2A",
        "area_m2": 20200.0,
        "equivalent_diameter_m": 160.37,
        "longitude": 51.9619935,
        "latitude": 71.0231194,
        "truncated": false,
        "minimum_threshold_iou": 0.783,
        "threshold_stable": true,
        "inferred_boundary_fraction": 0.0,
        "touching_floes_may_be_split": false,
        "isolated_stable_candidate": true,
        "low_sun": true,
        "sun_elevation_deg": 10.2149731551564,
        "processing_method": "distance_watershed_experimental_v1",
        "native_green_m": 10,
        "native_swir_m": 20,
        "notice": "Candidate outline; shape splitting can divide one floe or merge multiple floes; 30 m completeness unvalidated"
      }
    },
    {
      "type": "Feature",
      "geometry": {
        "type": "MultiPolygon",
        "coordinates": [
          [
            [
              [
                51.89214259653661,
                71.0038462198572
              ],
              [
                51.89150200058243,
                71.00367797591493
              ],
              [
                51.8916694801007,
                71.00360647400163
              ],
              [
                51.89124242298535,
                71.00349431042187
              ],
              [
                51.89140990186776,
                71.00342280874207
              ],
              [
                51.89119637548875,
                71.0033667267478
              ],
              [
                51.891363853429056,
                71.00329522509878
              ],
              [
                51.89157737950185,
                71.00335130689034
              ],
              [
                51.89174485588767,
                71.00327980486666
              ],
              [
                51.892812503444794,
                71.00356020873978
              ],
              [
                51.89264502859022,
                71.00363171177706
              ],
              [
                51.892858562152824,
                71.00368779194018
              ],
              [
                51.89269108635623,
                71.00375929500822
              ],
              [
                51.89290462147343,
                71.00381537510263
              ],
              [
                51.89273714473479,
                71.00388687820144
              ],
              [
                51.89231007513615,
                71.00377471733574
              ],
              [
                51.89214259653661,
                71.0038462198572
              ]
            ]
          ]
        ]
      },
      "properties": {
        "id": "20419132392b2785",
        "class": "floe_instance_candidate",
        "ice_identity": "optical_candidate",
        "grounding": "unverified",
        "confirmed_stamukha": false,
        "confidence": "low",
        "review_status": "unreviewed",
        "region": "barents",
        "observed_at": "2026-02-25T09:00:06.641000Z",
        "source_id": "S2C_T39WWU_20260225T085937_L2A",
        "source_collection": "sentinel-2-c1-l2a",
        "source_level": "L2A",
        "area_m2": 2200.0,
        "equivalent_diameter_m": 52.93,
        "longitude": 51.8920636,
        "latitude": 71.0035788,
        "truncated": false,
        "minimum_threshold_iou": 0.773,
        "threshold_stable": true,
        "inferred_boundary_fraction": 0.0,
        "touching_floes_may_be_split": false,
        "isolated_stable_candidate": true,
        "low_sun": true,
        "sun_elevation_deg": 10.2149731551564,
        "processing_method": "distance_watershed_experimental_v1",
        "native_green_m": 10,
        "native_swir_m": 20,
        "notice": "Candidate outline; shape splitting can divide one floe or merge multiple floes; 30 m completeness unvalidated"
      }
    },
    {
      "type": "Feature",
      "geometry": {
        "type": "MultiPolygon",
        "coordinates": [
          [
            [
              [
                51.969188948833406,
                71.02427285829224
              ],
              [
                51.96897496275139,
                71.02421687524203
              ],
              [
                51.96914233256622,
                71.02414529986665
              ],
              [
                51.96871436477323,
                71.0240333333552
              ],
              [
                51.96888173395842,
                71.02396175821389
              ],
              [
                51.96823979257575,
                71.02379380701348
              ],
              [
                51.96807242245986,
                71.02386538154637
              ],
              [
                51.967644467168306,
                71.02375341231273
              ],
              [
                51.96881603607041,
                71.023252389819
              ],
              [
                51.968602062471255,
                71.02319640621347
              ],
              [
                51.96876942476722,
                71.02312483108808
              ],
              [
                51.96898339805614,
                71.02318081449081
              ],
              [
                51.96915075879183,
                71.02310923899107
              ],
              [
                51.97000666320693,
                71.02333316906865
              ],
              [
                51.96983930371226,
                71.0234047453796
              ],
              [
                51.97005328325144,
                71.02346072742124
              ],
              [
                51.96988592281699,
                71.02353230376342
              ],
              [
                51.97009990391652,
                71.02358828573564
              ],
              [
                51.969932542542296,
                71.02365986210907
              ],
              [
                51.970146525202196,
                71.02371584401186
              ],
              [
                51.969979162888166,
                71.02378742041654
              ],
              [
                51.97019314710846,
                71.02384340224992
              ],
              [
                51.96952368659235,
                71.02412970696436
              ],
              [
                51.96973767330397,
                71.0241856893367
              ],
              [
                51.96957030535987,
                71.02425726528924
              ],
              [
                51.969356318337965,
                71.02420128271406
              ],
              [
                51.969188948833406,
                71.02427285829224
              ]
            ]
          ]
        ]
      },
      "properties": {
        "id": "27ecbe1d5e7dec39",
        "class": "floe_instance_candidate",
        "ice_identity": "optical_candidate",
        "grounding": "unverified",
        "confirmed_stamukha": false,
        "confidence": "low",
        "review_status": "unreviewed",
        "region": "barents",
        "observed_at": "2026-02-25T09:00:06.641000Z",
        "source_id": "S2C_T39WWU_20260225T085937_L2A",
        "source_collection": "sentinel-2-c1-l2a",
        "source_level": "L2A",
        "area_m2": 6200.0,
        "equivalent_diameter_m": 88.85,
        "longitude": 51.9691197,
        "latitude": 71.0236649,
        "truncated": false,
        "minimum_threshold_iou": 0.816,
        "threshold_stable": true,
        "inferred_boundary_fraction": 0.0,
        "touching_floes_may_be_split": false,
        "isolated_stable_candidate": true,
        "low_sun": true,
        "sun_elevation_deg": 10.2149731551564,
        "processing_method": "distance_watershed_experimental_v1",
        "native_green_m": 10,
        "native_swir_m": 20,
        "notice": "Candidate outline; shape splitting can divide one floe or merge multiple floes; 30 m completeness unvalidated"
      }
    },
    {
      "type": "Feature",
      "geometry": {
        "type": "MultiPolygon",
        "coordinates": [
          [
            [
              [
                51.954194304835966,
                71.01977157287348
              ],
              [
                51.953980412800625,
                71.0197155706987
              ],
              [
                51.954147799295924,
                71.01964400947223
              ],
              [
                51.95372001959341,
                71.01953200471206
              ],
              [
                51.95405479007266,
                71.01938888255539
              ],
              [
                51.953840902714894,
                71.01933288017277
              ],
              [
                51.95400828638942,
                71.01926131903979
              ],
              [
                51.95379440059079,
                71.0192053165879
              ],
              [
                51.95396178332507,
                71.01913375548605
              ],
              [
                51.95374789908557,
                71.0190777529649
              ],
              [
                51.95358051604185,
                71.01914931386398
              ],
              [
                51.953152750693015,
                71.01903730759997
              ],
              [
                51.953989656509336,
                71.01867950341617
              ],
              [
                51.95484518601689,
                71.01890351080044
              ],
              [
                51.9546778085907,
                71.01897507279153
              ],
              [
                51.955961142198184,
                71.01931107692292
              ],
              [
                51.95512424560718,
                71.01966889038754
              ],
              [
                51.95491035200084,
                71.01961288936522
              ],
              [
                51.954575583997396,
                71.01975601314417
              ],
              [
                51.95436169102179,
                71.01970001144423
              ],
              [
                51.954194304835966,
                71.01977157287348
              ]
            ]
          ]
        ]
      },
      "properties": {
        "id": "b65360a0ce47b240",
        "class": "floe_instance_candidate",
        "ice_identity": "optical_candidate",
        "grounding": "unverified",
        "confirmed_stamukha": false,
        "confidence": "low",
        "review_status": "unreviewed",
        "region": "barents",
        "observed_at": "2026-02-25T09:00:06.641000Z",
        "source_id": "S2C_T39WWU_20260225T085937_L2A",
        "source_collection": "sentinel-2-c1-l2a",
        "source_level": "L2A",
        "area_m2": 5800.0,
        "equivalent_diameter_m": 85.93,
        "longitude": 51.9545161,
        "latitude": 71.0192451,
        "truncated": false,
        "minimum_threshold_iou": 0.716,
        "threshold_stable": true,
        "inferred_boundary_fraction": 0.0,
        "touching_floes_may_be_split": false,
        "isolated_stable_candidate": true,
        "low_sun": true,
        "sun_elevation_deg": 10.2149731551564,
        "processing_method": "distance_watershed_experimental_v1",
        "native_green_m": 10,
        "native_swir_m": 20,
        "notice": "Candidate outline; shape splitting can divide one floe or merge multiple floes; 30 m completeness unvalidated"
      }
    },
    {
      "type": "Feature",
      "geometry": {
        "type": "MultiPolygon",
        "coordinates": [
          [
            [
              [
                51.96671249054346,
                71.02120222606936
              ],
              [
                51.96628460265567,
                71.02109025297109
              ],
              [
                51.96695400539654,
                71.02080395955358
              ],
              [
                51.966740064567546,
                71.02074797340728
              ],
              [
                51.967074759059564,
                71.02060482607473
              ],
              [
                51.966860820100436,
                71.02054884006185
              ],
              [
                51.96702816578192,
                71.02047726634106
              ],
              [
                51.966814228382546,
                71.02042128025877
              ],
              [
                51.966981573124386,
                71.02034970656918
              ],
              [
                51.966125837264,
                71.02012576032955
              ],
              [
                51.96629318199627,
                71.02005418727948
              ],
              [
                51.966079251465366,
                71.01999820024196
              ],
              [
                51.966246595258,
                71.01992662722314
              ],
              [
                51.96603266628676,
                71.01987064011622
              ],
              [
                51.9663673507431,
                71.01972749396946
              ],
              [
                51.966153423641494,
                71.01967150699592
              ],
              [
                51.966488103719385,
                71.01952836056849
              ],
              [
                51.96627417848737,
                71.01947237372835
              ],
              [
                51.966943524888215,
                71.01918607962605
              ],
              [
                51.96672960214578,
                71.0191300933248
              ],
              [
                51.96689693593213,
                71.01905851957314
              ],
              [
                51.96668301474923,
                71.0190025332025
              ],
              [
                51.967017679193376,
                71.01885938559008
              ],
              [
                51.966803759879994,
                71.01880339935282
              ],
              [
                51.96730574810505,
                71.01858867725596
              ],
              [
                51.966877915086684,
                71.0184767051815
              ],
              [
                51.967212568896095,
                71.01833355707029
              ],
              [
                51.967426484160555,
                71.0183895428381
              ],
              [
                51.967761132352244,
                71.0182463936353
              ],
              [
                51.96861680342412,
                71.01847033236314
              ],
              [
                51.96844948119315,
                71.01854190786129
              ],
              [
                51.968663402394746,
                71.01859789206564
              ],
              [
                51.96849607922439,
                71.01866946759502
              ],
              [
                51.96871000198549,
                71.01872545172995
              ],
              [
                51.96837535251653,
                71.01886860267965
              ],
              [
                51.96858927714726,
                71.01892458694795
              ],
              [
                51.968087294502865,
                71.01913931269432
              ],
              [
                51.96872907868278,
                71.01930726569107
              ],
              [
                51.96856174956584,
                71.01937884120505
              ],
              [
                51.96898961255366,
                71.0194908089143
              ],
              [
                51.968822282807395,
                71.01956238466227
              ],
              [
                51.96903621648575,
                71.0196183683114
              ],
              [
                51.96886888580001,
                71.01968994409062
              ],
              [
                51.96908282103807,
                71.01974592767033
              ],
              [
                51.968915489412865,
                71.0198175034808
              ],
              [
                51.969557303555014,
                71.0199854531952
              ],
              [
                51.9697246342498,
                71.0199138767765
              ],
              [
                51.970152515972295,
                71.0200258414864
              ],
              [
                51.970319844797125,
                71.01995426449061
              ],
              [
                51.97010590362125,
                71.01989828247451
              ],
              [
                51.970440558142485,
                71.01975512837393
              ],
              [
                51.970868440503075,
                71.01986709132292
              ],
              [
                51.97070111448764,
                71.0199386688645
              ],
              [
                51.971129002466995,
                71.0200506311303
              ],
              [
                51.97096167582239,
                71.02012220890586
              ],
              [
                51.97074773089769,
                71.0200662277063
              ],
              [
                51.97058040269325,
                71.0201378051076
              ],
              [
                51.970366458707964,
                71.02008182343309
              ],
              [
                51.9701991289437,
                71.0201534004601
              ],
              [
                51.97041307323918,
                71.02020938233736
              ],
              [
                51.97024574253548,
                71.02028095939563
              ],
              [
                51.970887583850406,
                71.02044890400262
              ],
              [
                51.970720252827675,
                71.02052048149764
              ],
              [
                51.97093420274219,
                71.0205764626917
              ],
              [
                51.97076687078002,
                71.02064804021798
              ],
              [
                51.970980822254454,
                71.02070402134261
              ],
              [
                51.97064615520149,
                71.02084717628614
              ],
              [
                51.9708601085461,
                71.0209031575441
              ],
              [
                51.970190760684396,
                71.02118946618397
              ],
              [
                51.969976806098884,
                71.0211334841149
              ],
              [
                51.96964212404906,
                71.02127663700013
              ],
              [
                51.96921421738654,
                71.02116467123437
              ],
              [
                51.969046873866596,
                71.02123624701414
              ],
              [
                51.96861897158285,
                71.02112427975408
              ],
              [
                51.96845162619279,
                71.02119585495674
              ],
              [
                51.96823767661544,
                71.02113987071567
              ],
              [
                51.96807032966546,
                71.02121144554405
              ],
              [
                51.96764243363985,
                71.02109947583982
              ],
              [
                51.96747508481985,
                71.02117105009107
              ],
              [
                51.96726113837163,
                71.02111506462792
              ],
              [
                51.96709378799174,
                71.02118663850487
              ],
              [
                51.966879842483216,
                71.02113065256675
              ],
              [
                51.96671249054346,
                71.02120222606936
              ]
            ]
          ]
        ]
      },
      "properties": {
        "id": "8c61e597c506ffa9",
        "class": "floe_instance_candidate",
        "ice_identity": "optical_candidate",
        "grounding": "unverified",
        "confirmed_stamukha": false,
        "confidence": "low",
        "review_status": "unreviewed",
        "region": "barents",
        "observed_at": "2026-02-25T09:00:06.641000Z",
        "source_id": "S2C_T39WWU_20260225T085937_L2A",
        "source_collection": "sentinel-2-c1-l2a",
        "source_level": "L2A",
        "area_m2": 33100.0,
        "equivalent_diameter_m": 205.29,
        "longitude": 51.9682919,
        "latitude": 71.0200483,
        "truncated": false,
        "minimum_threshold_iou": 0.894,
        "threshold_stable": true,
        "inferred_boundary_fraction": 0.0,
        "touching_floes_may_be_split": false,
        "isolated_stable_candidate": true,
        "low_sun": true,
        "sun_elevation_deg": 10.2149731551564,
        "processing_method": "distance_watershed_experimental_v1",
        "native_green_m": 10,
        "native_swir_m": 20,
        "notice": "Candidate outline; shape splitting can divide one floe or merge multiple floes; 30 m completeness unvalidated"
      }
    },
    {
      "type": "Feature",
      "geometry": {
        "type": "MultiPolygon",
        "coordinates": [
          [
            [
              [
                51.98937799143692,
                71.02655343744992
              ],
              [
                51.98894985165016,
                71.02644152192504
              ],
              [
                51.98911716627564,
                71.02636992728624
              ],
              [
                51.988903098568834,
                71.02631396931801
              ],
              [
                51.989070412255295,
                71.02624237471058
              ],
              [
                51.98885634610993,
                71.02618641667274
              ],
              [
                51.98902365885737,
                71.02611482209667
              ],
              [
                51.98880959427341,
                71.02605886398923
              ],
              [
                51.988976906081845,
                71.02598726944453
              ],
              [
                51.98854878128688,
                71.02587535281809
              ],
              [
                51.9887160924675,
                71.02580375850751
              ],
              [
                51.98850203225646,
                71.02574779998851
              ],
              [
                51.98866934249809,
                71.02567620570929
              ],
              [
                51.988455283848374,
                71.0256202471207
              ],
              [
                51.98862259315103,
                71.02554865287284
              ],
              [
                51.988408536062614,
                71.02549269421463
              ],
              [
                51.98857584442629,
                71.02542109999816
              ],
              [
                51.98814773462215,
                71.0253091822702
              ],
              [
                51.988315042358,
                71.02523758828784
              ],
              [
                51.98810098964224,
                71.02518162921808
              ],
              [
                51.98826829643914,
                71.02511003526709
              ],
              [
                51.987840195380116,
                71.02499811671602
              ],
              [
                51.98800750154919,
                71.02492652299917
              ],
              [
                51.987793453205896,
                71.02487056351785
              ],
              [
                51.98796075843603,
                71.02479896983233
              ],
              [
                51.9877467116539,
                71.02474301028144
              ],
              [
                51.9879140159451,
                71.02467141662729
              ],
              [
                51.9876999707241,
                71.0246154570068
              ],
              [
                51.987867274076386,
                71.02454386338401
              ],
              [
                51.987653230416505,
                71.02448790369394
              ],
              [
                51.987820532829865,
                71.02441631010247
              ],
              [
                51.98739244988227,
                71.02430439031083
              ],
              [
                51.98755975166782,
                71.0242327969535
              ],
              [
                51.987345712380076,
                71.02417683685192
              ],
              [
                51.987680312823386,
                71.0240336500285
              ],
              [
                51.98703820432628,
                71.02386576930628
              ],
              [
                51.98687090379643,
                71.02393736219537
              ],
              [
                51.98644283709264,
                71.0238254399466
              ],
              [
                51.98661013824455,
                71.02375384746306
              ],
              [
                51.98639610707857,
                71.02369788613294
              ],
              [
                51.98656340729158,
                71.0236262936807
              ],
              [
                51.98613534933135,
                71.02351437060898
              ],
              [
                51.98630264891646,
                71.02344277839089
              ],
              [
                51.98651667696061,
                71.02349873986014
              ],
              [
                51.986683974984835,
                71.02342714726782
              ],
              [
                51.98689800396787,
                71.02348310826197
              ],
              [
                51.98756718232195,
                71.02319673536739
              ],
              [
                51.987353154583026,
                71.02314077518432
              ],
              [
                51.98752044635797,
                71.02306918173487
              ],
              [
                51.98709239525167,
                71.02295726095721
              ],
              [
                51.986925102854684,
                71.0230288540011
              ],
              [
                51.98585499540567,
                71.02274904627726
              ],
              [
                51.98568770020397,
                71.02282063813591
              ],
              [
                51.98547368215263,
                71.02276467557141
              ],
              [
                51.98697929677486,
                71.02212034449688
              ],
              [
                51.98676528277194,
                71.02206438348487
              ],
              [
                51.987936248560075,
                71.02156322891346
              ],
              [
                51.98772223798373,
                71.02150726904837
              ],
              [
                51.98788951412303,
                71.02143567505527
              ],
              [
                51.98810352438837,
                71.02149163471763
              ],
              [
                51.98843807229615,
                71.02134844581175
              ],
              [
                51.98865208318905,
                71.02140440479631
              ],
              [
                51.99015748412125,
                71.02076004441115
              ],
              [
                51.9903714934642,
                71.02081600129874
              ],
              [
                51.99053875367574,
                71.02074440464071
              ],
              [
                51.9907527639571,
                71.02080036105323
              ],
              [
                51.99092002260805,
                71.0207287640211
              ],
              [
                51.991134033827784,
                71.02078471995857
              ],
              [
                51.99130129091814,
                71.02071312255232
              ],
              [
                51.99151530307622,
                71.02076907801471
              ],
              [
                51.99168255860597,
                71.02069748023438
              ],
              [
                51.9918965717024,
                71.02075343522169
              ],
              [
                51.992231078391185,
                71.02061023874144
              ],
              [
                51.99244509211476,
                71.02066619305096
              ],
              [
                51.9926123432738,
                71.02059459435105
              ],
              [
                51.992826357935634,
                71.0206505481855
              ],
              [
                51.993328102982574,
                71.02043575044945
              ],
              [
                51.993542117960246,
                71.02049170340338
              ],
              [
                51.993876607788664,
                71.02034850365042
              ],
              [
                51.99409062339332,
                71.0204044559266
              ],
              [
                51.99425786612218,
                71.02033285559034
              ],
              [
                51.99447188266499,
                71.0203888073914
              ],
              [
                51.99463912383322,
                71.02031720668111
              ],
              [
                51.99485314131416,
                71.02037315800712
              ],
              [
                51.99502038092173,
                71.02030155692273
              ],
              [
                51.99609048551092,
                71.0205813084537
              ],
              [
                51.99625772231258,
                71.02050970618438
              ],
              [
                51.99668577227136,
                71.02062160448475
              ],
              [
                51.99651853609239,
                71.0206932071595
              ],
              [
                51.99673256325725,
                71.02074915610386
              ],
              [
                51.99656532614021,
                71.02082075880998
              ],
              [
                51.99677935486586,
                71.02087670768468
              ],
              [
                51.99661211681075,
                71.02094831042217
              ],
              [
                51.99682614709721,
                71.02100425922723
              ],
              [
                51.996658908104024,
                71.02107586199611
              ],
              [
                51.9968729399513,
                71.0211318107315
              ],
              [
                51.99670570002004,
                71.02120341353178
              ],
              [
                51.99691973342818,
                71.02125936219753
              ],
              [
                51.996752492558805,
                71.0213309650292
              ],
              [
                51.996966527527825,
                71.02138691362526
              ],
              [
                51.996799285720336,
                71.0214585164883
              ],
              [
                51.997013322250254,
                71.02151446501472
              ],
              [
                51.99684607950466,
                71.02158606790918
              ],
              [
                51.9970601175955,
                71.02164201636594
              ],
              [
                51.99672562897849,
                71.02178522204626
              ],
              [
                51.99693966894168,
                71.0218411706361
              ],
              [
                51.996772423070254,
                71.02191277342196
              ],
              [
                51.996986464594414,
                71.02196872194216
              ],
              [
                51.99665196972563,
                71.02211192740535
              ],
              [
                51.9968660131222,
                71.02216787605859
              ],
              [
                51.99669876412484,
                71.02223947873588
              ],
              [
                51.99691280908242,
                71.02229542731948
              ],
              [
                51.99641105552679,
                71.02251023493153
              ],
              [
                51.996197009634976,
                71.02245428573971
              ],
              [
                51.995862500393514,
                71.02259748955217
              ],
              [
                51.995648455128574,
                71.02254153968248
              ],
              [
                51.995313940265675,
                71.02268474240402
              ],
              [
                51.99552798615337,
                71.0227406926792
              ],
              [
                51.99536072715877,
                71.0228122939857
              ],
              [
                51.99557477460753,
                71.0228682441912
              ],
              [
                51.99574203329075,
                71.02279664268198
              ],
              [
                51.996598234337334,
                71.02302043996913
              ],
              [
                51.99643097689974,
                71.02309204228935
              ],
              [
                51.9966450305971,
                71.02314799113287
              ],
              [
                51.996477772221205,
                71.02321959348448
              ],
              [
                51.99669182747974,
                71.02327554225833
              ],
              [
                51.99652456816554,
                71.02334714464133
              ],
              [
                51.99695268305477,
                71.02345904177731
              ],
              [
                51.9967854231137,
                71.02353064439447
              ],
              [
                51.99699948274444,
                71.02358659275662
              ],
              [
                51.99683222186505,
                71.02365819540513
              ],
              [
                51.99704628305704,
                71.02371414369763
              ],
              [
                51.99687902123932,
                71.02378574637753
              ],
              [
                51.997093083992596,
                71.02384169460035
              ],
              [
                51.99692582123653,
                71.02391329731167
              ],
              [
                51.99713988555111,
                71.02396924546483
              ],
              [
                51.996972621856685,
                71.02404084820753
              ],
              [
                51.99932741523432,
                71.02465626214227
              ],
              [
                51.99916015371701,
                71.02472786694393
              ],
              [
                51.99937423365317,
                71.02478381223344
              ],
              [
                51.99920697119753,
                71.02485541706653
              ],
              [
                52.00134784242204,
                71.0254148570039
              ],
              [
                52.00118058183307,
                71.02548646369328
              ],
              [
                52.00139467614205,
                71.02554240639125
              ],
              [
                52.0012274146148,
                71.02561401311206
              ],
              [
                52.00144151048549,
                71.0256699557403
              ],
              [
                52.00127424801995,
                71.02574156249253
              ],
              [
                52.001488345452394,
                71.02579750505106
              ],
              [
                52.00132108204857,
                71.02586911183471
              ],
              [
                52.001535181042776,
                71.02592505432357
              ],
              [
                52.001367916700644,
                71.02599666113863
              ],
              [
                52.00179611906268,
                71.02610854570443
              ],
              [
                52.00162885409399,
                71.0261801527537
              ],
              [
                52.00184295746186,
                71.02623609483062
              ],
              [
                52.00167569155485,
                71.02630770191136
              ],
              [
                52.001889796484576,
                71.02636364391857
              ],
              [
                51.99938066253809,
                71.0274377326085
              ],
              [
                51.99916655293244,
                71.02738178755958
              ],
              [
                51.998999267022626,
                71.02745339189855
              ],
              [
                51.998785158355545,
                71.02739744637434
              ],
              [
                51.99661032369793,
                71.02832828454918
              ],
              [
                51.9963962122299,
                71.02827233611615
              ],
              [
                51.99622890819209,
                71.02834393765012
              ],
              [
                51.99323147456883,
                71.02756062813967
              ],
              [
                51.99339878296783,
                71.02748902944491
              ],
              [
                51.99318469025536,
                71.02743307692502
              ],
              [
                51.99335199771547,
                71.02736147826164
              ],
              [
                51.99121114247189,
                71.0268019401069
              ],
              [
                51.99137845179546,
                71.0267303433001
              ],
              [
                51.990950296372766,
                71.02661843280569
              ],
              [
                51.990782986426574,
                71.0266900292069
              ],
              [
                51.9905689102793,
                71.02663407334828
              ],
              [
                51.99040159877156,
                71.02670566937529
              ],
              [
                51.98954530543995,
                71.02648184240553
              ],
              [
                51.98937799143692,
                71.02655343744992
              ]
            ]
          ]
        ]
      },
      "properties": {
        "id": "e35bb99c8124ee84",
        "class": "floe_instance_candidate",
        "ice_identity": "optical_candidate",
        "grounding": "unverified",
        "confirmed_stamukha": false,
        "confidence": "low",
        "review_status": "unreviewed",
        "region": "barents",
        "observed_at": "2026-02-25T09:00:06.641000Z",
        "source_id": "S2C_T39WWU_20260225T085937_L2A",
        "source_collection": "sentinel-2-c1-l2a",
        "source_level": "L2A",
        "area_m2": 291900.0,
        "equivalent_diameter_m": 609.64,
        "longitude": 51.9935766,
        "latitude": 71.0243099,
        "truncated": false,
        "minimum_threshold_iou": 0.606,
        "threshold_stable": true,
        "inferred_boundary_fraction": 0.742,
        "touching_floes_may_be_split": true,
        "isolated_stable_candidate": false,
        "low_sun": true,
        "sun_elevation_deg": 10.2149731551564,
        "processing_method": "distance_watershed_experimental_v1",
        "native_green_m": 10,
        "native_swir_m": 20,
        "notice": "Candidate outline; shape splitting can divide one floe or merge multiple floes; 30 m completeness unvalidated"
      }
    },
    {
      "type": "Feature",
      "geometry": {
        "type": "MultiPolygon",
        "coordinates": [
          [
            [
              [
                52.00231801009433,
                71.02647552711555
              ],
              [
                52.001889796484576,
                71.02636364391857
              ],
              [
                52.002057062079814,
                71.0262920366351
              ],
              [
                52.00184295746186,
                71.02623609483062
              ],
              [
                52.00201022211879,
                71.02616448757858
              ],
              [
                52.00179611906268,
                71.02610854570443
              ],
              [
                52.00196338278131,
                71.0260369384838
              ],
              [
                52.001535181042776,
                71.02592505432357
              ],
              [
                52.00170244413486,
                71.02585344733714
              ],
              [
                52.001488345452394,
                71.02579750505106
              ],
              [
                52.001655607606196,
                71.02572589809607
              ],
              [
                52.00144151048549,
                71.0256699557403
              ],
              [
                52.00160877170101,
                71.02559834881671
              ],
              [
                52.00139467614205,
                71.02554240639125
              ],
              [
                52.00156193641929,
                71.0254707994991
              ],
              [
                52.00134784242204,
                71.0254148570039
              ],
              [
                52.00151510176104,
                71.0253432501432
              ],
              [
                51.99937423365317,
                71.02478381223344
              ],
              [
                51.99954149485888,
                71.02471220722897
              ],
              [
                51.99932741523432,
                71.02465626214227
              ],
              [
                51.99949467550175,
                71.02458465716923
              ],
              [
                51.99713988555111,
                71.02396924546483
              ],
              [
                51.99730714799569,
                71.02389764255075
              ],
              [
                51.997093083992596,
                71.02384169460035
              ],
              [
                51.997260345498844,
                71.02377009171768
              ],
              [
                51.99704628305704,
                71.02371414369763
              ],
              [
                51.997213543624966,
                71.02364254084635
              ],
              [
                51.99699948274444,
                71.02358659275662
              ],
              [
                51.99716674237405,
                71.02351498993673
              ],
              [
                51.99695268305477,
                71.02345904177731
              ],
              [
                51.99711994174607,
                71.02338743898885
              ],
              [
                51.99669182747974,
                71.02327554225833
              ],
              [
                51.9968590855442,
                71.023203939704
              ],
              [
                51.9966450305971,
                71.02314799113287
              ],
              [
                51.99681228772326,
                71.02307638860991
              ],
              [
                51.996598234337334,
                71.02302043996913
              ],
              [
                51.997434502779775,
                71.02266242579785
              ],
              [
                51.997220452200764,
                71.02260647789835
              ],
              [
                51.997387702451675,
                71.02253487475278
              ],
              [
                51.99717365343376,
                71.02247892678366
              ],
              [
                51.99734090274647,
                71.02240732366947
              ],
              [
                51.99691280908242,
                71.02229542731948
              ],
              [
                51.99708005776837,
                71.02222382443944
              ],
              [
                51.9968660131222,
                71.02216787605859
              ],
              [
                51.99720050736815,
                71.02202467018994
              ],
              [
                51.996986464594414,
                71.02196872194216
              ],
              [
                51.99715371015443,
                71.02189711895353
              ],
              [
                51.99693966894168,
                71.0218411706361
              ],
              [
                51.99727415693587,
                71.02169796455031
              ],
              [
                51.9970601175955,
                71.02164201636594
              ],
              [
                51.99722736002969,
                71.02157041326875
              ],
              [
                51.997013322250254,
                71.02151446501472
              ],
              [
                51.99718056374634,
                71.02144286194896
              ],
              [
                51.996966527527825,
                71.02138691362526
              ],
              [
                51.99713376808581,
                71.02131531059086
              ],
              [
                51.99691973342818,
                71.02125936219753
              ],
              [
                51.99708697304806,
                71.02118775919452
              ],
              [
                51.9968729399513,
                71.0211318107315
              ],
              [
                51.997040178633114,
                71.02106020775989
              ],
              [
                51.99682614709721,
                71.02100425922723
              ],
              [
                51.996993384840934,
                71.020932656287
              ],
              [
                51.99677935486586,
                71.02087670768468
              ],
              [
                51.99694659167153,
                71.02080510477583
              ],
              [
                51.99673256325725,
                71.02074915610386
              ],
              [
                51.997067033743065,
                71.0206059501776
              ],
              [
                51.99685300720094,
                71.02055000163868
              ],
              [
                51.99702024088112,
                71.02047839862128
              ],
              [
                51.99659219216774,
                71.02036650113176
              ],
              [
                51.99675942522126,
                71.02029489834847
              ],
              [
                51.99633138212804,
                71.02018300017491
              ],
              [
                51.99649861455488,
                71.0201113976257
              ],
              [
                51.9960705770817,
                71.01999949876814
              ],
              [
                51.99623780888185,
                71.01992789645301
              ],
              [
                51.995381750172584,
                71.0197040962804
              ],
              [
                51.995548981968604,
                71.01963249460479
              ],
              [
                51.9951209607323,
                71.01952059328978
              ],
              [
                51.995288191901565,
                71.01944899184826
              ],
              [
                51.99507418346859,
                71.01939304098497
              ],
              [
                51.99524141369984,
                71.01932143957482
              ],
              [
                51.99502740682737,
                71.01926548864186
              ],
              [
                51.995361864164636,
                71.01912228571298
              ],
              [
                51.99514785916389,
                71.01906633491309
              ],
              [
                51.99531508626993,
                71.01899473339435
              ],
              [
                51.99510108282964,
                71.01893878252484
              ],
              [
                51.995435533916606,
                71.01879557937876
              ],
              [
                51.994579535137156,
                71.01857177479894
              ],
              [
                51.99491398371721,
                71.01842857258916
              ],
              [
                51.995127980915896,
                71.01848452373721
              ],
              [
                51.995462423876965,
                71.01834132043672
              ],
              [
                51.995676421702335,
                71.01839727090704
              ],
              [
                51.996178075841826,
                71.01818246406326
              ],
              [
                51.99596407895019,
                71.018126514201
              ],
              [
                51.99613129480974,
                71.01805491177979
              ],
              [
                51.995917299478435,
                71.01799896184792
              ],
              [
                51.99625172807282,
                71.0178557568969
              ],
              [
                51.99646572278163,
                71.01791170642342
              ],
              [
                51.99813778769967,
                71.01719566936283
              ],
              [
                51.998351780544624,
                71.01725161659016
              ],
              [
                51.99885337473119,
                71.01703680152355
              ],
              [
                52.003561512756825,
                71.01826755824159
              ],
              [
                52.0033943227956,
                71.01833916789403
              ],
              [
                52.00360834374444,
                71.0183951084516
              ],
              [
                52.00344115284576,
                71.01846671813544
              ],
              [
                52.00365517535523,
                71.0185226586233
              ],
              [
                52.003487983519086,
                71.01859426833857
              ],
              [
                52.00370200758921,
                71.01865020875672
              ],
              [
                52.00353481481559,
                71.01872181850341
              ],
              [
                52.00374884044638,
                71.01877775885184
              ],
              [
                52.00358164673528,
                71.01884936862994
              ],
              [
                52.00379567392677,
                71.01890530890864
              ],
              [
                52.00362847927817,
                71.01897691871818
              ],
              [
                52.00384250803039,
                71.01903285892719
              ],
              [
                52.00367531244428,
                71.01910446876812
              ],
              [
                52.00388934275723,
                71.01916040890742
              ],
              [
                52.00372214623361,
                71.01923201877977
              ],
              [
                52.00350811560905,
                71.01917607843778
              ],
              [
                52.00334091752468,
                71.01924768793617
              ],
              [
                52.00312688783766,
                71.01919174711907
              ],
              [
                52.00279248729826,
                71.01933496519663
              ],
              [
                52.00257845823722,
                71.01927902370177
              ],
              [
                52.00241125578219,
                71.01935063228092
              ],
              [
                52.002197227658755,
                71.01929469031097
              ],
              [
                52.002030023643,
                71.01936629851613
              ],
              [
                52.00224405207799,
                71.0194222406888
              ],
              [
                52.002076847124606,
                71.01949384892539
              ],
              [
                52.002718940859474,
                71.01966167441707
              ],
              [
                52.002551735591595,
                71.01973328309045
              ],
              [
                52.00340787930686,
                71.0199570474098
              ],
              [
                52.0037422861005,
                71.01981382827014
              ],
              [
                52.003528248921086,
                71.01975788800434
              ],
              [
                52.0036954507557,
                71.01968627838026
              ],
              [
                52.00348141513713,
                71.01963033804472
              ],
              [
                52.00465179518381,
                71.01912906729952
              ],
              [
                52.004865828620865,
                71.0191850062162
              ],
              [
                52.00520021105431,
                71.01904178405645
              ],
              [
                52.00541424511714,
                71.01909772229538
              ],
              [
                52.0055814341485,
                71.01902611075592
              ],
              [
                52.00579546914874,
                71.01908204851972
              ],
              [
                52.00596265661932,
                71.01901043660635
              ],
              [
                52.00617669255695,
                71.01906637389503
              ],
              [
                52.0063438784667,
                71.01899476160771
              ],
              [
                52.00655791534171,
                71.0190506984213
              ],
              [
                52.00672509969064,
                71.01897908576002
              ],
              [
                52.00693913750298,
                71.01903502209852
              ],
              [
                52.0067719534658,
                71.01910663496247
              ],
              [
                52.006985992838985,
                71.01916257123122
              ],
              [
                52.00681880786445,
                71.01923418412662
              ],
              [
                52.0070328487985,
                71.01929012032562
              ],
              [
                52.00686566288661,
                71.01936173325244
              ],
              [
                52.00707970538155,
                71.01941766938171
              ],
              [
                52.006912518532296,
                71.01948928233998
              ],
              [
                52.00712656258815,
                71.0195452183995
              ],
              [
                52.00695937480151,
                71.01961683138919
              ],
              [
                52.00909988718243,
                71.02017617902719
              ],
              [
                52.008932701264904,
                71.02024779387256
              ],
              [
                52.00914675968546,
                71.0203037273406
              ],
              [
                52.00897957283059,
                71.0203753422174
              ],
              [
                52.01069208766313,
                71.02082280177457
              ],
              [
                52.01052490205445,
                71.0208944181017
              ],
              [
                52.010738972342196,
                71.02095034952293
              ],
              [
                52.010571785796195,
                71.02102196588152
              ],
              [
                52.01078585764522,
                71.02107789723297
              ],
              [
                52.010618670161904,
                71.02114951362303
              ],
              [
                52.01083274357222,
                71.0212054449047
              ],
              [
                52.01066555515156,
                71.0212770613262
              ],
              [
                52.01087963012321,
                71.02133299253812
              ],
              [
                52.01071244076521,
                71.02140460899109
              ],
              [
                52.01114059508056,
                71.02151647100283
              ],
              [
                52.010973405097204,
                71.02158808768998
              ],
              [
                52.011187484440946,
                71.02164401848984
              ],
              [
                52.01035151734339,
                71.0220021003704
              ],
              [
                52.01056559949659,
                71.0220580319113
              ],
              [
                52.0097296027231,
                71.0224161105242
              ],
              [
                52.00951551900994,
                71.02236017796973
              ],
              [
                52.00934831559481,
                71.02243179297582
              ],
              [
                52.009990571418754,
                71.0225995904299
              ],
              [
                52.00982336769008,
                71.02267120587288
              ],
              [
                52.01003745577576,
                71.02272713801531
              ],
              [
                52.00987025110957,
                71.02279875348977
              ],
              [
                52.01008434075679,
                71.02285468556241
              ],
              [
                52.00974992829975,
                71.022997916403
              ],
              [
                52.009964019820565,
                71.0230538486086
              ],
              [
                52.009796812029705,
                71.02312546397471
              ],
              [
                52.010010905112104,
                71.02318139611053
              ],
              [
                52.00984369638367,
                71.0232530115081
              ],
              [
                52.01005779102769,
                71.02330894357414
              ],
              [
                52.00989058136167,
                71.02338055900319
              ],
              [
                52.010104677567334,
                71.02343649099946
              ],
              [
                52.00993746696372,
                71.02350810645997
              ],
              [
                52.01015156473104,
                71.02356403838644
              ],
              [
                52.00998435318982,
                71.02363565387842
              ],
              [
                52.010198452518836,
                71.02369158573512
              ],
              [
                52.01003124004001,
                71.02376320125855
              ],
              [
                52.01024534093073,
                71.02381913304548
              ],
              [
                52.00957647976676,
                71.02410559423745
              ],
              [
                52.00979058315535,
                71.02416152656282
              ],
              [
                52.00962336505212,
                71.02423314163538
              ],
              [
                52.00983747000248,
                71.02428907389096
              ],
              [
                52.009001362300296,
                71.02464714769832
              ],
              [
                52.00921547006061,
                71.02470308069506
              ],
              [
                52.009048245082866,
                71.02477469514545
              ],
              [
                52.009262354405024,
                71.02483062807242
              ],
              [
                52.0090951284895,
                71.02490224255426
              ],
              [
                52.00930923937352,
                71.0249581754115
              ],
              [
                52.00914201252021,
                71.0250297899248
              ],
              [
                52.00935612496611,
                71.02508572271223
              ],
              [
                52.00918889717501,
                71.025157337257
              ],
              [
                52.009403011182826,
                71.02521326997466
              ],
              [
                52.00923578245391,
                71.02528488455091
              ],
              [
                52.009449898023654,
                71.02534081719878
              ],
              [
                52.009282668356924,
                71.02541243180649
              ],
              [
                52.00949678548862,
                71.0254683643846
              ],
              [
                52.009329554884076,
                71.02553997902376
              ],
              [
                52.009543673577745,
                71.02559591153208
              ],
              [
                52.009376442035354,
                71.02566752620272
              ],
              [
                52.00959056229102,
                71.02572345864127
              ],
              [
                52.00942332981079,
                71.02579507334339
              ],
              [
                52.00963745162848,
                71.02585100571216
              ],
              [
                52.00913574762433,
                71.02606584939902
              ],
              [
                52.009778123386,
                71.02623364669492
              ],
              [
                52.00961088715428,
                71.02630526152291
              ],
              [
                52.009825015220265,
                71.02636119361256
              ],
              [
                52.00965777805065,
                71.02643280847201
              ],
              [
                52.00987190767877,
                71.02648874049187
              ],
              [
                52.00937018960611,
                71.02670358465079
              ],
              [
                52.00915605904166,
                71.02664765202262
              ],
              [
                52.00898881687189,
                71.02671926619693
              ],
              [
                52.008774687245406,
                71.02666333309347
              ],
              [
                52.0086074435135,
                71.0267349468937
              ],
              [
                52.00839331482499,
                71.02667901331495
              ],
              [
                52.00822606953094,
                71.0267506267411
              ],
              [
                52.00801194178046,
                71.02669469268706
              ],
              [
                52.00784469492427,
                71.02676630573914
              ],
              [
                52.007630568111814,
                71.02671037120979
              ],
              [
                52.00746331969351,
                71.0267819838878
              ],
              [
                52.0072491938191,
                71.02672604888315
              ],
              [
                52.00708194383869,
                71.0267976611871
              ],
              [
                52.006011331657916,
                71.02651798106209
              ],
              [
                52.0058440788675,
                71.02658959218091
              ],
              [
                52.00562995986963,
                71.02653365513557
              ],
              [
                52.00546270551718,
                71.02660526588028
              ],
              [
                52.00439212771936,
                71.02632557555212
              ],
              [
                52.0042248705573,
                71.02639718511163
              ],
              [
                52.00401075843608,
                71.02634124602574
              ],
              [
                52.003843499712076,
                71.02641285521116
              ],
              [
                52.00362938852907,
                71.02635691565
              ],
              [
                52.003462128243136,
                71.02642852446135
              ],
              [
                52.00324801799837,
                71.02637258442488
              ],
              [
                52.00308075615051,
                71.02644419286213
              ],
              [
                52.00286664684399,
                71.02638825235039
              ],
              [
                52.00269938343422,
                71.02645986041352
              ],
              [
                52.00248527506599,
                71.02640391942654
              ],
              [
                52.00231801009433,
                71.02647552711555
              ]
            ]
          ]
        ]
      },
      "properties": {
        "id": "0d31a962a7f75b5b",
        "class": "floe_instance_candidate",
        "ice_identity": "optical_candidate",
        "grounding": "unverified",
        "confirmed_stamukha": false,
        "confidence": "low",
        "review_status": "unreviewed",
        "region": "barents",
        "observed_at": "2026-02-25T09:00:06.641000Z",
        "source_id": "S2C_T39WWU_20260225T085937_L2A",
        "source_collection": "sentinel-2-c1-l2a",
        "source_level": "L2A",
        "area_m2": 393900.0,
        "equivalent_diameter_m": 708.19,
        "longitude": 52.0031273,
        "latitude": 71.0220468,
        "truncated": false,
        "minimum_threshold_iou": 0.753,
        "threshold_stable": true,
        "inferred_boundary_fraction": 0.692,
        "touching_floes_may_be_split": true,
        "isolated_stable_candidate": false,
        "low_sun": true,
        "sun_elevation_deg": 10.2149731551564,
        "processing_method": "distance_watershed_experimental_v1",
        "native_green_m": 10,
        "native_swir_m": 20,
        "notice": "Candidate outline; shape splitting can divide one floe or merge multiple floes; 30 m completeness unvalidated"
      }
    },
    {
      "type": "Feature",
      "geometry": {
        "type": "MultiPolygon",
        "coordinates": [
          [
            [
              [
                52.010326719229084,
                71.02614634800646
              ],
              [
                52.00968434159011,
                71.02597855274472
              ],
              [
                52.00985157469611,
                71.02590693780839
              ],
              [
                52.00963745162848,
                71.02585100571216
              ],
              [
                52.00980468379662,
                71.02577939080729
              ],
              [
                52.00959056229102,
                71.02572345864127
              ],
              [
                52.009757793521324,
                71.02565184376787
              ],
              [
                52.009543673577745,
                71.02559591153208
              ],
              [
                52.009710903870214,
                71.02552429669018
              ],
              [
                52.00949678548862,
                71.0254683643846
              ],
              [
                52.00966401484328,
                71.02539674957414
              ],
              [
                52.009449898023654,
                71.02534081719878
              ],
              [
                52.0096171264405,
                71.02526920241979
              ],
              [
                52.009403011182826,
                71.02521326997466
              ],
              [
                52.00957023866187,
                71.02514165522713
              ],
              [
                52.00935612496611,
                71.02508572271223
              ],
              [
                52.009523351507376,
                71.02501410799617
              ],
              [
                52.00930923937352,
                71.0249581754115
              ],
              [
                52.009476464977006,
                71.0248865607269
              ],
              [
                52.009262354405024,
                71.02483062807242
              ],
              [
                52.00942957907073,
                71.0247590134193
              ],
              [
                52.00921547006061,
                71.02470308069506
              ],
              [
                52.01005157620258,
                71.024345005874
              ],
              [
                52.00983747000248,
                71.02428907389096
              ],
              [
                52.01000468779366,
                71.02421745861567
              ],
              [
                52.00979058315535,
                71.02416152656282
              ],
              [
                52.01045944307112,
                71.02387506455992
              ],
              [
                52.01024534093073,
                71.02381913304548
              ],
              [
                52.0104125530975,
                71.02374751731932
              ],
              [
                52.010198452518836,
                71.02369158573512
              ],
              [
                52.01036566374801,
                71.02361997004041
              ],
              [
                52.01015156473104,
                71.02356403838644
              ],
              [
                52.010318775022625,
                71.02349242272321
              ],
              [
                52.010104677567334,
                71.02343649099946
              ],
              [
                52.010271886921316,
                71.02336487536768
              ],
              [
                52.01005779102769,
                71.02330894357414
              ],
              [
                52.0102249994441,
                71.02323732797383
              ],
              [
                52.010010905112104,
                71.02318139611053
              ],
              [
                52.01017811259094,
                71.02310978054167
              ],
              [
                52.009964019820565,
                71.0230538486086
              ],
              [
                52.01029843165357,
                71.02291061736257
              ],
              [
                52.01008434075679,
                71.02285468556241
              ],
              [
                52.010251545110975,
                71.02278306988526
              ],
              [
                52.01003745577576,
                71.02272713801531
              ],
              [
                52.010204659192425,
                71.02265552236962
              ],
              [
                52.009990571418754,
                71.0225995904299
              ],
              [
                52.01032497512756,
                71.02245635903016
              ],
              [
                52.010110889227406,
                71.02240042722339
              ],
              [
                52.010779682899226,
                71.0221139631797
              ],
              [
                52.01056559949659,
                71.0220580319113
              ],
              [
                52.01123437442538,
                71.02177156593848
              ],
              [
                52.01144845657992,
                71.02182749639607
              ],
              [
                52.011615646876564,
                71.02175587927204
              ],
              [
                52.011829729968454,
                71.02181180925442
              ],
              [
                52.01199691870365,
                71.02174019175645
              ],
              [
                52.01242508801148,
                71.0218520504983
              ],
              [
                52.01259227487314,
                71.0217804324237
              ],
              [
                52.012806361089055,
                71.02183636118318
              ],
              [
                52.01297354638924,
                71.02176474273463
              ],
              [
                52.01318763354243,
                71.02182067101887
              ],
              [
                52.01335481728112,
                71.02174905219641
              ],
              [
                52.013568905371564,
                71.02180498000548
              ],
              [
                52.013736087548764,
                71.02173336080907
              ],
              [
                52.01395017657645,
                71.02178928814293
              ],
              [
                52.014117357192134,
                71.02171766857259
              ],
              [
                52.014331447157026,
                71.02177359543121
              ],
              [
                52.014498626211186,
                71.02170197548696
              ],
              [
                52.01621138841008,
                71.02214937892374
              ],
              [
                52.016378563717154,
                71.02207775718668
              ],
              [
                52.01830551395862,
                71.02258106338002
              ],
              [
                52.018472685205474,
                71.02250943964744
              ],
              [
                52.01868679672255,
                71.02256536099237
              ],
              [
                52.0188539664076,
                71.0224937368859
              ],
              [
                52.01906807886169,
                71.02254965775559
              ],
              [
                52.019235246984955,
                71.0224780332752
              ],
              [
                52.01966347501657,
                71.0225898737915
              ],
              [
                52.01983064126559,
                71.02251824873454
              ],
              [
                52.02004475684309,
                71.02257416838114
              ],
              [
                52.02021192153027,
                71.02250254295029
              ],
              [
                52.02042603804472,
                71.02255846212162
              ],
              [
                52.020593201170065,
                71.0224868363169
              ],
              [
                52.021235557272384,
                71.02265459158744
              ],
              [
                52.02106839508446,
                71.02272621800027
              ],
              [
                52.02149663935802,
                71.0228380538898
              ],
              [
                52.021663800920926,
                71.02276642707159
              ],
              [
                52.02273443190709,
                71.02304601101179
              ],
              [
                52.022567271906894,
                71.02311763884352
              ],
              [
                52.022781402164995,
                71.02317355501651
              ],
              [
                52.02261424122793,
                71.02324518287976
              ],
              [
                52.02282837304806,
                71.02330109898286
              ],
              [
                52.022661211174096,
                71.02337272687764
              ],
              [
                52.02287534455628,
                71.02342864291083
              ],
              [
                52.02270818174543,
                71.02350027083716
              ],
              [
                52.0229223166897,
                71.02355618680046
              ],
              [
                52.02275515294195,
                71.02362781475831
              ],
              [
                52.02296928944831,
                71.02368373065174
              ],
              [
                52.02280212476363,
                71.02375535864111
              ],
              [
                52.02301626283213,
                71.02381127446465
              ],
              [
                52.02284909721052,
                71.02388290248557
              ],
              [
                52.02306323684116,
                71.02393881823919
              ],
              [
                52.02289607028263,
                71.02401044629164
              ],
              [
                52.02311021147544,
                71.02406636197539
              ],
              [
                52.02210718775864,
                71.02449612791158
              ],
              [
                52.0223213320767,
                71.02455204453898
              ],
              [
                52.02215415739618,
                71.0246236717986
              ],
              [
                52.02236830327648,
                71.02467958835612
              ],
              [
                52.02220112765892,
                71.02475121564726
              ],
              [
                52.02241527510149,
                71.02480713213491
              ],
              [
                52.02157937983145,
                71.02516526703637
              ],
              [
                52.02179353008674,
                71.02522118426504
              ],
              [
                52.0216263475962,
                71.02529281093447
              ],
              [
                52.02184049941383,
                71.02534872809322
              ],
              [
                52.0215061313087,
                71.02549198132398
              ],
              [
                52.02172028500129,
                71.02554789861559
              ],
              [
                52.02155309938668,
                71.0256195251769
              ],
              [
                52.02176725464166,
                71.02567544239861
              ],
              [
                52.02160006808987,
                71.02574706899145
              ],
              [
                52.02181422490725,
                71.02580298614326
              ],
              [
                52.02164703741828,
                71.02587461276764
              ],
              [
                52.0218611957981,
                71.02593052984959
              ],
              [
                52.02152681769593,
                71.02607378299021
              ],
              [
                52.02131265869087,
                71.02601786550281
              ],
              [
                52.02114546745242,
                71.02608949161358
              ],
              [
                52.0209313093846,
                71.0260335736508
              ],
              [
                52.0207641165837,
                71.02610519938764
              ],
              [
                52.02054995945314,
                71.0260492809495
              ],
              [
                52.020382765089806,
                71.0261209063124
              ],
              [
                52.01952614781586,
                71.02589722902287
              ],
              [
                52.019358950952466,
                71.02596885340358
              ],
              [
                52.01914479944608,
                71.02591293319695
              ],
              [
                52.018977601020325,
                71.02598455720373
              ],
              [
                52.01790686067366,
                71.02570495106788
              ],
              [
                52.01773965943568,
                71.0257765738897
              ],
              [
                52.01752551480343,
                71.02572065164203
              ],
              [
                52.017358312003154,
                71.02579227408994
              ],
              [
                52.01714416830833,
                71.02573635136692
              ],
              [
                52.01697696394578,
                71.02580797344083
              ],
              [
                52.016762821188394,
                71.02575205024249
              ],
              [
                52.01659561526358,
                71.02582367194242
              ],
              [
                52.016167332873586,
                71.02571182432253
              ],
              [
                52.01566570572566,
                71.02592668717848
              ],
              [
                52.015451565468375,
                71.02587076235145
              ],
              [
                52.015284353606944,
                71.0259423827582
              ],
              [
                52.0150702142872,
                71.02588645745583
              ],
              [
                52.014903000863555,
                71.02595807748858
              ],
              [
                52.01468886248137,
                71.0259021517109
              ],
              [
                52.0145216474955,
                71.02597377136968
              ],
              [
                52.014307510050905,
                71.02591784511667
              ],
              [
                52.01414029350282,
                71.02598946440145
              ],
              [
                52.01392615699585,
                71.02593353767314
              ],
              [
                52.013758938885566,
                71.02600515658389
              ],
              [
                52.01354480331622,
                71.02594922938027
              ],
              [
                52.013377583643745,
                71.02602084791705
              ],
              [
                52.01316344901206,
                71.0259649202381
              ],
              [
                52.01299622777741,
                71.02603653840086
              ],
              [
                52.0127820940834,
                71.0259806102466
              ],
              [
                52.01261487128658,
                71.02605222803535
              ],
              [
                52.012400738530275,
                71.0259962994058
              ],
              [
                52.012233514171285,
                71.02606791682054
              ],
              [
                52.012019382352705,
                71.02601198771568
              ],
              [
                52.01185215643157,
                71.02608360475637
              ],
              [
                52.01163802555073,
                71.02602767517621
              ],
              [
                52.01147079806746,
                71.0260992918429
              ],
              [
                52.01125666812439,
                71.02604336178742
              ],
              [
                52.01108943907899,
                71.02611497808007
              ],
              [
                52.01087531007371,
                71.02605904754931
              ],
              [
                52.010708079466184,
                71.02613066346792
              ],
              [
                52.01049395139872,
                71.02607473246188
              ],
              [
                52.010326719229084,
                71.02614634800646
              ]
            ]
          ]
        ]
      },
      "properties": {
        "id": "99a0d4e95dc9aeda",
        "class": "floe_instance_candidate",
        "ice_identity": "optical_candidate",
        "grounding": "unverified",
        "confirmed_stamukha": false,
        "confidence": "low",
        "review_status": "unreviewed",
        "region": "barents",
        "observed_at": "2026-02-25T09:00:06.641000Z",
        "source_id": "S2C_T39WWU_20260225T085937_L2A",
        "source_collection": "sentinel-2-c1-l2a",
        "source_level": "L2A",
        "area_m2": 189200.0,
        "equivalent_diameter_m": 490.81,
        "longitude": 52.0157948,
        "latitude": 71.0240577,
        "truncated": false,
        "minimum_threshold_iou": 0.706,
        "threshold_stable": true,
        "inferred_boundary_fraction": 0.889,
        "touching_floes_may_be_split": true,
        "isolated_stable_candidate": false,
        "low_sun": true,
        "sun_elevation_deg": 10.2149731551564,
        "processing_method": "distance_watershed_experimental_v1",
        "native_green_m": 10,
        "native_swir_m": 20,
        "notice": "Candidate outline; shape splitting can divide one floe or merge multiple floes; 30 m completeness unvalidated"
      }
    },
    {
      "type": "Feature",
      "geometry": {
        "type": "MultiPolygon",
        "coordinates": [
          [
            [
              [
                52.023422573975324,
                71.02806734224944
              ],
              [
                52.02278001726775,
                71.02789959660265
              ],
              [
                52.02294721819026,
                71.02782796909972
              ],
              [
                52.02273303543395,
                71.02777205354158
              ],
              [
                52.02290023541914,
                71.02770042607017
              ],
              [
                52.0226860542256,
                71.02764451044213
              ],
              [
                52.022853253273475,
                71.02757288300226
              ],
              [
                52.022639073642694,
                71.02751696730432
              ],
              [
                52.022806271753275,
                71.02744533989602
              ],
              [
                52.02259209368522,
                71.02738942412815
              ],
              [
                52.022759290858495,
                71.02731779675139
              ],
              [
                52.02254511435316,
                71.02726188091364
              ],
              [
                52.02271231058916,
                71.0271902535684
              ],
              [
                52.0224981356465,
                71.02713433766077
              ],
              [
                52.02266533094522,
                71.02706271034708
              ],
              [
                52.02245115756524,
                71.02700679436954
              ],
              [
                52.0226183519267,
                71.02693516708739
              ],
              [
                52.022404180109355,
                71.02687925103996
              ],
              [
                52.02257137353356,
                71.02680762378934
              ],
              [
                52.02235720327884,
                71.02675170767202
              ],
              [
                52.02252439576581,
                71.02668008045293
              ],
              [
                52.022310227073675,
                71.02662416426573
              ],
              [
                52.0224774186234,
                71.0265525370782
              ],
              [
                52.02226325149385,
                71.02649662082106
              ],
              [
                52.022430442106355,
                71.02642499366507
              ],
              [
                52.02221627653936,
                71.02636907733807
              ],
              [
                52.022383466214656,
                71.02629745021362
              ],
              [
                52.02216930221018,
                71.0262415338167
              ],
              [
                52.02233649094828,
                71.0261699067238
              ],
              [
                52.02190816731421,
                71.02605807351755
              ],
              [
                52.022075355427745,
                71.02598644665889
              ],
              [
                52.0218611957981,
                71.02593052984959
              ],
              [
                52.02202838297445,
                71.0258589030225
              ],
              [
                52.02181422490725,
                71.02580298614326
              ],
              [
                52.02198141114642,
                71.02573135934772
              ],
              [
                52.02176725464166,
                71.02567544239861
              ],
              [
                52.02193443994365,
                71.02560381563455
              ],
              [
                52.02172028500129,
                71.02554789861559
              ],
              [
                52.022054652481195,
                71.02540464497939
              ],
              [
                52.02184049941383,
                71.02534872809322
              ],
              [
                52.02200768159176,
                71.02527710122108
              ],
              [
                52.02179353008674,
                71.02522118426504
              ],
              [
                52.02262942379373,
                71.02486304834996
              ],
              [
                52.02241527510149,
                71.02480713213491
              ],
              [
                52.02258245040644,
                71.02473550464106
              ],
              [
                52.02236830327648,
                71.02467958835612
              ],
              [
                52.02253547764439,
                71.0246079608938
              ],
              [
                52.0223213320767,
                71.02455204453898
              ],
              [
                52.02332435391782,
                71.02412227738652
              ],
              [
                52.02311021147544,
                71.02406636197539
              ],
              [
                52.02327737772136,
                71.02399473372023
              ],
              [
                52.02306323684116,
                71.02393881823919
              ],
              [
                52.02323040215016,
                71.02386719001557
              ],
              [
                52.02301626283213,
                71.02381127446465
              ],
              [
                52.0231834272042,
                71.02373964627255
              ],
              [
                52.02296928944831,
                71.02368373065174
              ],
              [
                52.02313645288347,
                71.02361210249119
              ],
              [
                52.0229223166897,
                71.02355618680046
              ],
              [
                52.02308947918796,
                71.02348455867144
              ],
              [
                52.02287534455628,
                71.02342864291083
              ],
              [
                52.02304250611766,
                71.02335701481336
              ],
              [
                52.02282837304806,
                71.02330109898286
              ],
              [
                52.023162693047574,
                71.02315784267978
              ],
              [
                52.022948561852616,
                71.02310192698206
              ],
              [
                52.02311572029079,
                71.0230302987765
              ],
              [
                52.02290159065785,
                71.0229743830089
              ],
              [
                52.02306874815918,
                71.02290275483483
              ],
              [
                52.02285462008824,
                71.02284683899737
              ],
              [
                52.02302177665274,
                71.02277521085483
              ],
              [
                52.02280765014378,
                71.02271929494748
              ],
              [
                52.02297480577145,
                71.02264766683646
              ],
              [
                52.02276068082444,
                71.0225917508592
              ],
              [
                52.022927835515304,
                71.02252012277974
              ],
              [
                52.02271371213023,
                71.0224642067326
              ],
              [
                52.02288086588428,
                71.02239257868465
              ],
              [
                52.02266674406112,
                71.02233666256761
              ],
              [
                52.022833896878375,
                71.0222650345512
              ],
              [
                52.022405657605155,
                71.02215320190477
              ],
              [
                52.02257280979817,
                71.0220815741226
              ],
              [
                52.02235869234807,
                71.02202565759318
              ],
              [
                52.02319443613637,
                71.02166751712822
              ],
              [
                52.023836787546315,
                71.02183526285833
              ],
              [
                52.02417107444138,
                71.02169200425814
              ],
              [
                52.02438519345137,
                71.021747918551
              ],
              [
                52.02488661348684,
                71.02153302875904
              ],
              [
                52.025100732808234,
                71.02158894217126
              ],
              [
                52.02543500596053,
                71.02144568104889
              ],
              [
                52.025649125905865,
                71.02150159378317
              ],
              [
                52.025816260295564,
                71.0214299627626
              ],
              [
                52.026244503308526,
                71.021541787008
              ],
              [
                52.0264116358237,
                71.02147015541095
              ],
              [
                52.02662575889129,
                71.02152606692209
              ],
              [
                52.02679288984458,
                71.02145443495122
              ],
              [
                52.02764939335611,
                71.0216780774591
              ],
              [
                52.02781652180932,
                71.0216064445064
              ],
              [
                52.02803065049745,
                71.02166235424919
              ],
              [
                52.02819777738871,
                71.02159072092269
              ],
              [
                52.02969671099385,
                71.02198208007029
              ],
              [
                52.02986383444629,
                71.02191044515395
              ],
              [
                52.03007797250245,
                71.02196635231044
              ],
              [
                52.030245094392825,
                71.02189471702033
              ],
              [
                52.03217239029739,
                71.02239786733627
              ],
              [
                52.031671029327065,
                71.02261277816558
              ],
              [
                52.031885180501526,
                71.02266868300107
              ],
              [
                52.031718057992485,
                71.02274031980467
              ],
              [
                52.031932210729195,
                71.02279622457017
              ],
              [
                52.03126370945174,
                71.02308277088416
              ],
              [
                52.03147786468961,
                71.02313867618778
              ],
              [
                52.031644991570005,
                71.02306703966326
              ],
              [
                52.032287463840795,
                71.02323475333006
              ],
              [
                52.03212033789932,
                71.02330639046265
              ],
              [
                52.03233449813463,
                71.02336229467561
              ],
              [
                52.03216737125678,
                71.02343393183978
              ],
              [
                52.03238153305446,
                71.0234898359828
              ],
              [
                52.03221440524023,
                71.02356147317852
              ],
              [
                52.03242856860032,
                71.02361737725154
              ],
              [
                52.032261439849684,
                71.02368901447888
              ],
              [
                52.03247560477219,
                71.02374491848191
              ],
              [
                52.03230847508516,
                71.02381655574084
              ],
              [
                52.03252264157011,
                71.02387245967391
              ],
              [
                52.03218837907377,
                71.02401573408378
              ],
              [
                52.03261671704412,
                71.02412754194268
              ],
              [
                52.032783848290954,
                71.02405590441789
              ],
              [
                52.03321219063308,
                71.02416771078073
              ],
              [
                52.03337932000433,
                71.02409607267947
              ],
              [
                52.03423601842987,
                71.02431968132221
              ],
              [
                52.034403145299294,
                71.02424804223905
              ],
              [
                52.03461732271624,
                71.02430394351533
              ],
              [
                52.03445019615994,
                71.02437558280116
              ],
              [
                52.03487855536852,
                71.02448738494104
              ],
              [
                52.035045681298534,
                71.02441574524981
              ],
              [
                52.0352598624639,
                71.02447164570799
              ],
              [
                52.03542698683127,
                71.02440000564299
              ],
              [
                52.03585535228411,
                71.0245118053359
              ],
              [
                52.03602247477563,
                71.02444016469444
              ],
              [
                52.0366650313864,
                71.02460786158045
              ],
              [
                52.03649790983452,
                71.02467950283
              ],
              [
                52.03671209818365,
                71.02473540144928
              ],
              [
                52.036377851957816,
                71.02487868384051
              ],
              [
                52.036592042182924,
                71.02493458259248
              ],
              [
                52.036090664412384,
                71.02514950550427
              ],
              [
                52.03630485682674,
                71.02520540459162
              ],
              [
                52.03613772871734,
                71.02527704542273
              ],
              [
                52.0363519226945,
                71.02533294444005
              ],
              [
                52.03484771629632,
                71.02597770604505
              ],
              [
                52.03463351950024,
                71.02592180520338
              ],
              [
                52.03446637889452,
                71.02599344432346
              ],
              [
                52.03425218303494,
                71.02593754300636
              ],
              [
                52.03358360686238,
                71.02622409696484
              ],
              [
                52.03336941099987,
                71.02616819456416
              ],
              [
                52.03253366109944,
                71.02652638214848
              ],
              [
                52.03274785852761,
                71.02658228556274
              ],
              [
                52.032413550445256,
                71.02672555980402
              ],
              [
                52.032199352390855,
                71.02666965598432
              ],
              [
                52.032032196161865,
                71.02674129264554
              ],
              [
                52.031603803176296,
                71.02662948378259
              ],
              [
                52.03177096003147,
                71.02655784752682
              ],
              [
                52.03155676572648,
                71.02650194288901
              ],
              [
                52.031222450140184,
                71.02664521482399
              ],
              [
                52.031008256458854,
                71.02658930950803
              ],
              [
                52.03084109647794,
                71.02666094501609
              ],
              [
                52.030626903733385,
                71.02660503922472
              ],
              [
                52.03045974218961,
                71.0266766743589
              ],
              [
                52.0300313598239,
                71.02656486155266
              ],
              [
                52.02986419640427,
                71.02663649611024
              ],
              [
                52.029435818411834,
                71.02652468180779
              ],
              [
                52.02926865311641,
                71.02659631578878
              ],
              [
                52.029054465681945,
                71.0265404080258
              ],
              [
                52.02855296135776,
                71.02675530833366
              ],
              [
                52.02833877423428,
                71.0266993996898
              ],
              [
                52.02767008305225,
                71.02698593022649
              ],
              [
                52.027455895926934,
                71.02693002049904
              ],
              [
                52.02712154221077,
                71.0270732843349
              ],
              [
                52.026907355709554,
                71.02701737392931
              ],
              [
                52.026238632026654,
                71.02730389873608
              ],
              [
                52.02602444552387,
                71.02724798724685
              ],
              [
                52.025188511231974,
                71.02760613839007
              ],
              [
                52.024974324414956,
                71.02755022561446
              ],
              [
                52.024807133493795,
                71.02762185512678
              ],
              [
                52.02459294761397,
                71.02756594187578
              ],
              [
                52.023422573975324,
                71.02806734224944
              ]
            ]
          ]
        ]
      },
      "properties": {
        "id": "e81e6bc0610cb8b0",
        "class": "floe_instance_candidate",
        "ice_identity": "optical_candidate",
        "grounding": "unverified",
        "confirmed_stamukha": false,
        "confidence": "low",
        "review_status": "unreviewed",
        "region": "barents",
        "observed_at": "2026-02-25T09:00:06.641000Z",
        "source_id": "S2C_T39WWU_20260225T085937_L2A",
        "source_collection": "sentinel-2-c1-l2a",
        "source_level": "L2A",
        "area_m2": 236300.0,
        "equivalent_diameter_m": 548.51,
        "longitude": 52.027885,
        "latitude": 71.024586,
        "truncated": false,
        "minimum_threshold_iou": 0.726,
        "threshold_stable": true,
        "inferred_boundary_fraction": 0.616,
        "touching_floes_may_be_split": true,
        "isolated_stable_candidate": false,
        "low_sun": true,
        "sun_elevation_deg": 10.2149731551564,
        "processing_method": "distance_watershed_experimental_v1",
        "native_green_m": 10,
        "native_swir_m": 20,
        "notice": "Candidate outline; shape splitting can divide one floe or merge multiple floes; 30 m completeness unvalidated"
      }
    },
    {
      "type": "Feature",
      "geometry": {
        "type": "MultiPolygon",
        "coordinates": [
          [
            [
              [
                52.032783848290954,
                71.02405590441789
              ],
              [
                52.03256967899408,
                71.02400000082748
              ],
              [
                52.032736809304495,
                71.02392836333432
              ],
              [
                52.03252264157011,
                71.02387245967391
              ],
              [
                52.03268977094412,
                71.0238008222123
              ],
              [
                52.03247560477219,
                71.02374491848191
              ],
              [
                52.0326427332098,
                71.02367328105191
              ],
              [
                52.03242856860032,
                71.02361737725154
              ],
              [
                52.03259569610153,
                71.02354573985312
              ],
              [
                52.03238153305446,
                71.0234898359828
              ],
              [
                52.03254865961931,
                71.02341819861593
              ],
              [
                52.03233449813463,
                71.02336229467561
              ],
              [
                52.032835871271985,
                71.02314738215654
              ],
              [
                52.03262171197569,
                71.02309147855158
              ],
              [
                52.032454588532914,
                71.0231631160264
              ],
              [
                52.03181211720107,
                71.02299540296761
              ],
              [
                52.03214636471521,
                71.02285212906304
              ],
              [
                52.031932210729195,
                71.02279622457017
              ],
              [
                52.03209933292527,
                71.02272458756391
              ],
              [
                52.031885180501526,
                71.02266868300107
              ],
              [
                52.032720774307634,
                71.02231049641668
              ],
              [
                52.03293492516649,
                71.02236639996613
              ],
              [
                52.03310203986698,
                71.02229476193328
              ],
              [
                52.0335303447064,
                71.02240656780887
              ],
              [
                52.03369745753163,
                71.02233492919959
              ],
              [
                52.03412576674191,
                71.02244673357922
              ],
              [
                52.03629811165478,
                71.02151541082097
              ],
              [
                52.036512264063624,
                71.02157130996714
              ],
              [
                52.03818315183401,
                71.02085488614651
              ],
              [
                52.038397302360394,
                71.02091078299347
              ],
              [
                52.03873146429996,
                71.02076749577145
              ],
              [
                52.039588076389705,
                71.02099107881132
              ],
              [
                52.03942099729728,
                71.02106272331844
              ],
              [
                52.039635153755405,
                71.02111861859935
              ],
              [
                52.039300992450016,
                71.02126190750576
              ],
              [
                52.039729310366305,
                71.02137369806015
              ],
              [
                52.039896391017,
                71.02130205328716
              ],
              [
                52.040538876319346,
                71.0214697364656
              ],
              [
                52.04070595478117,
                71.02139809091364
              ],
              [
                52.04113428393462,
                71.02150987793048
              ],
              [
                52.041301360520784,
                71.02143823180221
              ],
              [
                52.041515526657726,
                71.02149412469893
              ],
              [
                52.04168260168152,
                71.02142247819697
              ],
              [
                52.04189676875416,
                71.02147837061835
              ],
              [
                52.04206384221558,
                71.02140672374269
              ],
              [
                52.04292052174282,
                71.02163028989058
              ],
              [
                52.04275344953492,
                71.02170193757682
              ],
              [
                52.0429676228527,
                71.02175782863466
              ],
              [
                52.04263347531657,
                71.0219011238994
              ],
              [
                52.043061826952965,
                71.02201290600755
              ],
              [
                52.04289475193812,
                71.02208455378867
              ],
              [
                52.043108929943365,
                71.02214044463634
              ],
              [
                52.04327600464478,
                71.02206879665253
              ],
              [
                52.04349018358568,
                71.02212468702481
              ],
              [
                52.043657256724565,
                71.02205303866732
              ],
              [
                52.0438714366011,
                71.02210892856422
              ],
              [
                52.043704363775674,
                71.02218057712433
              ],
              [
                52.04391854521476,
                71.02223646695117
              ],
              [
                52.043751471453696,
                71.02230811554293
              ],
              [
                52.043965654455356,
                71.02236400529966
              ],
              [
                52.04379857975864,
                71.02243565392307
              ],
              [
                52.0440127643229,
                71.02249154360972
              ],
              [
                52.043845688690546,
                71.02256319226478
              ],
              [
                52.04405987481742,
                71.02261908188137
              ],
              [
                52.043892798249395,
                71.02269073056804
              ],
              [
                52.04367861180904,
                71.0226348407488
              ],
              [
                52.04334445429857,
                71.02277813720377
              ],
              [
                52.043130268480446,
                71.02272224670646
              ],
              [
                52.04279610534636,
                71.02286554207204
              ],
              [
                52.04343866842905,
                71.02303321396174
              ],
              [
                52.042603243434435,
                71.02339145242267
              ],
              [
                52.042817435194415,
                71.0234473435204
              ],
              [
                52.04265034676121,
                71.02351899090216
              ],
              [
                52.04286454008392,
                71.02357488192986
              ],
              [
                52.04202908074565,
                71.02393311728649
              ],
              [
                52.041814885855686,
                71.02387722524546
              ],
              [
                52.041647789926614,
                71.02394887160098
              ],
              [
                52.041433595972556,
                71.02389297908454
              ],
              [
                52.041266498480724,
                71.02396462506634
              ],
              [
                52.04083811369382,
                71.02385283880987
              ],
              [
                52.040671014325845,
                71.0239244842153
              ],
              [
                52.04045682349304,
                71.02386859047527
              ],
              [
                52.040289722562314,
                71.02394023550698
              ],
              [
                52.0400755326655,
                71.02388434129156
              ],
              [
                52.039908430172055,
                71.02395598594953
              ],
              [
                52.03969424121124,
                71.02390009125871
              ],
              [
                52.03952713715509,
                71.02397173554294
              ],
              [
                52.03931294913031,
                71.02391584037672
              ],
              [
                52.03897873664323,
                71.02405912802664
              ],
              [
                52.038764549241186,
                71.02400323218234
              ],
              [
                52.038597440810264,
                71.02407487554801
              ],
              [
                52.03838325434431,
                71.02401897922833
              ],
              [
                52.03821614435069,
                71.02409062222023
              ],
              [
                52.03778777454042,
                71.02397882835736
              ],
              [
                52.03762066267086,
                71.02405047077286
              ],
              [
                52.03719229723166,
                71.02393867541377
              ],
              [
                52.037025183486215,
                71.02401031725283
              ],
              [
                52.03681100232749,
                71.02395441896151
              ],
              [
                52.03664388701942,
                71.02402606042682
              ],
              [
                52.03621552782376,
                71.02391426262078
              ],
              [
                52.036048410639886,
                71.02398590350961
              ],
              [
                52.03562005581548,
                71.02387410420742
              ],
              [
                52.035452936755846,
                71.02394574451978
              ],
              [
                52.0352387609046,
                71.02388984425696
              ],
              [
                52.034403145299294,
                71.02424804223905
              ],
              [
                52.03354644812614,
                71.02402443440711
              ],
              [
                52.03337932000433,
                71.02409607267947
              ],
              [
                52.03295097828832,
                71.02398426672204
              ],
              [
                52.032783848290954,
                71.02405590441789
              ]
            ]
          ]
        ]
      },
      "properties": {
        "id": "152a532b23f033a8",
        "class": "floe_instance_candidate",
        "ice_identity": "optical_candidate",
        "grounding": "unverified",
        "confirmed_stamukha": false,
        "confidence": "low",
        "review_status": "unreviewed",
        "region": "barents",
        "observed_at": "2026-02-25T09:00:06.641000Z",
        "source_id": "S2C_T39WWU_20260225T085937_L2A",
        "source_collection": "sentinel-2-c1-l2a",
        "source_level": "L2A",
        "area_m2": 103900.0,
        "equivalent_diameter_m": 363.72,
        "longitude": 52.0381076,
        "latitude": 71.022725,
        "truncated": false,
        "minimum_threshold_iou": 0.869,
        "threshold_stable": true,
        "inferred_boundary_fraction": 0.435,
        "touching_floes_may_be_split": true,
        "isolated_stable_candidate": false,
        "low_sun": true,
        "sun_elevation_deg": 10.2149731551564,
        "processing_method": "distance_watershed_experimental_v1",
        "native_green_m": 10,
        "native_swir_m": 20,
        "notice": "Candidate outline; shape splitting can divide one floe or merge multiple floes; 30 m completeness unvalidated"
      }
    },
    {
      "type": "Feature",
      "geometry": {
        "type": "MultiPolygon",
        "coordinates": [
          [
            [
              [
                52.01259227487314,
                71.0217804324237
              ],
              [
                52.01087963012321,
                71.02133299253812
              ],
              [
                52.011046818231875,
                71.0212613759139
              ],
              [
                52.01083274357222,
                71.0212054449047
              ],
              [
                52.01099993074355,
                71.02113382831196
              ],
              [
                52.01078585764522,
                71.02107789723297
              ],
              [
                52.01095304387923,
                71.02100628067168
              ],
              [
                52.010738972342196,
                71.02095034952293
              ],
              [
                52.0109061576389,
                71.0208787329931
              ],
              [
                52.01069208766313,
                71.02082280177457
              ],
              [
                52.01085927202253,
                71.0207511852762
              ],
              [
                52.00914675968546,
                71.0203037273406
              ],
              [
                52.0093139452911,
                71.02023211229253
              ],
              [
                52.00909988718243,
                71.02017617902719
              ],
              [
                52.00926707185075,
                71.0201045640106
              ],
              [
                52.00712656258815,
                71.0195452183995
              ],
              [
                52.00729374912563,
                71.01947360523856
              ],
              [
                52.00707970538155,
                71.01941766938171
              ],
              [
                52.00724689098168,
                71.0193460562522
              ],
              [
                52.0070328487985,
                71.01929012032562
              ],
              [
                52.00720003346128,
                71.01921850722754
              ],
              [
                52.006985992838985,
                71.01916257123122
              ],
              [
                52.00715317656442,
                71.0190909581646
              ],
              [
                52.00693913750298,
                71.01903502209852
              ],
              [
                52.00727350183012,
                71.01889179585686
              ],
              [
                52.00705946464128,
                71.01883585992373
              ],
              [
                52.007561002699326,
                71.01862101988492
              ],
              [
                52.00734696769481,
                71.0185650842874
              ],
              [
                52.0063438784667,
                71.01899476160771
              ],
              [
                52.00612984284079,
                71.01893882452168
              ],
              [
                52.00596265661932,
                71.01901043660635
              ],
              [
                52.00574862193078,
                71.01895449904521
              ],
              [
                52.0055814341485,
                71.01902611075592
              ],
              [
                52.00536740039736,
                71.01897017271972
              ],
              [
                52.00520021105431,
                71.01904178405645
              ],
              [
                52.00498617824059,
                71.01898584554513
              ],
              [
                52.00465179518381,
                71.01912906729952
              ],
              [
                52.00443776299587,
                71.0190731281104
              ],
              [
                52.004103374319314,
                71.01921634877428
              ],
              [
                52.00388934275723,
                71.01916040890742
              ],
              [
                52.00405653803171,
                71.01908879886378
              ],
              [
                52.00384250803039,
                71.01903285892719
              ],
              [
                52.00400970236736,
                71.01896124891499
              ],
              [
                52.00379567392677,
                71.01890530890864
              ],
              [
                52.00396286732626,
                71.01883369892786
              ],
              [
                52.00374884044638,
                71.01877775885184
              ],
              [
                52.00391603290839,
                71.01870614890245
              ],
              [
                52.00370200758921,
                71.01865020875672
              ],
              [
                52.00386919911375,
                71.01857859883876
              ],
              [
                52.00365517535523,
                71.0185226586233
              ],
              [
                52.00382236594232,
                71.01845104873675
              ],
              [
                52.00360834374444,
                71.0183951084516
              ],
              [
                52.003775533394084,
                71.01832349859646
              ],
              [
                52.003561512756825,
                71.01826755824159
              ],
              [
                52.00372870146902,
                71.01819594841785
              ],
              [
                52.00351468239238,
                71.01814000799328
              ],
              [
                52.00368187016714,
                71.01806839820098
              ],
              [
                52.00346785265107,
                71.0180124577067
              ],
              [
                52.00363503948842,
                71.01794084794581
              ],
              [
                52.00342102353291,
                71.01788490738181
              ],
              [
                52.00308664798607,
                71.01802812632695
              ],
              [
                51.99902057029553,
                71.01696519615876
              ],
              [
                51.999689340064,
                71.01667877298671
              ],
              [
                51.999475349709726,
                71.01662282738079
              ],
              [
                52.00031128537794,
                71.01626479557522
              ],
              [
                52.0000972978293,
                71.0162088507103
              ],
              [
                52.00093320383449,
                71.01585081563616
              ],
              [
                52.00071921909149,
                71.0157948715122
              ],
              [
                52.0013879226639,
                71.01550844118067
              ],
              [
                52.00117394041516,
                71.01545249759504
              ],
              [
                52.00134111349791,
                71.01538088978664
              ],
              [
                52.00112713280923,
                71.01532494613132
              ],
              [
                52.001294304954705,
                71.01525333835433
              ],
              [
                52.000866347946086,
                71.01514145063197
              ],
              [
                52.00103351946564,
                71.01506984308901
              ],
              [
                52.00081954314567,
                71.015013899022
              ],
              [
                52.00065237131475,
                71.01508550636228
              ],
              [
                51.99979647727575,
                71.01486172656034
              ],
              [
                51.999963650351994,
                71.01479012003063
              ],
              [
                51.99974968027511,
                71.014734174602
              ],
              [
                51.99991685241406,
                71.01466256810367
              ],
              [
                51.99970288389708,
                71.01460662260538
              ],
              [
                51.99987005509873,
                71.01453501613844
              ],
              [
                51.99901419476172,
                71.01431123223269
              ],
              [
                51.99884702231497,
                71.01438283788902
              ],
              [
                51.99820513923837,
                71.01421499649253
              ],
              [
                52.00271838230517,
                71.01228160007389
              ],
              [
                52.00250443218124,
                71.01222565786821
              ],
              [
                52.00267157216633,
                71.01215404839866
              ],
              [
                52.002457623601984,
                71.01209810612328
              ],
              [
                52.00747125211723,
                71.00994974850217
              ],
              [
                52.00789913180907,
                71.0100616206246
              ],
              [
                52.00806623279251,
                71.00999000564524
              ],
              [
                52.008280174198774,
                71.01004594109541
              ],
              [
                52.00844727362281,
                71.0099743257423
              ],
              [
                52.00951699781498,
                71.01025399789545
              ],
              [
                52.00934989994869,
                71.01032561426146
              ],
              [
                52.00956384884244,
                71.01038154807773
              ],
              [
                52.00939675003981,
                71.01045316447517
              ],
              [
                52.01003860514344,
                71.0106209648977
              ],
              [
                52.00987150602765,
                71.01069258173175
              ],
              [
                52.00965755276689,
                71.0106366483273
              ],
              [
                52.009156246996895,
                71.0108514971947
              ],
              [
                52.009370201192446,
                71.01090743120689
              ],
              [
                52.009537304052174,
                71.01083581488633
              ],
              [
                52.00996521556407,
                71.01094768168853
              ],
              [
                52.010132316552586,
                71.01087606479165
              ],
              [
                52.010346273868905,
                71.01093199758164
              ],
              [
                52.01017917319203,
                71.01100361468114
              ],
              [
                52.01039313206798,
                71.01105954740139
              ],
              [
                52.01022603045474,
                71.0111311645323
              ],
              [
                52.010439990890355,
                71.0111870971828
              ],
              [
                52.01027288834074,
                71.01125871434515
              ],
              [
                52.01048685033603,
                71.01131464692588
              ],
              [
                52.01031974685002,
                71.01138626411965
              ],
              [
                52.010533710405014,
                71.01144219663064
              ],
              [
                52.01036660598261,
                71.01151381385584
              ],
              [
                52.010580571097336,
                71.01156974629708
              ],
              [
                52.01041346573852,
                71.01164136355371
              ],
              [
                52.01062743241299,
                71.01169729592519
              ],
              [
                52.01046032611776,
                71.01176891321326
              ],
              [
                52.01067429435199,
                71.01182484551498
              ],
              [
                52.01050718712033,
                71.01189646283446
              ],
              [
                52.01072115691436,
                71.01195239506643
              ],
              [
                52.010554048746265,
                71.01202401241734
              ],
              [
                52.01076802010011,
                71.01207994457958
              ],
              [
                52.01060091099557,
                71.0121515619619
              ],
              [
                52.01081488390924,
                71.01220749405437
              ],
              [
                52.01064777386824,
                71.01227911146813
              ],
              [
                52.010861748341775,
                71.01233504349085
              ],
              [
                52.01052752513866,
                71.0124782782101
              ],
              [
                52.01116945791861,
                71.01264607385966
              ],
              [
                52.01100234537991,
                71.01271769157033
              ],
              [
                52.01121632578136,
                71.0127736231114
              ],
              [
                52.01104921230616,
                71.01284524085352
              ],
              [
                52.011263194267585,
                71.01290117232483
              ],
              [
                52.01109607985588,
                71.01297279009836
              ],
              [
                52.01195202143107,
                71.01319651407022
              ],
              [
                52.01178490701815,
                71.01326813248305
              ],
              [
                52.01285486363231,
                71.01354778233234
              ],
              [
                52.01268774953012,
                71.01361940158705
              ],
              [
                52.01290174490969,
                71.01367533094235
              ],
              [
                52.012567513584,
                71.0138185693435
              ],
              [
                52.01278151083557,
                71.01387449883165
              ],
              [
                52.01261439361205,
                71.01394611797811
              ],
              [
                52.01282839242381,
                71.01400204739646
              ],
              [
                52.01266127426377,
                71.01407366657435
              ],
              [
                52.012875274635746,
                71.01412959592292
              ],
              [
                52.012708155539165,
                71.01420121513226
              ],
              [
                52.01292215747139,
                71.01425714441108
              ],
              [
                52.01275503743826,
                71.01432876365187
              ],
              [
                52.012969040930734,
                71.01438469286087
              ],
              [
                52.01280191996106,
                71.01445631213312
              ],
              [
                52.013015925013825,
                71.01451224127236
              ],
              [
                52.01284880310759,
                71.01458386057605
              ],
              [
                52.01306280972065,
                71.01463978964549
              ],
              [
                52.01289568687784,
                71.01471140898065
              ],
              [
                52.013109695051234,
                71.01476733798032
              ],
              [
                52.01294257127184,
                71.01483895734691
              ],
              [
                52.01315658100559,
                71.01489488627679
              ],
              [
                52.01282233032513,
                71.01503812490174
              ],
              [
                52.01410641868883,
                71.0153736951918
              ],
              [
                52.01427354278181,
                71.01530207474913
              ],
              [
                52.014487561566966,
                71.01535800197469
              ],
              [
                52.01465468409947,
                71.01528638115825
              ],
              [
                52.01700896970764,
                71.01590156042968
              ],
              [
                52.01717608755928,
                71.01582993721313
              ],
              [
                52.01760415509502,
                71.01594178404268
              ],
              [
                52.01777127107388,
                71.0158701602497
              ],
              [
                52.01884146020251,
                71.01614977154236
              ],
              [
                52.01900857337205,
                71.01607814656508
              ],
              [
                52.01922261463131,
                71.01613406780356
              ],
              [
                52.019389726240085,
                71.01606244245252
              ],
              [
                52.02067399814249,
                71.01639796294573
              ],
              [
                52.020841106629305,
                71.01632633620775
              ],
              [
                52.021269206627565,
                71.01643817378702
              ],
              [
                52.02110209876532,
                71.01650980093024
              ],
              [
                52.021744259064086,
                71.01667755586334
              ],
              [
                52.02157715089015,
                71.01674918344334
              ],
              [
                52.02179120713264,
                71.01680510141199
              ],
              [
                52.021624098022386,
                71.01687672902351
              ],
              [
                52.021838155825826,
                71.0169326469223
              ],
              [
                52.02167104577926,
                71.01700427456531
              ],
              [
                52.02188510514369,
                71.01706019239424
              ],
              [
                52.021717994160795,
                71.01713182006877
              ],
              [
                52.022146117260355,
                71.0172436553144
              ],
              [
                52.02197900565347,
                71.01731528322306
              ],
              [
                52.022193069388635,
                71.01737120063974
              ],
              [
                52.02202595684542,
                71.0174428285799
              ],
              [
                52.022454088686615,
                71.01755466300106
              ],
              [
                52.02228697551941,
                71.01762629117536
              ],
              [
                52.02250104362549,
                71.01768220817982
              ],
              [
                52.02233392952193,
                71.01775383638562
              ],
              [
                52.02254799918912,
                71.0178097533202
              ],
              [
                52.0223808841492,
                71.01788138155752
              ],
              [
                52.02259495537755,
                71.01793729842221
              ],
              [
                52.02242783940125,
                71.01800892669107
              ],
              [
                52.02221376786051,
                71.01795300962372
              ],
              [
                52.02187953153679,
                71.01809626524273
              ],
              [
                52.02166546062007,
                71.01804034749759
              ],
              [
                52.02133121867641,
                71.01818360202672
              ],
              [
                52.02111714838378,
                71.01812768360377
              ],
              [
                52.0209500252264,
                71.01819931040899
              ],
              [
                52.02073595587026,
                71.01814339151088
              ],
              [
                52.0205688311517,
                71.01821501794228
              ],
              [
                52.02035476273206,
                71.018159098569
              ],
              [
                52.02018763645237,
                71.01823072462662
              ],
              [
                52.01975950273496,
                71.01811888465723
              ],
              [
                52.019425245179896,
                71.01826213544842
              ],
              [
                52.0192111795699,
                71.01820621464965
              ],
              [
                52.01904404860684,
                71.01827783958586
              ],
              [
                52.01882998393342,
                71.01822191831197
              ],
              [
                52.01849571763622,
                71.01836516726559
              ],
              [
                52.01999420094816,
                71.01875661329753
              ],
              [
                52.01932566211062,
                71.01904311482522
              ],
              [
                52.019539737399995,
                71.01909903540754
              ],
              [
                52.01987400869202,
                71.0189557845807
              ],
              [
                52.02008808460574,
                71.01901170448515
              ],
              [
                52.02025521806602,
                71.01894007861233
              ],
              [
                52.020469294916346,
                71.01899599804163
              ],
              [
                52.02063642681536,
                71.018924371795
              ],
              [
                52.021920912270794,
                71.01925988143185
              ],
              [
                52.02208804104659,
                71.01918825379809
              ],
              [
                52.02230212601471,
                71.01924417091438
              ],
              [
                52.02213499755133,
                71.01931579875078
              ],
              [
                52.02234908408084,
                71.01937171579722
              ],
              [
                52.02218195468094,
                71.01944334366513
              ],
              [
                52.02239604277184,
                71.01949926064168
              ],
              [
                52.022228912435395,
                71.01957088854111
              ],
              [
                52.02244300208772,
                71.01962680544777
              ],
              [
                52.02227587081474,
                71.01969843337872
              ],
              [
                52.0224899620285,
                71.0197543502155
              ],
              [
                52.02232282981896,
                71.01982597817798
              ],
              [
                52.02296511189176,
                71.01999372766107
              ],
              [
                52.02279797937058,
                71.02006535606037
              ],
              [
                52.0230120762054,
                71.02012127221231
              ],
              [
                52.02284494274767,
                71.02019290064315
              ],
              [
                52.023273140789456,
                71.0203047325347
              ],
              [
                52.02310600670764,
                71.02037636119971
              ],
              [
                52.02332010791466,
                71.02043227693933
              ],
              [
                52.023152972896256,
                71.0205039056359
              ],
              [
                52.02336707566488,
                71.02055982130561
              ],
              [
                52.0231999397099,
                71.0206314500337
              ],
              [
                52.02341404404015,
                71.02068736563353
              ],
              [
                52.02324690714856,
                71.02075899439313
              ],
              [
                52.02346101304046,
                71.02081490992306
              ],
              [
                52.02329387521227,
                71.0208865387142
              ],
              [
                52.02350798266583,
                71.02094245417426
              ],
              [
                52.02334084390103,
                71.02101408299693
              ],
              [
                52.0235549529163,
                71.02106999838706
              ],
              [
                52.02338781321485,
                71.02114162724126
              ],
              [
                52.02360192379184,
                71.02119754256152
              ],
              [
                52.022933353744286,
                71.02148405707749
              ],
              [
                52.02271924191716,
                71.0214281409465
              ],
              [
                52.02188349968737,
                71.02178627922699
              ],
              [
                52.02209761307706,
                71.02184219637142
              ],
              [
                52.02226476370903,
                71.02177056885495
              ],
              [
                52.02247887803549,
                71.02182648552412
              ],
              [
                52.022144576147284,
                71.02196974079123
              ],
              [
                52.02235869234807,
                71.02202565759318
              ],
              [
                52.02219153984253,
                71.02209728517269
              ],
              [
                52.022405657605155,
                71.02215320190477
              ],
              [
                52.022071349471155,
                71.02229645695566
              ],
              [
                52.02185723108349,
                71.0222405398182
              ],
              [
                52.021690074829955,
                71.02231216688422
              ],
              [
                52.02147595737914,
                71.02225624927149
              ],
              [
                52.02130879956376,
                71.02232787596363
              ],
              [
                52.02109468304981,
                71.02227195787565
              ],
              [
                52.020593201170065,
                71.0224868363169
              ],
              [
                52.02037908496807,
                71.02243091734826
              ],
              [
                52.02021192153027,
                71.02250254295029
              ],
              [
                52.01999780626522,
                71.0224466235064
              ],
              [
                52.01983064126559,
                71.02251824873454
              ],
              [
                52.01940241385882,
                71.02240640862365
              ],
              [
                52.019235246984955,
                71.0224780332752
              ],
              [
                52.01902113484325,
                71.02242211260821
              ],
              [
                52.0188539664076,
                71.0224937368859
              ],
              [
                52.018639855202906,
                71.02243781574366
              ],
              [
                52.018472685205474,
                71.02250943964744
              ],
              [
                52.016545737774855,
                71.02200613527839
              ],
              [
                52.016378563717154,
                71.02207775718668
              ],
              [
                52.014665804016005,
                71.02163035537151
              ],
              [
                52.014498626211186,
                71.02170197548696
              ],
              [
                52.01428453655846,
                71.02164604883104
              ],
              [
                52.014117357192134,
                71.02171766857259
              ],
              [
                52.0139032684766,
                71.02166174144143
              ],
              [
                52.013736087548764,
                71.02173336080907
              ],
              [
                52.013521999770454,
                71.02167743320271
              ],
              [
                52.01335481728112,
                71.02174905219641
              ],
              [
                52.01314073044005,
                71.02169312411485
              ],
              [
                52.01297354638924,
                71.02176474273463
              ],
              [
                52.01275946048543,
                71.02170881417786
              ],
              [
                52.01259227487314,
                71.0217804324237
              ]
            ]
          ]
        ]
      },
      "properties": {
        "id": "fe6a8d04136e9719",
        "class": "floe_instance_candidate",
        "ice_identity": "optical_candidate",
        "grounding": "unverified",
        "confirmed_stamukha": false,
        "confidence": "low",
        "review_status": "unreviewed",
        "region": "barents",
        "observed_at": "2026-02-25T09:00:06.641000Z",
        "source_id": "S2C_T39WWU_20260225T085937_L2A",
        "source_collection": "sentinel-2-c1-l2a",
        "source_level": "L2A",
        "area_m2": 637000.0,
        "equivalent_diameter_m": 900.59,
        "longitude": 52.0108812,
        "latitude": 71.0167949,
        "truncated": false,
        "minimum_threshold_iou": 0.727,
        "threshold_stable": true,
        "inferred_boundary_fraction": 0.654,
        "touching_floes_may_be_split": true,
        "isolated_stable_candidate": false,
        "low_sun": true,
        "sun_elevation_deg": 10.2149731551564,
        "processing_method": "distance_watershed_experimental_v1",
        "native_green_m": 10,
        "native_swir_m": 20,
        "notice": "Candidate outline; shape splitting can divide one floe or merge multiple floes; 30 m completeness unvalidated"
      }
    },
    {
      "type": "Feature",
      "geometry": {
        "type": "MultiPolygon",
        "coordinates": [
          [
            [
              [
                51.9784733324607,
                70.99728695062932
              ],
              [
                51.97804590915309,
                70.99717500272062
              ],
              [
                51.97821300931121,
                70.99710341544916
              ],
              [
                51.977785591609376,
                70.99699146685778
              ],
              [
                51.97828688646327,
                70.99677670523063
              ],
              [
                51.978500593761574,
                70.99683267905482
              ],
              [
                51.9786676892434,
                70.99676109130071
              ],
              [
                51.979308817687915,
                70.99692901053419
              ],
              [
                51.979643003053155,
                70.99678583329722
              ],
              [
                51.97985671440798,
                70.99684180542621
              ],
              [
                51.98019089416756,
                70.99669862709919
              ],
              [
                51.97997718343244,
                70.99664265537518
              ],
              [
                51.98031135882587,
                70.99649947676808
              ],
              [
                51.98052506894126,
                70.99655544808711
              ],
              [
                51.98069215445843,
                70.99648385832417
              ],
              [
                51.9811195778088,
                70.99659579974144
              ],
              [
                51.98128666145975,
                70.99652420940228
              ],
              [
                51.98192780490388,
                70.99669211888113
              ],
              [
                51.98142655300092,
                70.99690689120723
              ],
              [
                51.98121283634332,
                70.99685092104542
              ],
              [
                51.980711572292265,
                70.99706569122272
              ],
              [
                51.98049785595144,
                70.99700972018151
              ],
              [
                51.98033076513152,
                70.99708130969559
              ],
              [
                51.98011704972732,
                70.99702533817995
              ],
              [
                51.97994995735102,
                70.99709692732024
              ],
              [
                51.97973624288346,
                70.99704095533018
              ],
              [
                51.979402053771544,
                70.99718413269201
              ],
              [
                51.97918833993082,
                70.99712816002501
              ],
              [
                51.97885414521306,
                70.99727133629678
              ],
              [
                51.97864043199923,
                70.99721536295283
              ],
              [
                51.9784733324607,
                70.99728695062932
              ]
            ]
          ]
        ]
      },
      "properties": {
        "id": "189acfa347ea2bf7",
        "class": "floe_instance_candidate",
        "ice_identity": "optical_candidate",
        "grounding": "unverified",
        "confirmed_stamukha": false,
        "confidence": "low",
        "review_status": "unreviewed",
        "region": "barents",
        "observed_at": "2026-02-25T09:00:06.641000Z",
        "source_id": "S2C_T39WWU_20260225T085937_L2A",
        "source_collection": "sentinel-2-c1-l2a",
        "source_level": "L2A",
        "area_m2": 5700.0,
        "equivalent_diameter_m": 85.19,
        "longitude": 51.9798489,
        "latitude": 70.9968853,
        "truncated": false,
        "minimum_threshold_iou": 0.737,
        "threshold_stable": true,
        "inferred_boundary_fraction": 0.0,
        "touching_floes_may_be_split": false,
        "isolated_stable_candidate": true,
        "low_sun": true,
        "sun_elevation_deg": 10.2149731551564,
        "processing_method": "distance_watershed_experimental_v1",
        "native_green_m": 10,
        "native_swir_m": 20,
        "notice": "Candidate outline; shape splitting can divide one floe or merge multiple floes; 30 m completeness unvalidated"
      }
    },
    {
      "type": "Feature",
      "geometry": {
        "type": "MultiPolygon",
        "coordinates": [
          [
            [
              [
                52.06541282350221,
                71.0206991621965
              ],
              [
                52.06498437091385,
                71.02058743576612
              ],
              [
                52.065151350300546,
                71.0205157662743
              ],
              [
                52.06493712619368,
                71.02045990285241
              ],
              [
                52.06510410464607,
                71.02038823339234
              ],
              [
                52.06467566080688,
                71.0202765061352
              ],
              [
                52.0648426386393,
                71.02020483690946
              ],
              [
                52.06398576720145,
                71.01998137993141
              ],
              [
                52.06415274504245,
                71.01990971134518
              ],
              [
                52.06372431744358,
                71.0197979816243
              ],
              [
                52.063891294664536,
                71.0197263132724
              ],
              [
                52.06324866357319,
                71.01955871725256
              ],
              [
                52.063415640488316,
                71.01948704933761
              ],
              [
                52.06213041390121,
                71.01915185114713
              ],
              [
                52.061963435100914,
                71.01922351784657
              ],
              [
                52.06174923472535,
                71.01916765032402
              ],
              [
                52.0619162138398,
                71.01909598382719
              ],
              [
                52.06170201502688,
                71.01904011623441
              ],
              [
                52.061868993206986,
                71.01896844976929
              ],
              [
                52.06165479595669,
                71.0189125821063
              ],
              [
                52.06182177320246,
                71.0188409156729
              ],
              [
                52.06160757751478,
                71.01878504793967
              ],
              [
                52.061774553826226,
                71.01871338153799
              ],
              [
                52.06156035970111,
                71.01865751373455
              ],
              [
                52.061727335078245,
                71.0185858473646
              ],
              [
                52.06151314251569,
                71.01852997949094
              ],
              [
                52.06168011695852,
                71.0184583131527
              ],
              [
                52.06146592595851,
                71.01840244520882
              ],
              [
                52.061632899467035,
                71.0183307789023
              ],
              [
                52.06141871002954,
                71.01827491088821
              ],
              [
                52.06208659283629,
                71.01798824476388
              ],
              [
                52.06230078101731,
                71.01804411196767
              ],
              [
                52.062634714302284,
                71.01790077747525
              ],
              [
                52.062848903103365,
                71.01795664400109
              ],
              [
                52.06301586755921,
                71.01788497629603
              ],
              [
                52.063444248278046,
                71.01799670812414
              ],
              [
                52.06394513227059,
                71.01778170276849
              ],
              [
                52.06415932355991,
                71.01783756766565
              ],
              [
                52.06432628207994,
                71.01776589866952
              ],
              [
                52.06454047430336,
                71.01782176309126
              ],
              [
                52.06470743126087,
                71.01775009372173
              ],
              [
                52.06492162441836,
                71.01780595766807
              ],
              [
                52.06508857981335,
                71.01773428792517
              ],
              [
                52.065302773904875,
                71.01779015139614
              ],
              [
                52.06546972773732,
                71.01771848127981
              ],
              [
                52.06568392276288,
                71.0177743442754
              ],
              [
                52.06585087503278,
                71.01770267378568
              ],
              [
                52.06606507099233,
                71.0177585363059
              ],
              [
                52.06623202169969,
                71.0176868654428
              ],
              [
                52.066660416735004,
                71.0177985892596
              ],
              [
                52.06682736556548,
                71.01772691782053
              ],
              [
                52.067041564641215,
                71.01778277911713
              ],
              [
                52.06720851190911,
                71.0177111073047
              ],
              [
                52.068279524440094,
                71.01799040868231
              ],
              [
                52.067778683606996,
                71.01820542664566
              ],
              [
                52.067564477661115,
                71.01814956630811
              ],
              [
                52.06739752790577,
                71.01822123841836
              ],
              [
                52.06718332289384,
                71.01816537760541
              ],
              [
                52.06684941900947,
                71.01830872090834
              ],
              [
                52.06770624906207,
                71.01853216414362
              ],
              [
                52.067539296504826,
                71.01860383634914
              ],
              [
                52.06775350745324,
                71.01865969667844
              ],
              [
                52.06725264323442,
                71.01887471287777
              ],
              [
                52.067681070762745,
                71.01898643393322
              ],
              [
                52.06784802612196,
                71.01891476163244
              ],
              [
                52.06806224144434,
                71.01897062154832
              ],
              [
                52.06822919524074,
                71.01889894887415
              ],
              [
                52.06844341149711,
                71.01895480831459
              ],
              [
                52.06877731471587,
                71.01881146204866
              ],
              [
                52.06899153159174,
                71.0188673208111
              ],
              [
                52.06932542918807,
                71.01872397345679
              ],
              [
                52.06953964668341,
                71.01877983154121
              ],
              [
                52.069706593294555,
                71.01870815740527
              ],
              [
                52.07077769792436,
                71.0189874427216
              ],
              [
                52.07061075288574,
                71.0190591178704
              ],
              [
                52.07103920410539,
                71.01917083049194
              ],
              [
                52.07020446333145,
                71.01952920569961
              ],
              [
                52.0704186923866,
                71.01958506261394
              ],
              [
                52.06891608317026,
                71.02023012904998
              ],
              [
                52.06870185128451,
                71.02017427031241
              ],
              [
                52.067867023114935,
                71.02053263356302
              ],
              [
                52.06765279090542,
                71.02047677353963
              ],
              [
                52.06715187807705,
                71.02069178883227
              ],
              [
                52.06693764617283,
                71.02063592792821
              ],
              [
                52.06643672116341,
                71.02085094107552
              ],
              [
                52.06557980226021,
                71.02062749229948
              ],
              [
                52.06541282350221,
                71.0206991621965
              ]
            ]
          ]
        ]
      },
      "properties": {
        "id": "352725f04fc45429",
        "class": "floe_instance_candidate",
        "ice_identity": "optical_candidate",
        "grounding": "unverified",
        "confirmed_stamukha": false,
        "confidence": "low",
        "review_status": "unreviewed",
        "region": "barents",
        "observed_at": "2026-02-25T09:00:06.641000Z",
        "source_id": "S2C_T39WWU_20260225T085937_L2A",
        "source_collection": "sentinel-2-c1-l2a",
        "source_level": "L2A",
        "area_m2": 69000.0,
        "equivalent_diameter_m": 296.4,
        "longitude": 52.065977,
        "latitude": 71.0191372,
        "truncated": false,
        "minimum_threshold_iou": 0.939,
        "threshold_stable": true,
        "inferred_boundary_fraction": 0.219,
        "touching_floes_may_be_split": true,
        "isolated_stable_candidate": false,
        "low_sun": true,
        "sun_elevation_deg": 10.2149731551564,
        "processing_method": "distance_watershed_experimental_v1",
        "native_green_m": 10,
        "native_swir_m": 20,
        "notice": "Candidate outline; shape splitting can divide one floe or merge multiple floes; 30 m completeness unvalidated"
      }
    },
    {
      "type": "Feature",
      "geometry": {
        "type": "MultiPolygon",
        "coordinates": [
          [
            [
              [
                52.030056212404695,
                71.01193233327268
              ],
              [
                52.02877207542181,
                71.01159688080992
              ],
              [
                52.028939111826084,
                71.01152524563027
              ],
              [
                52.026370976379006,
                71.01085431370811
              ],
              [
                52.02653801528426,
                71.01078268078813
              ],
              [
                52.026324012420204,
                71.01072676822618
              ],
              [
                52.02649105038999,
                71.01065513533771
              ],
              [
                52.023923117094995,
                71.00998416577438
              ],
              [
                52.024090157564224,
                71.00991253514557
              ],
              [
                52.02387617154549,
                71.00985661944702
              ],
              [
                52.0240432110792,
                71.00978498884967
              ],
              [
                52.02382922662036,
                71.00972907308127
              ],
              [
                52.024163302569114,
                71.00958581177854
              ],
              [
                52.02394931998233,
                71.00952989614282
              ],
              [
                52.02411635639739,
                71.0094582654374
              ],
              [
                52.023688395591165,
                71.00934643375382
              ],
              [
                52.02335432026468,
                71.00948969418337
              ],
              [
                52.023140341108714,
                71.00943377752785
              ],
              [
                52.02297330126183,
                71.00950540728346
              ],
              [
                52.02275932304139,
                71.009449490153
              ],
              [
                52.022926363200405,
                71.00937786059991
              ],
              [
                52.022712386539766,
                71.00932194339956
              ],
              [
                52.022879425763264,
                71.00925031387796
              ],
              [
                52.02266545066239,
                71.00919439660774
              ],
              [
                52.02299952599075,
                71.00905113745647
              ],
              [
                52.02321350046737,
                71.0091070543216
              ],
              [
                52.02338053594799,
                71.00903542428681
              ],
              [
                52.02316656178351,
                71.00897950762426
              ],
              [
                52.02333359632867,
                71.00890787762097
              ],
              [
                52.02247771339513,
                71.00868420905687
              ],
              [
                52.023145844094,
                71.00839769057384
              ],
              [
                52.0235737805687,
                71.00850952378035
              ],
              [
                52.02340675038953,
                71.00858115406278
              ],
              [
                52.023620720810314,
                71.00863707045998
              ],
              [
                52.02345368969575,
                71.00870870077388
              ],
              [
                52.02366766167623,
                71.00876461710122
              ],
              [
                52.02383469247865,
                71.00869298658479
              ],
              [
                52.02469059162758,
                71.00891664835986
              ],
              [
                52.02485761993374,
                71.0088450168622
              ],
              [
                52.025285576369214,
                71.00895684571017
              ],
              [
                52.02545260280338,
                71.00888521363638
              ],
              [
                52.02566658258023,
                71.0089411274492
              ],
              [
                52.025833607454594,
                71.00886949500182
              ],
              [
                52.025619627989975,
                71.00881358139154
              ],
              [
                52.025786651929025,
                71.00874194897567
              ],
              [
                52.0260006310814,
                71.0087978623834
              ],
              [
                52.026334674592384,
                71.0086545966335
              ],
              [
                52.0261206960645,
                71.00859868363082
              ],
              [
                52.02645473520991,
                71.00845541760184
              ],
              [
                52.026240758554046,
                71.00839950473184
              ],
              [
                52.026741808852755,
                71.00818460501323
              ],
              [
                52.02695578457183,
                71.00824051727567
              ],
              [
                52.02745682270659,
                71.00802561541026
              ],
              [
                52.02724284792434,
                71.00796970375542
              ],
              [
                52.02757686773492,
                71.00782643539509
              ],
              [
                52.027362894824655,
                71.00777052387289
              ],
              [
                52.02769691027021,
                71.00762725523354
              ],
              [
                52.02791088255591,
                71.0076831663507
              ],
              [
                52.02807788809532,
                71.00761153157197
              ],
              [
                52.027863916121916,
                71.00755562065734
              ],
              [
                52.028531927055226,
                71.00726908064244
              ],
              [
                52.02874589777941,
                71.007324990747
              ],
              [
                52.02891289708208,
                71.00725335511325
              ],
              [
                52.02912686874125,
                71.00730926474286
              ],
              [
                52.02929386648429,
                71.00723762873557
              ],
              [
                52.02950783907843,
                71.00729353789023
              ],
              [
                52.029173842969726,
                71.00743681013883
              ],
              [
                52.02938781743589,
                71.00749271942611
              ],
              [
                52.029220817822896,
                71.00756435549641
              ],
              [
                52.03007672941048,
                71.00778799073125
              ],
              [
                52.02974272894138,
                71.00793126397903
              ],
              [
                52.02995671058148,
                71.00798717251169
              ],
              [
                52.02978970878823,
                71.00805880908162
              ],
              [
                52.03000369198812,
                71.00811471754434
              ],
              [
                52.030170693468975,
                71.00804308077191
              ],
              [
                52.030598662986186,
                71.00815489647502
              ],
              [
                52.03026466002674,
                71.00829817065899
              ],
              [
                52.03047864728131,
                71.00835407850693
              ],
              [
                52.03064564907232,
                71.00828244129791
              ],
              [
                52.0308596372619,
                71.00833834867088
              ],
              [
                52.03119363647675,
                71.0081950733348
              ],
              [
                52.03140762528884,
                71.00825098003028
              ],
              [
                52.03174161888913,
                71.0081077036052
              ],
              [
                52.03216959900563,
                71.00821951536867
              ],
              [
                52.03233659330968,
                71.00814787649462
              ],
              [
                52.032550584926526,
                71.00820378176513
              ],
              [
                52.03271757767068,
                71.00813214251755
              ],
              [
                52.03357355536191,
                71.00835576006492
              ],
              [
                52.03340656386792,
                71.00842740012257
              ],
              [
                52.033620561721804,
                71.00848330403075
              ],
              [
                52.033453569292966,
                71.00855494411995
              ],
              [
                52.033667568706846,
                71.0086108479582
              ],
              [
                52.03350057534314,
                71.00868248807893
              ],
              [
                52.03414258200719,
                71.00885019856636
              ],
              [
                52.03380859341295,
                71.00899347951001
              ],
              [
                52.03359458931895,
                71.00893757588166
              ],
              [
                52.03292659591022,
                71.00922413490709
              ],
              [
                52.032712591813414,
                71.00916823019611
              ],
              [
                52.03254559002989,
                71.00923986932247
              ],
              [
                52.032759594439256,
                71.00929577423597
              ],
              [
                52.03259259172074,
                71.00936741339387
              ],
              [
                52.03302060490722,
                71.00947922280851
              ],
              [
                52.033187607000585,
                71.00940758324555
              ],
              [
                52.03361562455211,
                71.0095193911652
              ],
              [
                52.03378262477273,
                71.0094477510262
              ],
              [
                52.03399663510721,
                71.00950365437475
              ],
              [
                52.034163633767676,
                71.00943201386222
              ],
              [
                52.03480567131851,
                71.00959972166537
              ],
              [
                52.03463867359597,
                71.00967136278548
              ],
              [
                52.03506670549296,
                71.00978316703018
              ],
              [
                52.03489970714819,
                71.00985480838439
              ],
              [
                52.03554176528857,
                71.01002251331526
              ],
              [
                52.03537476663427,
                71.01009415510609
              ],
              [
                52.035588788822295,
                71.01015005640724
              ],
              [
                52.03542178923309,
                71.01022169822963
              ],
              [
                52.03563581298146,
                71.0102775994608
              ],
              [
                52.035468812457346,
                71.01034924131476
              ],
              [
                52.03611089212645,
                71.01051694398083
              ],
              [
                52.03594389129287,
                71.01058858627144
              ],
              [
                52.036157920657296,
                71.01064448681761
              ],
              [
                52.03599091888879,
                71.01071612913977
              ],
              [
                52.03620494981365,
                71.01077202961599
              ],
              [
                52.036037947110216,
                71.01084367196971
              ],
              [
                52.03625197959553,
                71.01089957237593
              ],
              [
                52.03608497595714,
                71.01097121476121
              ],
              [
                52.03629901000293,
                71.01102711509748
              ],
              [
                52.034628908120176,
                71.01174353157147
              ],
              [
                52.03484294654122,
                71.0117994336607
              ],
              [
                52.03500996203184,
                71.0117277925802
              ],
              [
                52.03522400138798,
                71.01178369419436
              ],
              [
                52.034388913020045,
                71.01214189889963
              ],
              [
                52.03460295518774,
                71.01219780125405
              ],
              [
                52.03443593408326,
                71.01226944188464
              ],
              [
                52.03464997781158,
                71.01232534416908
              ],
              [
                52.03364782685463,
                71.01275518557702
              ],
              [
                52.033433781249975,
                71.0126992820772
              ],
              [
                52.03326675140992,
                71.01277092151075
              ],
              [
                52.03241058022025,
                71.01254730397588
              ],
              [
                52.03257761131101,
                71.0124756653526
              ],
              [
                52.03086533133449,
                71.01202841882268
              ],
              [
                52.030698297742845,
                71.01210005582543
              ],
              [
                52.03048426804887,
                71.01204414858034
              ],
              [
                52.03065130195308,
                71.01197251178016
              ],
              [
                52.030223246933986,
                71.01186069687762
              ],
              [
                52.030056212404695,
                71.01193233327268
              ]
            ]
          ]
        ]
      },
      "properties": {
        "id": "517b0dac1ec0e516",
        "class": "floe_instance_candidate",
        "ice_identity": "optical_candidate",
        "grounding": "unverified",
        "confirmed_stamukha": false,
        "confidence": "low",
        "review_status": "unreviewed",
        "region": "barents",
        "observed_at": "2026-02-25T09:00:06.641000Z",
        "source_id": "S2C_T39WWU_20260225T085937_L2A",
        "source_collection": "sentinel-2-c1-l2a",
        "source_level": "L2A",
        "area_m2": 151900.0,
        "equivalent_diameter_m": 439.78,
        "longitude": 52.0301484,
        "latitude": 71.0100061,
        "truncated": false,
        "minimum_threshold_iou": 0.904,
        "threshold_stable": true,
        "inferred_boundary_fraction": 0.35,
        "touching_floes_may_be_split": true,
        "isolated_stable_candidate": false,
        "low_sun": true,
        "sun_elevation_deg": 10.2149731551564,
        "processing_method": "distance_watershed_experimental_v1",
        "native_green_m": 10,
        "native_swir_m": 20,
        "notice": "Candidate outline; shape splitting can divide one floe or merge multiple floes; 30 m completeness unvalidated"
      }
    },
    {
      "type": "Feature",
      "geometry": {
        "type": "MultiPolygon",
        "coordinates": [
          [
            [
              [
                51.95687762201047,
                70.99901253313355
              ],
              [
                51.95580929203138,
                70.99873252718908
              ],
              [
                51.95597648868669,
                70.99866096182146
              ],
              [
                51.95469453571568,
                70.99832494693419
              ],
              [
                51.95536331727959,
                70.99803868861035
              ],
              [
                51.955149664050715,
                70.99798268598808
              ],
              [
                51.95565123805752,
                70.99776799105257
              ],
              [
                51.95586489035991,
                70.99782399306719
              ],
              [
                51.95619926617904,
                70.99768086184787
              ],
              [
                51.956412919110605,
                70.99773686318565
              ],
              [
                51.95674728932459,
                70.9975937308755
              ],
              [
                51.95653363701074,
                70.9975377299428
              ],
              [
                51.95703518390707,
                70.99732303079936
              ],
              [
                51.955966945672934,
                70.99704302509723
              ],
              [
                51.956134127022345,
                70.99697145938589
              ],
              [
                51.955920483424684,
                70.99691545763267
              ],
              [
                51.956087663836165,
                70.99684389195241
              ],
              [
                51.956301307125,
                70.9968998935031
              ],
              [
                51.95663566359005,
                70.99675676122324
              ],
              [
                51.95684930750796,
                70.99681276209708
              ],
              [
                51.95735083192851,
                70.99659806178396
              ],
              [
                51.95670990669456,
                70.99643006016983
              ],
              [
                51.957211422674504,
                70.99621536013659
              ],
              [
                51.95742506224592,
                70.99627136033882
              ],
              [
                51.95775939938152,
                70.99612822572118
              ],
              [
                51.95797303958186,
                70.9961842252466
              ],
              [
                51.95830737111316,
                70.99604108953822
              ],
              [
                51.958521011942345,
                70.99609708838682
              ],
              [
                51.958688175529154,
                70.99602552007299
              ],
              [
                51.959115460309576,
                70.99613751654984
              ],
              [
                51.958948297340605,
                70.99620908526872
              ],
              [
                51.959161941909684,
                70.99626508330198
              ],
              [
                51.959329104569726,
                70.9961935143806
              ],
              [
                51.9595427500765,
                70.99624951193957
              ],
              [
                51.95970991118097,
                70.99617794264425
              ],
              [
                51.95992355762543,
                70.99623393972891
              ],
              [
                51.96009071717431,
                70.99616237005968
              ],
              [
                51.960518013185144,
                70.99627436300857
              ],
              [
                51.96068517086943,
                70.99620279276292
              ],
              [
                51.96089882043579,
                70.99625878862716
              ],
              [
                51.961400285081965,
                70.9960440762542
              ],
              [
                51.961186636442655,
                70.9959880809975
              ],
              [
                51.96135378914055,
                70.99591651006625
              ],
              [
                51.96092649621968,
                70.99580451914245
              ],
              [
                51.96075934290377,
                70.9958760896687
              ],
              [
                51.96033205435118,
                70.99576409725275
              ],
              [
                51.96049920828506,
                70.99569252713154
              ],
              [
                51.96028556618757,
                70.99563653071837
              ],
              [
                51.96061987093362,
                70.9954933903668
              ],
              [
                51.959765317480695,
                70.99526940361645
              ],
              [
                51.95959816449514,
                70.9953409730679
              ],
              [
                51.95917089462989,
                70.99522897765704
              ],
              [
                51.95933804823328,
                70.99515740861061
              ],
              [
                51.958910783971845,
                70.99504541251765
              ],
              [
                51.95874362975067,
                70.9951169811591
              ],
              [
                51.958316369857435,
                70.99500498357409
              ],
              [
                51.958483524696355,
                70.99493341533766
              ],
              [
                51.958056270406765,
                70.99482141707063
              ],
              [
                51.95822342461691,
                70.99474984906782
              ],
              [
                51.95800979965066,
                70.99469384972915
              ],
              [
                51.960851235775806,
                70.99347717090016
              ],
              [
                51.96063761730682,
                70.99342117473218
              ],
              [
                51.96364580972377,
                70.99213287622132
              ],
              [
                51.963432198062094,
                70.99207688342614
              ],
              [
                51.96359930833389,
                70.9920053098612
              ],
              [
                51.96338569822725,
                70.99194931699674
              ],
              [
                51.963552807562,
                70.99187774346295
              ],
              [
                51.96333919901037,
                70.99182175052917
              ],
              [
                51.96350630740809,
                70.99175017702647
              ],
              [
                51.96329270041144,
                70.99169418402344
              ],
              [
                51.964295326485875,
                70.99126474062395
              ],
              [
                51.9640817225891,
                70.99120874856388
              ],
              [
                51.96491721159948,
                70.99085087536484
              ],
              [
                51.9647036104936,
                70.99079488404527
              ],
              [
                51.96487070486701,
                70.99072330909394
              ],
              [
                51.96508430566388,
                70.99077930021103
              ],
              [
                51.96558558038195,
                70.99056457372168
              ],
              [
                51.965799181497594,
                70.99062056395971
              ],
              [
                51.96596627026956,
                70.99054898791816
              ],
              [
                51.966179872321995,
                70.99060497768195
              ],
              [
                51.96634695953908,
                70.99053340126665
              ],
              [
                51.96656056252828,
                70.99058939055624
              ],
              [
                51.966727648190485,
                70.9905178137672
              ],
              [
                51.96694125211641,
                70.99057380258257
              ],
              [
                51.96710833622372,
                70.99050222541976
              ],
              [
                51.96732194108637,
                70.99055821376095
              ],
              [
                51.967489023638755,
                70.99048663622438
              ],
              [
                51.9677026294381,
                70.99054262409135
              ],
              [
                51.96786971043557,
                70.99047104618103
              ],
              [
                51.968083317171605,
                70.9905270335738
              ],
              [
                51.96825039661414,
                70.99045545528973
              ],
              [
                51.968464004286815,
                70.99051144220827
              ],
              [
                51.96863108217441,
                70.99043986355048
              ],
              [
                51.968844690783726,
                70.99049584999479
              ],
              [
                51.96901176711637,
                70.99042427096326
              ],
              [
                51.96922537666229,
                70.99048025693338
              ],
              [
                51.969058300638814,
                70.99055183616736
              ],
              [
                51.96927191173971,
                70.99060782206813
              ],
              [
                51.96943898745399,
                70.9905362426317
              ],
              [
                51.97050706009938,
                70.99081616704659
              ],
              [
                51.970172910517235,
                70.99095932777253
              ],
              [
                51.970386529402234,
                70.99101531224503
              ],
              [
                51.97021945305167,
                70.99108689255353
              ],
              [
                51.97043307349177,
                70.99114287695666
              ],
              [
                51.97060014953308,
                70.99107129644574
              ],
              [
                51.97081377090975,
                70.99112728037463
              ],
              [
                51.97164913088246,
                70.9907693742385
              ],
              [
                51.971435511052206,
                70.99071339132179
              ],
              [
                51.971936713014145,
                70.99049864619207
              ],
              [
                51.972150331916495,
                70.99055462850144
              ],
              [
                51.972317396436296,
                70.99048304624655
              ],
              [
                51.97295825968991,
                70.99065099093659
              ],
              [
                51.973125322035955,
                70.99057940790313
              ],
              [
                51.973979822577306,
                70.99080332954144
              ],
              [
                51.973812761468785,
                70.99087491338466
              ],
              [
                51.97402639002795,
                70.99093089331714
              ],
              [
                51.973692264692346,
                70.9910740608946
              ],
              [
                51.97390589511612,
                70.99113004096014
              ],
              [
                51.97357176541608,
                70.99127320825744
              ],
              [
                51.974426302044805,
                70.99149712742083
              ],
              [
                51.97459336628003,
                70.99142554304805
              ],
              [
                51.97502064145059,
                70.9915375005939
              ],
              [
                51.97518770382105,
                70.99146591564498
              ],
              [
                51.975401342965625,
                70.99152189380771
              ],
              [
                51.97556840378075,
                70.99145030848511
              ],
              [
                51.97599568518846,
                70.99156226359017
              ],
              [
                51.975828624992346,
                70.99163384931765
              ],
              [
                51.97604226787449,
                70.99168982666488
              ],
              [
                51.97587520674203,
                70.99176141242356
              ],
              [
                51.97651614379229,
                70.99192934344144
              ],
              [
                51.97668320399613,
                70.99185775707545
              ],
              [
                51.97732415133069,
                70.99202568503935
              ],
              [
                51.97699003153451,
                70.99216885881476
              ],
              [
                51.977203683757,
                70.99222483466389
              ],
              [
                51.977036622299615,
                70.99229642149714
              ],
              [
                51.977250276077605,
                70.99235239727687
              ],
              [
                51.97708321368388,
                70.99242398414135
              ],
              [
                51.97772418342235,
                70.99259191045668
              ],
              [
                51.977557120711495,
                70.99266349775723
              ],
              [
                51.97777078009254,
                70.99271947285439
              ],
              [
                51.97760371644533,
                70.99279106018612
              ],
              [
                51.977817377381974,
                70.99284703521387
              ],
              [
                51.9776503127984,
                70.99291862257681
              ],
              [
                51.977863975290695,
                70.99297459753512
              ],
              [
                51.977696909770756,
                70.99304618492927
              ],
              [
                51.97748324696883,
                70.99299020976851
              ],
              [
                51.977316179893236,
                70.99306179678892
              ],
              [
                51.97710251802771,
                70.99300582115382
              ],
              [
                51.976935449396485,
                70.99307740780054
              ],
              [
                51.97672178846739,
                70.99302143169112
              ],
              [
                51.9763876468476,
                70.99316460406585
              ],
              [
                51.976173986545355,
                70.9931086272797
              ],
              [
                51.97600691355682,
                70.9931802130077
              ],
              [
                51.97686156348049,
                70.99340411933109
              ],
              [
                51.97669449048424,
                70.99347570569766
              ],
              [
                51.97690815638997,
                70.99353168180131
              ],
              [
                51.97623985318239,
                70.99381802636482
              ],
              [
                51.97709453422037,
                70.99404193129993
              ],
              [
                51.97692745654164,
                70.99411351782248
              ],
              [
                51.977354805156864,
                70.9942254690637
              ],
              [
                51.97702064729946,
                70.99436864240485
              ],
              [
                51.97723432409567,
                70.99442461802259
              ],
              [
                51.977067243607316,
                70.99449620463872
              ],
              [
                51.9772809219594,
                70.99455218018703
              ],
              [
                51.97661258878234,
                70.9948385257488
              ],
              [
                51.97639890919165,
                70.99478254939062
              ],
              [
                51.97623182247211,
                70.99485413515042
              ],
              [
                51.97601814381805,
                70.99479815831786
              ],
              [
                51.97568396602089,
                70.99494132891866
              ],
              [
                51.97589764529418,
                70.99499730615612
              ],
              [
                51.97539637018006,
                70.99521206138012
              ],
              [
                51.97561005162852,
                70.99526803895313
              ],
              [
                51.975275862606686,
                70.99541120865098
              ],
              [
                51.97506218053901,
                70.99535523067298
              ],
              [
                51.974727985912565,
                70.9954983992807
              ],
              [
                51.97451430447206,
                70.99544242062585
              ],
              [
                51.97384589902431,
                70.99572875497577
              ],
              [
                51.97405958170311,
                70.99578473444058
              ],
              [
                51.97355826545866,
                70.99599948401182
              ],
              [
                51.97377195031256,
                70.99605546381218
              ],
              [
                51.9734377338698,
                70.99619862974149
              ],
              [
                51.97365142058929,
                70.99625460967493
              ],
              [
                51.973317199779736,
                70.99639777532398
              ],
              [
                51.973958269274604,
                70.99656571470803
              ],
              [
                51.97412537937391,
                70.9964941313617
              ],
              [
                51.97433907138897,
                70.99655011041008
              ],
              [
                51.974506179932156,
                70.99647852668993
              ],
              [
                51.97493356708258,
                70.99659048356607
              ],
              [
                51.97476645915864,
                70.99666206769119
              ],
              [
                51.9756212496563,
                70.9968859789906
              ],
              [
                51.975287032545964,
                70.99702914834698
              ],
              [
                51.97507333243242,
                70.99697317052497
              ],
              [
                51.9745719964887,
                70.99718792266725
              ],
              [
                51.974358296692806,
                70.99713194396585
              ],
              [
                51.97419118190876,
                70.99720352746814
              ],
              [
                51.973977483049836,
                70.99714754829233
              ],
              [
                51.973810366709586,
                70.99721913142083
              ],
              [
                51.97359666878766,
                70.99716315177064
              ],
              [
                51.97326243174813,
                70.99730631710865
              ],
              [
                51.97347613028924,
                70.99736229716386
              ],
              [
                51.97314188888239,
                70.99750546222162
              ],
              [
                51.97292818972211,
                70.9974494817614
              ],
              [
                51.9725939427095,
                70.99759264572884
              ],
              [
                51.97238024417675,
                70.99753666459168
              ],
              [
                51.972213118490885,
                70.9976082461159
              ],
              [
                51.9724268173332,
                70.99766422745559
              ],
              [
                51.97225969071022,
                70.99773580901099
              ],
              [
                51.97290079564596,
                70.99790375200611
              ],
              [
                51.972566540517306,
                70.99804691581804
              ],
              [
                51.97278024527514,
                70.99810289667765
              ],
              [
                51.9726131161503,
                70.99817447852911
              ],
              [
                51.9723994110829,
                70.99811849746698
              ],
              [
                51.97173088087774,
                70.99840482234951
              ],
              [
                51.971517175818846,
                70.99834884020544
              ],
              [
                51.971350039841084,
                70.9984204207952
              ],
              [
                51.97113633571944,
                70.99836443817668
              ],
              [
                51.970969198185365,
                70.99843601839257
              ],
              [
                51.97075549500099,
                70.99838003529965
              ],
              [
                51.96958549518506,
                70.99888109059556
              ],
              [
                51.96915808822395,
                70.99876912075864
              ],
              [
                51.9689909397868,
                70.99884069899613
              ],
              [
                51.968777237867094,
                70.99878471346732
              ],
              [
                51.968610087873635,
                70.99885629133094
              ],
              [
                51.968396386891364,
                70.9988003053277
              ],
              [
                51.96806208254497,
                70.99894346013578
              ],
              [
                51.96784838219076,
                70.99888747345558
              ],
              [
                51.96768122783782,
                70.99895905040005
              ],
              [
                51.9674675284211,
                70.99890306324544
              ],
              [
                51.967300372511886,
                70.99897463981598
              ],
              [
                51.967086674032686,
                70.99891865218699
              ],
              [
                51.966919516567195,
                70.9989902283836
              ],
              [
                51.96670581902554,
                70.99893424028019
              ],
              [
                51.96637149973511,
                70.99907739175426
              ],
              [
                51.966157802821684,
                70.9990214029739
              ],
              [
                51.96599064099675,
                70.9990929782513
              ],
              [
                51.96577694502093,
                70.99903698899652
              ],
              [
                51.96560978163974,
                70.99910856390002
              ],
              [
                51.96539608660155,
                70.99905257417083
              ],
              [
                51.96472741937013,
                70.99933887126079
              ],
              [
                51.964513724341735,
                70.99928288044957
              ],
              [
                51.964346554107195,
                70.99935445409103
              ],
              [
                51.96413286001652,
                70.99929846280541
              ],
              [
                51.96379851518795,
                70.99944160916903
              ],
              [
                51.96358482172578,
                70.99938561720649
              ],
              [
                51.96341764713177,
                70.99945718992865
              ],
              [
                51.96320395460738,
                70.99940119749166
              ],
              [
                51.96303677845714,
                70.99947276983987
              ],
              [
                51.96282308687055,
                70.99941677692848
              ],
              [
                51.9626559091641,
                70.99948834890277
              ],
              [
                51.96244221851533,
                70.99943235551696
              ],
              [
                51.96260939653097,
                70.99936078374526
              ],
              [
                51.96218201959283,
                70.99924879656325
              ],
              [
                51.962014840958844,
                70.99932036792985
              ],
              [
                51.961801154051116,
                70.99926437372854
              ],
              [
                51.96196833299425,
                70.99919280256447
              ],
              [
                51.961754647642664,
                70.99913680829385
              ],
              [
                51.96192182564797,
                70.9990652371609
              ],
              [
                51.961708141852505,
                70.99900924282099
              ],
              [
                51.96204249474048,
                70.99886610044595
              ],
              [
                51.961187774501234,
                70.99864212198825
              ],
              [
                51.96102059744425,
                70.9987136924513
              ],
              [
                51.960806920192674,
                70.99865769695477
              ],
              [
                51.960639741579655,
                70.99872926704383
              ],
              [
                51.960426065265935,
                70.99867327107292
              ],
              [
                51.9602588850969,
                70.99874484078806
              ],
              [
                51.960045209721066,
                70.99868884434275
              ],
              [
                51.95987802799604,
                70.9987604136839
              ],
              [
                51.95923700842309,
                70.99859242210945
              ],
              [
                51.95940419107522,
                70.99852085337595
              ],
              [
                51.95897685154599,
                70.99840885803899
              ],
              [
                51.958642483758766,
                70.99855199452443
              ],
              [
                51.958856153517914,
                70.99860799273391
              ],
              [
                51.958521781360886,
                70.99875112893872
              ],
              [
                51.958735452984975,
                70.99880712728147
              ],
              [
                51.958401076458046,
                70.9989502632056
              ],
              [
                51.958187404215984,
                70.99889426445776
              ],
              [
                51.95785302208309,
                70.99903739929108
              ],
              [
                51.95763935047008,
                70.99898139986631
              ],
              [
                51.95747215722417,
                70.99905296682324
              ],
              [
                51.957044817121286,
                70.99894096675317
              ],
              [
                51.95687762201047,
                70.99901253313355
              ]
            ],
            [
              [
                51.962952498748315,
                70.99818153864501
              ],
              [
                51.96278533228474,
                70.99825311088442
              ],
              [
                51.963640053842994,
                70.99847708149632
              ],
              [
                51.96380721906985,
                70.99840550844681
              ],
              [
                51.963593537119166,
                70.99834951640412
              ],
              [
                51.963760701408354,
                70.99827794338574
              ],
              [
                51.963333341865976,
                70.99816595888991
              ],
              [
                51.963500505526696,
                70.9980943861052
              ],
              [
                51.96328682793494,
                70.99803839365205
              ],
              [
                51.963453990658,
                70.99796682089848
              ],
              [
                51.96324031462225,
                70.99791082837605
              ],
              [
                51.96307315159002,
                70.9979824009271
              ],
              [
                51.96285947649192,
                70.99792640793028
              ],
              [
                51.9626923119037,
                70.99799798010741
              ],
              [
                51.962905987310954,
                70.99805397330674
              ],
              [
                51.962738821785074,
                70.998125545515
              ],
              [
                51.962952498748315,
                70.99818153864501
              ]
            ],
            [
              [
                51.958326109909606,
                70.99662292533773
              ],
              [
                51.95815893976955,
                70.99669449323062
              ],
              [
                51.958372587438824,
                70.99675049220724
              ],
              [
                51.95853975726997,
                70.99667892411183
              ],
              [
                51.958326109909606,
                70.99662292533773
              ]
            ],
            [
              [
                51.966045758378776,
                70.9981844413482
              ],
              [
                51.96587860342611,
                70.99825601661011
              ],
              [
                51.966947053775804,
                70.99853595987332
              ],
              [
                51.96711420718186,
                70.99846438359877
              ],
              [
                51.96690051492759,
                70.99840839569241
              ],
              [
                51.96706766739615,
                70.99833681944901
              ],
              [
                51.96685397669805,
                70.9982808314733
              ],
              [
                51.96702112822913,
                70.99820925526107
              ],
              [
                51.96659375119202,
                70.99809727889908
              ],
              [
                51.96625944564575,
                70.99824043034207
              ],
              [
                51.966045758378776,
                70.9981844413482
              ]
            ],
            [
              [
                51.97006783381288,
                70.99808452100567
              ],
              [
                51.96990069473133,
                70.99815610020896
              ],
              [
                51.97011439292857,
                70.99821208438946
              ],
              [
                51.970448669225966,
                70.9980689254065
              ],
              [
                51.97002127531612,
                70.99795695758368
              ],
              [
                51.969854137171865,
                70.9980285367558
              ],
              [
                51.97006783381288,
                70.99808452100567
              ]
            ],
            [
              [
                51.96890626226237,
                70.99754946946175
              ],
              [
                51.96873912350827,
                70.99762104759009
              ],
              [
                51.96959388639325,
                70.99784498867334
              ],
              [
                51.96976102390967,
                70.9977734097349
              ],
              [
                51.96954733162777,
                70.99771742507443
              ],
              [
                51.96971446820692,
                70.99764584616716
              ],
              [
                51.969287088002126,
                70.9975338764356
              ],
              [
                51.96911995080413,
                70.99760545493784
              ],
              [
                51.96890626226237,
                70.99754946946175
              ]
            ]
          ]
        ]
      },
      "properties": {
        "id": "8b4bb8dcde8e97ba",
        "class": "floe_instance_candidate",
        "ice_identity": "optical_candidate",
        "grounding": "unverified",
        "confirmed_stamukha": false,
        "confidence": "low",
        "review_status": "unreviewed",
        "region": "barents",
        "observed_at": "2026-02-25T09:00:06.641000Z",
        "source_id": "S2C_T39WWU_20260225T085937_L2A",
        "source_collection": "sentinel-2-c1-l2a",
        "source_level": "L2A",
        "area_m2": 510700.0,
        "equivalent_diameter_m": 806.38,
        "longitude": 51.9671213,
        "latitude": 70.9950242,
        "truncated": false,
        "minimum_threshold_iou": 0.607,
        "threshold_stable": true,
        "inferred_boundary_fraction": 0.157,
        "touching_floes_may_be_split": true,
        "isolated_stable_candidate": false,
        "low_sun": true,
        "sun_elevation_deg": 10.2149731551564,
        "processing_method": "distance_watershed_experimental_v1",
        "native_green_m": 10,
        "native_swir_m": 20,
        "notice": "Candidate outline; shape splitting can divide one floe or merge multiple floes; 30 m completeness unvalidated"
      }
    },
    {
      "type": "Feature",
      "geometry": {
        "type": "MultiPolygon",
        "coordinates": [
          [
            [
              [
                52.021743597954966,
                71.00353517334432
              ],
              [
                52.020887973231495,
                71.00331149494588
              ],
              [
                52.021054966937896,
                71.00323986652995
              ],
              [
                52.02084106418611,
                71.00318394645204
              ],
              [
                52.021175048482014,
                71.00304068951206
              ],
              [
                52.021816758606825,
                71.00320844771394
              ],
              [
                52.0216497680179,
                71.00328007687689
              ],
              [
                52.02207758162589,
                71.00339191472153
              ],
              [
                52.021743597954966,
                71.00353517334432
              ]
            ]
          ]
        ]
      },
      "properties": {
        "id": "b4f4af9b9285d6fb",
        "class": "floe_instance_candidate",
        "ice_identity": "optical_candidate",
        "grounding": "unverified",
        "confirmed_stamukha": false,
        "confidence": "low",
        "review_status": "unreviewed",
        "region": "barents",
        "observed_at": "2026-02-25T09:00:06.641000Z",
        "source_id": "S2C_T39WWU_20260225T085937_L2A",
        "source_collection": "sentinel-2-c1-l2a",
        "source_level": "L2A",
        "area_m2": 1200.0,
        "equivalent_diameter_m": 39.09,
        "longitude": 52.0214276,
        "latitude": 71.0032892,
        "truncated": false,
        "minimum_threshold_iou": 0.667,
        "threshold_stable": true,
        "inferred_boundary_fraction": 0.0,
        "touching_floes_may_be_split": false,
        "isolated_stable_candidate": true,
        "low_sun": true,
        "sun_elevation_deg": 10.2149731551564,
        "processing_method": "distance_watershed_experimental_v1",
        "native_green_m": 10,
        "native_swir_m": 20,
        "notice": "Candidate outline; shape splitting can divide one floe or merge multiple floes; 30 m completeness unvalidated"
      }
    },
    {
      "type": "Feature",
      "geometry": {
        "type": "MultiPolygon",
        "coordinates": [
          [
            [
              [
                51.9975338560453,
                70.99339686884352
              ],
              [
                51.996892686177404,
                70.99322901700222
              ],
              [
                51.997059681695006,
                70.99315741087942
              ],
              [
                51.99684596120787,
                70.99310145992405
              ],
              [
                51.997012955790126,
                70.99302985383254
              ],
              [
                51.99679923685927,
                70.99297390280759
              ],
              [
                51.9971332229073,
                70.99283069051609
              ],
              [
                51.997346941217195,
                70.9928866411362
              ],
              [
                51.99751393206204,
                70.99281503453138
              ],
              [
                51.99772765130722,
                70.99287098467705
              ],
              [
                51.99789464059579,
                70.9927993776987
              ],
              [
                51.998535804874486,
                70.99296722589648
              ],
              [
                51.9975338560453,
                70.99339686884352
              ]
            ]
          ]
        ]
      },
      "properties": {
        "id": "d0128d672c9c53d2",
        "class": "floe_instance_candidate",
        "ice_identity": "optical_candidate",
        "grounding": "unverified",
        "confirmed_stamukha": false,
        "confidence": "low",
        "review_status": "unreviewed",
        "region": "barents",
        "observed_at": "2026-02-25T09:00:06.641000Z",
        "source_id": "S2C_T39WWU_20260225T085937_L2A",
        "source_collection": "sentinel-2-c1-l2a",
        "source_level": "L2A",
        "area_m2": 2400.0,
        "equivalent_diameter_m": 55.28,
        "longitude": 51.9975896,
        "latitude": 70.9930655,
        "truncated": false,
        "minimum_threshold_iou": 0.686,
        "threshold_stable": true,
        "inferred_boundary_fraction": 0.0,
        "touching_floes_may_be_split": false,
        "isolated_stable_candidate": true,
        "low_sun": true,
        "sun_elevation_deg": 10.2149731551564,
        "processing_method": "distance_watershed_experimental_v1",
        "native_green_m": 10,
        "native_swir_m": 20,
        "notice": "Candidate outline; shape splitting can divide one floe or merge multiple floes; 30 m completeness unvalidated"
      }
    },
    {
      "type": "Feature",
      "geometry": {
        "type": "MultiPolygon",
        "coordinates": [
          [
            [
              [
                51.98065332232241,
                70.99532019092752
              ],
              [
                51.97958485110464,
                70.9950403318722
              ],
              [
                51.979751926939784,
                70.99496874285764
              ],
              [
                51.9793245477961,
                70.99485679773706
              ],
              [
                51.97949162300456,
                70.99478520895616
              ],
              [
                51.97906424946535,
                70.99467326315288
              ],
              [
                51.979231324047106,
                70.99460167460568
              ],
              [
                51.97901763945657,
                70.99454570149862
              ],
              [
                51.97918471310188,
                70.9944741129826
              ],
              [
                51.9789710300673,
                70.99441813980616
              ],
              [
                51.97930517423884,
                70.9942749626653
              ],
              [
                51.979091493069916,
                70.99421898962186
              ],
              [
                51.97925856359618,
                70.99414740099701
              ],
              [
                51.97840385262091,
                70.99392350691409
              ],
              [
                51.97857092313991,
                70.99385191892785
              ],
              [
                51.97814357574845,
                70.99373997065995
              ],
              [
                51.97831064564071,
                70.99366838290736
              ],
              [
                51.97788330385303,
                70.99355643395684
              ],
              [
                51.97805037311855,
                70.99348484643791
              ],
              [
                51.97762303693452,
                70.99337289680479
              ],
              [
                51.978124239112674,
                70.99315813443518
              ],
              [
                51.97833790565268,
                70.99321410878031
              ],
              [
                51.97850497024364,
                70.99314252077883
              ],
              [
                51.97871863772001,
                70.99319849464965
              ],
              [
                51.97888570075527,
                70.99312690627444
              ],
              [
                51.97909936916797,
                70.99318287967093
              ],
              [
                51.9792664306475,
                70.99311129092204
              ],
              [
                51.97969377059155,
                70.99322323649443
              ],
              [
                51.97986083020562,
                70.99315164716941
              ],
              [
                51.98007450173694,
                70.99320761934531
              ],
              [
                51.98024155979527,
                70.99313602964659
              ],
              [
                51.98045523226285,
                70.99319200134818
              ],
              [
                51.980622288765396,
                70.99312041127575
              ],
              [
                51.980835962169216,
                70.99317638250298
              ],
              [
                51.981003017115995,
                70.99310479205688
              ],
              [
                51.98143036704207,
                70.99321673329075
              ],
              [
                51.981597420123265,
                70.99314514226855
              ],
              [
                51.981811096645494,
                70.99320111227519
              ],
              [
                51.98298043115778,
                70.9926999689083
              ],
              [
                51.98319410675709,
                70.99275593722595
              ],
              [
                51.98402930676722,
                70.99239797152953
              ],
              [
                51.98424298206303,
                70.99245393856305
              ],
              [
                51.9844100180175,
                70.99238234470772
              ],
              [
                51.98462369424927,
                70.99243831126691
              ],
              [
                51.98562588195376,
                70.99200874332513
              ],
              [
                51.98541220758156,
                70.99195277798053
              ],
              [
                51.9860803090415,
                70.99166639673854
              ],
              [
                51.98629398217388,
                70.99172236127345
              ],
              [
                51.98646100411449,
                70.99165076533255
              ],
              [
                51.98667467818265,
                70.99170672939314
              ],
              [
                51.98684169856753,
                70.99163513307866
              ],
              [
                51.98705537357145,
                70.9916910966649
              ],
              [
                51.987389409984,
                70.99154790311754
              ],
              [
                51.98760308561365,
                70.991603866027
              ],
              [
                51.98777010164131,
                70.99153226879416
              ],
              [
                51.988197456017716,
                70.9916441933925
              ],
              [
                51.988364470179576,
                70.99157259558363
              ],
              [
                51.98857814892631,
                70.99162855727249
              ],
              [
                51.98874516153239,
                70.99155695909005
              ],
              [
                51.98831780590476,
                70.99144503584523
              ],
              [
                51.98848481788526,
                70.99137343789646
              ],
              [
                51.98827114225004,
                70.99131747606857
              ],
              [
                51.988605163094086,
                70.99117428006235
              ],
              [
                51.988391489324634,
                70.99111831836737
              ],
              [
                51.9885584981882,
                70.99104672030991
              ],
              [
                51.988344825974444,
                70.99099075854542
              ],
              [
                51.989012850212596,
                70.99070436541366
              ],
              [
                51.98879918048464,
                70.99064840418687
              ],
              [
                51.98980118133458,
                70.99021881056902
              ],
              [
                51.989587514712525,
                70.99016285028472
              ],
              [
                51.990088499252984,
                70.98994805177249
              ],
              [
                51.98987483480665,
                70.98989209182346
              ],
              [
                51.990041827472545,
                70.9898204921795
              ],
              [
                51.98961450293642,
                70.98970857187051
              ],
              [
                51.98978149497699,
                70.98963697246019
              ],
              [
                51.98956783488717,
                70.98958101210023
              ],
              [
                51.98990181585204,
                70.9894378131709
              ],
              [
                51.989688157627754,
                70.98938185294382
              ],
              [
                51.9901891206646,
                70.98916705387347
              ],
              [
                51.990402777958735,
                70.9892230134934
              ],
              [
                51.99056976283684,
                70.98915141325864
              ],
              [
                51.99099708054111,
                70.98926333127797
              ],
              [
                51.99116406355366,
                70.9891917304673
              ],
              [
                51.99180504852015,
                70.98935960484975
              ],
              [
                51.99163806643794,
                70.9894312062676
              ],
              [
                51.991851730894346,
                70.98948716405364
              ],
              [
                51.99168474787687,
                70.98955876550274
              ],
              [
                51.99189841388882,
                70.98961472321922
              ],
              [
                51.99173142993605,
                70.98968632469959
              ],
              [
                51.99258610767884,
                70.9899101536558
              ],
              [
                51.99275309039094,
                70.98983855136585
              ],
              [
                51.99318043611465,
                70.98995046380757
              ],
              [
                51.993013454022936,
                70.99002206650228
              ],
              [
                51.9934408053489,
                70.990133978261
              ],
              [
                51.993273822632155,
                70.99020558118937
              ],
              [
                51.99348750047358,
                70.99026153686322
              ],
              [
                51.992986545781044,
                70.99047634522877
              ],
              [
                51.99341390706179,
                70.99058825697496
              ],
              [
                51.99358089258435,
                70.99051665395277
              ],
              [
                51.993794574782775,
                70.99057260921553
              ],
              [
                51.99396155874954,
                70.99050100581985
              ],
              [
                51.99460261188716,
                70.99066886936924
              ],
              [
                51.99493657422246,
                70.9905256608501
              ],
              [
                51.99515026047211,
                70.99058161441786
              ],
              [
                51.99531723946118,
                70.99051000969924
              ],
              [
                51.995744615076354,
                70.99062191561403
              ],
              [
                51.99557763670796,
                70.99069352073748
              ],
              [
                51.99579132669416,
                70.99074947348933
              ],
              [
                51.99545736684146,
                70.9908926836276
              ],
              [
                51.99567105869389,
                70.9909486365123
              ],
              [
                51.99500312528312,
                70.99123505554515
              ],
              [
                51.995216819622506,
                70.99129100896745
              ],
              [
                51.995049833466176,
                70.99136261350026
              ],
              [
                51.99526352936151,
                70.991418566853
              ],
              [
                51.994929553932664,
                70.9915617758101
              ],
              [
                51.99514325169433,
                70.99161772929565
              ],
              [
                51.99497626242179,
                70.99168933371995
              ],
              [
                51.99518996173945,
                70.99174528713593
              ],
              [
                51.99418800180698,
                70.9921749113024
              ],
              [
                51.994615407903545,
                70.99228681974738
              ],
              [
                51.99444841084214,
                70.992358423581
              ],
              [
                51.99466211606939,
                70.99241437759791
              ],
              [
                51.994328118830005,
                70.9925575851566
              ],
              [
                51.99454182592372,
                70.99261353930638
              ],
              [
                51.99420782432192,
                70.99275674658539
              ],
              [
                51.99442153328213,
                70.99281270086799
              ],
              [
                51.99375351637013,
                70.99309911418203
              ],
              [
                51.99396722781756,
                70.99315506900234
              ],
              [
                51.99296516693563,
                70.99358468505366
              ],
              [
                51.99317888149097,
                70.99364064081657
              ],
              [
                51.992844851850336,
                70.9937838452027
              ],
              [
                51.993272285940165,
                70.99389575672225
              ],
              [
                51.99310526987157,
                70.99396735906343
              ],
              [
                51.99396015424429,
                70.99419117964833
              ],
              [
                51.994127169071426,
                70.99411957649738
              ],
              [
                51.9943408929692,
                70.99417553076117
              ],
              [
                51.99417387845245,
                70.99424713411454
              ],
              [
                51.99438760390661,
                70.99430308830877
              ],
              [
                51.99455461811296,
                70.99423148475296
              ],
              [
                51.99498207213845,
                70.9943433919205
              ],
              [
                51.99514908447795,
                70.99427178778865
              ],
              [
                51.99557654286657,
                70.99438369346326
              ],
              [
                51.99540953114797,
                70.99445529799993
              ],
              [
                51.99583699514154,
                70.99456720299135
              ],
              [
                51.995669982797835,
                70.99463880776177
              ],
              [
                51.99609745239647,
                70.99475071206999
              ],
              [
                51.995930439427696,
                70.99482231707415
              ],
              [
                51.99635791463151,
                70.9949342206991
              ],
              [
                51.996190901037686,
                70.995005825937
              ],
              [
                51.99640464081921,
                70.9950617775439
              ],
              [
                51.996571654102524,
                70.99499017210356
              ],
              [
                51.996999136782755,
                70.99510207409631
              ],
              [
                51.9968321241205,
                70.99517367994154
              ],
              [
                51.99661838184681,
                70.99511772887874
              ],
              [
                51.99528223320437,
                70.99569056785995
              ],
              [
                51.995495977962165,
                70.99574652054233
              ],
              [
                51.995161928961,
                70.99588972898106
              ],
              [
                51.99537567558598,
                70.99594568179629
              ],
              [
                51.99554270039917,
                70.99587407746004
              ],
              [
                51.99575644795985,
                70.9959300298008
              ],
              [
                51.99592347121632,
                70.99585842509097
              ],
              [
                51.99613721971267,
                70.99591437695723
              ],
              [
                51.996304241412425,
                70.99584277187378
              ],
              [
                51.99651799084444,
                70.99589872326557
              ],
              [
                51.996685010987456,
                70.99582711780852
              ],
              [
                51.996898761355105,
                70.9958830687258
              ],
              [
                51.99706577994138,
                70.99581146289518
              ],
              [
                51.99727953124464,
                70.99586741333796
              ],
              [
                51.99744654827417,
                70.99579580713375
              ],
              [
                51.99766030051301,
                70.99585175710203
              ],
              [
                51.99732626582895,
                70.99599496974423
              ],
              [
                51.99711251296893,
                70.99593901937104
              ],
              [
                51.99677847267895,
                70.99608223092376
              ],
              [
                51.996564720443985,
                70.99602627987363
              ],
              [
                51.996230674548045,
                70.99616949033688
              ],
              [
                51.996016922938196,
                70.99611353860979
              ],
              [
                51.995682871436266,
                70.99625674798355
              ],
              [
                51.9954691204516,
                70.99620079557953
              ],
              [
                51.99530209252076,
                70.99627239980718
              ],
              [
                51.99508834247183,
                70.99621644692867
              ],
              [
                51.99475428225039,
                70.99635965446566
              ],
              [
                51.994540532826726,
                70.99630370091018
              ],
              [
                51.993705358910894,
                70.99666171574505
              ],
              [
                51.993491609181206,
                70.99660576090523
              ],
              [
                51.99315753026983,
                70.99674896523608
              ],
              [
                51.99294378116559,
                70.9966930097193
              ],
              [
                51.99277673952999,
                70.99676461142549
              ],
              [
                51.99256299136167,
                70.99670865543422
              ],
              [
                51.99239594816932,
                70.99678025676678
              ],
              [
                51.991968454950914,
                70.9966683435632
              ],
              [
                51.99213549876406,
                70.9965967426356
              ],
              [
                51.991708011151744,
                70.99648482874886
              ],
              [
                51.99204209628054,
                70.99634162718995
              ],
              [
                51.99182835496458,
                70.9962856702435
              ],
              [
                51.9919953959699,
                70.9962140694097
              ],
              [
                51.99178165621059,
                70.9961581123937
              ],
              [
                51.991948696279984,
                70.9960865115912
              ],
              [
                51.991734958077295,
                70.99603055450565
              ],
              [
                51.99190199721078,
                70.99595895373446
              ],
              [
                51.991688260564686,
                70.9959029965793
              ],
              [
                51.99152122112086,
                70.99597459714806
              ],
              [
                51.99130748541069,
                70.99591863951848
              ],
              [
                51.99114044441027,
                70.99599023971358
              ],
              [
                51.99049924382629,
                70.9958223645854
              ],
              [
                51.99033220064873,
                70.99589396400194
              ],
              [
                51.98990473920343,
                70.99578204548487
              ],
              [
                51.98973769415908,
                70.99585364432532
              ],
              [
                51.989523964995556,
                70.99579768445633
              ],
              [
                51.989356918394705,
                70.9958692829231
              ],
              [
                51.98892946318594,
                70.99575736196422
              ],
              [
                51.98842831404445,
                70.99597215512262
              ],
              [
                51.98821458737884,
                70.9959161936278
              ],
              [
                51.98788048109939,
                70.99605938780581
              ],
              [
                51.98766675505972,
                70.99600342563406
              ],
              [
                51.98749969974037,
                70.99607502226377
              ],
              [
                51.987285974636826,
                70.99601905961761
              ],
              [
                51.98711891776102,
                70.99609065587366
              ],
              [
                51.98669147067259,
                70.9959787293604
              ],
              [
                51.98652441193019,
                70.99605032504031
              ],
              [
                51.986096969206756,
                70.99593839703424
              ],
              [
                51.98592990859783,
                70.99600999213797
              ],
              [
                51.98550247023947,
                70.99589806263909
              ],
              [
                51.98566953146856,
                70.99582646794029
              ],
              [
                51.98545581446891,
                70.99577050298537
              ],
              [
                51.98528875292975,
                70.9958420974817
              ],
              [
                51.984006475243646,
                70.99550630082612
              ],
              [
                51.983839410598044,
                70.99557789393643
              ],
              [
                51.98362570170237,
                70.99552192667288
              ],
              [
                51.983458635500504,
                70.99559351940945
              ],
              [
                51.98260381114073,
                70.99536964682585
              ],
              [
                51.98243674245279,
                70.99544123858132
              ],
              [
                51.981581936793745,
                70.99521736083682
              ],
              [
                51.98141486561994,
                70.99528895161119
              ],
              [
                51.98120116701098,
                70.99523298129277
              ],
              [
                51.98103409428103,
                70.99530457169341
              ],
              [
                51.980820396608486,
                70.9952486009006
              ],
              [
                51.98065332232241,
                70.99532019092752
              ]
            ],
            [
              [
                51.99478115690185,
                70.99590537965395
              ],
              [
                51.994447099802485,
                70.99604858666086
              ],
              [
                51.99466084611269,
                70.9961045403555
              ],
              [
                51.99499490259112,
                70.9959613329437
              ],
              [
                51.99478115690185,
                70.99590537965395
              ]
            ],
            [
              [
                51.99153029896483,
                70.99124832002356
              ],
              [
                51.99136329943062,
                70.99131992096086
              ],
              [
                51.99157698410606,
                70.99137587892442
              ],
              [
                51.99207797804124,
                70.99116107499182
              ],
              [
                51.992291663031736,
                70.99121703207622
              ],
              [
                51.99279264482566,
                70.99100222599617
              ],
              [
                51.992578960765805,
                70.990946269519
              ],
              [
                51.99274595251614,
                70.99087466735246
              ],
              [
                51.99253227001209,
                70.99081871080571
              ],
              [
                51.99236527795155,
                70.99089031276988
              ],
              [
                51.992151596382875,
                70.9908343557488
              ],
              [
                51.99181760790462,
                70.99097755875889
              ],
              [
                51.99203129009369,
                70.99103351618476
              ],
              [
                51.99169729725341,
                70.9911767189151
              ],
              [
                51.99148361444397,
                70.99112076108439
              ],
              [
                51.991316615845214,
                70.99119236199046
              ],
              [
                51.99153029896483,
                70.99124832002356
              ]
            ]
          ]
        ]
      },
      "properties": {
        "id": "4dafdb97ae861ded",
        "class": "floe_instance_candidate",
        "ice_identity": "optical_candidate",
        "grounding": "unverified",
        "confirmed_stamukha": false,
        "confidence": "low",
        "review_status": "unreviewed",
        "region": "barents",
        "observed_at": "2026-02-25T09:00:06.641000Z",
        "source_id": "S2C_T39WWU_20260225T085937_L2A",
        "source_collection": "sentinel-2-c1-l2a",
        "source_level": "L2A",
        "area_m2": 283800.0,
        "equivalent_diameter_m": 601.12,
        "longitude": 51.9886778,
        "latitude": 70.9935146,
        "truncated": false,
        "minimum_threshold_iou": 0.702,
        "threshold_stable": true,
        "inferred_boundary_fraction": 0.143,
        "touching_floes_may_be_split": true,
        "isolated_stable_candidate": false,
        "low_sun": true,
        "sun_elevation_deg": 10.2149731551564,
        "processing_method": "distance_watershed_experimental_v1",
        "native_green_m": 10,
        "native_swir_m": 20,
        "notice": "Candidate outline; shape splitting can divide one floe or merge multiple floes; 30 m completeness unvalidated"
      }
    },
    {
      "type": "Feature",
      "geometry": {
        "type": "MultiPolygon",
        "coordinates": [
          [
            [
              [
                52.098512124303014,
                71.0134310453958
              ],
              [
                52.09765516334204,
                71.01320775454934
              ],
              [
                52.097821956334585,
                71.01313605238619
              ],
              [
                52.0976077195282,
                71.01308022919454
              ],
              [
                52.09794130240236,
                71.01293682476147
              ],
              [
                52.09815553857771,
                71.01299264754819
              ],
              [
                52.09832232782831,
                71.01292094487334
              ],
              [
                52.09896504289152,
                71.01308841098822
              ],
              [
                52.09879825458756,
                71.01316011427039
              ],
              [
                52.09901249575214,
                71.01321593596516
              ],
              [
                52.098512124303014,
                71.0134310453958
              ]
            ]
          ]
        ]
      },
      "properties": {
        "id": "d4880aec90e436e5",
        "class": "floe_instance_candidate",
        "ice_identity": "optical_candidate",
        "grounding": "unverified",
        "confirmed_stamukha": false,
        "confidence": "low",
        "review_status": "unreviewed",
        "region": "barents",
        "observed_at": "2026-02-25T09:00:06.641000Z",
        "source_id": "S2C_T39WWU_20260225T085937_L2A",
        "source_collection": "sentinel-2-c1-l2a",
        "source_level": "L2A",
        "area_m2": 1700.0,
        "equivalent_diameter_m": 46.52,
        "longitude": 52.0983206,
        "latitude": 71.013161,
        "truncated": false,
        "minimum_threshold_iou": 0.765,
        "threshold_stable": true,
        "inferred_boundary_fraction": 0.0,
        "touching_floes_may_be_split": false,
        "isolated_stable_candidate": true,
        "low_sun": true,
        "sun_elevation_deg": 10.2149731551564,
        "processing_method": "distance_watershed_experimental_v1",
        "native_green_m": 10,
        "native_swir_m": 20,
        "notice": "Candidate outline; shape splitting can divide one floe or merge multiple floes; 30 m completeness unvalidated"
      }
    },
    {
      "type": "Feature",
      "geometry": {
        "type": "MultiPolygon",
        "coordinates": [
          [
            [
              [
                52.070601706263005,
                71.00546250985191
              ],
              [
                52.069959494365335,
                71.00529493526919
              ],
              [
                52.07012632205727,
                71.00522325920926
              ],
              [
                52.06991225423199,
                71.00516740067206
              ],
              [
                52.07007908099136,
                71.00509572464387
              ],
              [
                52.06943688593714,
                71.00492814800343
              ],
              [
                52.069603712392045,
                71.0048564724118
              ],
              [
                52.06938965018112,
                71.0048006131887
              ],
              [
                52.069723299979316,
                71.00465726189813
              ],
              [
                52.06950923964296,
                71.00460140280722
              ],
              [
                52.07000970593337,
                71.00438637519841
              ],
              [
                52.06958159088426,
                71.00427465741302
              ],
              [
                52.06941476940594,
                71.00434633304849
              ],
              [
                52.06898665871477,
                71.0042346137676
              ],
              [
                52.069153480821065,
                71.00416293853694
              ],
              [
                52.069367535229425,
                71.00421879811131
              ],
              [
                52.06953435577526,
                71.00414712250756
              ],
              [
                52.069748411116095,
                71.00420298160685
              ],
              [
                52.06991523010146,
                71.00413130563001
              ],
              [
                52.07012928637475,
                71.00418716425422
              ],
              [
                52.07029610379964,
                71.00411548790426
              ],
              [
                52.07051016100537,
                71.00417134605338
              ],
              [
                52.07101060485925,
                71.00395631537218
              ],
              [
                52.07122466236928,
                71.00401217264141
              ],
              [
                52.07139147418032,
                71.00394049520392
              ],
              [
                52.07160553262271,
                71.00399635199805
              ],
              [
                52.07177234287325,
                71.00392467418749
              ],
              [
                52.07198640224798,
                71.00398053050654
              ],
              [
                52.072653629529746,
                71.00369381674787
              ],
              [
                52.07286768889445,
                71.00374967198462
              ],
              [
                52.073034492284805,
                71.0036779929159
              ],
              [
                52.07346261412506,
                71.00378970216656
              ],
              [
                52.07412981270975,
                71.00350298256579
              ],
              [
                52.074343874242764,
                71.0035588359725
              ],
              [
                52.0745106704589,
                71.0034871554433
              ],
              [
                52.07472473292406,
                71.00354300837489
              ],
              [
                52.075391904068645,
                71.00325628374193
              ],
              [
                52.075820030224186,
                71.0033679871679
              ],
              [
                52.075653239935946,
                71.00343966898693
              ],
              [
                52.07650950845966,
                71.00366307337598
              ],
              [
                52.07667629749084,
                71.00359139074742
              ],
              [
                52.07689036742328,
                71.0036472409605
              ],
              [
                52.077057154893865,
                71.00357555795891
              ],
              [
                52.07684308527572,
                71.00351970794823
              ],
              [
                52.07717665710656,
                71.00337634183792
              ],
              [
                52.07931740308543,
                71.00393482562471
              ],
              [
                52.07948418398783,
                71.00386314028972
              ],
              [
                52.080768689511984,
                71.00419821625627
              ],
              [
                52.08093546728134,
                71.00412652953632
              ],
              [
                52.08114955558307,
                71.00418237437376
              ],
              [
                52.0813163317916,
                71.00411068728079
              ],
              [
                52.081958603231286,
                71.00427821954938
              ],
              [
                52.0821253772499,
                71.00420653167865
              ],
              [
                52.08233946990793,
                71.00426237502028
              ],
              [
                52.08250624236567,
                71.00419068677657
              ],
              [
                52.08272033595548,
                71.00424652964303
              ],
              [
                52.08288710685232,
                71.00417484102631
              ],
              [
                52.083101201373886,
                71.00423068341765
              ],
              [
                52.083267970709805,
                71.00415899442795
              ],
              [
                52.08348206616311,
                71.00421483634413
              ],
              [
                52.08364883393813,
                71.00414314698145
              ],
              [
                52.08386293032313,
                71.00419898842247
              ],
              [
                52.08369616286273,
                71.00427067798752
              ],
              [
                52.084338460439554,
                71.00443820128109
              ],
              [
                52.08417169267671,
                71.0045098912827
              ],
              [
                52.0843857946763,
                71.0045657320374
              ],
              [
                52.08421902598175,
                71.0046374220708
              ],
              [
                52.08443312954237,
                71.00469326275511
              ],
              [
                52.083265715984055,
                71.00519508962914
              ],
              [
                52.08347982299358,
                71.00525093145741
              ],
              [
                52.082645920346025,
                71.00560937511851
              ],
              [
                52.082860030175155,
                71.00566521768602
              ],
              [
                52.08269324622077,
                71.00573690610882
              ],
              [
                52.08290735761104,
                71.00579274860593
              ],
              [
                52.08274057272475,
                71.00586443706052
              ],
              [
                52.08295468567619,
                71.00592027948724
              ],
              [
                52.08178715877062,
                71.00642209530905
              ],
              [
                52.08200127517098,
                71.00647793887985
              ],
              [
                52.081334090772074,
                71.00676468783402
              ],
              [
                52.08111997311332,
                71.00670884345354
              ],
              [
                52.080786372804695,
                71.00685221650203
              ],
              [
                52.08057225576347,
                71.0067963714439
              ],
              [
                52.08040545342456,
                71.00686805750979
              ],
              [
                52.08061957078035,
                71.0069239027703
              ],
              [
                52.07978554195783,
                71.00728233155216
              ],
              [
                52.079999662133126,
                71.00733817755204
              ],
              [
                52.07916560371429,
                71.00769660307995
              ],
              [
                52.07830912420326,
                71.00747321339524
              ],
              [
                52.078475939638665,
                71.0074015294407
              ],
              [
                52.07740536987516,
                71.00712228720957
              ],
              [
                52.077238552867456,
                71.00719397015196
              ],
              [
                52.07402702587407,
                71.00635619950856
              ],
              [
                52.074193847596995,
                71.00628451960253
              ],
              [
                52.07397975608549,
                71.00622866624683
              ],
              [
                52.07414657687599,
                71.00615698637259
              ],
              [
                52.073718398221544,
                71.00604527924779
              ],
              [
                52.07388521839387,
                71.00597359960771
              ],
              [
                52.07367113125088,
                71.00591774583864
              ],
              [
                52.07350431076433,
                71.00598942527631
              ],
              [
                52.073290224553766,
                71.00593357103209
              ],
              [
                52.07312340250634,
                71.00600525009663
              ],
              [
                52.072695233196775,
                71.00589354038523
              ],
              [
                52.07286205587261,
                71.00582186172552
              ],
              [
                52.07264797340201,
                71.00576600666317
              ],
              [
                52.07281479514539,
                71.00569432803519
              ],
              [
                52.07260071423561,
                71.00563847290255
              ],
              [
                52.07276753504656,
                71.00556679430633
              ],
              [
                52.07191122513025,
                71.0053433718583
              ],
              [
                52.07141075518773,
                71.00555840470587
              ],
              [
                52.07076853301274,
                71.00539083318468
              ],
              [
                52.070601706263005,
                71.00546250985191
              ]
            ]
          ]
        ]
      },
      "properties": {
        "id": "9afe6efd8e237045",
        "class": "floe_instance_candidate",
        "ice_identity": "optical_candidate",
        "grounding": "unverified",
        "confirmed_stamukha": false,
        "confidence": "low",
        "review_status": "unreviewed",
        "region": "barents",
        "observed_at": "2026-02-25T09:00:06.641000Z",
        "source_id": "S2C_T39WWU_20260225T085937_L2A",
        "source_collection": "sentinel-2-c1-l2a",
        "source_level": "L2A",
        "area_m2": 146800.0,
        "equivalent_diameter_m": 432.33,
        "longitude": 52.0771344,
        "latitude": 71.0052196,
        "truncated": false,
        "minimum_threshold_iou": 0.719,
        "threshold_stable": true,
        "inferred_boundary_fraction": 0.594,
        "touching_floes_may_be_split": true,
        "isolated_stable_candidate": false,
        "low_sun": true,
        "sun_elevation_deg": 10.2149731551564,
        "processing_method": "distance_watershed_experimental_v1",
        "native_green_m": 10,
        "native_swir_m": 20,
        "notice": "Candidate outline; shape splitting can divide one floe or merge multiple floes; 30 m completeness unvalidated"
      }
    },
    {
      "type": "Feature",
      "geometry": {
        "type": "MultiPolygon",
        "coordinates": [
          [
            [
              [
                52.10215107812759,
                70.99722067606909
              ],
              [
                52.10236515111288,
                70.99727649496279
              ],
              [
                52.10269842375252,
                70.99713307770685
              ],
              [
                52.102912497352605,
                70.9971888959232
              ],
              [
                52.10341239602752,
                70.99697376815442
              ],
              [
                52.1036264699271,
                70.99702958549113
              ],
              [
                52.103793100013164,
                70.99695787569182
              ],
              [
                52.104007174842664,
                70.99701369255342
              ],
              [
                52.10417380336831,
                70.99694198238144
              ],
              [
                52.10438787912771,
                70.99699779876796
              ],
              [
                52.10455450609294,
                70.9969260882233
              ],
              [
                52.1047685827822,
                70.99698190413473
              ],
              [
                52.104935208186994,
                70.99691019321745
              ],
              [
                52.10514928580611,
                70.99696600865376
              ],
              [
                52.105482532249695,
                70.99682258590346
              ],
              [
                52.10591068996205,
                70.99693421514858
              ],
              [
                52.10574406799348,
                70.99700592701348
              ],
              [
                52.105958149032695,
                70.99706174142905
              ],
              [
                52.10579152613432,
                70.99713345332583
              ],
              [
                52.1062196925789,
                70.99724508174302
              ],
              [
                52.105886444308055,
                70.9973885058345
              ],
              [
                52.10610053002881,
                70.99744432003837
              ],
              [
                52.10576727740792,
                70.99758774385286
              ],
              [
                52.10555319105646,
                70.99753192924442
              ],
              [
                52.10538656256284,
                70.99760364069381
              ],
              [
                52.10517247714125,
                70.99754782561025
              ],
              [
                52.10500584708709,
                70.99761953668697
              ],
              [
                52.10521993282402,
                70.9976753519728
              ],
              [
                52.10505330183995,
                70.9977470630814
              ],
              [
                52.104839215787706,
                70.99769124759332
              ],
              [
                52.10467258324307,
                70.99776295832925
              ],
              [
                52.10445849812075,
                70.99770714236604
              ],
              [
                52.103958592069425,
                70.99792227294466
              ],
              [
                52.104172678137644,
                70.99797808951469
              ],
              [
                52.10400604061196,
                70.99804979956906
              ],
              [
                52.10443421711487,
                70.99816143229522
              ],
              [
                52.104267578974486,
                70.99823314258374
              ],
              [
                52.10448166940921,
                70.99828895873986
              ],
              [
                52.104315030338824,
                70.99836066906026
              ],
              [
                52.10495731006097,
                70.99852811649842
              ],
              [
                52.10529058506439,
                70.99838469447349
              ],
              [
                52.10550468016506,
                70.99844050933596
              ],
              [
                52.10567131548341,
                70.99836879786562
              ],
              [
                52.10609950878999,
                70.99848042636744
              ],
              [
                52.10543296256759,
                70.99876727284467
              ],
              [
                52.10564706235045,
                70.99882308749544
              ],
              [
                52.10548042299683,
                70.99889479889106
              ],
              [
                52.10569452434044,
                70.99895061347125
              ],
              [
                52.1053612425278,
                70.99909403615588
              ],
              [
                52.10557534574762,
                70.99914985086781
              ],
              [
                52.10540870328857,
                70.9992215621568
              ],
              [
                52.1056228080692,
                70.99927737679816
              ],
              [
                52.10545616468011,
                70.99934908811906
              ],
              [
                52.10567027102159,
                70.99940490268986
              ],
              [
                52.10533698113786,
                70.99954832522504
              ],
              [
                52.10576519881883,
                70.99965995435723
              ],
              [
                52.10559855263959,
                70.99973166577378
              ],
              [
                52.106026775933366,
                70.9998432942191
              ],
              [
                52.10619342148174,
                70.99977158239794
              ],
              [
                52.10640753468144,
                70.99982739600898
              ],
              [
                52.10674082141084,
                70.99968397145086
              ],
              [
                52.10716905028484,
                70.99979559704518
              ],
              [
                52.107002408173834,
                70.99986730981404
              ],
              [
                52.10721652479456,
                70.99992312240417
              ],
              [
                52.10688323746701,
                71.0000665478353
              ],
              [
                52.10709735596423,
                71.00012236055714
              ],
              [
                52.10693071074766,
                71.0001940732194
              ],
              [
                52.1071448308059,
                71.00024988587069
              ],
              [
                52.1054783132884,
                71.0009670051443
              ],
              [
                52.10526419007544,
                71.00091119046999
              ],
              [
                52.104430883028066,
                71.00126974270484
              ],
              [
                52.104216759483634,
                71.00121392674603
              ],
              [
                52.10355009016145,
                71.00150076465705
              ],
              [
                52.10376421496749,
                71.00155658142509
              ],
              [
                52.103430873462734,
                71.00169999976266
              ],
              [
                52.10450151933352,
                71.00197908153298
              ],
              [
                52.103834827682746,
                71.00226592020941
              ],
              [
                52.10426309727518,
                71.00237755262597
              ],
              [
                52.10442977142574,
                71.00230584280784
              ],
              [
                52.10507218421191,
                71.002473288779
              ],
              [
                52.10523885617022,
                71.00240157818345
              ],
              [
                52.10566713695928,
                71.00251320706175
              ],
              [
                52.105833807040725,
                71.00244149589112
              ],
              [
                52.10604794898852,
                71.00249730971859
              ],
              [
                52.106381284782834,
                71.00235388646146
              ],
              [
                52.1065954273454,
                71.00240969961133
              ],
              [
                52.106762093058265,
                71.00233798752483
              ],
              [
                52.106976236551105,
                71.00239380019948
              ],
              [
                52.1071429007026,
                71.00232208774023
              ],
              [
                52.10735704512568,
                71.00237789993966
              ],
              [
                52.10769036906006,
                71.00223447410525
              ],
              [
                52.10790451409778,
                71.00229028562714
              ],
              [
                52.10823783241776,
                71.00214685870644
              ],
              [
                52.10866612496815,
                71.00225848012217
              ],
              [
                52.108999437042506,
                71.0021150517106
              ],
              [
                52.1092135845551,
                71.00217086160443
              ],
              [
                52.10938023840796,
                71.00209914694075
              ],
              [
                52.10980853653913,
                71.00221076550501
              ],
              [
                52.10997518851489,
                71.00213905026628
              ],
              [
                52.11018933913343,
                71.0021948589367
              ],
              [
                52.10985603456752,
                71.0023382896484
              ],
              [
                52.1096418833176,
                71.00228248057334
              ],
              [
                52.109475228850286,
                71.00235419547128
              ],
              [
                52.10926107853048,
                71.00229838592098
              ],
              [
                52.10909442250171,
                71.0023701004462
              ],
              [
                52.108880273112035,
                71.00231429042064
              ],
              [
                52.1085469566858,
                71.00245771855525
              ],
              [
                52.10833280791065,
                71.00240190785212
              ],
              [
                52.10816614751318,
                71.0024736214615
              ],
              [
                52.107951999668224,
                71.00241781028312
              ],
              [
                52.1076186745046,
                71.00256123658603
              ],
              [
                52.10740452727427,
                71.00250542473009
              ],
              [
                52.106737860734505,
                71.0027922744816
              ],
              [
                52.10652371348772,
                71.00273646154348
              ],
              [
                52.10602369955452,
                71.00295159646072
              ],
              [
                52.105809552606985,
                71.00289578264265
              ],
              [
                52.105476203124255,
                71.00303920466403
              ],
              [
                52.10526205679158,
                71.00298339016838
              ],
              [
                52.10509537986582,
                71.00305510072113
              ],
              [
                52.10488123446357,
                71.00299928575024
              ],
              [
                52.10471455597638,
                71.00307099593019
              ],
              [
                52.10450041150457,
                71.00301518048407
              ],
              [
                52.10433373145596,
                71.00308689029123
              ],
              [
                52.104119587914596,
                71.0030310743699
              ],
              [
                52.103786223448616,
                71.00317449306826
              ],
              [
                52.1035720805223,
                71.00311867646933
              ],
              [
                52.10340539610493,
                71.0031903853605
              ],
              [
                52.103191254109134,
                71.00313456828633
              ],
              [
                52.103024568130365,
                71.0032062768047
              ],
              [
                52.10281042706513,
                71.00315045925531
              ],
              [
                52.102643739524964,
                71.00322216740092
              ],
              [
                52.102429599390284,
                71.0031663493763
              ],
              [
                52.10226291028876,
                71.0032380571491
              ],
              [
                52.102048771084675,
                71.00318223864926
              ],
              [
                52.10138200095706,
                71.00346906722653
              ],
              [
                52.101167861737515,
                71.00341324764442
              ],
              [
                52.100834468566894,
                71.0035566605056
              ],
              [
                52.100620329962695,
                71.0035008402459
              ],
              [
                52.100453631193,
                71.00357254621845
              ],
              [
                52.100239493519524,
                71.00351672548352
              ],
              [
                52.10007279318847,
                71.00358843108324
              ],
              [
                52.09985865644573,
                71.0035326098731
              ],
              [
                52.099691954553315,
                71.0036043151
              ],
              [
                52.09926368417545,
                71.00349267145639
              ],
              [
                52.09909698040642,
                71.0035643761081
              ],
              [
                52.09888284677131,
                71.00350855367464
              ],
              [
                52.09871614144097,
                71.00358025795353
              ],
              [
                52.09850200873667,
                71.00352443504482
              ],
              [
                52.098335301845026,
                71.0035961389509
              ],
              [
                52.09812117007157,
                71.00354031556698
              ],
              [
                52.09795446161862,
                71.0036120191002
              ],
              [
                52.097312072829084,
                71.00344454670423
              ],
              [
                52.09714536218447,
                71.00351624945992
              ],
              [
                52.09693123476493,
                71.00346042457986
              ],
              [
                52.09676452255906,
                71.00353212696268
              ],
              [
                52.095908024081055,
                71.0033088239045
              ],
              [
                52.09574130936858,
                71.0033805253074
              ],
              [
                52.095527187549145,
                71.0033246986584
              ],
              [
                52.09536047127548,
                71.00339639968846
              ],
              [
                52.09514635038703,
                71.00334057256424
              ],
              [
                52.0949796325522,
                71.00341227322143
              ],
              [
                52.09476551259476,
                71.00335644562203
              ],
              [
                52.09459879319877,
                71.00342814590635
              ],
              [
                52.09438467417236,
                71.00337231783176
              ],
              [
                52.09421795321522,
                71.0034440177432
              ],
              [
                52.09400383511985,
                71.00338818919342
              ],
              [
                52.09383711260157,
                71.003459888732
              ],
              [
                52.09362299543728,
                71.00340405970702
              ],
              [
                52.09345627135788,
                71.00347575887272
              ],
              [
                52.09324215512468,
                71.00341992937255
              ],
              [
                52.093075429484145,
                71.0034916281654
              ],
              [
                52.092647200126095,
                71.00337996794183
              ],
              [
                52.09248047260948,
                71.00345166615944
              ],
              [
                52.09205224760596,
                71.00334000443985
              ],
              [
                52.09188551821331,
                71.00341170208219
              ],
              [
                52.09145729756437,
                71.00330003886663
              ],
              [
                52.09129056629574,
                71.00337173593371
              ],
              [
                52.09107645752554,
                71.00331590371435
              ],
              [
                52.09090972469587,
                71.00338760040854
              ],
              [
                52.090481510264034,
                71.00327593474664
              ],
              [
                52.09031477555846,
                71.00334763086558
              ],
              [
                52.09010066989686,
                71.00329179742307
              ],
              [
                52.08993393363029,
                71.00336349316909
              ],
              [
                52.089505725415776,
                71.00325182506091
              ],
              [
                52.08933898727339,
                71.00332352023165
              ],
              [
                52.089124884720505,
                71.003267685566
              ],
              [
                52.08895814501715,
                71.00333938036384
              ],
              [
                52.088744043395586,
                71.00328354522301
              ],
              [
                52.088577302131284,
                71.00335523964793
              ],
              [
                52.08836320144108,
                71.00329940403195
              ],
              [
                52.088029714544426,
                71.00344279196541
              ],
              [
                52.08781561447081,
                71.00338695567189
              ],
              [
                52.08731537383526,
                71.0036020356858
              ],
              [
                52.08710127406355,
                71.00354619851237
              ],
              [
                52.08693452437791,
                71.00361789130683
              ],
              [
                52.086506327943624,
                71.00350621573695
              ],
              [
                52.086339576382336,
                71.00357790795609
              ],
              [
                52.08591138430344,
                71.0034662308903
              ],
              [
                52.08574463086655,
                71.00353792253415
              ],
              [
                52.0853164431431,
                71.00342624397247
              ],
              [
                52.08514968783068,
                71.003497935041
              ],
              [
                52.0849355955236,
                71.00344209514863
              ],
              [
                52.08476883865033,
                71.00351378584419
              ],
              [
                52.08455474727482,
                71.0034579454767
              ],
              [
                52.08438798884071,
                71.0035296357993
              ],
              [
                52.08417389839679,
                71.00347379495666
              ],
              [
                52.084007138401844,
                71.00354548490631
              ],
              [
                52.083793048889554,
                71.0034896435885
              ],
              [
                52.08345952453177,
                71.0036330225713
              ],
              [
                52.08324543563653,
                71.00357718057597
              ],
              [
                52.08307867127369,
                71.00364886960911
              ],
              [
                52.08329276048351,
                71.0037047118068
              ],
              [
                52.08312599518899,
                71.0037764008717
              ],
              [
                52.083768271239755,
                71.00394392643534
              ],
              [
                52.083267970709805,
                71.00415899442795
              ],
              [
                52.08305387650283,
                71.00410315223903
              ],
              [
                52.08288710685232,
                71.00417484102631
              ],
              [
                52.08267301357708,
                71.00411899836224
              ],
              [
                52.08250624236567,
                71.00419068677657
              ],
              [
                52.082078058925035,
                71.00407900022533
              ],
              [
                52.0819112858382,
                71.00415068806427
              ],
              [
                52.08148310675379,
                71.00403900001724
              ],
              [
                52.0813163317916,
                71.00411068728079
              ],
              [
                52.081102243804374,
                71.00405484264576
              ],
              [
                52.08093546728134,
                71.00412652953632
              ],
              [
                52.079650963643914,
                71.0037914547841
              ],
              [
                52.07948418398783,
                71.00386314028972
              ],
              [
                52.077343441152564,
                71.00330465852682
              ],
              [
                52.07717665710656,
                71.00337634183792
              ],
              [
                52.076962589363305,
                71.00332049195927
              ],
              [
                52.07712937372361,
                71.00324880885057
              ],
              [
                52.07605905527267,
                71.00296955637869
              ],
              [
                52.07622583995805,
                71.00289787411128
              ],
              [
                52.07579772192985,
                71.00278617161838
              ],
              [
                52.076131288818885,
                71.00264280738119
              ],
              [
                52.07591723230256,
                71.00258695613047
              ],
              [
                52.076084014192006,
                71.0025152739583
              ],
              [
                52.075869959236094,
                71.00245942263727
              ],
              [
                52.07603674019358,
                71.00238774049686
              ],
              [
                52.075822686798055,
                71.0023318891055
              ],
              [
                52.075989466823586,
                71.00226020699685
              ],
              [
                52.07577541498843,
                71.00220435553517
              ],
              [
                52.07610897192949,
                71.0020609912107
              ],
              [
                52.07589492196888,
                71.0020051398811
              ],
              [
                52.07606169888442,
                71.00193345766529
              ],
              [
                52.07584765048413,
                71.0018776062654
              ],
              [
                52.07601442646778,
                71.00180592408132
              ],
              [
                52.07430208663783,
                71.00135910468462
              ],
              [
                52.07446886388865,
                71.00128742394891
              ],
              [
                52.07382675795468,
                71.0011198627832
              ],
              [
                52.07399353490175,
                71.00104818248396
              ],
              [
                52.07356547113738,
                71.00093647408158
              ],
              [
                52.0737322474666,
                71.00086479401646
              ],
              [
                52.07330418931436,
                71.00075308492819
              ],
              [
                52.0734709650257,
                71.00068140509714
              ],
              [
                52.07304291248546,
                71.00056969532302
              ],
              [
                52.07320968757893,
                71.00049801572607
              ],
              [
                52.07299566349178,
                71.00044216063239
              ],
              [
                52.073329210568936,
                71.00029880133131
              ],
              [
                52.07311518835578,
                71.00024294636974
              ],
              [
                52.07328196033949,
                71.00017126666557
              ],
              [
                52.072853920278966,
                71.0000595563292
              ],
              [
                52.07385452978596,
                70.99962947694941
              ],
              [
                52.074068547309125,
                70.99968533103977
              ],
              [
                52.074235310885776,
                70.99961365034358
              ],
              [
                52.07444932934072,
                70.99966950395897
              ],
              [
                52.07494961165359,
                70.99945446023962
              ],
              [
                52.07516363041214,
                70.99951031297529
              ],
              [
                52.0753303883774,
                70.99943863119191
              ],
              [
                52.075544408067664,
                70.9994944834526
              ],
              [
                52.07571116447304,
                70.99942280129625
              ],
              [
                52.07592518509499,
                70.99947865308192
              ],
              [
                52.076091939940454,
                70.99940697055266
              ],
              [
                52.07630596149406,
                70.99946282186332
              ],
              [
                52.07647271477963,
                70.99939113896106
              ],
              [
                52.07625869354015,
                70.99933528785274
              ],
              [
                52.076425445894074,
                70.99926360498223
              ],
              [
                52.075783390592576,
                70.99909605062837
              ],
              [
                52.075950142643116,
                70.99902436819428
              ],
              [
                52.07488007695907,
                70.99874510649663
              ],
              [
                52.075046829334276,
                70.99867342490366
              ],
              [
                52.07483282024865,
                70.99861757194856
              ],
              [
                52.0749995716922,
                70.99854589038729
              ],
              [
                52.074143549062626,
                70.99832247664993
              ],
              [
                52.07431030051663,
                70.99825079572744
              ],
              [
                52.074096298287394,
                70.99819494181388
              ],
              [
                52.074263048809755,
                70.99812326092308
              ],
              [
                52.07404904814015,
                70.99806740693923
              ],
              [
                52.07421579773087,
                70.99799572608018
              ],
              [
                52.074001798620884,
                70.99793987202604
              ],
              [
                52.07450204086142,
                70.99772482903221
              ],
              [
                52.07471603902941,
                70.99778068247936
              ],
              [
                52.07504952700051,
                70.99763731922577
              ],
              [
                52.07483552946054,
                70.99758146618329
              ],
              [
                52.07500227189176,
                70.99750978450291
              ],
              [
                52.07457428117648,
                70.99739807800476
              ],
              [
                52.074741022990175,
                70.99732639655845
              ],
              [
                52.074527029814824,
                70.99727054310276
              ],
              [
                52.07469377069698,
                70.99719886168819
              ],
              [
                52.07405179958594,
                70.99703130029245
              ],
              [
                52.07421854016453,
                70.99695961931424
              ],
              [
                52.07336259737574,
                70.99673620111275
              ],
              [
                52.07352933796462,
                70.99666452077322
              ],
              [
                52.073315355695,
                70.99660866574366
              ],
              [
                52.07348209535235,
                70.99653698543585
              ],
              [
                52.07326811464208,
                70.99648113033602
              ],
              [
                52.07343485336792,
                70.99640945005993
              ],
              [
                52.07322087421698,
                70.99635359488983
              ],
              [
                52.07338761201131,
                70.99628191464545
              ],
              [
                52.073173634419675,
                70.99622605940505
              ],
              [
                52.0733403712825,
                70.9961543791924
              ],
              [
                52.073126395250156,
                70.99609852388173
              ],
              [
                52.07329313118149,
                70.9960268437008
              ],
              [
                52.07307915670842,
                70.99597098831987
              ],
              [
                52.07324589170826,
                70.99589930817062
              ],
              [
                52.07303191879443,
                70.99584345271943
              ],
              [
                52.0731986528628,
                70.9957717726019
              ],
              [
                52.072984681508196,
                70.99571591708043
              ],
              [
                52.07315141464511,
                70.99564423699461
              ],
              [
                52.07293744484969,
                70.99558838140287
              ],
              [
                52.07310417705516,
                70.99551670134876
              ],
              [
                52.07289020881892,
                70.99546084568675
              ],
              [
                52.07305694009295,
                70.99538916566436
              ],
              [
                52.07284297341585,
                70.99533330993208
              ],
              [
                52.07300970375845,
                70.9952616299414
              ],
              [
                52.0727957386405,
                70.99520577413885
              ],
              [
                52.07346264881368,
                70.99491905327933
              ],
              [
                52.07324868619638,
                70.99486319801343
              ],
              [
                52.07358213443931,
                70.99471983696472
              ],
              [
                52.07336817369494,
                70.99466398183085
              ],
              [
                52.073534896262466,
                70.99459230125292
              ],
              [
                52.07332093707712,
                70.99453644604877
              ],
              [
                52.07365437910435,
                70.99439308478571
              ],
              [
                52.07344042179187,
                70.9943372297136
              ],
              [
                52.07394057643566,
                70.9941221871465
              ],
              [
                52.073726621309866,
                70.9940663324087
              ],
              [
                52.07406005214118,
                70.99392297024899
              ],
              [
                52.07384609888819,
                70.99386711564323
              ],
              [
                52.07451294686528,
                70.99358039008592
              ],
              [
                52.07472689886283,
                70.99363624388255
              ],
              [
                52.075060314753344,
                70.9934928796759
              ],
              [
                52.07570217633288,
                70.99366043821661
              ],
              [
                52.07586888146889,
                70.99358875525057
              ],
              [
                52.075654926677934,
                70.99353290287853
              ],
              [
                52.075821630882835,
                70.99346121994421
              ],
              [
                52.075607677650815,
                70.99340536750185
              ],
              [
                52.07577438092462,
                70.99333368459926
              ],
              [
                52.075560429251496,
                70.99327783208663
              ],
              [
                52.07589383269197,
                70.9931344661743
              ],
              [
                52.076749644343,
                70.99335787297112
              ],
              [
                52.07691634294006,
                70.99328618895
              ],
              [
                52.077130298651305,
                70.9933420397655
              ],
              [
                52.077463691482535,
                70.993198670807
              ],
              [
                52.077677647810795,
                70.99325452094536
              ],
              [
                52.07784434204499,
                70.99318283600803
              ],
              [
                52.07848621755754,
                70.99335038418076
              ],
              [
                52.07865290960473,
                70.99327869846604
              ],
              [
                52.079080832209826,
                70.99339039548035
              ],
              [
                52.07924752238396,
                70.99331870919055
              ],
              [
                52.07946148523988,
                70.99337455708654
              ],
              [
                52.079961547350415,
                70.99315949658704
              ],
              [
                52.08038947491259,
                70.9932711903476
              ],
              [
                52.0805561591647,
                70.99319950276882
              ],
              [
                52.08141202797177,
                70.9934228862096
              ],
              [
                52.08157870972239,
                70.9933511976512
              ],
              [
                52.081792679722334,
                70.99340704262758
              ],
              [
                52.08195935991386,
                70.9933353536964
              ],
              [
                52.082173330844554,
                70.99339119819794
              ],
              [
                52.082340009476965,
                70.99331950889393
              ],
              [
                52.08298192879603,
                70.99348704015597
              ],
              [
                52.083148605240865,
                70.99341535007466
              ],
              [
                52.08336258052284,
                70.99347119308115
              ],
              [
                52.083529255408514,
                70.99339950262706
              ],
              [
                52.08374323162117,
                70.99345534515868
              ],
              [
                52.08390990494767,
                70.99338365433181
              ],
              [
                52.08412388209097,
                70.99343949638852
              ],
              [
                52.08429055385828,
                70.99336780518887
              ],
              [
                52.08450453193221,
                70.99342364677068
              ],
              [
                52.08467120214034,
                70.99335195519828
              ],
              [
                52.08488518114488,
                70.99340779630518
              ],
              [
                52.085051849793786,
                70.99333610436001
              ],
              [
                52.08526582972891,
                70.99339194499201
              ],
              [
                52.08543249681861,
                70.99332025267408
              ],
              [
                52.0856464776843,
                70.99337609283117
              ],
              [
                52.08581314321478,
                70.99330440014047
              ],
              [
                52.086027125011,
                70.99336023982265
              ],
              [
                52.08619378898224,
                70.9932885467592
              ],
              [
                52.0866217556806,
                70.99340022490114
              ],
              [
                52.08678841777823,
                70.99332853126268
              ],
              [
                52.08700240268033,
                70.99338436972239
              ],
              [
                52.08716906321869,
                70.99331267571118
              ],
              [
                52.08738304905126,
                70.99336851369601
              ],
              [
                52.08754970803032,
                70.99329681931205
              ],
              [
                52.087763694793345,
                70.99335265682195
              ],
              [
                52.08793035221313,
                70.99328096206527
              ],
              [
                52.08814433990658,
                70.99333679910025
              ],
              [
                52.08831099576706,
                70.99326510397081
              ],
              [
                52.08916695773156,
                70.99348844857514
              ],
              [
                52.08866699018915,
                70.99370353587916
              ],
              [
                52.08845299688728,
                70.99364769953027
              ],
              [
                52.08828633823554,
                70.99371939475508
              ],
              [
                52.08850033185189,
                70.99377523130622
              ],
              [
                52.08833367226973,
                70.99384692656277
              ],
              [
                52.08876166386612,
                70.99395859925158
              ],
              [
                52.088595003668004,
                70.9940302947422
              ],
              [
                52.0888090016481,
                70.99408613087986
              ],
              [
                52.088642340519534,
                70.99415782640227
              ],
              [
                52.088856340059074,
                70.99421366246953
              ],
              [
                52.08902300087314,
                70.99414196674485
              ],
              [
                52.08945100305808,
                70.99425363765681
              ],
              [
                52.08928434287306,
                70.99432533378601
              ],
              [
                52.08971235066694,
                70.99443700401179
              ],
              [
                52.08954568986603,
                70.99450870037506
              ],
              [
                52.089759695945,
                70.99456453528121
              ],
              [
                52.08959303421365,
                70.99463623167628
              ],
              [
                52.09002105073573,
                70.99474790107502
              ],
              [
                52.08968772479623,
                70.99489129416284
              ],
              [
                52.090115747556716,
                70.99500296327992
              ],
              [
                52.08994908334855,
                70.99507465997263
              ],
              [
                52.09016309691096,
                70.99513049432441
              ],
              [
                52.09032976080453,
                70.9950587974294
              ],
              [
                52.09054377529741,
                70.99511463130622
              ],
              [
                52.09071043763131,
                70.99504293403844
              ],
              [
                52.090924453054626,
                70.99509876744028
              ],
              [
                52.09109111382885,
                70.99502706979978
              ],
              [
                52.09130513018259,
                70.99508290272664
              ],
              [
                52.09163844736662,
                70.99493950652966
              ],
              [
                52.091852464336114,
                70.99499533877928
              ],
              [
                52.09151914778138,
                70.99513873538079
              ],
              [
                52.09258925445123,
                70.99541789456092
              ],
              [
                52.09242259587969,
                70.99548959361734
              ],
              [
                52.09349273525018,
                70.99576874699095
              ],
              [
                52.093659392248036,
                70.99569704692315
              ],
              [
                52.093873423542696,
                70.99575287657743
              ],
              [
                52.09404007898067,
                70.99568117613688
              ],
              [
                52.09425411120565,
                70.99573700531616
              ],
              [
                52.09442076508375,
                70.9956653045029
              ],
              [
                52.09463479823902,
                70.99572113320716
              ],
              [
                52.09513475145837,
                70.99550602913787
              ],
              [
                52.095348784914265,
                70.99556185696257
              ],
              [
                52.0956820802055,
                70.99541845299295
              ],
              [
                52.09589611427678,
                70.99547428014036
              ],
              [
                52.09606275973998,
                70.99540257769762
              ],
              [
                52.096490830987946,
                70.99551423076971
              ],
              [
                52.09682411691972,
                70.99537082456386
              ],
              [
                52.09703815378148,
                70.99542665028625
              ],
              [
                52.09720479456493,
                70.9953549467254
              ],
              [
                52.097418832356816,
                70.99541077197279
              ],
              [
                52.09758547158032,
                70.99533906803926
              ],
              [
                52.09801355026929,
                70.99545071731121
              ],
              [
                52.09818018761791,
                70.99537901280272
              ],
              [
                52.098394228514984,
                70.99543483682731
              ],
              [
                52.09889413214589,
                70.99521972167253
              ],
              [
                52.09910817334305,
                70.99527554481759
              ],
              [
                52.09927480508172,
                70.9952038392229
              ],
              [
                52.09948884720887,
                70.99525966189293
              ],
              [
                52.09965547738755,
                70.99518795592556
              ],
              [
                52.09986952044467,
                70.99524377812057
              ],
              [
                52.10020277643711,
                70.9951003652701
              ],
              [
                52.10041682010913,
                70.99515618678782
              ],
              [
                52.10058344592287,
                70.99508447990472
              ],
              [
                52.10079749052482,
                70.99514030094741
              ],
              [
                52.100964114778556,
                70.99506859369166
              ],
              [
                52.10117816031038,
                70.99512441425932
              ],
              [
                52.1013447830041,
                70.9950527066309
              ],
              [
                52.10177287717242,
                70.99516434654339
              ],
              [
                52.10143963180037,
                70.99530776243884
              ],
              [
                52.10122558346355,
                70.9952519422145
              ],
              [
                52.10105895859499,
                70.99532364970435
              ],
              [
                52.10084491118807,
                70.99526782900494
              ],
              [
                52.1005116570859,
                70.99541124306897
              ],
              [
                52.10029761029384,
                70.99535542169227
              ],
              [
                52.10013098106023,
                70.99542712826641
              ],
              [
                52.09991693519811,
                70.99537130641467
              ],
              [
                52.09975030440447,
                70.99544301261615
              ],
              [
                52.09953625947234,
                70.99538719028938
              ],
              [
                52.09886972258759,
                70.99567401258209
              ],
              [
                52.099297816216975,
                70.99578565858094
              ],
              [
                52.099131179513215,
                70.99585736413262
              ],
              [
                52.09955927875285,
                70.99596900944492
              ],
              [
                52.099892549655216,
                70.99582559736211
              ],
              [
                52.10032065261496,
                70.99593724077427
              ],
              [
                52.100653917276894,
                70.99579382720076
              ],
              [
                52.101296079163966,
                70.99596128905954
              ],
              [
                52.1011294484008,
                70.99603299653829
              ],
              [
                52.10134350516836,
                70.99608881681459
              ],
              [
                52.102010019490336,
                70.99580198506807
              ],
              [
                52.10179596398324,
                70.99574616560083
              ],
              [
                52.10196258976627,
                70.99567445744046
              ],
              [
                52.10174853581931,
                70.99561863790271
              ],
              [
                52.101915160672455,
                70.9955469297742
              ],
              [
                52.1021292143043,
                70.99560274910971
              ],
              [
                52.10246245964537,
                70.99545933193697
              ],
              [
                52.10267651389192,
                70.9955151505952
              ],
              [
                52.10250989215903,
                70.995586859469
              ],
              [
                52.10272394796571,
                70.99564267805668
              ],
              [
                52.10255732530297,
                70.99571438696236
              ],
              [
                52.10277138266981,
                70.9957702054795
              ],
              [
                52.102604759077224,
                70.99584191441703
              ],
              [
                52.10324693959339,
                70.99600936893849
              ],
              [
                52.10291369056416,
                70.99615278751597
              ],
              [
                52.102057449844665,
                70.99592951265701
              ],
              [
                52.10189082220183,
                70.99600122088113
              ],
              [
                52.10210488082927,
                70.99605704020732
              ],
              [
                52.10143835906782,
                70.99634387220874
              ],
              [
                52.10122429917986,
                70.99628805207348
              ],
              [
                52.10055775623634,
                70.99657488053931
              ],
              [
                52.10098587977829,
                70.99668652215522
              ],
              [
                52.101319152479846,
                70.99654310745403
              ],
              [
                52.10153321548829,
                70.99659892744823
              ],
              [
                52.10169984965623,
                70.99652721963974
              ],
              [
                52.101913913594665,
                70.99658303915889
              ],
              [
                52.10208054620232,
                70.99651133097775
              ],
              [
                52.102294611070725,
                70.99656715002183
              ],
              [
                52.10262787192039,
                70.99642373274378
              ],
              [
                52.10305600413181,
                70.99653536920442
              ],
              [
                52.10272274454289,
                70.99667878729156
              ],
              [
                52.10250867718425,
                70.9966229687931
              ],
              [
                52.10217541198444,
                70.99676638579407
              ],
              [
                52.10196134524058,
                70.99671056661826
              ],
              [
                52.10162807442986,
                70.99685398253308
              ],
              [
                52.10141400830085,
                70.99679816267992
              ],
              [
                52.101080731879186,
                70.99694157750855
              ],
              [
                52.10086666636508,
                70.99688575697805
              ],
              [
                52.10053338433244,
                70.9970291707205
              ],
              [
                52.10031931943329,
                70.99697334951261
              ],
              [
                52.09981938610002,
                70.9971884682413
              ],
              [
                52.10003345194446,
                70.99724429005599
              ],
              [
                52.09986680532469,
                70.99731599616031
              ],
              [
                52.10029494137947,
                70.99742763937589
              ],
              [
                52.10046158736904,
                70.99735593286701
              ],
              [
                52.1006756569492,
                70.99741175386332
              ],
              [
                52.10100894456237,
                70.9972683399297
              ],
              [
                52.1012230147575,
                70.99732416024865
              ],
              [
                52.101389656381095,
                70.99725245282396
              ],
              [
                52.101603727506294,
                70.99730827266781
              ],
              [
                52.101770367569515,
                70.9972365648704
              ],
              [
                52.10198443962477,
                70.9972923842392
              ],
              [
                52.10215107812759,
                70.99722067606909
              ]
            ],
            [
              [
                52.103007377540024,
                70.99744395000701
              ],
              [
                52.10236515111288,
                70.99727649496279
              ],
              [
                52.10203187349238,
                70.99741991153712
              ],
              [
                52.10181779987672,
                70.99736409223887
              ],
              [
                52.10131787316117,
                70.99757921521544
              ],
              [
                52.10153194772235,
                70.99763503512051
              ],
              [
                52.10136530330849,
                70.99770674264082
              ],
              [
                52.10222161526669,
                70.99793002034218
              ],
              [
                52.102554900327604,
                70.99778660351292
              ],
              [
                52.102768980799944,
                70.99784242185166
              ],
              [
                52.102935621147246,
                70.99777071297912
              ],
              [
                52.10314970254963,
                70.99782653084276
              ],
              [
                52.103316341336416,
                70.99775482159754
              ],
              [
                52.10353042366882,
                70.99781063898607
              ],
              [
                52.10403033161184,
                70.99759550962114
              ],
              [
                52.104244414243674,
                70.99765132613
              ],
              [
                52.104411047418914,
                70.99757961579861
              ],
              [
                52.104625130980686,
                70.99763543183239
              ],
              [
                52.104958392964875,
                70.99749201025388
              ],
              [
                52.104316147906985,
                70.99732456254775
              ],
              [
                52.10414951659162,
                70.9973962728154
              ],
              [
                52.103935437080786,
                70.9973404561654
              ],
              [
                52.10376880420493,
                70.99741216606037
              ],
              [
                52.10334064828836,
                70.9973005315374
              ],
              [
                52.103007377540024,
                70.99744395000701
              ]
            ],
            [
              [
                52.08854569891531,
                70.99493887497471
              ],
              [
                52.088379029399206,
                70.99501057014461
              ],
              [
                52.0892350699926,
                70.99523391379668
              ],
              [
                52.089401738250544,
                70.99516221781766
              ],
              [
                52.089615751197044,
                70.99521805284668
              ],
              [
                52.089782417895336,
                70.9951463564949
              ],
              [
                52.089354393876555,
                70.99503468656873
              ],
              [
                52.08952105995892,
                70.99496299045101
              ],
              [
                52.08909304154949,
                70.99485131983865
              ],
              [
                52.089259707015906,
                70.994779623955
              ],
              [
                52.0890456999933,
                70.99472378844204
              ],
              [
                52.08921236452922,
                70.99465209259019
              ],
              [
                52.08878435484813,
                70.9945404211508
              ],
              [
                52.0889510187681,
                70.99446872553304
              ],
              [
                52.08852301469606,
                70.99435705340747
              ],
              [
                52.088356350147066,
                70.9944287486207
              ],
              [
                52.08857035187509,
                70.99448458502211
              ],
              [
                52.088403686395615,
                70.99455628026712
              ],
              [
                52.088617689683154,
                70.9946121165981
              ],
              [
                52.08811768671808,
                70.9948272019171
              ],
              [
                52.08854569891531,
                70.99493887497471
              ]
            ],
            [
              [
                52.10039111738764,
                70.99664658722975
              ],
              [
                52.100224477293786,
                70.99671829374977
              ],
              [
                52.10043853907238,
                70.99677411509865
              ],
              [
                52.10060517885114,
                70.99670240837638
              ],
              [
                52.10039111738764,
                70.99664658722975
              ]
            ]
          ]
        ]
      },
      "properties": {
        "id": "abf5a36994894fa0",
        "class": "floe_instance_candidate",
        "ice_identity": "optical_candidate",
        "grounding": "unverified",
        "confirmed_stamukha": false,
        "confidence": "low",
        "review_status": "unreviewed",
        "region": "barents",
        "observed_at": "2026-02-25T09:00:06.641000Z",
        "source_id": "S2C_T39WWU_20260225T085937_L2A",
        "source_collection": "sentinel-2-c1-l2a",
        "source_level": "L2A",
        "area_m2": 1108800.0,
        "equivalent_diameter_m": 1188.18,
        "longitude": 52.0884817,
        "latitude": 70.9989113,
        "truncated": false,
        "minimum_threshold_iou": 0.965,
        "threshold_stable": true,
        "inferred_boundary_fraction": 0.158,
        "touching_floes_may_be_split": true,
        "isolated_stable_candidate": false,
        "low_sun": true,
        "sun_elevation_deg": 10.2149731551564,
        "processing_method": "distance_watershed_experimental_v1",
        "native_green_m": 10,
        "native_swir_m": 20,
        "notice": "Candidate outline; shape splitting can divide one floe or merge multiple floes; 30 m completeness unvalidated"
      }
    },
    {
      "type": "Feature",
      "geometry": {
        "type": "MultiPolygon",
        "coordinates": [
          [
            [
              [
                52.08465299425062,
                70.99069789916777
              ],
              [
                52.084439046123734,
                70.99064205753297
              ],
              [
                52.08460569242925,
                70.99057036571153
              ],
              [
                52.084177800537496,
                70.99045868202859
              ],
              [
                52.08434444622686,
                70.99038699044114
              ],
              [
                52.08413050246197,
                70.99033114839301
              ],
              [
                52.08446379073552,
                70.99018776511116
              ],
              [
                52.084249848843484,
                70.99013192319492
              ],
              [
                52.08441649142771,
                70.9900602315005
              ],
              [
                52.08420255109433,
                70.99000438951387
              ],
              [
                52.08453583315773,
                70.98986100601809
              ],
              [
                52.084963713812215,
                70.98997268890982
              ],
              [
                52.08479707403112,
                70.9900443811474
              ],
              [
                52.08501101653925,
                70.9901002223866
              ],
              [
                52.08484437582789,
                70.99017191465595
              ],
              [
                52.08505831989471,
                70.99022775582476
              ],
              [
                52.08489167825307,
                70.99029944812591
              ],
              [
                52.08510562387858,
                70.99035528922435
              ],
              [
                52.08493898130666,
                70.99042698155723
              ],
              [
                52.0851529284909,
                70.99048282258535
              ],
              [
                52.08465299425062,
                70.99069789916777
              ]
            ]
          ]
        ]
      },
      "properties": {
        "id": "a2add15c4f999a8b",
        "class": "floe_instance_candidate",
        "ice_identity": "optical_candidate",
        "grounding": "unverified",
        "confirmed_stamukha": false,
        "confidence": "low",
        "review_status": "unreviewed",
        "region": "barents",
        "observed_at": "2026-02-25T09:00:06.641000Z",
        "source_id": "S2C_T39WWU_20260225T085937_L2A",
        "source_collection": "sentinel-2-c1-l2a",
        "source_level": "L2A",
        "area_m2": 1900.0,
        "equivalent_diameter_m": 49.18,
        "longitude": 52.0846401,
        "latitude": 70.9902793,
        "truncated": false,
        "minimum_threshold_iou": 0.632,
        "threshold_stable": true,
        "inferred_boundary_fraction": 0.0,
        "touching_floes_may_be_split": false,
        "isolated_stable_candidate": true,
        "low_sun": true,
        "sun_elevation_deg": 10.2149731551564,
        "processing_method": "distance_watershed_experimental_v1",
        "native_green_m": 10,
        "native_swir_m": 20,
        "notice": "Candidate outline; shape splitting can divide one floe or merge multiple floes; 30 m completeness unvalidated"
      }
    },
    {
      "type": "Feature",
      "geometry": {
        "type": "MultiPolygon",
        "coordinates": [
          [
            [
              [
                52.03398208249846,
                70.97745581322923
              ],
              [
                52.03355477713013,
                70.9773440006029
              ],
              [
                52.033721497901176,
                70.97727235690726
              ],
              [
                52.03265325779709,
                70.97699282159134
              ],
              [
                52.03281997888244,
                70.97692117873588
              ],
              [
                52.032606334903186,
                70.97686527105874
              ],
              [
                52.033106491633816,
                70.97665034207444
              ],
              [
                52.03374742449787,
                70.97681806247016
              ],
              [
                52.03391413998686,
                70.97674641852741
              ],
              [
                52.034341434156325,
                70.97685823035995
              ],
              [
                52.03450814777889,
                70.9767865858421
              ],
              [
                52.034721796416996,
                70.9768424911481
              ],
              [
                52.03488850848467,
                70.97677084625737
              ],
              [
                52.0353158088676,
                70.97688265564884
              ],
              [
                52.03464895562981,
                70.97716923580484
              ],
              [
                52.034862608932684,
                70.97722514090118
              ],
              [
                52.0346958928265,
                70.97729678571557
              ],
              [
                52.034482239212025,
                70.97724088041704
              ],
              [
                52.03398208249846,
                70.97745581322923
              ]
            ]
          ]
        ]
      },
      "properties": {
        "id": "b159ff9e3fac5426",
        "class": "floe_instance_candidate",
        "ice_identity": "optical_candidate",
        "grounding": "unverified",
        "confirmed_stamukha": false,
        "confidence": "low",
        "review_status": "unreviewed",
        "region": "barents",
        "observed_at": "2026-02-25T09:00:06.641000Z",
        "source_id": "S2C_T39WWU_20260225T085937_L2A",
        "source_collection": "sentinel-2-c1-l2a",
        "source_level": "L2A",
        "area_m2": 4400.0,
        "equivalent_diameter_m": 74.85,
        "longitude": 52.0339075,
        "latitude": 70.9770145,
        "truncated": false,
        "minimum_threshold_iou": 0.647,
        "threshold_stable": true,
        "inferred_boundary_fraction": 0.0,
        "touching_floes_may_be_split": false,
        "isolated_stable_candidate": true,
        "low_sun": true,
        "sun_elevation_deg": 10.2149731551564,
        "processing_method": "distance_watershed_experimental_v1",
        "native_green_m": 10,
        "native_swir_m": 20,
        "notice": "Candidate outline; shape splitting can divide one floe or merge multiple floes; 30 m completeness unvalidated"
      }
    },
    {
      "type": "Feature",
      "geometry": {
        "type": "MultiPolygon",
        "coordinates": [
          [
            [
              [
                52.148463737248335,
                71.00629045996989
              ],
              [
                52.14824942960745,
                71.00623469957681
              ],
              [
                52.14841597279528,
                71.00616294736363
              ],
              [
                52.14820166671775,
                71.00610718689957
              ],
              [
                52.1483682089772,
                71.00603543471856
              ],
              [
                52.14815390446301,
                71.00597967418354
              ],
              [
                52.148320445794106,
                71.00590792203464
              ],
              [
                52.14810614284322,
                71.00585216142866
              ],
              [
                52.14877229697938,
                71.00556515194076
              ],
              [
                52.14898659866033,
                71.00562091173758
              ],
              [
                52.148820062312474,
                71.00569266456708
              ],
              [
                52.14924867004674,
                71.00580418374554
              ],
              [
                52.14908213308809,
                71.00587593680946
              ],
              [
                52.14951074644062,
                71.00598745529948
              ],
              [
                52.149344208871206,
                71.0060592085978
              ],
              [
                52.14955851773373,
                71.00611496763524
              ],
              [
                52.14922543949244,
                71.00625847412607
              ],
              [
                52.149011129994854,
                71.00620271468408
              ],
              [
                52.1488445886879,
                71.00627446747197
              ],
              [
                52.14863028011866,
                71.00621870755442
              ],
              [
                52.148463737248335,
                71.00629045996989
              ]
            ]
          ]
        ]
      },
      "properties": {
        "id": "113b8928fe6d85ce",
        "class": "floe_instance_candidate",
        "ice_identity": "optical_candidate",
        "grounding": "unverified",
        "confirmed_stamukha": false,
        "confidence": "low",
        "review_status": "unreviewed",
        "region": "barents",
        "observed_at": "2026-02-25T09:00:06.641000Z",
        "source_id": "S2C_T39WWU_20260225T085937_L2A",
        "source_collection": "sentinel-2-c1-l2a",
        "source_level": "L2A",
        "area_m2": 2400.0,
        "equivalent_diameter_m": 55.28,
        "longitude": 52.1487877,
        "latitude": 71.0059719,
        "truncated": false,
        "minimum_threshold_iou": 0.706,
        "threshold_stable": true,
        "inferred_boundary_fraction": 0.0,
        "touching_floes_may_be_split": false,
        "isolated_stable_candidate": true,
        "low_sun": true,
        "sun_elevation_deg": 10.2149731551564,
        "processing_method": "distance_watershed_experimental_v1",
        "native_green_m": 10,
        "native_swir_m": 20,
        "notice": "Candidate outline; shape splitting can divide one floe or merge multiple floes; 30 m completeness unvalidated"
      }
    },
    {
      "type": "Feature",
      "geometry": {
        "type": "MultiPolygon",
        "coordinates": [
          [
            [
              [
                51.984462972936214,
                70.96240597571853
              ],
              [
                51.98424963091538,
                70.96235000631967
              ],
              [
                51.984416405328915,
                70.96227840907396
              ],
              [
                51.98420306485899,
                70.9622224396057
              ],
              [
                51.984870151329375,
                70.96193604972166
              ],
              [
                51.985083490563525,
                70.96199201838151
              ],
              [
                51.98525025876735,
                70.96192042028102
              ],
              [
                51.98567694034348,
                70.96203235638198
              ],
              [
                51.9853434039298,
                70.96217555322048
              ],
              [
                51.985556747198714,
                70.96223152126787
              ],
              [
                51.98538997743795,
                70.96230311963278
              ],
              [
                51.98517663386005,
                70.96224715138327
              ],
              [
                51.984843089994676,
                70.96239034719599
              ],
              [
                51.984629747040806,
                70.96233437827071
              ],
              [
                51.984462972936214,
                70.96240597571853
              ]
            ]
          ]
        ]
      },
      "properties": {
        "id": "70f1bea165db6649",
        "class": "floe_instance_candidate",
        "ice_identity": "optical_candidate",
        "grounding": "unverified",
        "confirmed_stamukha": false,
        "confidence": "low",
        "review_status": "unreviewed",
        "region": "barents",
        "observed_at": "2026-02-25T09:00:06.641000Z",
        "source_id": "S2C_T39WWU_20260225T085937_L2A",
        "source_collection": "sentinel-2-c1-l2a",
        "source_level": "L2A",
        "area_m2": 1600.0,
        "equivalent_diameter_m": 45.14,
        "longitude": 51.9849279,
        "latitude": 70.9621603,
        "truncated": false,
        "minimum_threshold_iou": 0.625,
        "threshold_stable": true,
        "inferred_boundary_fraction": 0.0,
        "touching_floes_may_be_split": false,
        "isolated_stable_candidate": true,
        "low_sun": true,
        "sun_elevation_deg": 10.2149731551564,
        "processing_method": "distance_watershed_experimental_v1",
        "native_green_m": 10,
        "native_swir_m": 20,
        "notice": "Candidate outline; shape splitting can divide one floe or merge multiple floes; 30 m completeness unvalidated"
      }
    },
    {
      "type": "Feature",
      "geometry": {
        "type": "MultiPolygon",
        "coordinates": [
          [
            [
              [
                52.104582091994025,
                70.99336346359364
              ],
              [
                52.10372595628371,
                70.99314019611053
              ],
              [
                52.10389255223769,
                70.99306848577682
              ],
              [
                52.10367852173689,
                70.99301266842635
              ],
              [
                52.104011710541144,
                70.99286924765228
              ],
              [
                52.10422574041169,
                70.99292506459827
              ],
              [
                52.104558923607186,
                70.99278164273832
              ],
              [
                52.10477295409207,
                70.99283745900712
              ],
              [
                52.10560588872462,
                70.99247890036487
              ],
              [
                52.10581991887824,
                70.99253471534978
              ],
              [
                52.106153083388925,
                70.99239129029603
              ],
              [
                52.106367114156704,
                70.99244710460371
              ],
              [
                52.106700273058806,
                70.99230367846415
              ],
              [
                52.10691430444069,
                70.99235949209466
              ],
              [
                52.107080881709734,
                70.99228777856715
              ],
              [
                52.10750894757659,
                70.99239940460538
              ],
              [
                52.10767552297061,
                70.99232769050309
              ],
              [
                52.108103593185014,
                70.99243931504577
              ],
              [
                52.10827016670397,
                70.99236760036875
              ],
              [
                52.10848420336265,
                70.99242341202869
              ],
              [
                52.107484745472576,
                70.9928536987492
              ],
              [
                52.107698785267544,
                70.99290951134967
              ],
              [
                52.107532204911834,
                70.99298122540914
              ],
              [
                52.10774624626667,
                70.99303703793902
              ],
              [
                52.10674673988709,
                70.99346731993204
              ],
              [
                52.105890574369205,
                70.9932440633224
              ],
              [
                52.10572398435538,
                70.99331577558277
              ],
              [
                52.105295908433945,
                70.99320414523679
              ],
              [
                52.10496272341152,
                70.99334756843761
              ],
              [
                52.10474868668742,
                70.99329175245099
              ],
              [
                52.104582091994025,
                70.99336346359364
              ]
            ]
          ]
        ]
      },
      "properties": {
        "id": "f5bb7fcde9e09f1f",
        "class": "floe_instance_candidate",
        "ice_identity": "optical_candidate",
        "grounding": "unverified",
        "confirmed_stamukha": false,
        "confidence": "low",
        "review_status": "unreviewed",
        "region": "barents",
        "observed_at": "2026-02-25T09:00:06.641000Z",
        "source_id": "S2C_T39WWU_20260225T085937_L2A",
        "source_collection": "sentinel-2-c1-l2a",
        "source_level": "L2A",
        "area_m2": 12000.0,
        "equivalent_diameter_m": 123.61,
        "longitude": 52.1061582,
        "latitude": 70.9928811,
        "truncated": false,
        "minimum_threshold_iou": 0.67,
        "threshold_stable": true,
        "inferred_boundary_fraction": 0.317,
        "touching_floes_may_be_split": true,
        "isolated_stable_candidate": false,
        "low_sun": true,
        "sun_elevation_deg": 10.2149731551564,
        "processing_method": "distance_watershed_experimental_v1",
        "native_green_m": 10,
        "native_swir_m": 20,
        "notice": "Candidate outline; shape splitting can divide one floe or merge multiple floes; 30 m completeness unvalidated"
      }
    },
    {
      "type": "Feature",
      "geometry": {
        "type": "MultiPolygon",
        "coordinates": [
          [
            [
              [
                52.02585940803806,
                70.97164090449677
              ],
              [
                52.02564584300651,
                70.97158498765289
              ],
              [
                52.02581254330032,
                70.97151335102728
              ],
              [
                52.02538541758742,
                70.97140151692801
              ],
              [
                52.025552117260574,
                70.97132988053592
              ],
              [
                52.025338556579186,
                70.97127396328054
              ],
              [
                52.02567195281946,
                70.97113069038835
              ],
              [
                52.02545839400276,
                70.97107477326531
              ],
              [
                52.025791785894405,
                70.97093150009441
              ],
              [
                52.02600534408908,
                70.9709874168132
              ],
              [
                52.02617203785992,
                70.97091577976951
              ],
              [
                52.02659915735512,
                70.97102761198707
              ],
              [
                52.02676584926125,
                70.97095597436837
              ],
              [
                52.027192973104874,
                70.97106780509397
              ],
              [
                52.027359663146235,
                70.97099616690032
              ],
              [
                52.02757322662092,
                70.97105208165308
              ],
              [
                52.02773991510857,
                70.97098044308656
              ],
              [
                52.02795347951478,
                70.97103635736525
              ],
              [
                52.028120166448694,
                70.97096471842589
              ],
              [
                52.02833373178642,
                70.97102063223055
              ],
              [
                52.02850041716659,
                70.97094899291831
              ],
              [
                52.02871398343581,
                70.97100490624891
              ],
              [
                52.02854729836677,
                70.97107654576327
              ],
              [
                52.02876086618974,
                70.97113245902405
              ],
              [
                52.02842749294604,
                70.97127573794481
              ],
              [
                52.02821392450079,
                70.97121982427979
              ],
              [
                52.02788054566423,
                70.9713631021134
              ],
              [
                52.0276669778394,
                70.9713071877722
              ],
              [
                52.02750028624601,
                70.97137882623078
              ],
              [
                52.027286719352745,
                70.9713229114155
              ],
              [
                52.026953331815754,
                70.97146618741618
              ],
              [
                52.026739765543,
                70.97141027192471
              ],
              [
                52.02623967398407,
                70.97162518403881
              ],
              [
                52.026026108020844,
                70.97156926766901
              ],
              [
                52.02585940803806,
                70.97164090449677
              ]
            ]
          ]
        ]
      },
      "properties": {
        "id": "f4c14fabb85f3db4",
        "class": "floe_instance_candidate",
        "ice_identity": "optical_candidate",
        "grounding": "unverified",
        "confirmed_stamukha": false,
        "confidence": "low",
        "review_status": "unreviewed",
        "region": "barents",
        "observed_at": "2026-02-25T09:00:06.641000Z",
        "source_id": "S2C_T39WWU_20260225T085937_L2A",
        "source_collection": "sentinel-2-c1-l2a",
        "source_level": "L2A",
        "area_m2": 5400.0,
        "equivalent_diameter_m": 82.92,
        "longitude": 52.0268067,
        "latitude": 70.9712229,
        "truncated": false,
        "minimum_threshold_iou": 0.685,
        "threshold_stable": true,
        "inferred_boundary_fraction": 0.0,
        "touching_floes_may_be_split": false,
        "isolated_stable_candidate": true,
        "low_sun": true,
        "sun_elevation_deg": 10.2149731551564,
        "processing_method": "distance_watershed_experimental_v1",
        "native_green_m": 10,
        "native_swir_m": 20,
        "notice": "Candidate outline; shape splitting can divide one floe or merge multiple floes; 30 m completeness unvalidated"
      }
    },
    {
      "type": "Feature",
      "geometry": {
        "type": "MultiPolygon",
        "coordinates": [
          [
            [
              [
                52.1156196398898,
                70.9939382737067
              ],
              [
                52.115191492546465,
                70.9938266682423
              ],
              [
                52.11535805162316,
                70.9937549468176
              ],
              [
                52.115143980134064,
                70.99369914387832
              ],
              [
                52.11547709518492,
                70.99355570092247
              ],
              [
                52.1152630255717,
                70.99349989811476
              ],
              [
                52.11559613627551,
                70.99335645488217
              ],
              [
                52.115810205257446,
                70.99341225728547
              ],
              [
                52.11597675842686,
                70.99334053521156
              ],
              [
                52.116404899493084,
                70.99345213879512
              ],
              [
                52.11623834695501,
                70.99352386127346
              ],
              [
                52.116452419670644,
                70.99357966285817
              ],
              [
                52.11661897189303,
                70.99350794017761
              ],
              [
                52.117261196560314,
                70.99367534268794
              ],
              [
                52.11692809276518,
                70.99381878909203
              ],
              [
                52.11671401600008,
                70.9937629881237
              ],
              [
                52.11654746191991,
                70.99383471086811
              ],
              [
                52.11611931149212,
                70.99372310770843
              ],
              [
                52.11595275553596,
                70.99379482987815
              ],
              [
                52.115738681873296,
                70.99373902768679
              ],
              [
                52.115572124356866,
                70.99381074948401
              ],
              [
                52.11578619833519,
                70.99386655187755
              ],
              [
                52.1156196398898,
                70.9939382737067
              ]
            ]
          ]
        ]
      },
      "properties": {
        "id": "a92f4b52ebccb819",
        "class": "floe_instance_candidate",
        "ice_identity": "optical_candidate",
        "grounding": "unverified",
        "confirmed_stamukha": false,
        "confidence": "low",
        "review_status": "unreviewed",
        "region": "barents",
        "observed_at": "2026-02-25T09:00:06.641000Z",
        "source_id": "S2C_T39WWU_20260225T085937_L2A",
        "source_collection": "sentinel-2-c1-l2a",
        "source_level": "L2A",
        "area_m2": 2500.0,
        "equivalent_diameter_m": 56.42,
        "longitude": 52.1160623,
        "latitude": 70.9936322,
        "truncated": false,
        "minimum_threshold_iou": 0.6,
        "threshold_stable": true,
        "inferred_boundary_fraction": 0.0,
        "touching_floes_may_be_split": false,
        "isolated_stable_candidate": true,
        "low_sun": true,
        "sun_elevation_deg": 10.2149731551564,
        "processing_method": "distance_watershed_experimental_v1",
        "native_green_m": 10,
        "native_swir_m": 20,
        "notice": "Candidate outline; shape splitting can divide one floe or merge multiple floes; 30 m completeness unvalidated"
      }
    },
    {
      "type": "Feature",
      "geometry": {
        "type": "MultiPolygon",
        "coordinates": [
          [
            [
              [
                52.031229974813925,
                70.97154829302826
              ],
              [
                52.0301620891055,
                70.97126873962377
              ],
              [
                52.030495449296346,
                70.971125457316
              ],
              [
                52.03070902333029,
                70.97118136813657
              ],
              [
                52.031209053363284,
                70.97096644278827
              ],
              [
                52.03163620329153,
                70.97107826240082
              ],
              [
                52.03146952847897,
                70.97114990475855
              ],
              [
                52.03189668400014,
                70.97126172368748
              ],
              [
                52.031229974813925,
                70.97154829302826
              ]
            ]
          ]
        ]
      },
      "properties": {
        "id": "6204ebbb45b96dbb",
        "class": "floe_instance_candidate",
        "ice_identity": "optical_candidate",
        "grounding": "unverified",
        "confirmed_stamukha": false,
        "confidence": "low",
        "review_status": "unreviewed",
        "region": "barents",
        "observed_at": "2026-02-25T09:00:06.641000Z",
        "source_id": "S2C_T39WWU_20260225T085937_L2A",
        "source_collection": "sentinel-2-c1-l2a",
        "source_level": "L2A",
        "area_m2": 2000.0,
        "equivalent_diameter_m": 50.46,
        "longitude": 52.0310864,
        "latitude": 70.9712629,
        "truncated": false,
        "minimum_threshold_iou": 0.69,
        "threshold_stable": true,
        "inferred_boundary_fraction": 0.0,
        "touching_floes_may_be_split": false,
        "isolated_stable_candidate": true,
        "low_sun": true,
        "sun_elevation_deg": 10.2149731551564,
        "processing_method": "distance_watershed_experimental_v1",
        "native_green_m": 10,
        "native_swir_m": 20,
        "notice": "Candidate outline; shape splitting can divide one floe or merge multiple floes; 30 m completeness unvalidated"
      }
    },
    {
      "type": "Feature",
      "geometry": {
        "type": "MultiPolygon",
        "coordinates": [
          [
            [
              [
                52.10734141699169,
                70.99350723295602
              ],
              [
                52.10712737157116,
                70.99345141996059
              ],
              [
                52.107960288866124,
                70.9930928501961
              ],
              [
                52.10774624626667,
                70.99303703793902
              ],
              [
                52.10791282630709,
                70.99296532367734
              ],
              [
                52.107698785267544,
                70.99290951134967
              ],
              [
                52.10886481290969,
                70.99240750816406
              ],
              [
                52.10907885174208,
                70.99246331907622
              ],
              [
                52.10941199066558,
                70.99231988765726
              ],
              [
                52.109626030111805,
                70.9923756978922
              ],
              [
                52.10979259739146,
                70.99230398172504
              ],
              [
                52.11000663776683,
                70.99235979148496
              ],
              [
                52.11033976796196,
                70.99221635823527
              ],
              [
                52.11076785118464,
                70.99232797612788
              ],
              [
                52.11093441378471,
                70.99225625884316
              ],
              [
                52.11114845694736,
                70.99231206717803
              ],
              [
                52.111315017987565,
                70.9922403495208
              ],
              [
                52.111529062079256,
                70.99229615738066
              ],
              [
                52.11169562155957,
                70.99222443935093
              ],
              [
                52.11190966658029,
                70.9922802467358
              ],
              [
                52.11224278117666,
                70.99213680976098
              ],
              [
                52.11245682681093,
                70.99219261646863
              ],
              [
                52.112623381926994,
                70.99212089752356
              ],
              [
                52.112837428490224,
                70.99217670375619
              ],
              [
                52.11300398204637,
                70.99210498443864
              ],
              [
                52.11321802953855,
                70.99216079019624
              ],
              [
                52.113384581534774,
                70.99208907050618
              ],
              [
                52.113598629955874,
                70.99214487578878
              ],
              [
                52.113931729584046,
                70.99200143549342
              ],
              [
                52.11414577861852,
                70.99205724009877
              ],
              [
                52.11431232625047,
                70.99198551949347
              ],
              [
                52.1145263762138,
                70.99204132362382
              ],
              [
                52.11485946711342,
                70.99189788149796
              ],
              [
                52.11507351769002,
                70.99195368495108
              ],
              [
                52.115240060957696,
                70.99188196343054
              ],
              [
                52.11545411246309,
                70.99193776640863
              ],
              [
                52.11512102531453,
                70.99208120968383
              ],
              [
                52.11490697317797,
                70.99202540630135
              ],
              [
                52.11424078268573,
                70.99231228999962
              ],
              [
                52.11402673053134,
                70.99225648553549
              ],
              [
                52.113693627187565,
                70.99239992595852
              ],
              [
                52.113479575646565,
                70.99234412081717
              ],
              [
                52.11331302179247,
                70.99241584057104
              ],
              [
                52.1130989711804,
                70.99236003495469
              ],
              [
                52.112765859107824,
                70.99250347354712
              ],
              [
                52.11255180910924,
                70.99244766725351
              ],
              [
                52.11221869142778,
                70.9925911047604
              ],
              [
                52.11200464204272,
                70.99253529778956
              ],
              [
                52.11150495524042,
                70.99275045216595
              ],
              [
                52.11129090615351,
                70.99269464431568
              ],
              [
                52.110458068348564,
                70.99305323052576
              ],
              [
                52.110244018929095,
                70.9929974213916
              ],
              [
                52.10974430036512,
                70.99321257046721
              ],
              [
                52.10995835073078,
                70.99326838020804
              ],
              [
                52.10929204314915,
                70.99355524406656
              ],
              [
                52.109506096020986,
                70.99361105434345
              ],
              [
                52.10933951632935,
                70.99368277008448
              ],
              [
                52.10955357076122,
                70.99373858029078
              ],
              [
                52.10938699014031,
                70.99381029606371
              ],
              [
                52.10810268032686,
                70.99347542952033
              ],
              [
                52.10793609656914,
                70.9935471439096
              ],
              [
                52.10750800262468,
                70.99343551914158
              ],
              [
                52.10734141699169,
                70.99350723295602
              ]
            ]
          ]
        ]
      },
      "properties": {
        "id": "e44c5296dcbc8419",
        "class": "floe_instance_candidate",
        "ice_identity": "optical_candidate",
        "grounding": "unverified",
        "confirmed_stamukha": false,
        "confidence": "low",
        "review_status": "unreviewed",
        "region": "barents",
        "observed_at": "2026-02-25T09:00:06.641000Z",
        "source_id": "S2C_T39WWU_20260225T085937_L2A",
        "source_collection": "sentinel-2-c1-l2a",
        "source_level": "L2A",
        "area_m2": 17800.0,
        "equivalent_diameter_m": 150.54,
        "longitude": 52.1102737,
        "latitude": 70.9927652,
        "truncated": false,
        "minimum_threshold_iou": 0.753,
        "threshold_stable": true,
        "inferred_boundary_fraction": 0.176,
        "touching_floes_may_be_split": true,
        "isolated_stable_candidate": false,
        "low_sun": true,
        "sun_elevation_deg": 10.2149731551564,
        "processing_method": "distance_watershed_experimental_v1",
        "native_green_m": 10,
        "native_swir_m": 20,
        "notice": "Candidate outline; shape splitting can divide one floe or merge multiple floes; 30 m completeness unvalidated"
      }
    },
    {
      "type": "Feature",
      "geometry": {
        "type": "MultiPolygon",
        "coordinates": [
          [
            [
              [
                52.03911676310618,
                70.97199878290927
              ],
              [
                52.03890315553071,
                70.97194288267389
              ],
              [
                52.03906980950822,
                70.97187123315223
              ],
              [
                52.0380017918281,
                70.97159172890557
              ],
              [
                52.03850175097901,
                70.97137678234833
              ],
              [
                52.0387153510951,
                70.97143268313538
              ],
              [
                52.03888200134869,
                70.97136103373953
              ],
              [
                52.03909560239575,
                70.97141693405246
              ],
              [
                52.03926225109518,
                70.97134528428384
              ],
              [
                52.03990306075684,
                70.97151298298411
              ],
              [
                52.039736412992276,
                70.97158463335904
              ],
              [
                52.03995001900958,
                70.97164053258386
              ],
              [
                52.03961672037602,
                70.97178383322598
              ],
              [
                52.03983032825921,
                70.97183973258298
              ],
              [
                52.03949702527853,
                70.97198303294671
              ],
              [
                52.03928341677207,
                70.97192713318549
              ],
              [
                52.03911676310618,
                70.97199878290927
              ]
            ]
          ]
        ]
      },
      "properties": {
        "id": "6f9323332ca73e2a",
        "class": "floe_instance_candidate",
        "ice_identity": "optical_candidate",
        "grounding": "unverified",
        "confirmed_stamukha": false,
        "confidence": "low",
        "review_status": "unreviewed",
        "region": "barents",
        "observed_at": "2026-02-25T09:00:06.641000Z",
        "source_id": "S2C_T39WWU_20260225T085937_L2A",
        "source_collection": "sentinel-2-c1-l2a",
        "source_level": "L2A",
        "area_m2": 2900.0,
        "equivalent_diameter_m": 60.77,
        "longitude": 52.039084,
        "latitude": 70.9716385,
        "truncated": false,
        "minimum_threshold_iou": 0.655,
        "threshold_stable": true,
        "inferred_boundary_fraction": 0.0,
        "touching_floes_may_be_split": false,
        "isolated_stable_candidate": true,
        "low_sun": true,
        "sun_elevation_deg": 10.2149731551564,
        "processing_method": "distance_watershed_experimental_v1",
        "native_green_m": 10,
        "native_swir_m": 20,
        "notice": "Candidate outline; shape splitting can divide one floe or merge multiple floes; 30 m completeness unvalidated"
      }
    },
    {
      "type": "Feature",
      "geometry": {
        "type": "MultiPolygon",
        "coordinates": [
          [
            [
              [
                51.99466074485396,
                70.95758391646923
              ],
              [
                51.99423410968407,
                70.95747200204013
              ],
              [
                51.99440080462974,
                70.95740039449328
              ],
              [
                51.99418748921587,
                70.95734443707349
              ],
              [
                51.99452087600196,
                70.95720122187127
              ],
              [
                51.99516082411193,
                70.9573690921039
              ],
              [
                51.99466074485396,
                70.95758391646923
              ]
            ]
          ]
        ]
      },
      "properties": {
        "id": "375c6df92278c0bd",
        "class": "floe_instance_candidate",
        "ice_identity": "optical_candidate",
        "grounding": "unverified",
        "confirmed_stamukha": false,
        "confidence": "low",
        "review_status": "unreviewed",
        "region": "barents",
        "observed_at": "2026-02-25T09:00:06.641000Z",
        "source_id": "S2C_T39WWU_20260225T085937_L2A",
        "source_collection": "sentinel-2-c1-l2a",
        "source_level": "L2A",
        "area_m2": 800.0,
        "equivalent_diameter_m": 31.92,
        "longitude": 51.9946383,
        "latitude": 70.9573906,
        "truncated": false,
        "minimum_threshold_iou": 0.8,
        "threshold_stable": true,
        "inferred_boundary_fraction": 0.0,
        "touching_floes_may_be_split": false,
        "isolated_stable_candidate": true,
        "low_sun": true,
        "sun_elevation_deg": 10.2149731551564,
        "processing_method": "distance_watershed_experimental_v1",
        "native_green_m": 10,
        "native_swir_m": 20,
        "notice": "Candidate outline; shape splitting can divide one floe or merge multiple floes; 30 m completeness unvalidated"
      }
    },
    {
      "type": "Feature",
      "geometry": {
        "type": "MultiPolygon",
        "coordinates": [
          [
            [
              [
                51.990073603118624,
                70.9582259678679
              ],
              [
                51.99028691633997,
                70.95828193035153
              ],
              [
                51.991287197688145,
                70.95785230618483
              ],
              [
                51.991500510296355,
                70.95790826718465
              ],
              [
                51.991667219200586,
                70.9578366623567
              ],
              [
                51.99188053274101,
                70.95789262288295
              ],
              [
                51.99171382414588,
                70.95796422791294
              ],
              [
                51.99192713923676,
                70.95802018836972
              ],
              [
                51.991760429709416,
                70.95809179343087
              ],
              [
                51.99197374635075,
                70.9581477538182
              ],
              [
                51.99180703589119,
                70.9582193589105
              ],
              [
                51.99287363926402,
                70.95849915778462
              ],
              [
                51.99254021771233,
                70.95864236947705
              ],
              [
                51.9927535427294,
                70.95869832884142
              ],
              [
                51.992586830400626,
                70.95876993463337
              ],
              [
                51.99344014411994,
                70.95899377018372
              ],
              [
                51.993606855211894,
                70.95892216358354
              ],
              [
                51.994033518901716,
                70.95903407932539
              ],
              [
                51.99420022813376,
                70.95896247215025
              ],
              [
                51.994840232051516,
                70.95913034312031
              ],
              [
                51.99500693911428,
                70.95905873516813
              ],
              [
                51.994793603542874,
                70.95900277865171
              ],
              [
                51.995127014562726,
                70.95885956263884
              ],
              [
                51.995340349515544,
                70.95891551875117
              ],
              [
                51.995507052854045,
                70.95884391028639
              ],
              [
                51.99572038873896,
                70.9588998659251
              ],
              [
                51.99588709052674,
                70.95882825708743
              ],
              [
                51.99674044524316,
                70.95905207611861
              ],
              [
                51.99657374469276,
                70.9591236857645
              ],
              [
                51.99678708678477,
                70.95917964004543
              ],
              [
                51.99645368257841,
                70.95932285922875
              ],
              [
                51.99666702653061,
                70.95937881364223
              ],
              [
                51.996333617977164,
                70.95952203254622
              ],
              [
                51.99654696378957,
                70.95957798709225
              ],
              [
                51.996380257960006,
                70.95964959649
              ],
              [
                51.99659360532328,
                70.95970555096653
              ],
              [
                51.99642689856158,
                70.95977716039546
              ],
              [
                51.997066949028635,
                70.9599450228018
              ],
              [
                51.99773376491355,
                70.9596585816362
              ],
              [
                51.99794711631457,
                70.95971453442029
              ],
              [
                51.998113816872625,
                70.95964292349971
              ],
              [
                51.99854052278023,
                70.95975482784901
              ],
              [
                51.99837382284109,
                70.95982643917371
              ],
              [
                51.99858717796659,
                70.95988239114307
              ],
              [
                51.99908727313111,
                70.95966755605026
              ],
              [
                51.998873918934045,
                70.95961160468707
              ],
              [
                51.999374003853816,
                70.95939676866284
              ],
              [
                51.9995873571224,
                70.95945271941989
              ],
              [
                52.000087429940756,
                70.95923788125195
              ],
              [
                52.0007274944094,
                70.9594057300751
              ],
              [
                52.0008941819374,
                70.95933411640468
              ],
              [
                52.001107538933546,
                70.95939006526716
              ],
              [
                52.00144090964622,
                70.95924683700969
              ],
              [
                52.00165426726461,
                70.95930278519651
              ],
              [
                52.00198763239254,
                70.95915955585167
              ],
              [
                52.002200990633135,
                70.95921550336278
              ],
              [
                52.00253435017634,
                70.9590722729306
              ],
              [
                52.003601156903635,
                70.95935200439177
              ],
              [
                52.00326780045687,
                70.95949523684439
              ],
              [
                52.00262771083846,
                70.95932739757023
              ],
              [
                52.00179429335223,
                70.95968547268184
              ],
              [
                52.001580931080795,
                70.95962952470371
              ],
              [
                52.00141424354966,
                70.9597011390115
              ],
              [
                52.00120088221008,
                70.9596451905597
              ],
              [
                52.00103419312791,
                70.95971680449462
              ],
              [
                52.00124755477708,
                70.95977275314848
              ],
              [
                52.000580787272035,
                70.96005920798807
              ],
              [
                52.000794151401,
                70.9601151571785
              ],
              [
                52.000127365270124,
                70.96040161009294
              ],
              [
                51.9999139999029,
                70.96034566009426
              ],
              [
                51.99958059876909,
                70.96048888512232
              ],
              [
                51.99979396475542,
                70.9605448355251
              ],
              [
                51.999460559274404,
                70.96068806027388
              ],
              [
                51.9996739271214,
                70.96074401080918
              ],
              [
                51.999507222828036,
                70.96081562312935
              ],
              [
                51.99993396286598,
                70.9609275237893
              ],
              [
                51.999600551792625,
                70.96107074872535
              ],
              [
                51.99938718053373,
                70.96101479812707
              ],
              [
                51.99905376387469,
                70.96115802197558
              ],
              [
                51.998627023843696,
                70.96104611915595
              ],
              [
                51.99846031303264,
                70.96111773041979
              ],
              [
                51.99824694457011,
                70.96106177840049
              ],
              [
                51.99808023220789,
                70.9611333892914
              ],
              [
                51.997866864677526,
                70.96107743679846
              ],
              [
                51.99770015076415,
                70.96114904731645
              ],
              [
                51.997486784165986,
                70.96109309434983
              ],
              [
                51.99715335199524,
                70.96123631446906
              ],
              [
                51.99693998601983,
                70.9611803608267
              ],
              [
                51.996606548263415,
                70.96132357985832
              ],
              [
                51.996819914857724,
                70.96137953390482
              ],
              [
                51.99648647275334,
                70.96152275265707
              ],
              [
                51.99627310554017,
                70.96146679820643
              ],
              [
                51.99593965784998,
                70.96161001587103
              ],
              [
                51.9957262912597,
                70.96155406074463
              ],
              [
                51.995559565242566,
                70.96162566911855
              ],
              [
                51.99534619958463,
                70.96156971351849
              ],
              [
                51.995179472016346,
                70.96164132151942
              ],
              [
                51.99453938156497,
                70.96147345248353
              ],
              [
                51.99470611006137,
                70.96140184508882
              ],
              [
                51.992145863723714,
                70.96073034692897
              ],
              [
                51.99197913151585,
                70.96080195189876
              ],
              [
                51.990912413434515,
                70.96052214844738
              ],
              [
                51.99074567843901,
                70.96059375223587
              ],
              [
                51.99010566156285,
                70.96042586630033
              ],
              [
                51.98993892439824,
                70.96049746931168
              ],
              [
                51.98951225207091,
                70.96038554359286
              ],
              [
                51.9893455130464,
                70.96045714602914
              ],
              [
                51.988918845067566,
                70.96034521882005
              ],
              [
                51.98875210418323,
                70.96041682068127
              ],
              [
                51.98832544055294,
                70.96030489198195
              ],
              [
                51.98782520859552,
                70.9605196953276
              ],
              [
                51.9882518740801,
                70.96063162523939
              ],
              [
                51.98808512822898,
                70.9607032264169
              ],
              [
                51.98829846314289,
                70.9607591911676
              ],
              [
                51.988131716359106,
                70.96083079237627
              ],
              [
                51.98855839053025,
                70.96094272146726
              ],
              [
                51.987891393450035,
                70.96122912620929
              ],
              [
                51.98767805450734,
                70.96117316099122
              ],
              [
                51.98751130182379,
                70.96124476154732
              ],
              [
                51.98729796381385,
                70.9611887958556
              ],
              [
                51.98713120957946,
                70.9612603960387
              ],
              [
                51.98670453666693,
                70.96114846343654
              ],
              [
                51.98687129151935,
                70.96107686365767
              ],
              [
                51.986657957234776,
                70.96102089715143
              ],
              [
                51.98749171441541,
                70.96066289670335
              ],
              [
                51.98727838291763,
                70.96060693093601
              ],
              [
                51.98744513093755,
                70.96053533053568
              ],
              [
                51.985951847383795,
                70.96014356397663
              ],
              [
                51.98578509720106,
                70.96021516296238
              ],
              [
                51.98557177563689,
                70.96015919502302
              ],
              [
                51.98573852612856,
                70.96008759623932
              ],
              [
                51.985525206115,
                70.96003162823052
              ],
              [
                51.98569195567393,
                70.95996002947797
              ],
              [
                51.985478637210946,
                70.95990406139975
              ],
              [
                51.98564538583714,
                70.95983246267834
              ],
              [
                51.985218753253896,
                70.9597205261116
              ],
              [
                51.985552248017015,
                70.95957732896423
              ],
              [
                51.985125621635824,
                70.95946539211984
              ],
              [
                51.98529236777276,
                70.95939379369388
              ],
              [
                51.985079056753435,
                70.95933782506654
              ],
              [
                51.985746030120985,
                70.95905143046167
              ],
              [
                51.98595933990476,
                70.95910739828075
              ],
              [
                51.98612607983388,
                70.95903579900013
              ],
              [
                51.98633939055027,
                70.95909176634565
              ],
              [
                51.986506128928944,
                70.95902016669204
              ],
              [
                51.986932753468466,
                70.95913210016447
              ],
              [
                51.98709948998775,
                70.95906049993579
              ],
              [
                51.98752611887547,
                70.95917243191812
              ],
              [
                51.98769285353529,
                70.95910083111441
              ],
              [
                51.98790616953247,
                70.95915679649626
              ],
              [
                51.98840636513588,
                70.95894199245339
              ],
              [
                51.988619681447574,
                70.95899795695753
              ],
              [
                51.988786410523375,
                70.958926355066
              ],
              [
                51.98814646623977,
                70.95875846134518
              ],
              [
                51.9883131950011,
                70.95868685988893
              ],
              [
                51.988099883031836,
                70.9586308949744
              ],
              [
                51.98826661086069,
                70.9585592935493
              ],
              [
                51.98805330044185,
                70.95850332856531
              ],
              [
                51.98838675299323,
                70.95836012560648
              ],
              [
                51.988173444433784,
                70.95830416075512
              ],
              [
                51.988506892637446,
                70.95816095751677
              ],
              [
                51.98872020057892,
                70.95821692196401
              ],
              [
                51.989053643199036,
                70.9580737176379
              ],
              [
                51.98990688490675,
                70.95829757109554
              ],
              [
                51.990073603118624,
                70.9582259678679
              ]
            ],
            [
              [
                51.99071354650681,
                70.95839385450421
              ],
              [
                51.99028691633997,
                70.95828193035153
              ],
              [
                51.99012019843715,
                70.95835353378118
              ],
              [
                51.99033351320894,
                70.95840949619534
              ],
              [
                51.99016679437379,
                70.95848109965615
              ],
              [
                51.99059342825976,
                70.95859302407405
              ],
              [
                51.99076014647674,
                70.95852142020911
              ],
              [
                51.99054682922214,
                70.95846545833798
              ],
              [
                51.99071354650681,
                70.95839385450421
              ]
            ]
          ]
        ]
      },
      "properties": {
        "id": "905af6f7d336d9a1",
        "class": "floe_instance_candidate",
        "ice_identity": "optical_candidate",
        "grounding": "unverified",
        "confirmed_stamukha": false,
        "confidence": "low",
        "review_status": "unreviewed",
        "region": "barents",
        "observed_at": "2026-02-25T09:00:06.641000Z",
        "source_id": "S2C_T39WWU_20260225T085937_L2A",
        "source_collection": "sentinel-2-c1-l2a",
        "source_level": "L2A",
        "area_m2": 124200.0,
        "equivalent_diameter_m": 397.66,
        "longitude": 51.9931051,
        "latitude": 70.9598559,
        "truncated": false,
        "minimum_threshold_iou": 0.914,
        "threshold_stable": true,
        "inferred_boundary_fraction": 0.019,
        "touching_floes_may_be_split": true,
        "isolated_stable_candidate": false,
        "low_sun": true,
        "sun_elevation_deg": 10.2149731551564,
        "processing_method": "distance_watershed_experimental_v1",
        "native_green_m": 10,
        "native_swir_m": 20,
        "notice": "Candidate outline; shape splitting can divide one floe or merge multiple floes; 30 m completeness unvalidated"
      }
    },
    {
      "type": "Feature",
      "geometry": {
        "type": "MultiPolygon",
        "coordinates": [
          [
            [
              [
                51.87459065732466,
                71.03562114687477
              ],
              [
                51.87437682124808,
                71.03556504672316
              ],
              [
                51.87454464350939,
                71.03549356514601
              ],
              [
                51.87433080899198,
                71.03543746492579
              ],
              [
                51.87449863030712,
                71.03536598337942
              ],
              [
                51.874284797348864,
                71.03530988309059
              ],
              [
                51.87462043683422,
                71.03516691988708
              ],
              [
                51.87440660574157,
                71.03511081973274
              ],
              [
                51.87491005649448,
                71.03489637424441
              ],
              [
                51.87512388666763,
                71.0349524737895
              ],
              [
                51.87529170077358,
                71.03488099141235
              ],
              [
                51.8757193642646,
                71.03499318928121
              ],
              [
                51.87588717650492,
                71.03492170632558
              ],
              [
                51.87610100982275,
                71.03497780464937
              ],
              [
                51.87626882050393,
                71.03490632131835
              ],
              [
                51.87669649028421,
                71.03501851674461
              ],
              [
                51.87652868021616,
                71.03509000048183
              ],
              [
                51.876314844393164,
                71.03503390270146
              ],
              [
                51.87564359036871,
                71.03531983511486
              ],
              [
                51.87628510527436,
                71.03548813007792
              ],
              [
                51.87594947258575,
                71.03563109646934
              ],
              [
                51.87573563241809,
                71.03557499801386
              ],
              [
                51.87556781388823,
                71.03564648074803
              ],
              [
                51.87535397466668,
                71.03559038181771
              ],
              [
                51.87518615457761,
                71.03566186417646
              ],
              [
                51.87475847927946,
                71.03554966509454
              ],
              [
                51.87459065732466,
                71.03562114687477
              ]
            ]
          ]
        ]
      },
      "properties": {
        "id": "98c5fb54549e47d5",
        "class": "floe_instance_candidate",
        "ice_identity": "optical_candidate",
        "grounding": "unverified",
        "confirmed_stamukha": false,
        "confidence": "low",
        "review_status": "unreviewed",
        "region": "barents",
        "observed_at": "2026-02-26T08:30:14.044000Z",
        "source_id": "S2C_T39WWU_20260226T082919_L2A",
        "source_collection": "sentinel-2-c1-l2a",
        "source_level": "L2A",
        "area_m2": 4400.0,
        "equivalent_diameter_m": 74.85,
        "longitude": 51.8753159,
        "latitude": 71.0352654,
        "truncated": false,
        "minimum_threshold_iou": 0.75,
        "threshold_stable": true,
        "inferred_boundary_fraction": 0.0,
        "touching_floes_may_be_split": false,
        "isolated_stable_candidate": true,
        "low_sun": true,
        "sun_elevation_deg": 10.604148666102503,
        "processing_method": "distance_watershed_experimental_v1",
        "native_green_m": 10,
        "native_swir_m": 20,
        "notice": "Candidate outline; shape splitting can divide one floe or merge multiple floes; 30 m completeness unvalidated"
      }
    },
    {
      "type": "Feature",
      "geometry": {
        "type": "MultiPolygon",
        "coordinates": [
          [
            [
              [
                51.96668585209052,
                71.06191855712896
              ],
              [
                51.966257053477726,
                71.0618065910967
              ],
              [
                51.96642476239685,
                71.06173502258623
              ],
              [
                51.966210365284496,
                71.06167903936425
              ],
              [
                51.96637807325986,
                71.06160747088516
              ],
              [
                51.96616367771398,
                71.06155148759369
              ],
              [
                51.96633138474562,
                71.06147991914592
              ],
              [
                51.966116990766174,
                71.06142393578503
              ],
              [
                51.966284696854096,
                71.06135236736858
              ],
              [
                51.965855913283114,
                71.06124040023508
              ],
              [
                51.96552049860684,
                71.06138353608314
              ],
              [
                51.965306108081286,
                71.06132755170088
              ],
              [
                51.96513839854924,
                71.0613991191639
              ],
              [
                51.9644952335691,
                71.06123116377137
              ],
              [
                51.96466294403502,
                71.06115959691802
              ],
              [
                51.96444855852971,
                71.06110361144503
              ],
              [
                51.96461626805185,
                71.06103204462303
              ],
              [
                51.96440188411286,
                71.06097605908057
              ],
              [
                51.964569592691234,
                71.0609044922899
              ],
              [
                51.96392644933816,
                71.0607365346361
              ],
              [
                51.96409415759525,
                71.06066496828323
              ],
              [
                51.964308537146685,
                71.06072095423727
              ],
              [
                51.964476243837545,
                71.0606493875093
              ],
              [
                51.96469062433273,
                71.06070537298746
              ],
              [
                51.965361437301304,
                71.06041910354392
              ],
              [
                51.96557581780637,
                71.06047508793657
              ],
              [
                51.96574351759982,
                71.06040351994278
              ],
              [
                51.96595789904854,
                71.06045950385955
              ],
              [
                51.966293294248004,
                71.06031636694995
              ],
              [
                51.96586453385073,
                71.06020439965661
              ],
              [
                51.966032230190685,
                71.06013283135044
              ],
              [
                51.965817852185715,
                71.06007684749798
              ],
              [
                51.965985547582065,
                71.06000527922316
              ],
              [
                51.965556795959394,
                71.05989331110656
              ],
              [
                51.965724490723446,
                71.05982174306628
              ],
              [
                51.96465263518329,
                71.05954181901909
              ],
              [
                51.964820330248735,
                71.05947025182293
              ],
              [
                51.96460596321647,
                71.0594142663987
              ],
              [
                51.964773657338306,
                71.05934269923392
              ],
              [
                51.964130564704064,
                71.05917474193484
              ],
              [
                51.964633642341646,
                71.05896004123808
              ],
              [
                51.96441928157341,
                71.05890405553599
              ],
              [
                51.964922348851715,
                71.05868935390204
              ],
              [
                51.964707990271826,
                71.0586333685369
              ],
              [
                51.965881772184794,
                71.058132393465
              ],
              [
                51.96609612858615,
                71.05818837740784
              ],
              [
                51.966263806386664,
                71.05811680864984
              ],
              [
                51.96647816373143,
                71.05817279211685
              ],
              [
                51.966645839966056,
                71.05810122298381
              ],
              [
                51.96728891859436,
                71.05826917113927
              ],
              [
                51.96712124329357,
                71.05834074088185
              ],
              [
                51.96733560565693,
                71.0583967232582
              ],
              [
                51.967167929412774,
                71.05846829303213
              ],
              [
                51.967596658526105,
                71.0585802573732
              ],
              [
                51.967428981649896,
                71.05865182738167
              ],
              [
                51.96764334839991,
                71.05870780934636
              ],
              [
                51.96747567058032,
                71.05877937938617
              ],
              [
                51.96726130351899,
                71.05872339721826
              ],
              [
                51.966758261597974,
                71.05893810569705
              ],
              [
                51.96654389485746,
                71.05888212264692
              ],
              [
                51.96620852668053,
                71.05902526036714
              ],
              [
                51.965994160572194,
                71.05896927663795
              ],
              [
                51.96582647429034,
                71.0590408450371
              ],
              [
                51.96689831893608,
                71.05932076197236
              ],
              [
                51.967066003661486,
                71.05924919255722
              ],
              [
                51.96770912457236,
                71.0594171388367
              ],
              [
                51.967876807108986,
                71.05934556864015
              ],
              [
                51.968734317978424,
                71.05956949238244
              ],
              [
                51.969237354322985,
                71.05935477832341
              ],
              [
                51.96945173424309,
                71.05941075796768
              ],
              [
                51.96961941020363,
                71.05933918606782
              ],
              [
                51.970262556558254,
                71.05950712275485
              ],
              [
                51.970094881532056,
                71.05957869526429
              ],
              [
                51.970738040114114,
                71.05974663010657
              ],
              [
                51.97057036476755,
                71.0598182030538
              ],
              [
                51.97078475378267,
                71.05987418099232
              ],
              [
                51.97061707749279,
                71.0599457539709
              ],
              [
                51.97104585991052,
                71.06005770943624
              ],
              [
                51.97087818298883,
                71.06012928264937
              ],
              [
                51.97109257639147,
                71.06018526017615
              ],
              [
                51.97075721940655,
                71.06032840649334
              ],
              [
                51.9709716146871,
                71.06038438415382
              ],
              [
                51.9706362533057,
                71.06052753019006
              ],
              [
                51.970850650464186,
                71.06058350798423
              ],
              [
                51.9703475999148,
                71.06079822635947
              ],
              [
                51.97056199926279,
                71.06085420449052
              ],
              [
                51.97005893835343,
                71.06106892192885
              ],
              [
                51.96984453807091,
                71.06101294318817
              ],
              [
                51.96934146493221,
                71.0612276584703
              ],
              [
                51.96955586614922,
                71.06128363782061
              ],
              [
                51.96922047840467,
                71.06142678088922
              ],
              [
                51.96857727664983,
                71.06125884080086
              ],
              [
                51.96840957996061,
                71.06133041146775
              ],
              [
                51.969052782649854,
                71.06149835216576
              ],
              [
                51.96888508563996,
                71.06156992327045
              ],
              [
                51.96909948935795,
                71.06162590316089
              ],
              [
                51.96826098703974,
                71.06198375712256
              ],
              [
                51.96804658176441,
                71.06192777621602
              ],
              [
                51.96771117142844,
                71.0620709161912
              ],
              [
                51.96749676678535,
                71.0620149346055
              ],
              [
                51.96732905942322,
                71.06208650413208
              ],
              [
                51.966900253279626,
                71.06197453973607
              ],
              [
                51.967067961264576,
                71.06190297061593
              ],
              [
                51.96685356038687,
                71.06184698821207
              ],
              [
                51.96668585209052,
                71.06191855712896
              ]
            ]
          ]
        ]
      },
      "properties": {
        "id": "48a67096c28e7b2d",
        "class": "floe_instance_candidate",
        "ice_identity": "optical_candidate",
        "grounding": "unverified",
        "confirmed_stamukha": false,
        "confidence": "low",
        "review_status": "unreviewed",
        "region": "barents",
        "observed_at": "2026-02-26T08:30:14.044000Z",
        "source_id": "S2C_T39WWU_20260226T082919_L2A",
        "source_collection": "sentinel-2-c1-l2a",
        "source_level": "L2A",
        "area_m2": 58600.0,
        "equivalent_diameter_m": 273.15,
        "longitude": 51.967398,
        "latitude": 71.0602267,
        "truncated": false,
        "minimum_threshold_iou": 0.921,
        "threshold_stable": true,
        "inferred_boundary_fraction": 0.117,
        "touching_floes_may_be_split": true,
        "isolated_stable_candidate": false,
        "low_sun": true,
        "sun_elevation_deg": 10.604148666102503,
        "processing_method": "distance_watershed_experimental_v1",
        "native_green_m": 10,
        "native_swir_m": 20,
        "notice": "Candidate outline; shape splitting can divide one floe or merge multiple floes; 30 m completeness unvalidated"
      }
    },
    {
      "type": "Feature",
      "geometry": {
        "type": "MultiPolygon",
        "coordinates": [
          [
            [
              [
                51.96859422209127,
                71.05918683775447
              ],
              [
                51.96837984719021,
                71.05913085701944
              ],
              [
                51.968547524707766,
                71.05905928613555
              ],
              [
                51.968333151372825,
                71.05900330533102
              ],
              [
                51.96866850326651,
                71.05886016345407
              ],
              [
                51.96845413180903,
                71.05880418278325
              ],
              [
                51.968621806185176,
                71.05873261179022
              ],
              [
                51.96840743629376,
                71.0586766310499
              ],
              [
                51.96857510972659,
                71.05860506008823
              ],
              [
                51.96836074140122,
                71.0585490792784
              ],
              [
                51.96852841389072,
                71.05847750834808
              ],
              [
                51.96831404713138,
                71.05842152746877
              ],
              [
                51.96848171867757,
                71.05834995656977
              ],
              [
                51.96826735348423,
                71.05829397562098
              ],
              [
                51.968435024087135,
                71.05822240475335
              ],
              [
                51.96822066045977,
                71.05816642373506
              ],
              [
                51.968555998524394,
                71.05802328189068
              ],
              [
                51.96834163677432,
                71.05796730100609
              ],
              [
                51.968844635395826,
                71.05775258756032
              ],
              [
                51.96905899621186,
                71.05780856783537
              ],
              [
                51.96956198260821,
                71.05759385223367
              ],
              [
                51.969776343744705,
                71.05764983162653
              ],
              [
                51.97011166111348,
                71.05750668662665
              ],
              [
                51.97225533524982,
                71.05806646149443
              ],
              [
                51.97208768030718,
                71.05813803611203
              ],
              [
                51.97251643081212,
                71.05824998821961
              ],
              [
                51.97234877523794,
                71.05832156307173
              ],
              [
                51.97256315268382,
                71.05837753891967
              ],
              [
                51.972395496166556,
                71.05844911380316
              ],
              [
                51.97260987517857,
                71.05850508958157
              ],
              [
                51.972442217718225,
                71.05857666449641
              ],
              [
                51.9726565982964,
                71.0586326402053
              ],
              [
                51.97232128023487,
                71.05877578992597
              ],
              [
                51.972535662690774,
                71.05883176576852
              ],
              [
                51.97220034023369,
                71.05897491520831
              ],
              [
                51.972414724567344,
                71.0590308911845
              ],
              [
                51.97207939771459,
                71.05917404034342
              ],
              [
                51.97186501275785,
                71.05911806396091
              ],
              [
                51.97169734713788,
                71.05918963807946
              ],
              [
                51.97191173240614,
                71.05924561466519
              ],
              [
                51.971576398025064,
                71.05938876279325
              ],
              [
                51.97179078517111,
                71.05944473951264
              ],
              [
                51.97112010259798,
                71.05973103451973
              ],
              [
                51.970262556558254,
                71.05950712275485
              ],
              [
                51.97043023032967,
                71.05943555007357
              ],
              [
                51.96978708490941,
                71.0592676139961
              ],
              [
                51.970122430556735,
                71.05912446933725
              ],
              [
                51.96990805188237,
                71.05906849050574
              ],
              [
                51.96974037937464,
                71.0591400627179
              ],
              [
                51.969526001643565,
                71.0590840834105
              ],
              [
                51.96919065224103,
                71.05922722691297
              ],
              [
                51.96876189929745,
                71.05911526666738
              ],
              [
                51.96859422209127,
                71.05918683775447
              ]
            ]
          ]
        ]
      },
      "properties": {
        "id": "a12181cdcaf722d1",
        "class": "floe_instance_candidate",
        "ice_identity": "optical_candidate",
        "grounding": "unverified",
        "confirmed_stamukha": false,
        "confidence": "low",
        "review_status": "unreviewed",
        "region": "barents",
        "observed_at": "2026-02-26T08:30:14.044000Z",
        "source_id": "S2C_T39WWU_20260226T082919_L2A",
        "source_collection": "sentinel-2-c1-l2a",
        "source_level": "L2A",
        "area_m2": 25100.0,
        "equivalent_diameter_m": 178.77,
        "longitude": 51.9704235,
        "latitude": 71.0585544,
        "truncated": false,
        "minimum_threshold_iou": 0.909,
        "threshold_stable": true,
        "inferred_boundary_fraction": 0.196,
        "touching_floes_may_be_split": true,
        "isolated_stable_candidate": false,
        "low_sun": true,
        "sun_elevation_deg": 10.604148666102503,
        "processing_method": "distance_watershed_experimental_v1",
        "native_green_m": 10,
        "native_swir_m": 20,
        "notice": "Candidate outline; shape splitting can divide one floe or merge multiple floes; 30 m completeness unvalidated"
      }
    },
    {
      "type": "Feature",
      "geometry": {
        "type": "MultiPolygon",
        "coordinates": [
          [
            [
              [
                51.98947305041106,
                71.0569094333583
              ],
              [
                51.989044230740326,
                71.05679752338588
              ],
              [
                51.98921181048917,
                71.0567259320554
              ],
              [
                51.98899740284733,
                71.05666997686312
              ],
              [
                51.98916498165417,
                71.0565983855641
              ],
              [
                51.98895057557873,
                71.05654243030216
              ],
              [
                51.98911815344357,
                71.05647083903457
              ],
              [
                51.988260542932274,
                71.05624701607135
              ],
              [
                51.98876327274798,
                71.05603224367613
              ],
              [
                51.988548874192006,
                71.05597628786272
              ],
              [
                51.98871644860115,
                71.05590469692409
              ],
              [
                51.98785886816688,
                71.05568087175509
              ],
              [
                51.98802644257048,
                71.05560928145727
              ],
              [
                51.98781205090924,
                71.05555332468619
              ],
              [
                51.98814719657845,
                71.05541014398176
              ],
              [
                51.9879328067955,
                71.05535418734415
              ],
              [
                51.98843551683038,
                71.05513941560935
              ],
              [
                51.98864990567697,
                71.05519537163762
              ],
              [
                51.98948772909443,
                71.05483741429748
              ],
              [
                51.98970211763428,
                71.05489336903743
              ],
              [
                51.990204795700684,
                71.05467859196418
              ],
              [
                51.99084796603428,
                71.05484645271939
              ],
              [
                51.991685733050055,
                71.05448848445116
              ],
              [
                51.991900124107964,
                71.05454443647514
              ],
              [
                51.99223522151249,
                71.0544012475602
              ],
              [
                51.992449613199746,
                71.0544571989052
              ],
              [
                51.99261715970892,
                71.05438560398717
              ],
              [
                51.99283155233778,
                71.05444155485631
              ],
              [
                51.992999097280816,
                71.05436995956356
              ],
              [
                51.99321349085123,
                71.05442590995676
              ],
              [
                51.99338103422811,
                71.05435431428933
              ],
              [
                51.99359542874008,
                71.05441026420665
              ],
              [
                51.994265588459875,
                71.0541238790082
              ],
              [
                51.994479982976344,
                71.05417982784036
              ],
              [
                51.99431244523948,
                71.0542514246005
              ],
              [
                51.99474123865859,
                71.0543633218526
              ],
              [
                51.99457370029262,
                71.0544349188473
              ],
              [
                51.99500249935183,
                71.05454681541435
              ],
              [
                51.99483496035676,
                71.05461841264363
              ],
              [
                51.99504936207954,
                71.05467436072105
              ],
              [
                51.994881822143,
                71.05474595798181
              ],
              [
                51.995739442822575,
                71.05496974837567
              ],
              [
                51.99557190288178,
                71.05504134627719
              ],
              [
                51.995786311498854,
                71.05509729339671
              ],
              [
                51.99561877061659,
                71.05516889132973
              ],
              [
                51.995833180800034,
                71.05522483837952
              ],
              [
                51.99549809589856,
                71.05536803413689
              ],
              [
                51.99571250796084,
                71.05542398132006
              ],
              [
                51.9947072250356,
                71.05585356569203
              ],
              [
                51.99492164022647,
                71.055909513821
              ],
              [
                51.99475408899565,
                71.05598111081876
              ],
              [
                51.99496850575301,
                71.056037058878
              ],
              [
                51.99480095358055,
                71.05610865590724
              ],
              [
                51.994586536510774,
                71.05605270764488
              ],
              [
                51.99441898277184,
                71.05612430429937
              ],
              [
                51.99377573814964,
                71.05595645726602
              ],
              [
                51.993943292825776,
                71.05588486122085
              ],
              [
                51.993514469972666,
                71.05577296224071
              ],
              [
                51.99317935811685,
                71.05591615334696
              ],
              [
                51.992964947946646,
                71.05586020304146
              ],
              [
                51.9911217396367,
                71.05664773961921
              ],
              [
                51.991336153242436,
                71.05670369215902
              ],
              [
                51.99083343466681,
                71.05691847186672
              ],
              [
                51.99104785046362,
                71.0569744247431
              ],
              [
                51.990712699100065,
                71.05711761076284
              ],
              [
                51.989640629535465,
                71.05683784162157
              ],
              [
                51.98947305041106,
                71.0569094333583
              ]
            ]
          ]
        ]
      },
      "properties": {
        "id": "e53b232454ceab7a",
        "class": "floe_instance_candidate",
        "ice_identity": "optical_candidate",
        "grounding": "unverified",
        "confirmed_stamukha": false,
        "confidence": "low",
        "review_status": "unreviewed",
        "region": "barents",
        "observed_at": "2026-02-26T08:30:14.044000Z",
        "source_id": "S2C_T39WWU_20260226T082919_L2A",
        "source_collection": "sentinel-2-c1-l2a",
        "source_level": "L2A",
        "area_m2": 49900.0,
        "equivalent_diameter_m": 252.06,
        "longitude": 51.9917228,
        "latitude": 71.055517,
        "truncated": false,
        "minimum_threshold_iou": 0.912,
        "threshold_stable": true,
        "inferred_boundary_fraction": 0.187,
        "touching_floes_may_be_split": true,
        "isolated_stable_candidate": false,
        "low_sun": true,
        "sun_elevation_deg": 10.604148666102503,
        "processing_method": "distance_watershed_experimental_v1",
        "native_green_m": 10,
        "native_swir_m": 20,
        "notice": "Candidate outline; shape splitting can divide one floe or merge multiple floes; 30 m completeness unvalidated"
      }
    },
    {
      "type": "Feature",
      "geometry": {
        "type": "MultiPolygon",
        "coordinates": [
          [
            [
              [
                51.95935574209574,
                71.04823620064616
              ],
              [
                51.95892729289951,
                71.0481242139072
              ],
              [
                51.959094909336685,
                71.0480526510282
              ],
              [
                51.95888068692928,
                71.04799665745308
              ],
              [
                51.95904830242367,
                71.04792509460536
              ],
              [
                51.95883408158025,
                71.04786910096087
              ],
              [
                51.95900169613184,
                71.04779753814442
              ],
              [
                51.958787476852386,
                71.04774154443054
              ],
              [
                51.958955090461224,
                71.04766998164534
              ],
              [
                51.95874087274571,
                71.0476139878621
              ],
              [
                51.958908485411776,
                71.04754242510818
              ],
              [
                51.95869426926017,
                71.04748643125554
              ],
              [
                51.958861880983484,
                71.04741486853288
              ],
              [
                51.95843345306138,
                71.04730288041638
              ],
              [
                51.95860106415252,
                71.04723131792805
              ],
              [
                51.958172641864714,
                71.04711932912791
              ],
              [
                51.958340252323666,
                71.04704776687393
              ],
              [
                51.957697629223155,
                71.04687978223956
              ],
              [
                51.957865239360395,
                71.04680822042299
              ],
              [
                51.95743683084736,
                71.04669622971066
              ],
              [
                51.95760444035237,
                71.0466246681284
              ],
              [
                51.9569618379135,
                71.04645668062582
              ],
              [
                51.957129447096726,
                71.04638511948099
              ],
              [
                51.95691524910065,
                71.04632912330499
              ],
              [
                51.957250464328446,
                71.046186000906
              ],
              [
                51.957464661703575,
                71.04624199667587
              ],
              [
                51.95763226712724,
                71.04617043501557
              ],
              [
                51.957846465445066,
                71.04622643030993
              ],
              [
                51.95818167191191,
                71.04608330606779
              ],
              [
                51.95796747421507,
                71.04602731117957
              ],
              [
                51.95930825244154,
                71.04545480896337
              ],
              [
                51.959736644120014,
                71.04556679521838
              ],
              [
                51.96040700067517,
                71.04528053836268
              ],
              [
                51.960192805451626,
                71.04522454618363
              ],
              [
                51.96069556064298,
                71.04500985234726
              ],
              [
                51.96048136760416,
                71.0449538605049
              ],
              [
                51.96198956831381,
                71.04430977154722
              ],
              [
                51.96284633680499,
                71.04453372997237
              ],
              [
                51.96267876520254,
                71.04460529691137
              ],
              [
                51.96289296076822,
                71.04466128603956
              ],
              [
                51.9625578144259,
                71.04480441980834
              ],
              [
                51.96234361823891,
                71.04474843027407
              ],
              [
                51.96200846626357,
                71.04489156294967
              ],
              [
                51.962222663071834,
                71.04494755289006
              ],
              [
                51.962055085515374,
                71.04501911917326
              ],
              [
                51.963126089904506,
                71.04529906580359
              ],
              [
                51.96329366590763,
                71.04522749850516
              ],
              [
                51.96350787023371,
                71.04528348681077
              ],
              [
                51.963843017859595,
                71.0451403512925
              ],
              [
                51.964057222817225,
                71.04519633891958
              ],
              [
                51.96422479443999,
                71.04512477069977
              ],
              [
                51.96443900033985,
                71.04518075785133
              ],
              [
                51.964606570398914,
                71.0451091892567
              ],
              [
                51.96482077724097,
                71.04516517593275
              ],
              [
                51.96498834573633,
                71.04509360696333
              ],
              [
                51.96520255352058,
                71.04514959316386
              ],
              [
                51.965370120452214,
                71.04507802381966
              ],
              [
                51.96622696287554,
                71.04530196508483
              ],
              [
                51.96605939718713,
                71.04537353524121
              ],
              [
                51.96670204309321,
                71.04554148893814
              ],
              [
                51.966534477084345,
                71.0456130595319
              ],
              [
                51.96674869520319,
                71.04566904375564
              ],
              [
                51.96658112825219,
                71.0457406143807
              ],
              [
                51.966795347934905,
                71.04579659853498
              ],
              [
                51.96662778004175,
                71.04586816919135
              ],
              [
                51.967056223788006,
                71.04598013708849
              ],
              [
                51.966385942171904,
                71.04626641962093
              ],
              [
                51.96617171842877,
                71.04621043499642
              ],
              [
                51.966004144581206,
                71.04628200499711
              ],
              [
                51.9662183686352,
                71.04633798982469
              ],
              [
                51.965883217802485,
                71.0464811297169
              ],
              [
                51.9660974437313,
                71.0465371146781
              ],
              [
                51.96592986674613,
                71.04660868456965
              ],
              [
                51.966144094238935,
                71.04666466946138
              ],
              [
                51.96580893713091,
                71.04680780913529
              ],
              [
                51.96602316649859,
                71.04686379416064
              ],
              [
                51.9658555863757,
                71.04693536394305
              ],
              [
                51.96606981730742,
                71.04699134889896
              ],
              [
                51.96590223624222,
                71.04706291871263
              ],
              [
                51.96611646873801,
                71.04711890359913
              ],
              [
                51.96578130346977,
                71.04726204311733
              ],
              [
                51.96599553784053,
                71.04731802813743
              ],
              [
                51.96582795363746,
                71.04738959784196
              ],
              [
                51.96561371895583,
                71.0473336126188
              ],
              [
                51.965278546168236,
                71.04747675110642
              ],
              [
                51.96506431211813,
                71.0474207652046
              ],
              [
                51.964896723533606,
                71.04749233398772
              ],
              [
                51.9646824904259,
                71.04743634761033
              ],
              [
                51.96451490027729,
                71.04750791601859
              ],
              [
                51.96472913369582,
                71.04756390259904
              ],
              [
                51.96456154260476,
                71.04763547103859
              ],
              [
                51.96477577758741,
                71.0476914575496
              ],
              [
                51.96444059226711,
                71.04783459431951
              ],
              [
                51.96465482912474,
                71.04789058096418
              ],
              [
                51.964319639412864,
                71.04803371745312
              ],
              [
                51.964533878145495,
                71.04808970423144
              ],
              [
                51.96436628172039,
                71.04816127242131
              ],
              [
                51.964580522017215,
                71.0482172591302
              ],
              [
                51.96441292464961,
                71.04828882735139
              ],
              [
                51.96462716651064,
                71.04834481399082
              ],
              [
                51.963621557848846,
                71.04877422092898
              ],
              [
                51.96340731412278,
                71.04871823307106
              ],
              [
                51.96307210058647,
                71.04886136693663
              ],
              [
                51.96264361565145,
                71.04874938959092
              ],
              [
                51.96247600638153,
                71.04882095585984
              ],
              [
                51.96119057979461,
                71.04848501606408
              ],
              [
                51.961358190929026,
                71.04841345101366
              ],
              [
                51.96028703812943,
                71.04813349470574
              ],
              [
                51.95995181150031,
                71.04827662260386
              ],
              [
                51.959523357911685,
                71.04816463736098
              ],
              [
                51.95935574209574,
                71.04823620064616
              ]
            ]
          ]
        ]
      },
      "properties": {
        "id": "f93dfcc158ab4afe",
        "class": "floe_instance_candidate",
        "ice_identity": "optical_candidate",
        "grounding": "unverified",
        "confirmed_stamukha": false,
        "confidence": "low",
        "review_status": "unreviewed",
        "region": "barents",
        "observed_at": "2026-02-26T08:30:14.044000Z",
        "source_id": "S2C_T39WWU_20260226T082919_L2A",
        "source_collection": "sentinel-2-c1-l2a",
        "source_level": "L2A",
        "area_m2": 101100.0,
        "equivalent_diameter_m": 358.78,
        "longitude": 51.9621681,
        "latitude": 71.0466543,
        "truncated": false,
        "minimum_threshold_iou": 0.972,
        "threshold_stable": true,
        "inferred_boundary_fraction": 0.063,
        "touching_floes_may_be_split": true,
        "isolated_stable_candidate": false,
        "low_sun": true,
        "sun_elevation_deg": 10.604148666102503,
        "processing_method": "distance_watershed_experimental_v1",
        "native_green_m": 10,
        "native_swir_m": 20,
        "notice": "Candidate outline; shape splitting can divide one floe or merge multiple floes; 30 m completeness unvalidated"
      }
    },
    {
      "type": "Feature",
      "geometry": {
        "type": "MultiPolygon",
        "coordinates": [
          [
            [
              [
                51.966788701851804,
                71.04948645208839
              ],
              [
                51.96507464923964,
                71.04903857374165
              ],
              [
                51.965242250698175,
                71.0489670049578
              ],
              [
                51.96438525571883,
                71.04874306005605
              ],
              [
                51.964720457362645,
                71.04859992359766
              ],
              [
                51.96450621237312,
                71.04854393709711
              ],
              [
                51.96484140962505,
                71.04840080035774
              ],
              [
                51.96462716651064,
                71.04834481399082
              ],
              [
                51.96479476356739,
                71.04827324556655
              ],
              [
                51.964580522017215,
                71.0482172591302
              ],
              [
                51.96474811813146,
                71.04814569073723
              ],
              [
                51.964533878145495,
                71.04808970423144
              ],
              [
                51.964869067235675,
                71.04794656733631
              ],
              [
                51.96465482912474,
                71.04789058096418
              ],
              [
                51.96582795363746,
                71.04738959784196
              ],
              [
                51.96604218957232,
                71.04744558279262
              ],
              [
                51.96637735610346,
                71.04730244280566
              ],
              [
                51.96659159266976,
                71.04735842707768
              ],
              [
                51.966926753566185,
                71.04721528599755
              ],
              [
                51.967140990763866,
                71.04727126959092
              ],
              [
                51.96747614602561,
                71.04712812741766
              ],
              [
                51.96769038385462,
                71.04718411033241
              ],
              [
                51.96785795929477,
                71.04711253878507
              ],
              [
                51.96807219806599,
                71.04716852122424
              ],
              [
                51.96857491593448,
                71.04695380494262
              ],
              [
                51.96878915502594,
                71.04700978650008
              ],
              [
                51.96895672483146,
                71.04693821385968
              ],
              [
                51.969170964865064,
                71.04699419494155
              ],
              [
                51.96967366582976,
                71.04677947538073
              ],
              [
                51.969887906183445,
                71.04683545558092
              ],
              [
                51.97055815534865,
                71.04654915961672
              ],
              [
                51.97077239571123,
                71.04660513873216
              ],
              [
                51.970939954558744,
                71.04653356410877
              ],
              [
                51.97115419586333,
                71.04658954274862
              ],
              [
                51.97165686395424,
                71.04637481723893
              ],
              [
                51.9718711055786,
                71.04643079499711
              ],
              [
                51.97170355111246,
                71.04650237054176
              ],
              [
                51.97256053138493,
                71.04672627966123
              ],
              [
                51.97272808460654,
                71.04665470330437
              ],
              [
                51.973156581638875,
                71.04676665582272
              ],
              [
                51.973324132985084,
                71.04669507888808
              ],
              [
                51.97375263440735,
                71.04680702991013
              ],
              [
                51.97392018387809,
                71.0467354523977
              ],
              [
                51.97413443615761,
                71.04679142729682
              ],
              [
                51.973966886998085,
                71.0468630050123
              ],
              [
                51.975466690219754,
                71.0472548230958
              ],
              [
                51.97529914198593,
                71.0473264020609
              ],
              [
                51.97551340491275,
                71.0473823751856
              ],
              [
                51.975345855737096,
                71.04745395418207
              ],
              [
                51.975774385972755,
                71.04756590001982
              ],
              [
                51.97560683616657,
                71.0476374792507
              ],
              [
                51.97582110347544,
                71.04769345196374
              ],
              [
                51.97531844747182,
                71.04790818923536
              ],
              [
                51.975532716967834,
                71.04796416228497
              ],
              [
                51.97519760732206,
                71.04810732001366
              ],
              [
                51.97541187869393,
                71.04816329319682
              ],
              [
                51.975076764657864,
                71.04830645064483
              ],
              [
                51.97486249266337,
                71.04825047705555
              ],
              [
                51.974694933454145,
                71.04832205531893
              ],
              [
                51.97448066240161,
                71.04826608125401
              ],
              [
                51.97364284599996,
                71.04862396897995
              ],
              [
                51.973428574644345,
                71.04856799362713
              ],
              [
                51.973261007292855,
                71.0486395704541
              ],
              [
                51.9730467368793,
                71.04858359462561
              ],
              [
                51.972879167963264,
                71.04865517107783
              ],
              [
                51.97245063027365,
                71.04854321819701
              ],
              [
                51.97228305948185,
                71.04861479407133
              ],
              [
                51.97206879220582,
                71.04855881701901
              ],
              [
                51.97156607137686,
                71.0487735430024
              ],
              [
                51.97135180442062,
                71.0487175650683
              ],
              [
                51.97101665031223,
                71.04886071445907
              ],
              [
                51.970802383987035,
                71.04880473584626
              ],
              [
                51.970634804741636,
                71.04887631008096
              ],
              [
                51.97042053935866,
                71.0488203309925
              ],
              [
                51.97008537648547,
                71.04896347854054
              ],
              [
                51.969871111733646,
                71.04890749877339
              ],
              [
                51.969703528105846,
                71.04897907208671
              ],
              [
                51.96991779316878,
                71.04903505205695
              ],
              [
                51.96958262277518,
                71.0491781985745
              ],
              [
                51.96979688971374,
                71.04923417867835
              ],
              [
                51.9696293029479,
                71.04930575188259
              ],
              [
                51.969415035698226,
                71.04924977157567
              ],
              [
                51.96924744736784,
                71.04932134440506
              ],
              [
                51.96881891600665,
                71.04920938256737
              ],
              [
                51.96865132580065,
                71.04928095481885
              ],
              [
                51.968437061689166,
                71.04922497328812
              ],
              [
                51.96826946991866,
                71.04929654516475
              ],
              [
                51.96805520674957,
                71.04924056315835
              ],
              [
                51.96755242298414,
                71.04945527714845
              ],
              [
                51.967338160135434,
                71.04939929426027
              ],
              [
                51.96717056272898,
                71.04947086504367
              ],
              [
                51.96695630082276,
                71.04941488167982
              ],
              [
                51.966788701851804,
                71.04948645208839
              ]
            ]
          ]
        ]
      },
      "properties": {
        "id": "ba3ae34bccfca88d",
        "class": "floe_instance_candidate",
        "ice_identity": "optical_candidate",
        "grounding": "unverified",
        "confirmed_stamukha": false,
        "confidence": "low",
        "review_status": "unreviewed",
        "region": "barents",
        "observed_at": "2026-02-26T08:30:14.044000Z",
        "source_id": "S2C_T39WWU_20260226T082919_L2A",
        "source_collection": "sentinel-2-c1-l2a",
        "source_level": "L2A",
        "area_m2": 84400.0,
        "equivalent_diameter_m": 327.81,
        "longitude": 51.9699085,
        "latitude": 71.0479575,
        "truncated": false,
        "minimum_threshold_iou": 0.96,
        "threshold_stable": true,
        "inferred_boundary_fraction": 0.144,
        "touching_floes_may_be_split": true,
        "isolated_stable_candidate": false,
        "low_sun": true,
        "sun_elevation_deg": 10.604148666102503,
        "processing_method": "distance_watershed_experimental_v1",
        "native_green_m": 10,
        "native_swir_m": 20,
        "notice": "Candidate outline; shape splitting can divide one floe or merge multiple floes; 30 m completeness unvalidated"
      }
    },
    {
      "type": "Feature",
      "geometry": {
        "type": "MultiPolygon",
        "coordinates": [
          [
            [
              [
                51.87931363579987,
                71.02242213242563
              ],
              [
                51.87867253162937,
                71.02225384535599
              ],
              [
                51.878840221316494,
                71.02218235808307
              ],
              [
                51.87862652273437,
                71.02212626205302
              ],
              [
                51.87896189896849,
                71.02198328739652
              ],
              [
                51.87874820224976,
                71.02192719150078
              ],
              [
                51.878915888796804,
                71.02185570411719
              ],
              [
                51.87848849972435,
                71.02174351191695
              ],
              [
                51.87882387029095,
                71.02160053744501
              ],
              [
                51.87946495393834,
                71.02176882412041
              ],
              [
                51.87929727019922,
                71.02184031205128
              ],
              [
                51.87951096755626,
                71.02189640726958
              ],
              [
                51.87917559693808,
                71.02203938302068
              ],
              [
                51.87960299662984,
                71.02215157345434
              ],
              [
                51.87943531005704,
                71.0222230614775
              ],
              [
                51.879649012085515,
                71.02227915648993
              ],
              [
                51.87931363579987,
                71.02242213242563
              ]
            ]
          ]
        ]
      },
      "properties": {
        "id": "8ebdc2587d323c26",
        "class": "floe_instance_candidate",
        "ice_identity": "optical_candidate",
        "grounding": "unverified",
        "confirmed_stamukha": false,
        "confidence": "low",
        "review_status": "unreviewed",
        "region": "barents",
        "observed_at": "2026-02-26T08:30:14.044000Z",
        "source_id": "S2C_T39WWU_20260226T082919_L2A",
        "source_collection": "sentinel-2-c1-l2a",
        "source_level": "L2A",
        "area_m2": 1900.0,
        "equivalent_diameter_m": 49.18,
        "longitude": 51.8790868,
        "latitude": 71.0220191,
        "truncated": false,
        "minimum_threshold_iou": 0.632,
        "threshold_stable": true,
        "inferred_boundary_fraction": 0.0,
        "touching_floes_may_be_split": false,
        "isolated_stable_candidate": true,
        "low_sun": true,
        "sun_elevation_deg": 10.604148666102503,
        "processing_method": "distance_watershed_experimental_v1",
        "native_green_m": 10,
        "native_swir_m": 20,
        "notice": "Candidate outline; shape splitting can divide one floe or merge multiple floes; 30 m completeness unvalidated"
      }
    },
    {
      "type": "Feature",
      "geometry": {
        "type": "MultiPolygon",
        "coordinates": [
          [
            [
              [
                51.98444833770335,
                71.05536730678897
              ],
              [
                51.983590831289625,
                71.0551434601008
              ],
              [
                51.98375841695577,
                71.05507187391132
              ],
              [
                51.983329671897096,
                71.05495994933702
              ],
              [
                51.983497256933,
                71.05488836338208
              ],
              [
                51.98306851751424,
                71.05477643812308
              ],
              [
                51.98323610191989,
                71.05470485240266
              ],
              [
                51.983021734403415,
                71.0546488895672
              ],
              [
                51.983189317866945,
                71.0545773038782
              ],
              [
                51.98297495191633,
                71.05452134097312
              ],
              [
                51.98314253443774,
                71.05444975531553
              ],
              [
                51.982928170052965,
                71.05439379234083
              ],
              [
                51.98309575163226,
                71.05432220671467
              ],
              [
                51.98288138881331,
                71.05426624367038
              ],
              [
                51.98321654883377,
                71.05412307230918
              ],
              [
                51.98278782820509,
                71.05401114621485
              ],
              [
                51.98329056070247,
                71.05379638910401
              ],
              [
                51.9835049194543,
                71.05385235167822
              ],
              [
                51.98384006755938,
                71.05370917900633
              ],
              [
                51.98405442694135,
                71.0537651409016
              ],
              [
                51.98438956940718,
                71.05362196713676
              ],
              [
                51.98460392941923,
                71.05367792835311
              ],
              [
                51.984771498459466,
                71.05360634101007
              ],
              [
                51.98434278031301,
                71.05349441871086
              ],
              [
                51.98484548178211,
                71.05327965687029
              ],
              [
                51.98505983929272,
                71.05333561754695
              ],
              [
                51.985394966712605,
                71.05319244172198
              ],
              [
                51.98518060982583,
                71.0531364814515
              ],
              [
                51.985348171967004,
                71.05306489348463
              ],
              [
                51.98513381664592,
                71.05300893314453
              ],
              [
                51.98563649648267,
                71.0527941688231
              ],
              [
                51.98542214335107,
                71.05273820881955
              ],
              [
                51.98609236682895,
                71.05245185480004
              ],
              [
                51.98587801619874,
                71.05239589533615
              ],
              [
                51.9860455692459,
                71.05232430660517
              ],
              [
                51.98583122018128,
                71.05226834707166
              ],
              [
                51.986333872736644,
                71.05205358045812
              ],
              [
                51.98654822086548,
                71.05210953938241
              ],
              [
                51.98671576889806,
                71.05203794996486
              ],
              [
                51.98714446829273,
                71.05214986658912
              ],
              [
                51.987312014447774,
                71.05207827659372
              ],
              [
                51.98752636571357,
                71.05213423429369
              ],
              [
                51.98769391030302,
                71.05206264392356
              ],
              [
                51.987908262510445,
                71.05211860114773
              ],
              [
                51.98841088782117,
                71.0519038283983
              ],
              [
                51.98819653654975,
                71.05184787178337
              ],
              [
                51.988364076124824,
                71.05177628072668
              ],
              [
                51.987077996693074,
                71.0514405365284
              ],
              [
                51.98724553688644,
                71.05136894651852
              ],
              [
                51.98703119501383,
                71.05131298840071
              ],
              [
                51.98719873426562,
                71.05124139842226
              ],
              [
                51.986770054904795,
                71.05112948177462
              ],
              [
                51.98727266701077,
                71.05091471202786
              ],
              [
                51.987701344499975,
                71.05102662745709
              ],
              [
                51.9878688787378,
                71.05095503679206
              ],
              [
                51.98765453967842,
                71.05089907941687
              ],
              [
                51.98798960501759,
                71.05075589797809
              ],
              [
                51.98777526783556,
                71.05069994073634
              ],
              [
                51.988612910808385,
                71.0503419851511
              ],
              [
                51.98925592143513,
                71.05050985301234
              ],
              [
                51.98942344533355,
                71.05043826077123
              ],
              [
                51.99006646630474,
                71.05060612556883
              ],
              [
                51.990233988013685,
                71.05053453254693
              ],
              [
                51.99066267430399,
                71.05064644064227
              ],
              [
                51.990830194135434,
                71.05057484704265
              ],
              [
                51.99168758050841,
                71.05079865914828
              ],
              [
                51.991855097838055,
                71.05072706456482
              ],
              [
                51.99206944725266,
                71.05078301670633
              ],
              [
                51.992236963016786,
                71.0507114217482
              ],
              [
                51.99330872733002,
                71.05099117734932
              ],
              [
                51.993141213126734,
                71.05106277332273
              ],
              [
                51.99356992825028,
                71.05117467406005
              ],
              [
                51.99373744182914,
                71.05110307768052
              ],
              [
                51.99395180095883,
                71.05115902743698
              ],
              [
                51.99411931297205,
                71.05108743068278
              ],
              [
                51.99433367304292,
                71.05114337996342
              ],
              [
                51.99450118349047,
                71.0510717828346
              ],
              [
                51.99492990676796,
                71.05118368017149
              ],
              [
                51.99509741533757,
                71.05111208246494
              ],
              [
                51.99531177854414,
                71.05116803052118
              ],
              [
                51.995479285548065,
                71.05109643244
              ],
              [
                51.99569364969575,
                71.05115238002043
              ],
              [
                51.99586115513396,
                71.05108078156461
              ],
              [
                51.99607552022274,
                71.05113672866919
              ],
              [
                51.996243024095236,
                71.05106512983873
              ],
              [
                51.99752923907528,
                71.05140080551962
              ],
              [
                51.997696739820185,
                71.05132920529927
              ],
              [
                51.99833986329403,
                71.05149703884794
              ],
              [
                51.99817236348636,
                71.05156863967746
              ],
              [
                51.99838674079691,
                71.05162458385115
              ],
              [
                51.99805173804615,
                71.05176778540161
              ],
              [
                51.99848049767737,
                71.05187967374282
              ],
              [
                51.99864799905458,
                71.05180807264728
              ],
              [
                51.99950553210877,
                71.05203184524385
              ],
              [
                51.99933803198147,
                71.05210344715161
              ],
              [
                51.99955241869121,
                71.05215938982182
              ],
              [
                51.99921741530113,
                71.05230259352884
              ],
              [
                51.99943180388938,
                71.05235853633232
              ],
              [
                51.999264300626585,
                71.05243013813153
              ],
              [
                51.999478690780876,
                71.05248608086528
              ],
              [
                51.999311186577046,
                71.05255768269599
              ],
              [
                51.999525578297394,
                71.05261362535997
              ],
              [
                51.99785047043698,
                71.05332963626134
              ],
              [
                51.9976360755917,
                71.05327369156666
              ],
              [
                51.99746855759821,
                71.05334529151003
              ],
              [
                51.99725416369413,
                71.05328934633945
              ],
              [
                51.99708664413452,
                71.05336094590818
              ],
              [
                51.996872251171666,
                71.05330500026172
              ],
              [
                51.99670473004594,
                71.05337659945577
              ],
              [
                51.996490338024344,
                71.0533206533334
              ],
              [
                51.99632281533252,
                71.05339225215279
              ],
              [
                51.996108424252185,
                71.05333630555455
              ],
              [
                51.995940899994274,
                71.05340790399927
              ],
              [
                51.995726509855245,
                71.05335195692514
              ],
              [
                51.995558984031234,
                71.05342355499518
              ],
              [
                51.995344594833526,
                71.05336760744515
              ],
              [
                51.99484200890217,
                71.0535824000164
              ],
              [
                51.9946276200211,
                71.05352645158437
              ],
              [
                51.9937899501657,
                71.05388443475552
              ],
              [
                51.99421873230496,
                71.05399633337767
              ],
              [
                51.99338103422811,
                71.05435431428933
              ],
              [
                51.993166640969996,
                71.05429836409918
              ],
              [
                51.992999097280816,
                71.05436995956356
              ],
              [
                51.992784704964244,
                71.05431400889752
              ],
              [
                51.99261715970892,
                71.05438560398717
              ],
              [
                51.99240276833393,
                71.05432965284527
              ],
              [
                51.99223522151249,
                71.0544012475602
              ],
              [
                51.99202083107909,
                71.0543452959424
              ],
              [
                51.99185328269151,
                71.05441689028257
              ],
              [
                51.99142450496183,
                71.05430498582243
              ],
              [
                51.99092185040242,
                71.05451976659461
              ],
              [
                51.990707462481744,
                71.05446381334608
              ],
              [
                51.990539908141976,
                71.0545354063904
              ],
              [
                51.990325521162994,
                71.05447945266599
              ],
              [
                51.98948772909443,
                71.05483741429748
              ],
              [
                51.98927334180853,
                71.05478145928475
              ],
              [
                51.98877065058358,
                71.05499623359448
              ],
              [
                51.98855626361523,
                71.05494027769966
              ],
              [
                51.98755084543481,
                71.05536982046559
              ],
              [
                51.98733645784784,
                71.0553138630793
              ],
              [
                51.98716888344992,
                71.05538545273632
              ],
              [
                51.98674011141398,
                71.05527353673924
              ],
              [
                51.986572535137896,
                71.05534512581835
              ],
              [
                51.98635815068895,
                71.05528916720755
              ],
              [
                51.986022993750524,
                71.05543234444451
              ],
              [
                51.985808609931574,
                71.05537638515472
              ],
              [
                51.985641029269246,
                71.05544797331255
              ],
              [
                51.9849978844008,
                71.05528009319727
              ],
              [
                51.98483030154841,
                71.05535168057405
              ],
              [
                51.98461592212176,
                71.055295719787
              ],
              [
                51.98444833770335,
                71.05536730678897
              ]
            ]
          ]
        ]
      },
      "properties": {
        "id": "53c9ccb8af36ec0c",
        "class": "floe_instance_candidate",
        "ice_identity": "optical_candidate",
        "grounding": "unverified",
        "confirmed_stamukha": false,
        "confidence": "low",
        "review_status": "unreviewed",
        "region": "barents",
        "observed_at": "2026-02-26T08:30:14.044000Z",
        "source_id": "S2C_T39WWU_20260226T082919_L2A",
        "source_collection": "sentinel-2-c1-l2a",
        "source_level": "L2A",
        "area_m2": 186800.0,
        "equivalent_diameter_m": 487.69,
        "longitude": 51.9907743,
        "latitude": 71.0528828,
        "truncated": false,
        "minimum_threshold_iou": 0.877,
        "threshold_stable": true,
        "inferred_boundary_fraction": 0.311,
        "touching_floes_may_be_split": true,
        "isolated_stable_candidate": false,
        "low_sun": true,
        "sun_elevation_deg": 10.604148666102503,
        "processing_method": "distance_watershed_experimental_v1",
        "native_green_m": 10,
        "native_swir_m": 20,
        "notice": "Candidate outline; shape splitting can divide one floe or merge multiple floes; 30 m completeness unvalidated"
      }
    },
    {
      "type": "Feature",
      "geometry": {
        "type": "MultiPolygon",
        "coordinates": [
          [
            [
              [
                51.8848207399613,
                71.02213506084534
              ],
              [
                51.88417959704285,
                71.02196679431427
              ],
              [
                51.88434726367812,
                71.0218953016178
              ],
              [
                51.88391984193276,
                71.02178312297829
              ],
              [
                51.884255172676944,
                71.02164013788065
              ],
              [
                51.88489630533218,
                71.02180840421494
              ],
              [
                51.884728641504964,
                71.02187989745863
              ],
              [
                51.88515607014198,
                71.02199207406268
              ],
              [
                51.8848207399613,
                71.02213506084534
              ]
            ]
          ]
        ]
      },
      "properties": {
        "id": "2808243207051854",
        "class": "floe_instance_candidate",
        "ice_identity": "optical_candidate",
        "grounding": "unverified",
        "confirmed_stamukha": false,
        "confidence": "low",
        "review_status": "unreviewed",
        "region": "barents",
        "observed_at": "2026-02-26T08:30:14.044000Z",
        "source_id": "S2C_T39WWU_20260226T082919_L2A",
        "source_collection": "sentinel-2-c1-l2a",
        "source_level": "L2A",
        "area_m2": 1100.0,
        "equivalent_diameter_m": 37.42,
        "longitude": 51.884538,
        "latitude": 71.0218876,
        "truncated": false,
        "minimum_threshold_iou": 0.636,
        "threshold_stable": true,
        "inferred_boundary_fraction": 0.0,
        "touching_floes_may_be_split": false,
        "isolated_stable_candidate": true,
        "low_sun": true,
        "sun_elevation_deg": 10.604148666102503,
        "processing_method": "distance_watershed_experimental_v1",
        "native_green_m": 10,
        "native_swir_m": 20,
        "notice": "Candidate outline; shape splitting can divide one floe or merge multiple floes; 30 m completeness unvalidated"
      }
    },
    {
      "type": "Feature",
      "geometry": {
        "type": "MultiPolygon",
        "coordinates": [
          [
            [
              [
                51.96984123031176,
                71.04670790185033
              ],
              [
                51.96941275398577,
                71.04659594103852
              ],
              [
                51.96958031783671,
                71.04652436774249
              ],
              [
                51.969151847145106,
                71.04641240624667
              ],
              [
                51.96931941036497,
                71.04634083318503
              ],
              [
                51.96910517720977,
                71.04628485223138
              ],
              [
                51.96944030051232,
                71.04614170599899
              ],
              [
                51.96922606923215,
                71.04608572517891
              ],
              [
                51.96939362931486,
                71.04601415200815
              ],
              [
                51.968108269813,
                71.0456782625833
              ],
              [
                51.96827583050845,
                71.04560669045908
              ],
              [
                51.96784738798696,
                71.04549472554348
              ],
              [
                51.96835006442105,
                71.0452800093587
              ],
              [
                51.96813584597248,
                71.04522402710127
              ],
              [
                51.96830340258888,
                71.04515245489928
              ],
              [
                51.96808918570414,
                71.0450964725724
              ],
              [
                51.96842429580004,
                71.04495332805924
              ],
              [
                51.96821008079002,
                71.04489734586595
              ],
              [
                51.968377634269544,
                71.0448257735548
              ],
              [
                51.96859184896864,
                71.04488175554509
              ],
              [
                51.96892695154723,
                71.04473861000159
              ],
              [
                51.968712737469964,
                71.04468262841739
              ],
              [
                51.9688802871909,
                71.04461105559108
              ],
              [
                51.96909450095724,
                71.04466703697226
              ],
              [
                51.969262049114405,
                71.04459546377122
              ],
              [
                51.96947626382265,
                71.04465144467686
              ],
              [
                51.97031398426138,
                71.04429357508073
              ],
              [
                51.97052819866763,
                71.04434955469874
              ],
              [
                51.971198351224494,
                71.04406325511904
              ],
              [
                51.97141256563952,
                71.04411923365244
              ],
              [
                51.971580100335835,
                71.04404765812524
              ],
              [
                51.97200853230207,
                71.04415961396847
              ],
              [
                51.97217606512358,
                71.04408803786355
              ],
              [
                51.97239028267476,
                71.04414401517339
              ],
              [
                51.97255781393247,
                71.04407243869375
              ],
              [
                51.97234359669235,
                71.04401646158692
              ],
              [
                51.9725111270084,
                71.0439448851386
              ],
              [
                51.97229691133205,
                71.04388890796227
              ],
              [
                51.972464440706446,
                71.04381733154528
              ],
              [
                51.97225022659385,
                71.04376135429946
              ],
              [
                51.97258528220666,
                71.04361820135645
              ],
              [
                51.97237106996885,
                71.04356222424414
              ],
              [
                51.97320868863464,
                71.04320433989717
              ],
              [
                51.97342289931716,
                71.04326031599439
              ],
              [
                51.97359041898138,
                71.04318873840693
              ],
              [
                51.973804630605414,
                71.04324471402866
              ],
              [
                51.97397214870593,
                71.04317313606653
              ],
              [
                51.975471662969596,
                71.04356495636709
              ],
              [
                51.975304147047034,
                71.04363653575027
              ],
              [
                51.97551836869208,
                71.04369250919181
              ],
              [
                51.97535085182803,
                71.04376408860635
              ],
              [
                51.97663620987137,
                71.04409992475061
              ],
              [
                51.97630117611979,
                71.0442430855008
              ],
              [
                51.97651540746722,
                71.04429905764364
              ],
              [
                51.9763478890236,
                71.04437063796428
              ],
              [
                51.976562121935004,
                71.04442661003759
              ],
              [
                51.97639460254991,
                71.04449819038956
              ],
              [
                51.976608837025296,
                71.04455416239335
              ],
              [
                51.9764413166987,
                71.04462574277666
              ],
              [
                51.976655552738094,
                71.0446817147109
              ],
              [
                51.97632050894913,
                71.04482487536858
              ],
              [
                51.97653474686382,
                71.04488084743633
              ],
              [
                51.976367223401425,
                71.04495242771068
              ],
              [
                51.976581462880176,
                71.04500839970889
              ],
              [
                51.97641393847624,
                71.0450799800146
              ],
              [
                51.976628179519075,
                71.04513595194328
              ],
              [
                51.97646065417359,
                71.04520753228034
              ],
              [
                51.97624641281949,
                71.04515156014864
              ],
              [
                51.97591135774747,
                71.04529471990169
              ],
              [
                51.97548287755276,
                71.04518277400854
              ],
              [
                51.97565040633768,
                71.04511119462389
              ],
              [
                51.97543616843081,
                71.04505522147149
              ],
              [
                51.97526863933467,
                71.0451268006531
              ],
              [
                51.974840166657,
                71.04501485312464
              ],
              [
                51.974672635685614,
                71.04508643172854
              ],
              [
                51.974458400914834,
                71.04503045735247
              ],
              [
                51.97429086837942,
                71.04510203558162
              ],
              [
                51.97450510346138,
                71.04515801016072
              ],
              [
                51.9743375699843,
                71.04522958842124
              ],
              [
                51.97455180663031,
                71.04528556293083
              ],
              [
                51.97438427221155,
                71.0453571412227
              ],
              [
                51.974598510421615,
                71.04541311566275
              ],
              [
                51.974263438447835,
                71.04555627213746
              ],
              [
                51.97469191987143,
                71.04566822101208
              ],
              [
                51.974524382627585,
                71.04573979939798
              ],
              [
                51.97473862552997,
                71.04579577362951
              ],
              [
                51.974571087344415,
                71.04586735204673
              ],
              [
                51.97478533181095,
                71.04592332620872
              ],
              [
                51.97411516778399,
                71.04620963897288
              ],
              [
                51.973900922072616,
                71.04615366399874
              ],
              [
                51.973733377622224,
                71.04622524155751
              ],
              [
                51.97351913285265,
                71.04616926610777
              ],
              [
                51.97335158683809,
                71.04624084329178
              ],
              [
                51.97313734301035,
                71.04618486736645
              ],
              [
                51.97296979543162,
                71.04625644417574
              ],
              [
                51.97275555254572,
                71.04620046777484
              ],
              [
                51.97258800340283,
                71.04627204420939
              ],
              [
                51.972373761458805,
                71.04621606733288
              ],
              [
                51.972206210751764,
                71.04628764339265
              ],
              [
                51.97177773000051,
                71.04617568841596
              ],
              [
                51.970939954558744,
                71.04653356410877
              ],
              [
                51.97072571450724,
                71.04647758519637
              ],
              [
                51.97055815534865,
                71.04654915961672
              ],
              [
                51.970343916239145,
                71.04649318022878
              ],
              [
                51.96984123031176,
                71.04670790185033
              ]
            ]
          ]
        ]
      },
      "properties": {
        "id": "274bc84a7a8d8097",
        "class": "floe_instance_candidate",
        "ice_identity": "optical_candidate",
        "grounding": "unverified",
        "confirmed_stamukha": false,
        "confidence": "low",
        "review_status": "unreviewed",
        "region": "barents",
        "observed_at": "2026-02-26T08:30:14.044000Z",
        "source_id": "S2C_T39WWU_20260226T082919_L2A",
        "source_collection": "sentinel-2-c1-l2a",
        "source_level": "L2A",
        "area_m2": 68600.0,
        "equivalent_diameter_m": 295.54,
        "longitude": 51.9724208,
        "latitude": 71.0449719,
        "truncated": false,
        "minimum_threshold_iou": 0.801,
        "threshold_stable": true,
        "inferred_boundary_fraction": 0.298,
        "touching_floes_may_be_split": true,
        "isolated_stable_candidate": false,
        "low_sun": true,
        "sun_elevation_deg": 10.604148666102503,
        "processing_method": "distance_watershed_experimental_v1",
        "native_green_m": 10,
        "native_swir_m": 20,
        "notice": "Candidate outline; shape splitting can divide one floe or merge multiple floes; 30 m completeness unvalidated"
      }
    },
    {
      "type": "Feature",
      "geometry": {
        "type": "MultiPolygon",
        "coordinates": [
          [
            [
              [
                51.993939021677676,
                71.04954122621136
              ],
              [
                51.99326901754093,
                71.04982761218699
              ],
              [
                51.9941263989578,
                71.05005141236425
              ],
              [
                51.993958896039224,
                71.05012300924136
              ],
              [
                51.99417324483883,
                71.05017895880685
              ],
              [
                51.9936707294999,
                71.05039374901786
              ],
              [
                51.99388508048942,
                71.05044969891976
              ],
              [
                51.99338255480712,
                71.05066448819561
              ],
              [
                51.99359690798659,
                71.05072043843393
              ],
              [
                51.99326188522264,
                71.05086363083261
              ],
              [
                51.99240447752752,
                71.05063982661846
              ],
              [
                51.992236963016786,
                71.0507114217482
              ],
              [
                51.992022613914315,
                71.05065546980974
              ],
              [
                51.991855097838055,
                71.05072706456482
              ],
              [
                51.99099771271348,
                71.05050325327139
              ],
              [
                51.990830194135434,
                71.05057484704265
              ],
              [
                51.99040150846925,
                71.05046293935344
              ],
              [
                51.990233988013685,
                71.05053453254693
              ],
              [
                51.989590967978586,
                71.05036666835854
              ],
              [
                51.98942344533355,
                71.05043826077123
              ],
              [
                51.988566101585924,
                71.05021443722309
              ],
              [
                51.989068669504896,
                71.04999966190675
              ],
              [
                51.98885433763731,
                71.04994370594711
              ],
              [
                51.98918937727394,
                71.04980052195089
              ],
              [
                51.988760718546565,
                71.0496886100257
              ],
              [
                51.988593198730975,
                71.04976020170352
              ],
              [
                51.98644997717165,
                71.0492006236852
              ],
              [
                51.986617500106235,
                71.04912903403788
              ],
              [
                51.986188871457195,
                71.04901711556808
              ],
              [
                51.98635639376221,
                71.04894552615525
              ],
              [
                51.98592777074971,
                71.04883360700083
              ],
              [
                51.986095292425155,
                71.04876201782247
              ],
              [
                51.98566667504908,
                71.04865009798347
              ],
              [
                51.9860017158876,
                71.04850691992401
              ],
              [
                51.98578740970293,
                71.0484509600016
              ],
              [
                51.9861224461524,
                71.0483077816617
              ],
              [
                51.985050937143924,
                71.04802797999012
              ],
              [
                51.9852184550478,
                71.04795639157796
              ],
              [
                51.984575565615266,
                71.04778850791224
              ],
              [
                51.98474308320125,
                71.04771691993756
              ],
              [
                51.98452878954163,
                71.04766095837338
              ],
              [
                51.984696306186244,
                71.0475893704301
              ],
              [
                51.98448201409139,
                71.04753340879631
              ],
              [
                51.98481704424489,
                71.0473902328009
              ],
              [
                51.9846027540265,
                71.04733427130053
              ],
              [
                51.98544030904099,
                71.04697632932366
              ],
              [
                51.98522602163415,
                71.04692036856581
              ],
              [
                51.98623104817407,
                71.04649083374821
              ],
              [
                51.986445333710506,
                71.04654679328789
              ],
              [
                51.986612833436865,
                71.04647520334797
              ],
              [
                51.986827119914444,
                71.04653116241198
              ],
              [
                51.98699461807615,
                71.04645957209743
              ],
              [
                51.988280361381804,
                71.04679531953776
              ],
              [
                51.988447856419754,
                71.04672372783348
              ],
              [
                51.98973364295906,
                71.04705946423991
              ],
              [
                51.98939865537275,
                71.04720264991316
              ],
              [
                51.98961295813837,
                71.0472586054326
              ],
              [
                51.98978045224609,
                71.04718701247874
              ],
              [
                51.98999475595275,
                71.0472429675225
              ],
              [
                51.99016224849558,
                71.04717137419402
              ],
              [
                51.99037655314326,
                71.04722732876205
              ],
              [
                51.9905440441212,
                71.047155735059
              ],
              [
                51.990758349709864,
                71.04721168915131
              ],
              [
                51.990925839122916,
                71.04714009507362
              ],
              [
                51.9919973843005,
                71.04741986042988
              ],
              [
                51.992164870900616,
                71.04734826516552
              ],
              [
                51.99237918338295,
                71.04740421721567
              ],
              [
                51.99221169709487,
                71.04747581268305
              ],
              [
                51.99349760017343,
                71.04781152047538
              ],
              [
                51.993330114504786,
                71.0478831169893
              ],
              [
                51.993544436382095,
                71.04793906753656
              ],
              [
                51.99320946190999,
                71.04808226045577
              ],
              [
                51.993423785664525,
                71.04813821113636
              ],
              [
                51.99325629686104,
                71.04820980754164
              ],
              [
                51.99347062218072,
                71.04826575815257
              ],
              [
                51.9933031324363,
                71.04833735458928
              ],
              [
                51.99373178745908,
                71.04844925539899
              ],
              [
                51.99356429708584,
                71.04852085207021
              ],
              [
                51.9939929577452,
                71.0486327521951
              ],
              [
                51.99382546674315,
                71.0487043491008
              ],
              [
                51.99403979926461,
                71.04876029895718
              ],
              [
                51.99387230732162,
                71.04883189589435
              ],
              [
                51.99408664140835,
                71.04888784568104
              ],
              [
                51.99358415899703,
                71.04910263607212
              ],
              [
                51.99379849527338,
                71.04915858619519
              ],
              [
                51.99363099894212,
                71.0492301828521
              ],
              [
                51.99405967587867,
                71.04934208268612
              ],
              [
                51.99372468070527,
                71.04948527629735
              ],
              [
                51.993939021677676,
                71.04954122621136
              ]
            ],
            [
              [
                51.99293400795307,
                71.04997080414526
              ],
              [
                51.99326901754093,
                71.04982761218699
              ],
              [
                51.993054675319875,
                71.04977166146081
              ],
              [
                51.99271966510771,
                71.049914853013
              ],
              [
                51.99293400795307,
                71.04997080414526
              ]
            ]
          ]
        ]
      },
      "properties": {
        "id": "34d3b2069c66891b",
        "class": "floe_instance_candidate",
        "ice_identity": "optical_candidate",
        "grounding": "unverified",
        "confirmed_stamukha": false,
        "confidence": "low",
        "review_status": "unreviewed",
        "region": "barents",
        "observed_at": "2026-02-26T08:30:14.044000Z",
        "source_id": "S2C_T39WWU_20260226T082919_L2A",
        "source_collection": "sentinel-2-c1-l2a",
        "source_level": "L2A",
        "area_m2": 102200.0,
        "equivalent_diameter_m": 360.73,
        "longitude": 51.9896914,
        "latitude": 71.048577,
        "truncated": false,
        "minimum_threshold_iou": 0.823,
        "threshold_stable": true,
        "inferred_boundary_fraction": 0.208,
        "touching_floes_may_be_split": true,
        "isolated_stable_candidate": false,
        "low_sun": true,
        "sun_elevation_deg": 10.604148666102503,
        "processing_method": "distance_watershed_experimental_v1",
        "native_green_m": 10,
        "native_swir_m": 20,
        "notice": "Candidate outline; shape splitting can divide one floe or merge multiple floes; 30 m completeness unvalidated"
      }
    },
    {
      "type": "Feature",
      "geometry": {
        "type": "MultiPolygon",
        "coordinates": [
          [
            [
              [
                51.97975632765352,
                71.04468436935504
              ],
              [
                51.97954208251871,
                71.04462840129493
              ],
              [
                51.97970959127422,
                71.04455681788289
              ],
              [
                51.97928110538553,
                71.044444881351
              ],
              [
                51.9794486135111,
                71.04437329817333
              ],
              [
                51.97923437275719,
                71.04431732970154
              ],
              [
                51.979904393978146,
                71.04403099608652
              ],
              [
                51.980547116261256,
                71.04419889824813
              ],
              [
                51.980379613769216,
                71.04427048251834
              ],
              [
                51.98059385734698,
                71.04432644956341
              ],
              [
                51.980426353913685,
                71.04439803386501
              ],
              [
                51.98064059905557,
                71.0444540008405
              ],
              [
                51.98013808217377,
                71.04466875332452
              ],
              [
                51.97992383609763,
                71.04461278573999
              ],
              [
                51.97975632765352,
                71.04468436935504
              ]
            ]
          ]
        ]
      },
      "properties": {
        "id": "24467e54a6509c3a",
        "class": "floe_instance_candidate",
        "ice_identity": "optical_candidate",
        "grounding": "unverified",
        "confirmed_stamukha": false,
        "confidence": "low",
        "review_status": "unreviewed",
        "region": "barents",
        "observed_at": "2026-02-26T08:30:14.044000Z",
        "source_id": "S2C_T39WWU_20260226T082919_L2A",
        "source_collection": "sentinel-2-c1-l2a",
        "source_level": "L2A",
        "area_m2": 2200.0,
        "equivalent_diameter_m": 52.93,
        "longitude": 51.9799561,
        "latitude": 71.0443643,
        "truncated": false,
        "minimum_threshold_iou": 0.815,
        "threshold_stable": true,
        "inferred_boundary_fraction": 0.0,
        "touching_floes_may_be_split": false,
        "isolated_stable_candidate": true,
        "low_sun": true,
        "sun_elevation_deg": 10.604148666102503,
        "processing_method": "distance_watershed_experimental_v1",
        "native_green_m": 10,
        "native_swir_m": 20,
        "notice": "Candidate outline; shape splitting can divide one floe or merge multiple floes; 30 m completeness unvalidated"
      }
    },
    {
      "type": "Feature",
      "geometry": {
        "type": "MultiPolygon",
        "coordinates": [
          [
            [
              [
                51.95208226872014,
                71.04264240680368
              ],
              [
                51.95122571079345,
                71.0424183939397
              ],
              [
                51.955750343403025,
                71.04048632188915
              ],
              [
                51.95553621542705,
                71.04043032347391
              ],
              [
                51.95855213549857,
                71.03914220952079
              ],
              [
                51.95833801435942,
                71.03908621448723
              ],
              [
                51.95850555388795,
                71.0390146511722
              ],
              [
                51.95829143431131,
                71.03895865606925
              ],
              [
                51.9584589728979,
                71.03888709278547
              ],
              [
                51.958244854883745,
                71.03883109761315
              ],
              [
                51.95841239252841,
                71.03875953436062
              ],
              [
                51.95819827607672,
                71.03870353911896
              ],
              [
                51.958365812779476,
                71.03863197589766
              ],
              [
                51.95815169789023,
                71.03857598058663
              ],
              [
                51.958319233651075,
                71.03850441739657
              ],
              [
                51.95810512032425,
                71.03844842201617
              ],
              [
                51.9582726551432,
                71.03837685885733
              ],
              [
                51.95805854337877,
                71.03832086340762
              ],
              [
                51.95822607725584,
                71.03824930028001
              ],
              [
                51.95801196705379,
                71.03819330476091
              ],
              [
                51.95817949998899,
                71.03812174166455
              ],
              [
                51.95839360988078,
                71.03817773698064
              ],
              [
                51.95889620024299,
                71.03796304605214
              ],
              [
                51.95846798357301,
                71.03785105636547
              ],
              [
                51.9586355118101,
                71.0377794927851
              ],
              [
                51.95842140566345,
                71.03772349773625
              ],
              [
                51.96378165815548,
                71.03543337899036
              ],
              [
                51.96399575437164,
                71.03548936754461
              ],
              [
                51.96416324129674,
                71.03541779829779
              ],
              [
                51.96437733845417,
                71.03547378637674
              ],
              [
                51.96454482381715,
                71.03540221675529
              ],
              [
                51.967970543601396,
                71.03629798573178
              ],
              [
                51.96813802274427,
                71.03622641269162
              ],
              [
                51.97177819585276,
                71.03717808737699
              ],
              [
                51.97161072199196,
                71.03724966386716
              ],
              [
                51.972467287131124,
                71.03747357669326
              ],
              [
                51.97229981326178,
                71.03754515382357
              ],
              [
                51.97251395798707,
                71.03760113155201
              ],
              [
                51.972346483176686,
                71.03767270871363
              ],
              [
                51.97277477700466,
                71.03778466375907
              ],
              [
                51.9726073015641,
                71.03785624115498
              ],
              [
                51.97282145066682,
                71.03791221847202
              ],
              [
                51.972653974285215,
                71.03798379589921
              ],
              [
                51.973082276868176,
                71.03809575012184
              ],
              [
                51.9729147998564,
                71.03816732778333
              ],
              [
                51.97334310806895,
                71.03827928132213
              ],
              [
                51.97317563042702,
                71.03835085921786
              ],
              [
                51.97381810306836,
                71.03851878809164
              ],
              [
                51.97365062510721,
                71.03859036642459
              ],
              [
                51.97386478546924,
                71.0386463423739
              ],
              [
                51.97369730656704,
                71.0387179207382
              ],
              [
                51.97391146849202,
                71.038773896618
              ],
              [
                51.97374398864875,
                71.03884547501362
              ],
              [
                51.97395815213671,
                71.03890145082393
              ],
              [
                51.973790671352354,
                71.03897302925087
              ],
              [
                51.97400483640332,
                71.0390290049917
              ],
              [
                51.97383735467787,
                71.03910058344994
              ],
              [
                51.97405152129185,
                71.03915655912125
              ],
              [
                51.97371655470667,
                71.03929971592875
              ],
              [
                51.97393072319468,
                71.03935569173355
              ],
              [
                51.97376323833492,
                71.03942727008277
              ],
              [
                51.97397740838599,
                71.03948324581809
              ],
              [
                51.9738099225851,
                71.03955482419866
              ],
              [
                51.974024094199265,
                71.03961079986446
              ],
              [
                51.97385660745722,
                71.03968237827635
              ],
              [
                51.974070780634506,
                71.03973835387268
              ],
              [
                51.97390329295131,
                71.03980993231589
              ],
              [
                51.974117467691734,
                71.0398659078427
              ],
              [
                51.97394997906736,
                71.03993748631724
              ],
              [
                51.974164155370964,
                71.03999346177454
              ],
              [
                51.973996665805416,
                71.0400650402804
              ],
              [
                51.97421084367219,
                71.04012101566823
              ],
              [
                51.974043353165456,
                71.04019259420541
              ],
              [
                51.974257532595445,
                71.04024856952371
              ],
              [
                51.97409004114751,
                71.04032014809222
              ],
              [
                51.974304222140724,
                71.04037612334103
              ],
              [
                51.97413672975159,
                71.04044770194086
              ],
              [
                51.974350912308054,
                71.04050367712021
              ],
              [
                51.9741834189777,
                71.04057525575135
              ],
              [
                51.97439760309744,
                71.04063123086115
              ],
              [
                51.97423010882586,
                71.04070280952365
              ],
              [
                51.97444429450889,
                71.04075878456396
              ],
              [
                51.97427679929608,
                71.04083036325777
              ],
              [
                51.97449098654244,
                71.0408863382286
              ],
              [
                51.97382099441231,
                71.04117265209922
              ],
              [
                51.97403518415513,
                71.04122862760948
              ],
              [
                51.97319766736991,
                71.04158651710038
              ],
              [
                51.97276928602646,
                71.04147456377751
              ],
              [
                51.97260177829027,
                71.04154614075472
              ],
              [
                51.97217340133441,
                71.04143418593596
              ],
              [
                51.971670868745605,
                71.0416489146196
              ],
              [
                51.97188505753022,
                71.04170489277419
              ],
              [
                51.971717544473414,
                71.04177646886171
              ],
              [
                51.97193173482142,
                71.04183244694686
              ],
              [
                51.971596705572374,
                71.04197559901286
              ],
              [
                51.97138251460245,
                71.04191962052172
              ],
              [
                51.970879960402556,
                71.04213434672415
              ],
              [
                51.9706657697523,
                71.04207836735156
              ],
              [
                51.97049824886977,
                71.04214994220598
              ],
              [
                51.97071243983095,
                71.04220592178157
              ],
              [
                51.97054491800683,
                71.04227749666731
              ],
              [
                51.970973304308565,
                71.04238945540706
              ],
              [
                51.97114082551082,
                71.04231788011532
              ],
              [
                51.971355020229524,
                71.04237385887348
              ],
              [
                51.97118749933823,
                71.04244543436822
              ],
              [
                51.9718300919424,
                71.04261336961677
              ],
              [
                51.97166257073148,
                71.04268494554886
              ],
              [
                51.971876771082286,
                71.04274092362307
              ],
              [
                51.971709248929784,
                71.04281249958646
              ],
              [
                51.971923450844145,
                71.04286847759118
              ],
              [
                51.97175592775007,
                71.04294005358591
              ],
              [
                51.971970131228005,
                71.04299603152117
              ],
              [
                51.97180260719233,
                71.04306760754719
              ],
              [
                51.97201681223388,
                71.04312358541296
              ],
              [
                51.9718492872566,
                71.04319516147032
              ],
              [
                51.97227770171958,
                71.04330711679037
              ],
              [
                51.97177512113804,
                71.04352184515038
              ],
              [
                51.97198933118155,
                71.04357782301071
              ],
              [
                51.97165427181924,
                71.04372097479828
              ],
              [
                51.97186848373748,
                71.04377695279211
              ],
              [
                51.971198351224494,
                71.04406325511904
              ],
              [
                51.970984138062214,
                71.04400727631312
              ],
              [
                51.97031398426138,
                71.04429357508073
              ],
              [
                51.97009977110792,
                71.04423759519025
              ],
              [
                51.969262049114405,
                71.04459546377122
              ],
              [
                51.96904783565899,
                71.04453948259307
              ],
              [
                51.9688802871909,
                71.04461105559108
              ],
              [
                51.968237653408885,
                71.04444310981262
              ],
              [
                51.96807010275524,
                71.04451468202983
              ],
              [
                51.967427479316044,
                71.0443467331899
              ],
              [
                51.96725992647697,
                71.04441830462626
              ],
              [
                51.96661731338067,
                71.04425035272492
              ],
              [
                51.966784867152235,
                71.04417878189761
              ],
              [
                51.96657066560324,
                71.04412279758856
              ],
              [
                51.96673821843282,
                71.04405122679258
              ],
              [
                51.96609562223503,
                71.04388327283972
              ],
              [
                51.96626317474421,
                71.04381170248108
              ],
              [
                51.96604897882795,
                71.04375571748821
              ],
              [
                51.96621653039514,
                71.04368414716086
              ],
              [
                51.9657881429424,
                71.04357217676382
              ],
              [
                51.96595569387838,
                71.0435006066708
              ],
              [
                51.965527312058086,
                71.04338863558996
              ],
              [
                51.965694862362845,
                71.04331706573123
              ],
              [
                51.96548067364251,
                71.04326107998516
              ],
              [
                51.96564822300529,
                71.04318951015773
              ],
              [
                51.96543403584838,
                71.04313352434222
              ],
              [
                51.965098935248655,
                71.04327666341929
              ],
              [
                51.964884748722994,
                71.0432206769253
              ],
              [
                51.96471719623337,
                71.0432922460032
              ],
              [
                51.96450301064972,
                71.04323625903373
              ],
              [
                51.96433545659671,
                71.0433078277369
              ],
              [
                51.9624078399194,
                71.04280393092463
              ],
              [
                51.9620727224639,
                71.04294706416127
              ],
              [
                51.961430204256416,
                71.04277909243534
              ],
              [
                51.961262642717976,
                71.04285065818694
              ],
              [
                51.96147681451166,
                71.0429066492377
              ],
              [
                51.96130925203106,
                71.04297821502057
              ],
              [
                51.96152342538799,
                71.04303420600192
              ],
              [
                51.96085316418054,
                71.04332046822789
              ],
              [
                51.960638989581476,
                71.04326447643443
              ],
              [
                51.96047142083722,
                71.04333604135846
              ],
              [
                51.96025724718041,
                71.04328004908953
              ],
              [
                51.959754532499524,
                71.04349474222195
              ],
              [
                51.95954035916399,
                71.04343874907151
              ],
              [
                51.95937278478765,
                71.04351031290238
              ],
              [
                51.958730271366385,
                71.0433423312075
              ],
              [
                51.958562694805885,
                71.04341389425751
              ],
              [
                51.95834852586061,
                71.04335789961135
              ],
              [
                51.95818094773689,
                71.04342946228654
              ],
              [
                51.95796677973399,
                71.04337346716495
              ],
              [
                51.95779920004706,
                71.0434450294653
              ],
              [
                51.957370867178874,
                71.04333303799886
              ],
              [
                51.957203285618355,
                71.04340459972133
              ],
              [
                51.95484754100376,
                71.04278862494664
              ],
              [
                51.95451236729756,
                71.0429317434094
              ],
              [
                51.95429821559237,
                71.04287574366226
              ],
              [
                51.954130626549876,
                71.04294730243289
              ],
              [
                51.953488178020294,
                71.04277930094818
              ],
              [
                51.95365576799342,
                71.04270774278667
              ],
              [
                51.95301333166927,
                71.04253973945981
              ],
              [
                51.952845740765625,
                71.04261129701221
              ],
              [
                51.95263159751957,
                71.04255529515551
              ],
              [
                51.952464005053024,
                71.04262685233309
              ],
              [
                51.952249862749575,
                71.042570850001
              ],
              [
                51.95208226872014,
                71.04264240680368
              ]
            ]
          ]
        ]
      },
      "properties": {
        "id": "cca5aa21ee9ad25b",
        "class": "floe_instance_candidate",
        "ice_identity": "optical_candidate",
        "grounding": "unverified",
        "confirmed_stamukha": false,
        "confidence": "low",
        "review_status": "unreviewed",
        "region": "barents",
        "observed_at": "2026-02-26T08:30:14.044000Z",
        "source_id": "S2C_T39WWU_20260226T082919_L2A",
        "source_collection": "sentinel-2-c1-l2a",
        "source_level": "L2A",
        "area_m2": 487300.0,
        "equivalent_diameter_m": 787.69,
        "longitude": 51.9646588,
        "latitude": 71.0401977,
        "truncated": false,
        "minimum_threshold_iou": 0.884,
        "threshold_stable": true,
        "inferred_boundary_fraction": 0.528,
        "touching_floes_may_be_split": true,
        "isolated_stable_candidate": false,
        "low_sun": true,
        "sun_elevation_deg": 10.604148666102503,
        "processing_method": "distance_watershed_experimental_v1",
        "native_green_m": 10,
        "native_swir_m": 20,
        "notice": "Candidate outline; shape splitting can divide one floe or merge multiple floes; 30 m completeness unvalidated"
      }
    },
    {
      "type": "Feature",
      "geometry": {
        "type": "MultiPolygon",
        "coordinates": [
          [
            [
              [
                52.00149528678957,
                71.04690097992747
              ],
              [
                52.001066621057255,
                71.04678909825027
              ],
              [
                52.001234068214266,
                71.04671749405959
              ],
              [
                52.00101973753967,
                71.04666155301484
              ],
              [
                52.00118718375632,
                71.04658994885567
              ],
              [
                52.000972854646875,
                71.04653400774117
              ],
              [
                52.00114029992317,
                71.04646240361349
              ],
              [
                52.00092597237885,
                71.04640646242922
              ],
              [
                52.001093416714816,
                71.04633485833304
              ],
              [
                52.00087909073561,
                71.04627891707904
              ],
              [
                52.001046534131234,
                71.04620731301432
              ],
              [
                52.0008322097171,
                71.04615137169058
              ],
              [
                52.00099965217242,
                71.04607976765735
              ],
              [
                52.00078532932335,
                71.04602382626385
              ],
              [
                52.00095277083835,
                71.04595222226209
              ],
              [
                52.000738449554326,
                71.04589628079884
              ],
              [
                52.00090589012901,
                71.04582467682859
              ],
              [
                52.000691570410005,
                71.04576873529558
              ],
              [
                52.000859010044415,
                71.0456971313568
              ],
              [
                52.00064469189039,
                71.04564118975406
              ],
              [
                52.00081213058453,
                71.04556958584678
              ],
              [
                52.000597813995476,
                71.04551364417428
              ],
              [
                52.00076525174933,
                71.04544204029847
              ],
              [
                52.00055093672524,
                71.04538609855624
              ],
              [
                52.00071837353883,
                71.0453144947119
              ],
              [
                52.000504060079656,
                71.04525855289991
              ],
              [
                52.00067149595301,
                71.04518694908707
              ],
              [
                52.00045718405874,
                71.04513100720534
              ],
              [
                52.00062461899184,
                71.04505940342398
              ],
              [
                52.00041030866246,
                71.0450034614725
              ],
              [
                52.00057774265533,
                71.04493185772262
              ],
              [
                52.00036343389081,
                71.0448759157014
              ],
              [
                52.00053086694346,
                71.04480431198299
              ],
              [
                52.00031655974377,
                71.04474836989202
              ],
              [
                52.000483991856214,
                71.0446767662051
              ],
              [
                52.000269686221344,
                71.0446208240444
              ],
              [
                52.00043711739359,
                71.04454922038893
              ],
              [
                52.00022281332351,
                71.0444932781585
              ],
              [
                52.00089252673691,
                71.04420686263363
              ],
              [
                52.00067822516849,
                71.04415092094236
              ],
              [
                52.00151534031705,
                71.0437928986926
              ],
              [
                52.00172964032389,
                71.04384883936903
              ],
              [
                52.004408193408814,
                71.04270313611453
              ],
              [
                52.004193898399876,
                71.04264719868537
              ],
              [
                52.00436129763588,
                71.04257559097748
              ],
              [
                52.00414700419154,
                71.04251965347856
              ],
              [
                52.00431440248777,
                71.04244804580219
              ],
              [
                52.004100110608,
                71.0423921082335
              ],
              [
                52.00426750796446,
                71.04232050058859
              ],
              [
                52.00405321764924,
                71.04226456295014
              ],
              [
                52.004220614065936,
                71.04219295533672
              ],
              [
                52.00400632531526,
                71.04213701762852
              ],
              [
                52.0041737207922,
                71.04206541004658
              ],
              [
                52.00695956815743,
                71.04279257634296
              ],
              [
                52.00679217674238,
                71.04286418656315
              ],
              [
                52.007006481771256,
                71.04292012072594
              ],
              [
                52.00633690483904,
                71.04320656070405
              ],
              [
                52.00697983118942,
                71.0433743639913
              ],
              [
                52.00714722636321,
                71.0433027536451
              ],
              [
                52.00864742948873,
                71.04369428368175
              ],
              [
                52.00881482122211,
                71.04362267174345
              ],
              [
                52.00988643088839,
                71.04390232685772
              ],
              [
                52.00971904071832,
                71.04397393981075
              ],
              [
                52.01229103540636,
                71.0446450866968
              ],
              [
                52.01212364773702,
                71.04471670191388
              ],
              [
                52.01233798908082,
                71.04477262925084
              ],
              [
                52.011501033512154,
                71.04513070377975
              ],
              [
                52.01128669060431,
                71.04507477542799
              ],
              [
                52.0107845012955,
                71.0452896174794
              ],
              [
                52.010998845141714,
                71.04534554644005
              ],
              [
                52.0106640466324,
                71.04548877402311
              ],
              [
                52.01087839235666,
                71.04554470311687
              ],
              [
                52.01037618613723,
                71.04575954381464
              ],
              [
                52.010161839474634,
                71.04570361411196
              ],
              [
                52.00898997893399,
                71.04620490165227
              ],
              [
                52.008775631334736,
                71.04614897025598
              ],
              [
                52.00844080213864,
                71.04629219331852
              ],
              [
                52.00822645516658,
                71.04623626124348
              ],
              [
                52.008059038376885,
                71.04630787231459
              ],
              [
                52.00848773419904,
                71.04641973659787
              ],
              [
                52.00765063458775,
                71.0467777914114
              ],
              [
                52.007436284486865,
                71.04672185839125
              ],
              [
                52.007268860493866,
                71.04679346863658
              ],
              [
                52.00705451133301,
                71.04673753514066
              ],
              [
                52.00655223089975,
                71.0469523642389
              ],
              [
                52.00569484303174,
                71.0467286250914
              ],
              [
                52.00552741246471,
                71.04680023363592
              ],
              [
                52.00467004338986,
                71.04657648931193
              ],
              [
                52.004167740421536,
                71.04679131148073
              ],
              [
                52.00395340034699,
                71.04673537410882
              ],
              [
                52.00378596320623,
                71.04680698095244
              ],
              [
                52.00357162407189,
                71.04675104310478
              ],
              [
                52.00340418536586,
                71.04682264957391
              ],
              [
                52.00318984717177,
                71.04676671125048
              ],
              [
                52.00302240690049,
                71.04683831734515
              ],
              [
                52.00280806964667,
                71.04678237854594
              ],
              [
                52.002640627810145,
                71.0468539842661
              ],
              [
                52.002426291496604,
                71.04679804499114
              ],
              [
                52.00225884809486,
                71.04686965033682
              ],
              [
                52.002044512721625,
                71.0468137105861
              ],
              [
                52.00187706775465,
                71.04688531555728
              ],
              [
                52.00166273332175,
                71.0468293753308
              ],
              [
                52.00149528678957,
                71.04690097992747
              ]
            ]
          ]
        ]
      },
      "properties": {
        "id": "393a0601fe495804",
        "class": "floe_instance_candidate",
        "ice_identity": "optical_candidate",
        "grounding": "unverified",
        "confirmed_stamukha": false,
        "confidence": "low",
        "review_status": "unreviewed",
        "region": "barents",
        "observed_at": "2026-02-26T08:30:14.044000Z",
        "source_id": "S2C_T39WWU_20260226T082919_L2A",
        "source_collection": "sentinel-2-c1-l2a",
        "source_level": "L2A",
        "area_m2": 136800.0,
        "equivalent_diameter_m": 417.35,
        "longitude": 52.0055415,
        "latitude": 71.044888,
        "truncated": false,
        "minimum_threshold_iou": 0.807,
        "threshold_stable": true,
        "inferred_boundary_fraction": 0.652,
        "touching_floes_may_be_split": true,
        "isolated_stable_candidate": false,
        "low_sun": true,
        "sun_elevation_deg": 10.604148666102503,
        "processing_method": "distance_watershed_experimental_v1",
        "native_green_m": 10,
        "native_swir_m": 20,
        "notice": "Candidate outline; shape splitting can divide one floe or merge multiple floes; 30 m completeness unvalidated"
      }
    },
    {
      "type": "Feature",
      "geometry": {
        "type": "MultiPolygon",
        "coordinates": [
          [
            [
              [
                51.99808916080515,
                71.02813811391653
              ],
              [
                51.997660934733425,
                71.02802622044082
              ],
              [
                51.997828230645716,
                71.02795461747287
              ],
              [
                51.997400010198696,
                71.02784272331286
              ],
              [
                51.99756730548392,
                71.02777112057913
              ],
              [
                51.99713909066148,
                71.02765922573481
              ],
              [
                51.997306385319604,
                71.02758762323528
              ],
              [
                51.99495129661983,
                71.02697218434119
              ],
              [
                51.99478399853468,
                71.02704378461
              ],
              [
                51.99435581621979,
                71.02693188268181
              ],
              [
                51.99452311492789,
                71.02686028281857
              ],
              [
                51.99430902595727,
                71.02680433164859
              ],
              [
                51.9944763237266,
                71.02673273181678
              ],
              [
                51.99426223631768,
                71.02667678057716
              ],
              [
                51.994429533148235,
                71.0266051807767
              ],
              [
                51.99421544730098,
                71.02654922946745
              ],
              [
                51.99438274319278,
                71.0264776296984
              ],
              [
                51.994168658907164,
                71.0264216783195
              ],
              [
                51.99433595386022,
                71.02635007858184
              ],
              [
                51.99412187113622,
                71.02629412713328
              ],
              [
                51.99428916515054,
                71.026222527427
              ],
              [
                51.993646925413834,
                71.02605467205512
              ],
              [
                51.993814219112245,
                71.02598307278582
              ],
              [
                51.9936001420117,
                71.02592712065311
              ],
              [
                51.993767434771385,
                71.02585552141518
              ],
              [
                51.993553359232365,
                71.02579956921285
              ],
              [
                51.99372065105333,
                71.02572797000632
              ],
              [
                51.99307843287106,
                71.02556011237314
              ],
              [
                51.99324572437607,
                71.02548851360353
              ],
              [
                51.99303165446018,
                71.0254325607171
              ],
              [
                51.99319894502647,
                71.02536096197889
              ],
              [
                51.99298487667201,
                71.0253050090228
              ],
              [
                51.993152166299595,
                71.02523341031596
              ],
              [
                51.99293809950653,
                71.02517745729027
              ],
              [
                51.993105388195424,
                71.02510585861478
              ],
              [
                51.99289132296375,
                71.02504990551945
              ],
              [
                51.993225897214145,
                71.0249067080599
              ],
              [
                51.993439961823135,
                71.02496266074968
              ],
              [
                51.993607246761975,
                71.02489106156003
              ],
              [
                51.993821312309606,
                71.02494701377464
              ],
              [
                51.99398859568708,
                71.02487541421085
              ],
              [
                51.99441672990955,
                71.02498731741726
              ],
              [
                51.99458401141426,
                71.02491571727653
              ],
              [
                51.99479808008908,
                71.02497166826834
              ],
              [
                51.99496536003239,
                71.02490006775345
              ],
              [
                51.99539350050917,
                71.02501196851432
              ],
              [
                51.99556077857961,
                71.02494036742252
              ],
              [
                51.99598892343343,
                71.02505226668815
              ],
              [
                51.996156199630974,
                71.02498066501943
              ],
              [
                51.99658434886178,
                71.02509256278981
              ],
              [
                51.996417073287205,
                71.02516416486408
              ],
              [
                51.996845228140984,
                71.0252760619503
              ],
              [
                51.99701250309255,
                71.02520445947046
              ],
              [
                51.998082910544504,
                71.02548419640446
              ],
              [
                51.99825018268831,
                71.02541259273944
              ],
              [
                51.99953471101181,
                71.02574826685284
              ],
              [
                51.999367440737686,
                71.02581987173447
              ],
              [
                51.99979562746911,
                71.02593176133148
              ],
              [
                51.99962835656824,
                71.02600336644731
              ],
              [
                51.99984245212072,
                71.02605931103987
              ],
              [
                51.99967518028143,
                71.02613091618711
              ],
              [
                52.00010337576,
                71.02624280496042
              ],
              [
                51.99993610329397,
                71.02631441034185
              ],
              [
                52.00057840682268,
                71.02648224206659
              ],
              [
                52.00074567835359,
                71.02641063607683
              ],
              [
                52.00117388633323,
                71.02652252212539
              ],
              [
                52.00100661542578,
                71.02659412852068
              ],
              [
                52.001648937706456,
                71.02676195615823
              ],
              [
                52.00148166648414,
                71.02683356299052
              ],
              [
                52.00190988821223,
                71.02694544712531
              ],
              [
                52.00174261636332,
                71.02701705419182
              ],
              [
                52.00195672941442,
                71.02707299605326
              ],
              [
                52.0017894566271,
                71.02714460315119
              ],
              [
                52.00200357124019,
                71.02720054494294
              ],
              [
                52.00166902253853,
                71.0273437590303
              ],
              [
                52.001454907301856,
                71.02728781683301
              ],
              [
                52.001287630763905,
                71.0273594234169
              ],
              [
                52.00107351646568,
                71.02730348074432
              ],
              [
                52.00023711346342,
                71.02766151007944
              ],
              [
                52.00002299885667,
                71.02760556612043
              ],
              [
                51.999855714193686,
                71.02767717127058
              ],
              [
                51.99964160052549,
                71.02762122683627
              ],
              [
                51.998470570693875,
                71.02812245666931
              ],
              [
                51.99825645609413,
                71.02806651054297
              ],
              [
                51.99808916080515,
                71.02813811391653
              ]
            ]
          ]
        ]
      },
      "properties": {
        "id": "fe9507e064deb85b",
        "class": "floe_instance_candidate",
        "ice_identity": "optical_candidate",
        "grounding": "unverified",
        "confirmed_stamukha": false,
        "confidence": "low",
        "review_status": "unreviewed",
        "region": "barents",
        "observed_at": "2026-02-26T08:30:14.044000Z",
        "source_id": "S2C_T39WWU_20260226T082919_L2A",
        "source_collection": "sentinel-2-c1-l2a",
        "source_level": "L2A",
        "area_m2": 62800.0,
        "equivalent_diameter_m": 282.77,
        "longitude": 51.997273,
        "latitude": 71.0264132,
        "truncated": false,
        "minimum_threshold_iou": 0.924,
        "threshold_stable": true,
        "inferred_boundary_fraction": 0.598,
        "touching_floes_may_be_split": true,
        "isolated_stable_candidate": false,
        "low_sun": true,
        "sun_elevation_deg": 10.604148666102503,
        "processing_method": "distance_watershed_experimental_v1",
        "native_green_m": 10,
        "native_swir_m": 20,
        "notice": "Candidate outline; shape splitting can divide one floe or merge multiple floes; 30 m completeness unvalidated"
      }
    },
    {
      "type": "Feature",
      "geometry": {
        "type": "MultiPolygon",
        "coordinates": [
          [
            [
              [
                52.02475924180303,
                71.03222032219006
              ],
              [
                52.0239023006881,
                71.0319966689203
              ],
              [
                52.024069533173694,
                71.03192504078159
              ],
              [
                52.023212613319814,
                71.03170138395956
              ],
              [
                52.02337984580643,
                71.0316297564608
              ],
              [
                52.02295139400861,
                71.03151792681909
              ],
              [
                52.02311862587042,
                71.03144629955467
              ],
              [
                52.02290440216018,
                71.03139038452758
              ],
              [
                52.02307163308432,
                71.03131875729471
              ],
              [
                52.02285741093745,
                71.0312628421977
              ],
              [
                52.02302464092393,
                71.03119121499637
              ],
              [
                52.022810420340406,
                71.03113529982947
              ],
              [
                52.02297764938925,
                71.03106367265973
              ],
              [
                52.02276343036906,
                71.03100775742288
              ],
              [
                52.02293065848026,
                71.03093613028469
              ],
              [
                52.022716441023384,
                71.03088021497794
              ],
              [
                52.02288366819695,
                71.0308085878713
              ],
              [
                52.02266945230335,
                71.03075267249463
              ],
              [
                52.0228366785393,
                71.03068104541956
              ],
              [
                52.02262246420896,
                71.03062512997299
              ],
              [
                52.022789689507306,
                71.03055350292945
              ],
              [
                52.02257547674021,
                71.03049758741298
              ],
              [
                52.0229099242113,
                71.03035433321782
              ],
              [
                52.022695713320225,
                71.0302984178342
              ],
              [
                52.02286293549301,
                71.03022679068258
              ],
              [
                52.022648726165116,
                71.03017087522905
              ],
              [
                52.023150386119696,
                71.02995599335506
              ],
              [
                52.02336459450915,
                71.03001190820024
              ],
              [
                52.0235318116805,
                71.0299402803637
              ],
              [
                52.02374602100744,
                71.02999619473344
              ],
              [
                52.023913236615634,
                71.02992456652288
              ],
              [
                52.02369902760153,
                71.02986865235594
              ],
              [
                52.023866242272234,
                71.02979702417697
              ],
              [
                52.023223623670276,
                71.02962928064835
              ],
              [
                52.02339083802917,
                71.02955765290646
              ],
              [
                52.0227482316182,
                71.02938990753202
              ],
              [
                52.02291544566521,
                71.02931828022724
              ],
              [
                52.02248704826811,
                71.02920644901981
              ],
              [
                52.02265426169042,
                71.02913482194933
              ],
              [
                52.02244006517999,
                71.02907890613938
              ],
              [
                52.02260727766484,
                71.02900727910044
              ],
              [
                52.0223930827174,
                71.02895136322057
              ],
              [
                52.022560294264785,
                71.02887973621318
              ],
              [
                52.0223461008803,
                71.02882382026341
              ],
              [
                52.022513311490236,
                71.0287521932876
              ],
              [
                52.02229911966869,
                71.02869627726791
              ],
              [
                52.0224663293412,
                71.02862465032364
              ],
              [
                52.02225213908256,
                71.02856873423406
              ],
              [
                52.02241934781764,
                71.02849710732133
              ],
              [
                52.02199097167629,
                71.02838527472973
              ],
              [
                52.02232538664693,
                71.02824202120165
              ],
              [
                52.0221112010769,
                71.02818610490236
              ],
              [
                52.02227840699975,
                71.02811447808426
              ],
              [
                52.02206422299255,
                71.0280585617151
              ],
              [
                52.02223142797802,
                71.02798693492853
              ],
              [
                52.02201724553362,
                71.0279310184895
              ],
              [
                52.02218444958171,
                71.02785939173445
              ],
              [
                52.02197026870009,
                71.02780347522551
              ],
              [
                52.02213747181081,
                71.02773184850204
              ],
              [
                52.021923292491934,
                71.0276759319232
              ],
              [
                52.022090494665306,
                71.02760430523125
              ],
              [
                52.02187631690917,
                71.02754838858249
              ],
              [
                52.02204351814519,
                71.0274767619221
              ],
              [
                52.021829341951765,
                71.02742084520348
              ],
              [
                52.021996542250456,
                71.0273492185746
              ],
              [
                52.02178236761972,
                71.02729330178607
              ],
              [
                52.02194956698108,
                71.02722167518876
              ],
              [
                52.02173539391301,
                71.02716575833034
              ],
              [
                52.02190259233704,
                71.02709413176454
              ],
              [
                52.02168842083163,
                71.02703821483627
              ],
              [
                52.02202281455512,
                71.02689496159653
              ],
              [
                52.021808644924995,
                71.02683904480108
              ],
              [
                52.02214303427404,
                71.02669579128205
              ],
              [
                52.021928866519154,
                71.02663987461943
              ],
              [
                52.02209605963146,
                71.02656824780584
              ],
              [
                52.02166772849673,
                71.02645641406822
              ],
              [
                52.022002112222246,
                71.02631316073843
              ],
              [
                52.021787949155,
                71.02625724386614
              ],
              [
                52.02212232850632,
                71.02611399025699
              ],
              [
                52.02190816731421,
                71.02605807351755
              ],
              [
                52.022075355427745,
                71.02598644665889
              ],
              [
                52.0218611957981,
                71.02593052984959
              ],
              [
                52.02219556890098,
                71.02578727602418
              ],
              [
                52.02198141114642,
                71.02573135934772
              ],
              [
                52.02214859613579,
                71.02565973238093
              ],
              [
                52.02193443994365,
                71.02560381563455
              ],
              [
                52.022268806798316,
                71.02546056159292
              ],
              [
                52.022054652481195,
                71.02540464497939
              ],
              [
                52.02222183434651,
                71.02533301790447
              ],
              [
                52.022435988351006,
                71.02538893431529
              ],
              [
                52.02277034770717,
                71.02524567924647
              ],
              [
                52.02298450233612,
                71.02530159497921
              ],
              [
                52.023151679826945,
                71.0252299669853
              ],
              [
                52.02336583539296,
                71.02528588224268
              ],
              [
                52.02353301132141,
                71.02521425387486
              ],
              [
                52.02374716782446,
                71.02527016865692
              ],
              [
                52.02391434219051,
                71.02519853991518
              ],
              [
                52.02412849963058,
                71.02525445422187
              ],
              [
                52.02429567243422,
                71.02518282510626
              ],
              [
                52.02450983081128,
                71.0252387389376
              ],
              [
                52.02467700205251,
                71.02516710944809
              ],
              [
                52.02489116136655,
                71.02522302280407
              ],
              [
                52.025058331045344,
                71.02515139294066
              ],
              [
                52.025272491296334,
                71.0252073058213
              ],
              [
                52.02543965941269,
                71.02513567558402
              ],
              [
                52.02865220845055,
                71.02597433303522
              ],
              [
                52.0284850450268,
                71.02604596631332
              ],
              [
                52.029127589516015,
                71.02621369104988
              ],
              [
                52.0289604257813,
                71.026285324765
              ],
              [
                52.029174610090216,
                71.02634123266789
              ],
              [
                52.02900744541867,
                71.02641286641457
              ],
              [
                52.02922163129034,
                71.02646877424752
              ],
              [
                52.029054465681945,
                71.0265404080258
              ],
              [
                52.02991122291878,
                71.02676403744162
              ],
              [
                52.029744057312485,
                71.02683567185963
              ],
              [
                52.0299582500593,
                71.02689157873462
              ],
              [
                52.02979108351615,
                71.02696321318423
              ],
              [
                52.03043367019486,
                71.02713093278116
              ],
              [
                52.03026650334092,
                71.02720256766781
              ],
              [
                52.03069490133557,
                71.0273143797744
              ],
              [
                52.03052773385782,
                71.02738601489537
              ],
              [
                52.03074193504307,
                71.02744192074235
              ],
              [
                52.03057476662846,
                71.02751355589491
              ],
              [
                52.03100317337487,
                71.02762536717621
              ],
              [
                52.03083600433647,
                71.02769700256309
              ],
              [
                52.031264416708844,
                71.02780881315904
              ],
              [
                52.03109724704666,
                71.02788044878024
              ],
              [
                52.0313114554209,
                71.02793635387188
              ],
              [
                52.031144284821835,
                71.02800798952467
              ],
              [
                52.03178691838381,
                71.02817570377154
              ],
              [
                52.031452575314376,
                71.0283189757801
              ],
              [
                52.03166678962798,
                71.0283748803891
              ],
              [
                52.031499616531356,
                71.02844651633939
              ],
              [
                52.032142267911844,
                71.02861422913824
              ],
              [
                52.032309440069014,
                71.0285425925797
              ],
              [
                52.034237458895305,
                71.02904571442394
              ],
              [
                52.03407028955709,
                71.02911735280716
              ],
              [
                52.034712985940544,
                71.02928505578738
              ],
              [
                52.03454581629207,
                71.02935669460773
              ],
              [
                52.03476005123343,
                71.02941259525838
              ],
              [
                52.03459288064811,
                71.02948423411033
              ],
              [
                52.034807117152916,
                71.02954013469096
              ],
              [
                52.033135345672726,
                71.03025651582522
              ],
              [
                52.033349586560604,
                71.03031241816065
              ],
              [
                52.033182402849576,
                71.03038405553552
              ],
              [
                52.033396645300996,
                71.03043995780094
              ],
              [
                52.03189193845716,
                71.0310846882976
              ],
              [
                52.03210618497823,
                71.03114059211516
              ],
              [
                52.03193898939037,
                71.03121222818396
              ],
              [
                52.032153237475086,
                71.03126813193155
              ],
              [
                52.03165164414879,
                71.03148303971928
              ],
              [
                52.03143739512435,
                71.03142713536337
              ],
              [
                52.03127019453483,
                71.0314987707475
              ],
              [
                52.031055946447616,
                71.03144286591608
              ],
              [
                52.03088874429443,
                71.03151450092624
              ],
              [
                52.03067449714446,
                71.03145859561926
              ],
              [
                52.03050729342762,
                71.03153023025548
              ],
              [
                52.030293047214904,
                71.03147432447297
              ],
              [
                52.030125841934435,
                71.03154595873524
              ],
              [
                52.029911596659,
                71.0314900524772
              ],
              [
                52.029075549933644,
                71.03184822020673
              ],
              [
                52.02886130434295,
                71.03179231266202
              ],
              [
                52.02869409093325,
                71.03186394549158
              ],
              [
                52.02847984627996,
                71.03180803747135
              ],
              [
                52.02831263130662,
                71.03187966992691
              ],
              [
                52.02809838759074,
                71.03182376143113
              ],
              [
                52.02742951393964,
                71.03211028873022
              ],
              [
                52.027215270221966,
                71.03205437915055
              ],
              [
                52.02704804836973,
                71.03212601034453
              ],
              [
                52.026833805589575,
                71.03207010028935
              ],
              [
                52.02666658217372,
                71.03214173110929
              ],
              [
                52.02645234033108,
                71.03208582057859
              ],
              [
                52.02628511535162,
                71.03215745102452
              ],
              [
                52.02607087444654,
                71.03210154001827
              ],
              [
                52.02590364790347,
                71.03217317009023
              ],
              [
                52.025689407935964,
                71.03211725860844
              ],
              [
                52.025522179829295,
                71.03218888830637
              ],
              [
                52.0253079407994,
                71.03213297634906
              ],
              [
                52.02514071112914,
                71.032204605673
              ],
              [
                52.024926473036864,
                71.03214869324015
              ],
              [
                52.02475924180303,
                71.03222032219006
              ]
            ]
          ]
        ]
      },
      "properties": {
        "id": "e34077f989a42205",
        "class": "floe_instance_candidate",
        "ice_identity": "optical_candidate",
        "grounding": "unverified",
        "confirmed_stamukha": false,
        "confidence": "low",
        "review_status": "unreviewed",
        "region": "barents",
        "observed_at": "2026-02-26T08:30:14.044000Z",
        "source_id": "S2C_T39WWU_20260226T082919_L2A",
        "source_collection": "sentinel-2-c1-l2a",
        "source_level": "L2A",
        "area_m2": 239900.0,
        "equivalent_diameter_m": 552.68,
        "longitude": 52.0271191,
        "latitude": 71.0288343,
        "truncated": false,
        "minimum_threshold_iou": 0.952,
        "threshold_stable": true,
        "inferred_boundary_fraction": 0.601,
        "touching_floes_may_be_split": true,
        "isolated_stable_candidate": false,
        "low_sun": true,
        "sun_elevation_deg": 10.604148666102503,
        "processing_method": "distance_watershed_experimental_v1",
        "native_green_m": 10,
        "native_swir_m": 20,
        "notice": "Candidate outline; shape splitting can divide one floe or merge multiple floes; 30 m completeness unvalidated"
      }
    },
    {
      "type": "Feature",
      "geometry": {
        "type": "MultiPolygon",
        "coordinates": [
          [
            [
              [
                52.03419039798235,
                71.02891817473616
              ],
              [
                52.03311927172805,
                71.02863866497786
              ],
              [
                52.03328644044555,
                71.02856702746881
              ],
              [
                52.03221534700848,
                71.02828751190582
              ],
              [
                52.03238251604188,
                71.02821587523934
              ],
              [
                52.03216830141769,
                71.02815997151129
              ],
              [
                52.03200113207114,
                71.02823160797503
              ],
              [
                52.03178691838381,
                71.02817570377154
              ],
              [
                52.031954088043506,
                71.02810406751053
              ],
              [
                52.0313114554209,
                71.02793635387188
              ],
              [
                52.031478624769974,
                71.02786471804795
              ],
              [
                52.031264416708844,
                71.02780881315904
              ],
              [
                52.03143158512106,
                71.02773717736672
              ],
              [
                52.03100317337487,
                71.02762536717621
              ],
              [
                52.03117034116333,
                71.02755373161821
              ],
              [
                52.03074193504307,
                71.02744192074235
              ],
              [
                52.03090910220776,
                71.02737028541866
              ],
              [
                52.03069490133557,
                71.0273143797744
              ],
              [
                52.030862067563405,
                71.0272427444823
              ],
              [
                52.03043367019486,
                71.02713093278116
              ],
              [
                52.030600835798914,
                71.02705929772335
              ],
              [
                52.0299582500593,
                71.02689157873462
              ],
              [
                52.03012541535258,
                71.02681994411387
              ],
              [
                52.02991122291878,
                71.02676403744162
              ],
              [
                52.030078387275225,
                71.02669240285245
              ],
              [
                52.029435818411834,
                71.02652468180779
              ],
              [
                52.02960298245745,
                71.02645304765564
              ],
              [
                52.029388795648934,
                71.0263971402981
              ],
              [
                52.029555958757726,
                71.02632550617753
              ],
              [
                52.029127589516015,
                71.02621369104988
              ],
              [
                52.02929475200095,
                71.02614205716361
              ],
              [
                52.029080569567725,
                71.02608614939348
              ],
              [
                52.02924773111585,
                71.02601451553879
              ],
              [
                52.02903355024533,
                71.02595860769873
              ],
              [
                52.02920071085665,
                71.0258869738756
              ],
              [
                52.02877235349072,
                71.02577515778287
              ],
              [
                52.028939513478186,
                71.02570352419404
              ],
              [
                52.02872533698274,
                71.0256476159414
              ],
              [
                52.02889249603341,
                71.02557598238411
              ],
              [
                52.02846414741746,
                71.02546416546626
              ],
              [
                52.02863130584426,
                71.02539253214329
              ],
              [
                52.02841713372372,
                71.0253366234781
              ],
              [
                52.028584291213754,
                71.02526499018667
              ],
              [
                52.02837012065578,
                71.02520908145152
              ],
              [
                52.02853727720905,
                71.02513744819169
              ],
              [
                52.02832310821362,
                71.02508153938656
              ],
              [
                52.02849026383012,
                71.02500990615832
              ],
              [
                52.02806193021393,
                71.02489808813554
              ],
              [
                52.028229085206576,
                71.02482645514156
              ],
              [
                52.02801492058577,
                71.02477054592393
              ],
              [
                52.02818207464167,
                71.02469891296148
              ],
              [
                52.02796791158333,
                71.0246430036739
              ],
              [
                52.0281350647025,
                71.02457137074303
              ],
              [
                52.027920903206585,
                71.02451546138552
              ],
              [
                52.028255206321916,
                71.02437219541576
              ],
              [
                52.028041046701276,
                71.02431628619101
              ],
              [
                52.02820819669747,
                71.02424465315212
              ],
              [
                52.02799403863922,
                71.02418874385742
              ],
              [
                52.02849548206919,
                71.02397384432203
              ],
              [
                52.02828132619899,
                71.0239179353628
              ],
              [
                52.02844847182283,
                71.02384630204476
              ],
              [
                52.028234317514965,
                71.02379039301557
              ],
              [
                52.02873574782819,
                71.02357549264273
              ],
              [
                52.02852159570832,
                71.02351958394902
              ],
              [
                52.02868873696002,
                71.02344795035184
              ],
              [
                52.02847458640242,
                71.02339204158815
              ],
              [
                52.02864172671753,
                71.02332040802254
              ],
              [
                52.02842757772217,
                71.02326449918893
              ],
              [
                52.0292632621211,
                71.02290632980734
              ],
              [
                52.02947740955222,
                71.0229622376275
              ],
              [
                52.02964454237107,
                71.02289060303511
              ],
              [
                52.02985869073867,
                71.02294651037995
              ],
              [
                52.03002582199529,
                71.02287487541378
              ],
              [
                52.030239971299345,
                71.02293078228328
              ],
              [
                52.030407100993735,
                71.0228591469433
              ],
              [
                52.03062125123424,
                71.02291505333748
              ],
              [
                52.030788379366385,
                71.0228434176237
              ],
              [
                52.0310025305433,
                71.02289932354256
              ],
              [
                52.031671029327065,
                71.02261277816558
              ],
              [
                52.031885180501526,
                71.02266868300107
              ],
              [
                52.03205230176128,
                71.0225970460264
              ],
              [
                52.03226645387206,
                71.02265295038654
              ],
              [
                52.03243357356956,
                71.02258131303807
              ],
              [
                52.03264772661664,
                71.02263721692293
              ],
              [
                52.03281484475188,
                71.02256557920067
              ],
              [
                52.03302899873523,
                71.02262148261019
              ],
              [
                52.03319611530821,
                71.02254984451415
              ],
              [
                52.033624426396685,
                71.02266165010982
              ],
              [
                52.033791541094345,
                71.02259001143739
              ],
              [
                52.03400569819944,
                71.02264591362355
              ],
              [
                52.034172811334805,
                71.02257427457734
              ],
              [
                52.03502945099553,
                71.02279787978465
              ],
              [
                52.03486233911247,
                71.02286951964155
              ],
              [
                52.03529066706466,
                71.02298132101451
              ],
              [
                52.03512355455854,
                71.02305296110572
              ],
              [
                52.03533772072168,
                71.02310886158587
              ],
              [
                52.03517060727937,
                71.02318050170865
              ],
              [
                52.03688398406536,
                71.02362769735464
              ],
              [
                52.03671687187902,
                71.0236993389278
              ],
              [
                52.036931049912546,
                71.02375523735913
              ],
              [
                52.036763936790045,
                71.02382687896386
              ],
              [
                52.03826322020021,
                71.02421816176614
              ],
              [
                52.03809610802105,
                71.02428980461863
              ],
              [
                52.038310296676286,
                71.02434570127367
              ],
              [
                52.03814318356098,
                71.02441734415777
              ],
              [
                52.03835737377896,
                71.02447324074276
              ],
              [
                52.038190259727514,
                71.02454488365845
              ],
              [
                52.03840445150824,
                71.02460078017344
              ],
              [
                52.03823733652062,
                71.02467242312075
              ],
              [
                52.038451529864126,
                71.02472831956568
              ],
              [
                52.03828441394033,
                71.02479996254463
              ],
              [
                52.03807022028352,
                71.024744065897
              ],
              [
                52.037568864075254,
                71.0249589931993
              ],
              [
                52.037997254518174,
                71.02507078743798
              ],
              [
                52.03783013390964,
                71.02514242993533
              ],
              [
                52.0380443313187,
                71.0251983268483
              ],
              [
                52.03787720977391,
                71.02526996937722
              ],
              [
                52.0389482171293,
                71.02554945086456
              ],
              [
                52.039115337107404,
                71.02547780732213
              ],
              [
                52.039329542013846,
                71.0255337025987
              ],
              [
                52.039496660429,
                71.02546205868249
              ],
              [
                52.03992507336385,
                71.025573848012
              ],
              [
                52.04009218990264,
                71.02550220351932
              ],
              [
                52.04030639793102,
                71.02555809757229
              ],
              [
                52.04064062663307,
                71.02541480766837
              ],
              [
                52.04085483528415,
                71.02547070104316
              ],
              [
                52.04102194744741,
                71.02539905563192
              ],
              [
                52.041664579957626,
                71.02556673351175
              ],
              [
                52.041497468734754,
                71.02563837953109
              ],
              [
                52.04171168238408,
                71.02569427181488
              ],
              [
                52.04154457022513,
                71.02576591786584
              ],
              [
                52.04175878543752,
                71.02582181007959
              ],
              [
                52.04159167234247,
                71.0258934561622
              ],
              [
                52.04180588911795,
                71.02594934830586
              ],
              [
                52.04163877508678,
                71.02602099442011
              ],
              [
                52.042067213013596,
                71.02613277829455
              ],
              [
                52.04190009835981,
                71.02620442464313
              ],
              [
                52.04232854191219,
                71.02631620783191
              ],
              [
                52.04216142663581,
                71.02638785441485
              ],
              [
                52.04237565060001,
                71.02644374580278
              ],
              [
                52.0422085343875,
                71.02651539241732
              ],
              [
                52.04263698669199,
                71.02662717478029
              ],
              [
                52.04246986985689,
                71.02669882162921
              ],
              [
                52.04268409819723,
                71.02675471260423
              ],
              [
                52.042516980425994,
                71.0268263594848
              ],
              [
                52.0427312103296,
                71.02688225038973
              ],
              [
                52.042564091622204,
                71.02695389730195
              ],
              [
                52.0427783230891,
                71.02700978813682
              ],
              [
                52.04261120344555,
                71.02708143508067
              ],
              [
                52.042825436475766,
                71.02713732584549
              ],
              [
                52.04265831589604,
                71.02720897282099
              ],
              [
                52.04287255048959,
                71.0272648635157
              ],
              [
                52.042538306208016,
                71.02740815735898
              ],
              [
                52.042324070987306,
                71.02735226625883
              ],
              [
                52.04215694665827,
                71.02742391272115
              ],
              [
                52.04194271237379,
                71.02736802114552
              ],
              [
                52.0417755864814,
                71.02743966723406
              ],
              [
                52.04156135313317,
                71.02738377518294
              ],
              [
                52.04139422567743,
                71.0274554208977
              ],
              [
                52.041179993265466,
                71.02739952837108
              ],
              [
                52.039341505314184,
                71.02818761771232
              ],
              [
                52.039127270703666,
                71.02813172268299
              ],
              [
                52.03896012762258,
                71.0282033659393
              ],
              [
                52.03874589394854,
                71.02814747043448
              ],
              [
                52.03690723411103,
                71.02893553273124
              ],
              [
                52.03669299823945,
                71.02887963472358
              ],
              [
                52.03652583953168,
                71.02895127552114
              ],
              [
                52.03631160459678,
                71.02889537703801
              ],
              [
                52.03614444432559,
                71.02896701746171
              ],
              [
                52.03593021032741,
                71.02891111850305
              ],
              [
                52.03576304849281,
                71.0289827585529
              ],
              [
                52.035548815431355,
                71.02892685911873
              ],
              [
                52.03538165203336,
                71.02899849879472
              ],
              [
                52.03473895940941,
                71.02883079824743
              ],
              [
                52.034571793821456,
                71.02890243714405
              ],
              [
                52.034357565133654,
                71.02884653621341
              ],
              [
                52.03419039798235,
                71.02891817473616
              ]
            ]
          ]
        ]
      },
      "properties": {
        "id": "f25c2e0c6317dae8",
        "class": "floe_instance_candidate",
        "ice_identity": "optical_candidate",
        "grounding": "unverified",
        "confirmed_stamukha": false,
        "confidence": "low",
        "review_status": "unreviewed",
        "region": "barents",
        "observed_at": "2026-02-26T08:30:14.044000Z",
        "source_id": "S2C_T39WWU_20260226T082919_L2A",
        "source_collection": "sentinel-2-c1-l2a",
        "source_level": "L2A",
        "area_m2": 236300.0,
        "equivalent_diameter_m": 548.51,
        "longitude": 52.0346437,
        "latitude": 71.025814,
        "truncated": false,
        "minimum_threshold_iou": 0.842,
        "threshold_stable": true,
        "inferred_boundary_fraction": 0.678,
        "touching_floes_may_be_split": true,
        "isolated_stable_candidate": false,
        "low_sun": true,
        "sun_elevation_deg": 10.604148666102503,
        "processing_method": "distance_watershed_experimental_v1",
        "native_green_m": 10,
        "native_swir_m": 20,
        "notice": "Candidate outline; shape splitting can divide one floe or merge multiple floes; 30 m completeness unvalidated"
      }
    },
    {
      "type": "Feature",
      "geometry": {
        "type": "MultiPolygon",
        "coordinates": [
          [
            [
              [
                52.08319806126292,
                71.01439234163409
              ],
              [
                52.082341235702664,
                71.01416897447359
              ],
              [
                52.08250809431425,
                71.01409728734129
              ],
              [
                52.08229389135814,
                71.01404144507143
              ],
              [
                52.08296131458799,
                71.01375469564536
              ],
              [
                52.08317551628455,
                71.01381053710527
              ],
              [
                52.083342368658165,
                71.01373884911956
              ],
              [
                52.084199186660406,
                71.01396221142018
              ],
              [
                52.0840323355465,
                71.01403390021584
              ],
              [
                52.08424654348096,
                71.01408974031123
              ],
              [
                52.08391283814028,
                71.01423311779551
              ],
              [
                52.08412704795225,
                71.01428895802302
              ],
              [
                52.083793338251,
                71.01443233522961
              ],
              [
                52.08336491861489,
                71.01432065369177
              ],
              [
                52.08319806126292,
                71.01439234163409
              ]
            ]
          ]
        ]
      },
      "properties": {
        "id": "981d0b353a387fbf",
        "class": "floe_instance_candidate",
        "ice_identity": "optical_candidate",
        "grounding": "unverified",
        "confirmed_stamukha": false,
        "confidence": "low",
        "review_status": "unreviewed",
        "region": "barents",
        "observed_at": "2026-02-26T08:30:14.044000Z",
        "source_id": "S2C_T39WWU_20260226T082919_L2A",
        "source_collection": "sentinel-2-c1-l2a",
        "source_level": "L2A",
        "area_m2": 3400.0,
        "equivalent_diameter_m": 65.8,
        "longitude": 52.0833045,
        "latitude": 71.0140813,
        "truncated": false,
        "minimum_threshold_iou": 0.735,
        "threshold_stable": true,
        "inferred_boundary_fraction": 0.0,
        "touching_floes_may_be_split": false,
        "isolated_stable_candidate": true,
        "low_sun": true,
        "sun_elevation_deg": 10.604148666102503,
        "processing_method": "distance_watershed_experimental_v1",
        "native_green_m": 10,
        "native_swir_m": 20,
        "notice": "Candidate outline; shape splitting can divide one floe or merge multiple floes; 30 m completeness unvalidated"
      }
    },
    {
      "type": "Feature",
      "geometry": {
        "type": "MultiPolygon",
        "coordinates": [
          [
            [
              [
                52.08200127517098,
                71.00647793887985
              ],
              [
                52.08178715877062,
                71.00642209530905
              ],
              [
                52.08195395206834,
                71.00635040784636
              ],
              [
                52.08173983722921,
                71.00629456420518
              ],
              [
                52.081906629594926,
                71.00622287677427
              ],
              [
                52.08169251631699,
                71.00616703306272
              ],
              [
                52.08202609793784,
                71.00602365809388
              ],
              [
                52.08181198653568,
                71.00596781451435
              ],
              [
                52.082645920346025,
                71.00560937511851
              ],
              [
                52.0824318117634,
                71.00555353227826
              ],
              [
                52.08259859510049,
                71.00548184408964
              ],
              [
                52.08238448807898,
                71.005426001179
              ],
              [
                52.082718051642914,
                71.00528262469476
              ],
              [
                52.08250394649708,
                71.00522678191614
              ],
              [
                52.08267072672394,
                71.00515509362049
              ],
              [
                52.08245662313915,
                71.0050992507715
              ],
              [
                52.08262340243416,
                71.00502756250765
              ],
              [
                52.082409300410404,
                71.00497171958827
              ],
              [
                52.08257607877357,
                71.00490003135621
              ],
              [
                52.08236197831082,
                71.00484418836648
              ],
              [
                52.08269553192707,
                71.00470081179535
              ],
              [
                52.082481433339886,
                71.0046449689376
              ],
              [
                52.08298175536009,
                71.00442990340858
              ],
              [
                52.08276765896302,
                71.00437406088523
              ],
              [
                52.083101201373886,
                71.00423068341765
              ],
              [
                52.08267301357708,
                71.00411899836224
              ],
              [
                52.08300655226095,
                71.00397562102181
              ],
              [
                52.083220644907044,
                71.00403146328112
              ],
              [
                52.08338741206495,
                71.00395977415262
              ],
              [
                52.083815600466835,
                71.00407145744819
              ],
              [
                52.08364883393813,
                71.00414314698145
              ],
              [
                52.08429112683209,
                71.00431067048616
              ],
              [
                52.084457892416914,
                71.00423898034575
              ],
              [
                52.08488609328187,
                71.00435066091357
              ],
              [
                52.08521961945394,
                71.00420727931146
              ],
              [
                52.085433721126535,
                71.00426311878142
              ],
              [
                52.085767241684024,
                71.0041197360922
              ],
              [
                52.08598134397352,
                71.00417557488466
              ],
              [
                52.08614810206814,
                71.00410388308178
              ],
              [
                52.08571989936482,
                71.0039922056289
              ],
              [
                52.08588665684256,
                71.00392051406023
              ],
              [
                52.085672557675,
                71.003864675127
              ],
              [
                52.086006069521126,
                71.00372129188268
              ],
              [
                52.08579197222918,
                71.00366545308144
              ],
              [
                52.08612547971978,
                71.00352206955958
              ],
              [
                52.086339576382336,
                71.00357790795609
              ],
              [
                52.086506327943624,
                71.00350621573695
              ],
              [
                52.08672042553767,
                71.00356205365829
              ],
              [
                52.086887175538045,
                71.0034903610662
              ],
              [
                52.08731537383526,
                71.0036020356858
              ],
              [
                52.087482121959965,
                71.0035303425184
              ],
              [
                52.087268022503,
                71.00347450554736
              ],
              [
                52.088601965156954,
                71.00290095568702
              ],
              [
                52.08881606209576,
                71.00295679103914
              ],
              [
                52.089983194294206,
                71.00245492454106
              ],
              [
                52.0901972902754,
                71.00251075820384
              ],
              [
                52.09069747015396,
                71.0022956693967
              ],
              [
                52.090911566436624,
                71.00235150217965
              ],
              [
                52.09207860700659,
                71.00184962091146
              ],
              [
                52.09229270233104,
                71.00190545200515
              ],
              [
                52.093626385708106,
                71.00133186156332
              ],
              [
                52.093840479758995,
                71.0013876907655
              ],
              [
                52.094007184259794,
                71.00131599099068
              ],
              [
                52.09464947294255,
                71.00148347635329
              ],
              [
                52.094816175252575,
                71.00141177580096
              ],
              [
                52.09503027365683,
                71.00146760350721
              ],
              [
                52.09519697440601,
                71.00139590258205
              ],
              [
                52.09541107374108,
                71.00145172981316
              ],
              [
                52.09574447087191,
                71.0013083270467
              ],
              [
                52.095958570822724,
                71.00136415360032
              ],
              [
                52.096125267204364,
                71.00129245175904
              ],
              [
                52.096339368085935,
                71.00134827783751
              ],
              [
                52.09650606290671,
                71.00127657562341
              ],
              [
                52.09693426777712,
                71.0013882265572
              ],
              [
                52.097100960721924,
                71.00131652376795
              ],
              [
                52.097315064710735,
                71.00137234862329
              ],
              [
                52.09748175609464,
                71.00130064546124
              ],
              [
                52.097695861014124,
                71.00135646984141
              ],
              [
                52.09786255083712,
                71.00128476630657
              ],
              [
                52.0982907637832,
                71.00139641384375
              ],
              [
                52.09845745173011,
                71.00132470973378
              ],
              [
                52.09931389131109,
                71.00154800072478
              ],
              [
                52.09948057675148,
                71.00147629563504
              ],
              [
                52.10033703500435,
                71.00169958145122
              ],
              [
                52.10017035082487,
                71.00177128735028
              ],
              [
                52.10038446881785,
                71.00182710832452
              ],
              [
                52.100217783707805,
                71.0018988142555
              ],
              [
                52.10128839393661,
                71.00217791604545
              ],
              [
                52.10112170915713,
                71.0022496228176
              ],
              [
                52.10133583525577,
                71.00230544255933
              ],
              [
                52.101169149545726,
                71.00237714936337
              ],
              [
                52.10159740611129,
                71.00248878843288
              ],
              [
                52.10143071978599,
                71.00256049547113
              ],
              [
                52.101858981965826,
                71.00267213385382
              ],
              [
                52.10169229502531,
                71.0027438411263
              ],
              [
                52.10190642829946,
                71.00279966011067
              ],
              [
                52.10173974042835,
                71.00287136741503
              ],
              [
                52.101953875263796,
                71.00292718632886
              ],
              [
                52.1017871864621,
                71.0029988936651
              ],
              [
                52.10221546050158,
                71.00311053107879
              ],
              [
                52.102048771084675,
                71.00318223864926
              ],
              [
                52.1026911924349,
                71.00334969333012
              ],
              [
                52.10252450271816,
                71.00342140133718
              ],
              [
                52.10273864597564,
                71.00347721922071
              ],
              [
                52.10257195532831,
                71.00354892725966
              ],
              [
                52.10278610014721,
                71.00360474507264
              ],
              [
                52.095450491816095,
                71.00675973891572
              ],
              [
                52.09480801947805,
                71.00659225794544
              ],
              [
                52.094641272118224,
                71.00666395790743
              ],
              [
                52.09399881005326,
                71.00649647387404
              ],
              [
                52.09383206050146,
                71.00656817305833
              ],
              [
                52.09211888065323,
                71.00612153534387
              ],
              [
                52.09195212733427,
                71.00619323273847
              ],
              [
                52.09216627076763,
                71.00624906361018
              ],
              [
                52.09183276102028,
                71.00639245829251
              ],
              [
                52.09161861695684,
                71.006336627016
              ],
              [
                52.09111834204189,
                71.00655171715317
              ],
              [
                52.09090419827991,
                71.00649588499664
              ],
              [
                52.09057067480725,
                71.00663927716381
              ],
              [
                52.090142389762974,
                71.00652761122258
              ],
              [
                52.08997562552687,
                71.00659930664551
              ],
              [
                52.08976148455959,
                71.00654347306323
              ],
              [
                52.08959471876195,
                71.00661516811321
              ],
              [
                52.08873816609862,
                71.00639183024602
              ],
              [
                52.08857139779474,
                71.00646352431583
              ],
              [
                52.08728660430681,
                71.0061285081156
              ],
              [
                52.087119832867195,
                71.00620020080041
              ],
              [
                52.08690570466727,
                71.00614436360976
              ],
              [
                52.08673893166628,
                71.0062160559216
              ],
              [
                52.08652480439808,
                71.00616021825572
              ],
              [
                52.086691577713864,
                71.00608852614627
              ],
              [
                52.08647745200699,
                71.00603268840999
              ],
              [
                52.08631067837641,
                71.00610438031703
              ],
              [
                52.0856683077906,
                71.00593686486407
              ],
              [
                52.08550153196917,
                71.0060085559933
              ],
              [
                52.08485917165784,
                71.00584103747788
              ],
              [
                52.08385848488682,
                71.00627117702747
              ],
              [
                52.083644365387904,
                71.00621533576228
              ],
              [
                52.08331079252899,
                71.0063587138425
              ],
              [
                52.08309667364732,
                71.00630287189969
              ],
              [
                52.082929885033316,
                71.00637456048148
              ],
              [
                52.0827157670836,
                71.00631871806348
              ],
              [
                52.08238218548646,
                71.00646209431035
              ],
              [
                52.08216806815409,
                71.00640625121476
              ],
              [
                52.08200127517098,
                71.00647793887985
              ]
            ]
          ]
        ]
      },
      "properties": {
        "id": "6a33b58e3273ef35",
        "class": "floe_instance_candidate",
        "ice_identity": "optical_candidate",
        "grounding": "unverified",
        "confirmed_stamukha": false,
        "confidence": "low",
        "review_status": "unreviewed",
        "region": "barents",
        "observed_at": "2026-02-26T08:30:14.044000Z",
        "source_id": "S2C_T39WWU_20260226T082919_L2A",
        "source_collection": "sentinel-2-c1-l2a",
        "source_level": "L2A",
        "area_m2": 283900.0,
        "equivalent_diameter_m": 601.23,
        "longitude": 52.0930026,
        "latitude": 71.0041413,
        "truncated": false,
        "minimum_threshold_iou": 0.632,
        "threshold_stable": true,
        "inferred_boundary_fraction": 0.463,
        "touching_floes_may_be_split": true,
        "isolated_stable_candidate": false,
        "low_sun": true,
        "sun_elevation_deg": 10.604148666102503,
        "processing_method": "distance_watershed_experimental_v1",
        "native_green_m": 10,
        "native_swir_m": 20,
        "notice": "Candidate outline; shape splitting can divide one floe or merge multiple floes; 30 m completeness unvalidated"
      }
    },
    {
      "type": "Feature",
      "geometry": {
        "type": "MultiPolygon",
        "coordinates": [
          [
            [
              [
                51.97606813516094,
                70.96689421614322
              ],
              [
                51.97542803672827,
                70.96672627684728
              ],
              [
                51.97559488196005,
                70.966654688712
              ],
              [
                51.9753815186098,
                70.96659870860583
              ],
              [
                51.97554836290764,
                70.96652712050167
              ],
              [
                51.97533500110869,
                70.96647114032616
              ],
              [
                51.97550184447262,
                70.9663995522531
              ],
              [
                51.975288484224954,
                70.96634357200824
              ],
              [
                51.975455326654966,
                70.96627198396628
              ],
              [
                51.97566868659395,
                70.96632796400895
              ],
              [
                51.97583552747268,
                70.96625637559377
              ],
              [
                51.976902344262854,
                70.9665362707237
              ],
              [
                51.97673550492771,
                70.9666078601497
              ],
              [
                51.97694887232227,
                70.96666383856332
              ],
              [
                51.976782032053265,
                70.96673542802044
              ],
              [
                51.97699540099919,
                70.96679140636468
              ],
              [
                51.97682855979632,
                70.96686299585292
              ],
              [
                51.977041930293645,
                70.96691897412782
              ],
              [
                51.9768750881569,
                70.96699056364717
              ],
              [
                51.97623497946659,
                70.96682262740141
              ],
              [
                51.97606813516094,
                70.96689421614322
              ]
            ]
          ]
        ]
      },
      "properties": {
        "id": "36cff27b24247ede",
        "class": "floe_instance_candidate",
        "ice_identity": "optical_candidate",
        "grounding": "unverified",
        "confirmed_stamukha": false,
        "confidence": "low",
        "review_status": "unreviewed",
        "region": "barents",
        "observed_at": "2026-02-26T08:30:14.044000Z",
        "source_id": "S2C_T39WWU_20260226T082919_L2A",
        "source_collection": "sentinel-2-c1-l2a",
        "source_level": "L2A",
        "area_m2": 2900.0,
        "equivalent_diameter_m": 60.77,
        "longitude": 51.9761514,
        "latitude": 70.9666117,
        "truncated": false,
        "minimum_threshold_iou": 0.621,
        "threshold_stable": true,
        "inferred_boundary_fraction": 0.0,
        "touching_floes_may_be_split": false,
        "isolated_stable_candidate": true,
        "low_sun": true,
        "sun_elevation_deg": 10.604148666102503,
        "processing_method": "distance_watershed_experimental_v1",
        "native_green_m": 10,
        "native_swir_m": 20,
        "notice": "Candidate outline; shape splitting can divide one floe or merge multiple floes; 30 m completeness unvalidated"
      }
    },
    {
      "type": "Feature",
      "geometry": {
        "type": "MultiPolygon",
        "coordinates": [
          [
            [
              [
                51.977360913689424,
                70.96250359789032
              ],
              [
                51.97672095012638,
                70.96233566228204
              ],
              [
                51.97688775244713,
                70.96226407238973
              ],
              [
                51.97667443405218,
                70.96220809351281
              ],
              [
                51.97717483448803,
                70.96199332341614
              ],
              [
                51.97760147066827,
                70.9621052796858
              ],
              [
                51.977768267712264,
                70.96203368890728
              ],
              [
                51.97840823037179,
                70.96220162066942
              ],
              [
                51.97824143425377,
                70.96227321205426
              ],
              [
                51.97802811181657,
                70.96221723486957
              ],
              [
                51.977360913689424,
                70.96250359789032
              ]
            ]
          ]
        ]
      },
      "properties": {
        "id": "af440832f916b76f",
        "class": "floe_instance_candidate",
        "ice_identity": "optical_candidate",
        "grounding": "unverified",
        "confirmed_stamukha": false,
        "confidence": "low",
        "review_status": "unreviewed",
        "region": "barents",
        "observed_at": "2026-02-26T08:30:14.044000Z",
        "source_id": "S2C_T39WWU_20260226T082919_L2A",
        "source_collection": "sentinel-2-c1-l2a",
        "source_level": "L2A",
        "area_m2": 1800.0,
        "equivalent_diameter_m": 47.87,
        "longitude": 51.9774224,
        "latitude": 70.9622313,
        "truncated": false,
        "minimum_threshold_iou": 0.667,
        "threshold_stable": true,
        "inferred_boundary_fraction": 0.0,
        "touching_floes_may_be_split": false,
        "isolated_stable_candidate": true,
        "low_sun": true,
        "sun_elevation_deg": 10.604148666102503,
        "processing_method": "distance_watershed_experimental_v1",
        "native_green_m": 10,
        "native_swir_m": 20,
        "notice": "Candidate outline; shape splitting can divide one floe or merge multiple floes; 30 m completeness unvalidated"
      }
    },
    {
      "type": "Feature",
      "geometry": {
        "type": "MultiPolygon",
        "coordinates": [
          [
            [
              [
                -176.5518111886062,
                70.74778631682473
              ],
              [
                -176.55174675801732,
                70.74814929214345
              ],
              [
                -176.5522814074944,
                70.7481602270389
              ],
              [
                -176.55226530195685,
                70.74825097088146
              ],
              [
                -176.5530672810278,
                70.74826737012303
              ],
              [
                -176.55308338283712,
                70.74817662620632
              ],
              [
                -176.5536180338169,
                70.74818755686746
              ],
              [
                -176.5535053353952,
                70.74882276432336
              ],
              [
                -176.55377266980992,
                70.74882822919174
              ],
              [
                -176.55375657067725,
                70.74891897308024
              ],
              [
                -176.554023906485,
                70.7489244375499
              ],
              [
                -176.554007808445,
                70.74901518144847
              ],
              [
                -176.5542751456458,
                70.74902064551937
              ],
              [
                -176.55425904869838,
                70.74911138942805
              ],
              [
                -176.55452638729233,
                70.74911685310022
              ],
              [
                -176.5544941954326,
                70.7492983409231
              ],
              [
                -176.55690027190747,
                70.7493474953616
              ],
              [
                -176.55691635672642,
                70.7492567512352
              ],
              [
                -176.55718369806473,
                70.74926221069751
              ],
              [
                -176.55719978149068,
                70.74917146653179
              ],
              [
                -176.5574671217362,
                70.74917692554594
              ],
              [
                -176.55745103955314,
                70.74926766973634
              ],
              [
                -176.55825306491883,
                70.7492840443121
              ],
              [
                -176.55826914337317,
                70.74919330004766
              ],
              [
                -176.56174458606716,
                70.74926421218201
              ],
              [
                -176.56176064821378,
                70.7491734675823
              ],
              [
                -176.56202798976614,
                70.74917891937301
              ],
              [
                -176.56204405051994,
                70.74908817473403
              ],
              [
                -176.56231139097923,
                70.7490936260766
              ],
              [
                -176.56232745034026,
                70.74900288139837
              ],
              [
                -176.56259478970657,
                70.74900833229285
              ],
              [
                -176.56261084767488,
                70.74891758757533
              ],
              [
                -176.56287818594808,
                70.74892303802172
              ],
              [
                -176.56299057883055,
                70.74828782441759
              ],
              [
                -176.56272324925717,
                70.74828237414376
              ],
              [
                -176.56273930602674,
                70.74819162930935
              ],
              [
                -176.56140266662166,
                70.74816437171171
              ],
              [
                -176.56138660363817,
                70.74825511642287
              ],
              [
                -176.56111927496397,
                70.74824966360836
              ],
              [
                -176.5611032105878,
                70.74834040828024
              ],
              [
                -176.56056855120363,
                70.74832950133158
              ],
              [
                -176.56060068477723,
                70.74814801207184
              ],
              [
                -176.56086801190878,
                70.74815346570858
              ],
              [
                -176.56088407722794,
                70.74806272103213
              ],
              [
                -176.56115140326665,
                70.74806817422076
              ],
              [
                -176.5612156580732,
                70.74770519527017
              ],
              [
                -176.56094833700547,
                70.74769974218017
              ],
              [
                -176.56098046599473,
                70.74751825266651
              ],
              [
                -176.56071314756232,
                70.7475127992024
              ],
              [
                -176.56072921307478,
                70.74742205444831
              ],
              [
                -176.55965994581499,
                70.74740023645623
              ],
              [
                -176.55962780469858,
                70.74758172575253
              ],
              [
                -176.5593604857731,
                70.74757627014662
              ],
              [
                -176.55934441374728,
                70.74766701474816
              ],
              [
                -176.55907709372912,
                70.74766155869415
              ],
              [
                -176.5591253130848,
                70.74738932491967
              ],
              [
                -176.55832336511432,
                70.74737295443917
              ],
              [
                -176.55833944166085,
                70.74728220989246
              ],
              [
                -176.5580721272134,
                70.74727675224345
              ],
              [
                -176.5580882048526,
                70.7471860077068
              ],
              [
                -176.5572862661382,
                70.74716963229335
              ],
              [
                -176.55730234735526,
                70.7470788878161
              ],
              [
                -176.5562331028074,
                70.74705704810243
              ],
              [
                -176.55624918884487,
                70.74696630370934
              ],
              [
                -176.55598187932569,
                70.74696084274707
              ],
              [
                -176.55596579204564,
                70.74705158711552
              ],
              [
                -176.5548965504998,
                70.7470297389336
              ],
              [
                -176.55488045809923,
                70.74712048318864
              ],
              [
                -176.55407852478862,
                70.74710409253231
              ],
              [
                -176.55406242851,
                70.74719483669861
              ],
              [
                -176.55379511646424,
                70.74718937227497
              ],
              [
                -176.55377901879282,
                70.74728011640195
              ],
              [
                -176.55324439266673,
                70.74726918623503
              ],
              [
                -176.55322829235985,
                70.74735993029796
              ],
              [
                -176.55296097827946,
                70.74735446455466
              ],
              [
                -176.55291267272946,
                70.74762669658158
              ],
              [
                -176.55264535507143,
                70.74762123034071
              ],
              [
                -176.5526292516782,
                70.74771197429573
              ],
              [
                -176.5520946143276,
                70.74770104049432
              ],
              [
                -176.55207850829882,
                70.7477917843853
              ],
              [
                -176.5518111886062,
                70.74778631682473
              ]
            ]
          ]
        ]
      },
      "properties": {
        "id": "1bc62cfe127f9d77",
        "class": "floe_instance_candidate",
        "ice_identity": "optical_candidate",
        "grounding": "unverified",
        "confirmed_stamukha": false,
        "confidence": "low",
        "review_status": "unreviewed",
        "region": "chukchi",
        "observed_at": "2026-02-19T23:46:36.007000Z",
        "source_id": "S2C_T01WEU_20260219T234626_L2A",
        "source_collection": "sentinel-2-c1-l2a",
        "source_level": "L2A",
        "area_m2": 72800.0,
        "equivalent_diameter_m": 304.45,
        "longitude": -176.5573501,
        "latitude": 70.7482462,
        "truncated": false,
        "minimum_threshold_iou": 0.734,
        "threshold_stable": true,
        "inferred_boundary_fraction": 0.536,
        "touching_floes_may_be_split": true,
        "isolated_stable_candidate": false,
        "low_sun": true,
        "sun_elevation_deg": 8.283511466445304,
        "processing_method": "distance_watershed_experimental_v1",
        "native_green_m": 10,
        "native_swir_m": 20,
        "notice": "Candidate outline; shape splitting can divide one floe or merge multiple floes; 30 m completeness unvalidated"
      }
    },
    {
      "type": "Feature",
      "geometry": {
        "type": "MultiPolygon",
        "coordinates": [
          [
            [
              [
                74.44272652486556,
                73.53615855425328
              ],
              [
                74.44242524892789,
                73.53613427221251
              ],
              [
                74.44250912569356,
                73.53604705358292
              ],
              [
                74.44190657938724,
                73.53599848837273
              ],
              [
                74.44199045819354,
                73.5359112699469
              ],
              [
                74.44168918782486,
                73.53588698677748
              ],
              [
                74.44177306721042,
                73.53579976843056
              ],
              [
                74.44117053204201,
                73.53575120096318
              ],
              [
                74.44125441346804,
                73.53566398281998
              ],
              [
                74.44004935956177,
                73.53556684287165
              ],
              [
                74.44013324595066,
                73.53547962518184
              ],
              [
                74.43953072721278,
                73.53543105270093
              ],
              [
                74.4396146156419,
                73.5353438352149
              ],
              [
                74.43901210335503,
                73.5352952611461
              ],
              [
                74.43909599382427,
                73.53520804386382
              ],
              [
                74.43849348798835,
                73.53515946820715
              ],
              [
                74.43857738049765,
                73.53507225112861
              ],
              [
                74.43827613036405,
                73.53504796273606
              ],
              [
                74.43844391565824,
                73.53487352869097
              ],
              [
                74.43633520987929,
                73.53470349882842
              ],
              [
                74.43625130744626,
                73.53479071500009
              ],
              [
                74.43564882509904,
                73.53474213065545
              ],
              [
                74.43866886213793,
                73.531602328548
              ],
              [
                74.43836767487298,
                73.53157804018029
              ],
              [
                74.43845154993488,
                73.53149082273086
              ],
              [
                74.43815036501219,
                73.53146653402867
              ],
              [
                74.44091779563217,
                73.52858833657515
              ],
              [
                74.44061665977856,
                73.52856405153148
              ],
              [
                74.44070050778677,
                73.52847683277166
              ],
              [
                74.4403993742745,
                73.52845254739353
              ],
              [
                74.44056707056677,
                73.52827810998576
              ],
              [
                74.44086820115909,
                73.52830239511438
              ],
              [
                74.44095204652324,
                73.52821517621693
              ],
              [
                74.44125317653692,
                73.5282394607616
              ],
              [
                74.44133701955978,
                73.52815224169355
              ],
              [
                74.44163814899483,
                73.52817652565425
              ],
              [
                74.44172198967644,
                73.52808930641555
              ],
              [
                74.44714244391373,
                73.5285263369381
              ],
              [
                74.44722625743283,
                73.52843911540837
              ],
              [
                74.44752740068976,
                73.52846339039455
              ],
              [
                74.44761121186765,
                73.52837616869427
              ],
              [
                74.45333307338252,
                73.52883730380546
              ],
              [
                74.45341685593358,
                73.52875007969025
              ],
              [
                74.4537180138876,
                73.52877434524201
              ],
              [
                74.45380179409746,
                73.52868712095632
              ],
              [
                74.45410295147175,
                73.52871138592415
              ],
              [
                74.45418672934049,
                73.52862416146797
              ],
              [
                74.4547890438103,
                73.52867268977651
              ],
              [
                74.45470526886247,
                73.52875991448201
              ],
              [
                74.45530758977591,
                73.5288084412028
              ],
              [
                74.45522381686838,
                73.52889566611181
              ],
              [
                74.4558261442255,
                73.5289441912448
              ],
              [
                74.45574237335835,
                73.52903141635733
              ],
              [
                74.45604353981844,
                73.52905567835955
              ],
              [
                74.45612730922502,
                73.52896845312237
              ],
              [
                74.4564284751052,
                73.52899271454066
              ],
              [
                74.45634470715916,
                73.52907993990252
              ],
              [
                74.45664587538053,
                73.52910420098614
              ],
              [
                74.45656210801445,
                73.52919142642682
              ],
              [
                74.4574656223441,
                73.52926420729597
              ],
              [
                74.45738185847928,
                73.52935143306478
              ],
              [
                74.45768303314435,
                73.52937569256055
              ],
              [
                74.4575992698596,
                73.5294629184082
              ],
              [
                74.45820162475293,
                73.52951143627111
              ],
              [
                74.45811786350895,
                73.52959866232226
              ],
              [
                74.45841904373722,
                73.52962292068939
              ],
              [
                74.4583352830734,
                73.52971014681935
              ],
              [
                74.4589376490932,
                73.52975866242498
              ],
              [
                74.45885389047031,
                73.52984588875846
              ],
              [
                74.459456262934,
                73.52989440277607
              ],
              [
                74.45937250635214,
                73.52998162931299
              ],
              [
                74.45997488525977,
                73.53003014174259
              ],
              [
                74.45989113071901,
                73.530117368483
              ],
              [
                74.46079471006719,
                73.5301901340563
              ],
              [
                74.46071095902856,
                73.53027736112483
              ],
              [
                74.46101215536662,
                73.53030161552189
              ],
              [
                74.46092840490839,
                73.53038884266924
              ],
              [
                74.46122960358792,
                73.53041309673159
              ],
              [
                74.46114585371011,
                73.53050032395781
              ],
              [
                74.46144705473114,
                73.53052457768544
              ],
              [
                74.46136330543378,
                73.53061180499046
              ],
              [
                74.46166450879633,
                73.53063605838337
              ],
              [
                74.46158076007944,
                73.53072328576724
              ],
              [
                74.46188196578355,
                73.53074753882542
              ],
              [
                74.46179821764717,
                73.53083476628815
              ],
              [
                74.46209942569287,
                73.53085901901159
              ],
              [
                74.46184818038361,
                73.53112070149892
              ],
              [
                74.46214939369312,
                73.53114495413686
              ],
              [
                74.46206564495671,
                73.53123218166571
              ],
              [
                74.4623668606079,
                73.53125643396889
              ],
              [
                74.46228311245206,
                73.53134366157659
              ],
              [
                74.46258433044497,
                73.53136791354504
              ],
              [
                74.46250058286971,
                73.53145514123156
              ],
              [
                74.46280180320437,
                73.53147939286526
              ],
              [
                74.46271805620975,
                73.53156662063063
              ],
              [
                74.46301927888618,
                73.53159087192958
              ],
              [
                74.4629355324722,
                73.53167809977377
              ],
              [
                74.46323675749044,
                73.53170235073796
              ],
              [
                74.46131038051492,
                73.53370858138469
              ],
              [
                74.46161164002602,
                73.53373283475608
              ],
              [
                74.45926589741592,
                73.53617517329486
              ],
              [
                74.45956719873669,
                73.5361994296975
              ],
              [
                74.45948341090063,
                73.53628665553447
              ],
              [
                74.45978471456459,
                73.53631091160231
              ],
              [
                74.45970092730924,
                73.53639813751813
              ],
              [
                74.46000223331639,
                73.53642239325116
              ],
              [
                74.45975087064883,
                73.53668407109797
              ],
              [
                74.45824432749608,
                73.53656278596763
              ],
              [
                74.45816053086772,
                73.53665001120152
              ],
              [
                74.45785922341916,
                73.53662575267222
              ],
              [
                74.45777542444749,
                73.53671297773562
              ],
              [
                74.45717280927059,
                73.53666445904918
              ],
              [
                74.45708900649365,
                73.53675168381733
              ],
              [
                74.45648639191846,
                73.5367031630435
              ],
              [
                74.45657019761926,
                73.53661593852476
              ],
              [
                74.45626889311573,
                73.53659167757333
              ],
              [
                74.45643650479688,
                73.5364172286478
              ],
              [
                74.45613520409854,
                73.5363929674863
              ],
              [
                74.45621901007884,
                73.53630574307952
              ],
              [
                74.45591771172377,
                73.53628148158323
              ],
              [
                74.45575009595804,
                73.53645593010154
              ],
              [
                74.45544879556071,
                73.53643166789635
              ],
              [
                74.4553649848938,
                73.53651889196205
              ],
              [
                74.45446108460516,
                73.53644610221541
              ],
              [
                74.45429345185583,
                73.53662054946103
              ],
              [
                74.45399215059898,
                73.53659628504376
              ],
              [
                74.45390833144016,
                73.53668350847309
              ],
              [
                74.45330572864749,
                73.53663497801064
              ],
              [
                74.45338955072995,
                73.53654775483074
              ],
              [
                74.4530882521178,
                73.53652348903503
              ],
              [
                74.45300442857355,
                73.53661071209018
              ],
              [
                74.45240183107047,
                73.53656217887084
              ],
              [
                74.45248565753829,
                73.53647495606515
              ],
              [
                74.45188306648524,
                73.5364264212574
              ],
              [
                74.45179923709392,
                73.53651364381362
              ],
              [
                74.451196646644,
                73.5364651069185
              ],
              [
                74.45111281344754,
                73.53655232917939
              ],
              [
                74.45081151808338,
                73.53652805991788
              ],
              [
                74.45072768254349,
                73.5366152820082
              ],
              [
                74.45012509153688,
                73.53656674185729
              ],
              [
                74.45029276758176,
                73.53639229812985
              ],
              [
                74.44999147632444,
                73.53636802761471
              ],
              [
                74.45007531448596,
                73.53628080580701
              ],
              [
                74.44947273753982,
                73.53623226364788
              ],
              [
                74.44930505448843,
                73.53640670671845
              ],
              [
                74.44870247522277,
                73.5363581622225
              ],
              [
                74.44861862945115,
                73.5364453834395
              ],
              [
                74.44831733967938,
                73.53642111037756
              ],
              [
                74.4481496425674,
                73.53659555242447
              ],
              [
                74.44754705982287,
                73.5365470044232
              ],
              [
                74.44763091174303,
                73.53645978367221
              ],
              [
                74.44732962315518,
                73.53643550910715
              ],
              [
                74.44741347565511,
                73.53634828843508
              ],
              [
                74.44801605078946,
                73.53639683685618
              ],
              [
                74.44818374729735,
                73.5362223948754
              ],
              [
                74.44667733069112,
                73.53610102162452
              ],
              [
                74.44676118493007,
                73.53601380118917
              ],
              [
                74.44555607336464,
                73.53591669481776
              ],
              [
                74.44547221327977,
                73.53600391475398
              ],
              [
                74.44276075069814,
                73.53578539741892
              ],
              [
                74.44267687657867,
                73.5358726161861
              ],
              [
                74.44237560590719,
                73.53584833406035
              ],
              [
                74.44229172944432,
                73.53593555265688
              ],
              [
                74.44289427459206,
                73.53598411669863
              ],
              [
                74.44272652486556,
                73.53615855425328
              ]
            ]
          ]
        ]
      },
      "properties": {
        "id": "a7bf9c2b23134459",
        "class": "floe_instance_candidate",
        "ice_identity": "optical_candidate",
        "grounding": "unverified",
        "confirmed_stamukha": false,
        "confidence": "low",
        "review_status": "unreviewed",
        "region": "kara",
        "observed_at": "2026-02-26T07:38:49.344000Z",
        "source_id": "S2B_T43XDB_20260226T073758_L2A",
        "source_collection": "sentinel-2-c1-l2a",
        "source_level": "L2A",
        "area_m2": 606000.0,
        "equivalent_diameter_m": 878.4,
        "longitude": 74.4497068,
        "latitude": 73.532529,
        "truncated": false,
        "minimum_threshold_iou": 0.767,
        "threshold_stable": true,
        "inferred_boundary_fraction": 0.67,
        "touching_floes_may_be_split": true,
        "isolated_stable_candidate": false,
        "low_sun": true,
        "sun_elevation_deg": 7.864871603309794,
        "processing_method": "distance_watershed_experimental_v1",
        "native_green_m": 10,
        "native_swir_m": 20,
        "notice": "Candidate outline; shape splitting can divide one floe or merge multiple floes; 30 m completeness unvalidated"
      }
    },
    {
      "type": "Feature",
      "geometry": {
        "type": "MultiPolygon",
        "coordinates": [
          [
            [
              [
                74.4688478756583,
                73.52078384766754
              ],
              [
                74.468680552224,
                73.52095831080514
              ],
              [
                74.46898159113806,
                73.52098255337614
              ],
              [
                74.46889792956173,
                73.52106978500082
              ],
              [
                74.46919897081447,
                73.52109402723717
              ],
              [
                74.46911530981858,
                73.52118125894062
              ],
              [
                74.46881426710627,
                73.52115701657976
              ],
              [
                74.46873060377165,
                73.52124424811296
              ],
              [
                74.46903164794352,
                73.52126849059833
              ],
              [
                74.46894798518933,
                73.52135572221029
              ],
              [
                74.46924903169999,
                73.52137996436103
              ],
              [
                74.46908170647328,
                73.52155442769674
              ],
              [
                74.46878065704337,
                73.52153018529702
              ],
              [
                74.46869699165161,
                73.52161741677175
              ],
              [
                74.46839594164128,
                73.52159317378836
              ],
              [
                74.46831227391066,
                73.52168040509284
              ],
              [
                74.46801122331992,
                73.52165616152583
              ],
              [
                74.4679275532504,
                73.52174339266006
              ],
              [
                74.46762650207931,
                73.52171914850938
              ],
              [
                74.46754282967089,
                73.52180637947335
              ],
              [
                74.46724177791943,
                73.52178213473901
              ],
              [
                74.46715810317207,
                73.52186936553275
              ],
              [
                74.4668570508403,
                73.52184512021476
              ],
              [
                74.466773373754,
                73.5219323508382
              ],
              [
                74.46647232084192,
                73.52190810493654
              ],
              [
                74.46638864141663,
                73.52199533538972
              ],
              [
                74.46608758792428,
                73.52197108890441
              ],
              [
                74.46600390615998,
                73.52205831918731
              ],
              [
                74.46570285208739,
                73.52203407211832
              ],
              [
                74.46277338512441,
                73.52508709883146
              ],
              [
                74.46247228083679,
                73.52506284694398
              ],
              [
                74.46238856448548,
                73.52515007533027
              ],
              [
                74.46208745961769,
                73.525125822859
              ],
              [
                74.4590730322747,
                73.52826600978948
              ],
              [
                74.45877187571674,
                73.52824175237326
              ],
              [
                74.4586881238787,
                73.52832897881629
              ],
              [
                74.45838696674066,
                73.52830472081618
              ],
              [
                74.45830321256166,
                73.52839194708879
              ],
              [
                74.45800205484356,
                73.52836768850479
              ],
              [
                74.45791829832359,
                73.52845491460695
              ],
              [
                74.45761714002548,
                73.52843065543902
              ],
              [
                74.45753338116451,
                73.52851788137075
              ],
              [
                74.45723222228638,
                73.52849362161889
              ],
              [
                74.45714846108439,
                73.52858084738021
              ],
              [
                74.45684730162628,
                73.52855658704443
              ],
              [
                74.45676353808324,
                73.5286438126353
              ],
              [
                74.45495659106393,
                73.52849824022805
              ],
              [
                74.45504036336979,
                73.52841101538509
              ],
              [
                74.45413690612988,
                73.52833822335533
              ],
              [
                74.45405312944283,
                73.5284254478243
              ],
              [
                74.45435428243586,
                73.52844971241814
              ],
              [
                74.45418672934049,
                73.52862416146797
              ],
              [
                74.45388557342662,
                73.5285998966248
              ],
              [
                74.45380179409746,
                73.52868712095632
              ],
              [
                74.45350063760388,
                73.5286628555292
              ],
              [
                74.45341685593358,
                73.52875007969025
              ],
              [
                74.44769502216454,
                73.52828894694814
              ],
              [
                74.44761121186765,
                73.52837616869427
              ],
              [
                74.4473100700709,
                73.52835189383282
              ],
              [
                74.44722625743283,
                73.52843911540837
              ],
              [
                74.44180582947676,
                73.52800208713099
              ],
              [
                74.44172198967644,
                73.52808930641555
              ],
              [
                74.44142086170135,
                73.52806502257961
              ],
              [
                74.44133701955978,
                73.52815224169355
              ],
              [
                74.44103589100604,
                73.52812795727364
              ],
              [
                74.44095204652324,
                73.52821517621693
              ],
              [
                74.44065091739087,
                73.52819089121307
              ],
              [
                74.44056707056677,
                73.52827810998576
              ],
              [
                74.43996481202623,
                73.52822953835091
              ],
              [
                74.44004866177018,
                73.52814231982778
              ],
              [
                74.43974753528188,
                73.52811803344633
              ],
              [
                74.439663684078,
                73.52820525184474
              ],
              [
                74.4393625570112,
                73.52818096487934
              ],
              [
                74.43927870346602,
                73.52826818310709
              ],
              [
                74.43807419817342,
                73.52817103015451
              ],
              [
                74.43799033790728,
                73.5282582478373
              ],
              [
                74.4370869638137,
                73.52818537792709
              ],
              [
                74.43700309828651,
                73.52827259518963
              ],
              [
                74.43670197389184,
                73.52824830417642
              ],
              [
                74.43678584087885,
                73.52816108703867
              ],
              [
                74.43528023942795,
                73.52803962570889
              ],
              [
                74.4353641128323,
                73.52795240914918
              ],
              [
                74.43446076692,
                73.52787952721565
              ],
              [
                74.43437688913649,
                73.52796674340097
              ],
              [
                74.43347354677977,
                73.5278938569606
              ],
              [
                74.4335574289423,
                73.52780664114967
              ],
              [
                74.43385854071988,
                73.52783093696416
              ],
              [
                74.43394242054111,
                73.52774372098256
              ],
              [
                74.43364131022317,
                73.52771942529289
              ],
              [
                74.4337251906224,
                73.52763220939016
              ],
              [
                74.43312297555072,
                73.52758361688298
              ],
              [
                74.43320685798753,
                73.52749640118398
              ],
              [
                74.43290575323375,
                73.52747210436647
              ],
              [
                74.43298963624851,
                73.52738488874637
              ],
              [
                74.43208633165582,
                73.52731199591342
              ],
              [
                74.43217021816753,
                73.52722478062184
              ],
              [
                74.4318691198595,
                73.5272004822174
              ],
              [
                74.431953006949,
                73.52711326700472
              ],
              [
                74.43135081589695,
                73.52706466906807
              ],
              [
                74.4312669258885,
                73.52715188403111
              ],
              [
                74.4297614563911,
                73.52703038053076
              ],
              [
                74.4295936591346,
                73.52720480907088
              ],
              [
                74.42929256496157,
                73.52718050674379
              ],
              [
                74.42920866355121,
                73.52726772082012
              ],
              [
                74.42890756880058,
                73.52724341790909
              ],
              [
                74.42882366504898,
                73.52733063181466
              ],
              [
                74.42852256972078,
                73.52730632831967
              ],
              [
                74.42843866362789,
                73.52739354205448
              ],
              [
                74.4278364726983,
                73.52734493343745
              ],
              [
                74.42775256280471,
                73.52743214687668
              ],
              [
                74.42715037248398,
                73.52738353617346
              ],
              [
                74.42706645878965,
                73.52747074931705
              ],
              [
                74.42616317554506,
                73.52739782944433
              ],
              [
                74.42624709361749,
                73.52731061667531
              ],
              [
                74.42594600242593,
                73.52728630925768
              ],
              [
                74.4260299210757,
                73.52719909656759
              ],
              [
                74.42542774425719,
                73.52715048060475
              ],
              [
                74.42551166494357,
                73.5270632681184
              ],
              [
                74.42490949457162,
                73.5270146505689
              ],
              [
                74.4249934172945,
                73.52692743828636
              ],
              [
                74.42469233489078,
                73.52690312894781
              ],
              [
                74.42477625819089,
                73.52681591674418
              ],
              [
                74.42447517812839,
                73.52679160707142
              ],
              [
                74.42455910200569,
                73.52670439494672
              ],
              [
                74.4239569474451,
                73.52665577447365
              ],
              [
                74.4240408733587,
                73.52656856255273
              ],
              [
                74.4237397988606,
                73.52654425175244
              ],
              [
                74.42382372535133,
                73.52645703991043
              ],
              [
                74.42352265319435,
                73.52643272877593
              ],
              [
                74.42360658026216,
                73.52634551701286
              ],
              [
                74.42330551044631,
                73.52632120554416
              ],
              [
                74.42338943809118,
                73.52623399386
              ],
              [
                74.42308837061641,
                73.52620968205711
              ],
              [
                74.42317229883832,
                73.52612247045187
              ],
              [
                74.42287123370463,
                73.52609815831477
              ],
              [
                74.42295516250354,
                73.52601094678845
              ],
              [
                74.42265409971085,
                73.52598663431715
              ],
              [
                74.42307373777047,
                73.52555057662073
              ],
              [
                74.42217057656877,
                73.52547763832558
              ],
              [
                74.4222545059115,
                73.52539042702305
              ],
              [
                74.42195345540044,
                73.52536611346478
              ],
              [
                74.42228916978702,
                73.52501726829463
              ],
              [
                74.42198812599331,
                73.52499295477682
              ],
              [
                74.42207205384386,
                73.52490574349426
              ],
              [
                74.4211689321308,
                73.52483280056124
              ],
              [
                74.42108499990391,
                73.52492001146916
              ],
              [
                74.41957980739491,
                73.52479843010931
              ],
              [
                74.4196637469154,
                73.52471121982579
              ],
              [
                74.41815858375098,
                73.52458962761506
              ],
              [
                74.4183264747322,
                73.52441520815897
              ],
              [
                74.41742339617018,
                73.52434224807386
              ],
              [
                74.41801101744862,
                73.5237317811523
              ],
              [
                74.41771000323496,
                73.52370746108019
              ],
              [
                74.41779394706214,
                73.523620251461
              ],
              [
                74.41809495981735,
                73.52364457140821
              ],
              [
                74.41817890130409,
                73.52355736161816
              ],
              [
                74.4178778900073,
                73.52353304179584
              ],
              [
                74.41796183207045,
                73.5234458320847
              ],
              [
                74.41766082311408,
                73.52342151192829
              ],
              [
                74.41816446572179,
                73.5228982534455
              ],
              [
                74.41756246795514,
                73.52284961325441
              ],
              [
                74.41764640821953,
                73.52276240359616
              ],
              [
                74.4173454121174,
                73.52273808293705
              ],
              [
                74.41742935295812,
                73.52265087335773
              ],
              [
                74.41652637431817,
                73.52257790900143
              ],
              [
                74.41669426210312,
                73.52240349045415
              ],
              [
                74.4172962411483,
                73.52245213331777
              ],
              [
                74.41746411957274,
                73.52227771408711
              ],
              [
                74.41716313252554,
                73.52225339313453
              ],
              [
                74.4172470718731,
                73.52216618357514
              ],
              [
                74.41664510334078,
                73.52211754054298
              ],
              [
                74.4167290447227,
                73.52203033118737
              ],
              [
                74.41582610291296,
                73.52195736357179
              ],
              [
                74.41591004778726,
                73.52187015454489
              ],
              [
                74.41500711828914,
                73.52179718317372
              ],
              [
                74.41509106665563,
                73.52170997447553
              ],
              [
                74.41358620908822,
                73.52158834696982
              ],
              [
                74.41350225343182,
                73.52167555504357
              ],
              [
                74.41079355225767,
                73.52145659549863
              ],
              [
                74.4124727602162,
                73.51971244776998
              ],
              [
                74.41337556520506,
                73.51978543092063
              ],
              [
                74.4134595119696,
                73.51969822267667
              ],
              [
                74.41496419729935,
                73.51981985145967
              ],
              [
                74.4150481358939,
                73.5197326425453
              ],
              [
                74.41565001328284,
                73.51978129059677
              ],
              [
                74.4157339480803,
                73.51969408138667
              ],
              [
                74.41603488663966,
                73.51971840459923
              ],
              [
                74.41611881909775,
                73.51963119521828
              ],
              [
                74.41641975708112,
                73.51965551784711
              ],
              [
                74.41650368719984,
                73.51956830829535
              ],
              [
                74.41680462460718,
                73.51959263034045
              ],
              [
                74.41688855238658,
                73.51950542061788
              ],
              [
                74.41718948921786,
                73.51952974207923
              ],
              [
                74.41727341465794,
                73.51944253218582
              ],
              [
                74.41757435091316,
                73.51946685306349
              ],
              [
                74.41765827401395,
                73.51937964299925
              ],
              [
                74.41795920969305,
                73.51940396329319
              ],
              [
                74.41804313045459,
                73.51931675305812
              ],
              [
                74.41834406555758,
                73.51934107276837
              ],
              [
                74.41842798397987,
                73.5192538623625
              ],
              [
                74.4187289185067,
                73.51927818148901
              ],
              [
                74.4188128345898,
                73.51919097091235
              ],
              [
                74.41911376854043,
                73.51921528945516
              ],
              [
                74.41919768228433,
                73.5191280787077
              ],
              [
                74.41949861565875,
                73.5191523966668
              ],
              [
                74.41958252706351,
                73.51906518574853
              ],
              [
                74.4198834598617,
                73.51908950312396
              ],
              [
                74.41996736892732,
                73.5190022920349
              ],
              [
                74.42026830114924,
                73.51902660882662
              ],
              [
                74.42035220787575,
                73.51893939756677
              ],
              [
                74.42065313952136,
                73.51896371377481
              ],
              [
                74.42073704390882,
                73.51887650234416
              ],
              [
                74.4210379749781,
                73.51890081796853
              ],
              [
                74.4211218770265,
                73.51881360636709
              ],
              [
                74.42142280751943,
                73.51883792140777
              ],
              [
                74.4215067072288,
                73.5187507096356
              ],
              [
                74.42180763714536,
                73.51877502409258
              ],
              [
                74.42189153451572,
                73.51868781214961
              ],
              [
                74.4221924638559,
                73.5187121260229
              ],
              [
                74.42227635888727,
                73.5186249139092
              ],
              [
                74.42257728765101,
                73.51864922719884
              ],
              [
                74.42266118034344,
                73.51856201491437
              ],
              [
                74.42296210853071,
                73.5185863276203
              ],
              [
                74.4230459988842,
                73.51849911516511
              ],
              [
                74.423346926495,
                73.51852342728738
              ],
              [
                74.42343081450962,
                73.51843621466142
              ],
              [
                74.42373174154388,
                73.51846052620003
              ],
              [
                74.42381562721961,
                73.51837331340333
              ],
              [
                74.42411655367735,
                73.51839762435829
              ],
              [
                74.42420043701424,
                73.51831041139087
              ],
              [
                74.4245013628954,
                73.51833472176214
              ],
              [
                74.42458524389346,
                73.518247508624
              ],
              [
                74.42488616919803,
                73.5182718184116
              ],
              [
                74.4249700478573,
                73.51818460510275
              ],
              [
                74.42527097258525,
                73.51820891430671
              ],
              [
                74.42535484890573,
                73.5181217008271
              ],
              [
                74.42565577305706,
                73.5181460094474
              ],
              [
                74.42573964703878,
                73.5180587957971
              ],
              [
                74.42604057061342,
                73.51808310383376
              ],
              [
                74.42612444225642,
                73.51799589001276
              ],
              [
                74.42642536525437,
                73.51802019746576
              ],
              [
                74.42650923455868,
                73.51793298347403
              ],
              [
                74.4268101569799,
                73.51795729034343
              ],
              [
                74.42689402394552,
                73.51787007618101
              ],
              [
                74.42719494578999,
                73.51789438246675
              ],
              [
                74.427278810417,
                73.51780716813364
              ],
              [
                74.42757973168467,
                73.51783147383573
              ],
              [
                74.42766359397304,
                73.51774425933192
              ],
              [
                74.4279645146639,
                73.51776856445042
              ],
              [
                74.42813223368258,
                73.5175941350555
              ],
              [
                74.42843315233891,
                73.5176184394656
              ],
              [
                74.42851700906928,
                73.5175312245745
              ],
              [
                74.42881792714874,
                73.51755552840098
              ],
              [
                74.42890178154059,
                73.51746831333921
              ],
              [
                74.42920269904316,
                73.51749261658208
              ],
              [
                74.42928655109651,
                73.51740540134963
              ],
              [
                74.42958746802216,
                73.51742970400888
              ],
              [
                74.42967131773706,
                73.51734248860579
              ],
              [
                74.42997223408577,
                73.5173667906814
              ],
              [
                74.43005608146221,
                73.51727957510766
              ],
              [
                74.43035699723394,
                73.51730387659967
              ],
              [
                74.43044084227196,
                73.51721666085527
              ],
              [
                74.4307417574667,
                73.51724096176368
              ],
              [
                74.43082560016634,
                73.51715374584863
              ],
              [
                74.43112651478405,
                73.51717804617343
              ],
              [
                74.43121035514532,
                73.51709083008774
              ],
              [
                74.431511269186,
                73.51711512982894
              ],
              [
                74.43159510720892,
                73.5170279135726
              ],
              [
                74.4318960206725,
                73.51705221273023
              ],
              [
                74.43197985635712,
                73.5169649963033
              ],
              [
                74.43228076924359,
                73.51698929487732
              ],
              [
                74.43236460258993,
                73.5169020782797
              ],
              [
                74.43266551489927,
                73.51692637627015
              ],
              [
                74.43274934590733,
                73.51683915950193
              ],
              [
                74.43305025763951,
                73.5168634569088
              ],
              [
                74.43338556703577,
                73.51651458887812
              ],
              [
                74.4336864738177,
                73.51653888532724
              ],
              [
                74.43377029750789,
                73.51645166808011
              ],
              [
                74.43407120371259,
                73.51647596394565
              ],
              [
                74.43449030166896,
                73.51603987639825
              ],
              [
                74.43479120146584,
                73.5160641711814
              ],
              [
                74.43487501695836,
                73.51597695340956
              ],
              [
                74.43517591617797,
                73.51600124760914
              ],
              [
                74.43525972933251,
                73.51591402966673
              ],
              [
                74.43556062797482,
                73.51593832328275
              ],
              [
                74.43564443879147,
                73.51585110516974
              ],
              [
                74.43594533685643,
                73.51587539820224
              ],
              [
                74.43602914533517,
                73.51578817991867
              ],
              [
                74.43633004282279,
                73.51581247236763
              ],
              [
                74.43641384896364,
                73.51572525391347
              ],
              [
                74.43671474587389,
                73.51574954577889
              ],
              [
                74.43679854967688,
                73.51566232715417
              ],
              [
                74.43709944600973,
                73.51568661843606
              ],
              [
                74.43718324747489,
                73.5155993996408
              ],
              [
                74.4374841432303,
                73.51562369033914
              ],
              [
                74.43756794235766,
                73.51553647137334
              ],
              [
                74.4378688375356,
                73.51556076148815
              ],
              [
                74.4379526343252,
                73.51547354235177
              ],
              [
                74.43825352892564,
                73.51549783188305
              ],
              [
                74.4383373233775,
                73.51541061257615
              ],
              [
                74.43863821740041,
                73.51543490152393
              ],
              [
                74.43872200951455,
                73.51534768204647
              ],
              [
                74.43902290295993,
                73.51537197041073
              ],
              [
                74.43910669273636,
                73.51528475076275
              ],
              [
                74.43940758560417,
                73.51530903854348
              ],
              [
                74.43949137304291,
                73.51522181872498
              ],
              [
                74.43979226533314,
                73.51524610592222
              ],
              [
                74.43987605043424,
                73.51515888593318
              ],
              [
                74.44017694214682,
                73.5151831725469
              ],
              [
                74.4402607249103,
                73.51509595238733
              ],
              [
                74.44056161604524,
                73.51512023841755
              ],
              [
                74.44064539647114,
                73.51503301808745
              ],
              [
                74.4409462870284,
                73.5150573035342
              ],
              [
                74.4410300651167,
                73.5149700830336
              ],
              [
                74.44133095509625,
                73.51499436789686
              ],
              [
                74.44141473084703,
                73.51490714722573
              ],
              [
                74.44171562024884,
                73.51493143150552
              ],
              [
                74.4417993936621,
                73.51484421066388
              ],
              [
                74.44210028248614,
                73.51486849436014
              ],
              [
                74.4421840535619,
                73.51478127334806
              ],
              [
                74.44248494180817,
                73.51480555646081
              ],
              [
                74.44256871054647,
                73.51471833527823
              ],
              [
                74.4428695982149,
                73.51474261780753
              ],
              [
                74.44295336461576,
                73.51465539645446
              ],
              [
                74.44325425170636,
                73.51467967840024
              ],
              [
                74.4433380157698,
                73.5145924568767
              ],
              [
                74.44363890228253,
                73.51461673823903
              ],
              [
                74.44372266400858,
                73.51452951654501
              ],
              [
                74.44402354994341,
                73.51455379732386
              ],
              [
                74.44410730933208,
                73.51446657545934
              ],
              [
                74.444408194689,
                73.51449085565473
              ],
              [
                74.44449195174033,
                73.51440363361978
              ],
              [
                74.4447928365193,
                73.51442791323169
              ],
              [
                74.44487659123331,
                73.51434069102626
              ],
              [
                74.4451774754343,
                73.51436497005473
              ],
              [
                74.44526122781103,
                73.51427774767885
              ],
              [
                74.44556211143403,
                73.51430202612384
              ],
              [
                74.44564586147347,
                73.51421480357752
              ],
              [
                74.44594674451842,
                73.51423908143906
              ],
              [
                74.44603049222064,
                73.51415185872229
              ],
              [
                74.44633137468756,
                73.51417613600034
              ],
              [
                74.44641512005255,
                73.51408891311316
              ],
              [
                74.44671600194137,
                73.51411318980777
              ],
              [
                74.44679974496917,
                73.51402596675014
              ],
              [
                74.44710062627989,
                73.51405024286132
              ],
              [
                74.44718436697053,
                73.51396301963324
              ],
              [
                74.4474852477031,
                73.51398729516097
              ],
              [
                74.44756898605661,
                73.51390007176248
              ],
              [
                74.44786986621101,
                73.51392434670677
              ],
              [
                74.44795360222741,
                73.51383712313785
              ],
              [
                74.44825448180362,
                73.51386139749872
              ],
              [
                74.44833821548295,
                73.5137741737594
              ],
              [
                74.44863909448092,
                73.5137984475368
              ],
              [
                74.44872282582317,
                73.51371122362707
              ],
              [
                74.44902370424292,
                73.51373549682107
              ],
              [
                74.44910743324814,
                73.51364827274091
              ],
              [
                74.4494083110896,
                73.5136725453515
              ],
              [
                74.4494920377578,
                73.51358532110093
              ],
              [
                74.44979291502096,
                73.51360959312807
              ],
              [
                74.4498766393522,
                73.51352236870713
              ],
              [
                74.45017751603703,
                73.51354664015086
              ],
              [
                74.4502612380313,
                73.51345941555951
              ],
              [
                74.45056211413778,
                73.51348368641982
              ],
              [
                74.45064583379511,
                73.5133964616581
              ],
              [
                74.4509467093232,
                73.51342073193497
              ],
              [
                74.45103042664363,
                73.5133335070029
              ],
              [
                74.45133130159331,
                73.51335777669637
              ],
              [
                74.45141501657686,
                73.5132705515939
              ],
              [
                74.45171589094811,
                73.51329482070396
              ],
              [
                74.4517996035948,
                73.51320759543113
              ],
              [
                74.45240135205954,
                73.51325613202562
              ],
              [
                74.45231764232821,
                73.51334335754758
              ],
              [
                74.45291939722499,
                73.51339189255576
              ],
              [
                74.45300310404093,
                73.51330466678469
              ],
              [
                74.45330398135034,
                73.51332893347599
              ],
              [
                74.4534713894295,
                73.51315448154733
              ],
              [
                74.45407314085477,
                73.51320301305515
              ],
              [
                74.4541568406603,
                73.51311578677301
              ],
              [
                74.45505947001803,
                73.51318858021972
              ],
              [
                74.45497577458569,
                73.51327580687544
              ],
              [
                74.45527665425406,
                73.51330007056451
              ],
              [
                74.45510926366782,
                73.5134745239877
              ],
              [
                74.45631280279387,
                73.51357157515162
              ],
              [
                74.45639649269525,
                73.51348434796479
              ],
              [
                74.45820181900656,
                73.51362991019737
              ],
              [
                74.45845285719537,
                73.5133682261207
              ],
              [
                74.45875374361646,
                73.51339248451318
              ],
              [
                74.45883741979709,
                73.51330525627156
              ],
              [
                74.46184631776289,
                73.51354781371279
              ],
              [
                74.46192997848529,
                73.51346058418038
              ],
              [
                74.46223087165697,
                73.51348483727612
              ],
              [
                74.46231453004268,
                73.51339760757348
              ],
              [
                74.4653234955041,
                73.51364011204667
              ],
              [
                74.46540713843046,
                73.51355288105347
              ],
              [
                74.46630984082658,
                73.51362562307337
              ],
              [
                74.46622620227465,
                73.51371285443994
              ],
              [
                74.46652710628852,
                73.51373710098653
              ],
              [
                74.46644346831629,
                73.51382433243184
              ],
              [
                74.46704528189592,
                73.5138728243972
              ],
              [
                74.46696164596163,
                73.51396005604566
              ],
              [
                74.46726255552743,
                73.51398430146442
              ],
              [
                74.46684436996969,
                73.51442045964305
              ],
              [
                74.4665434531125,
                73.514396213602
              ],
              [
                74.46645981190703,
                73.51448344497604
              ],
              [
                74.46615889447008,
                73.51445919835157
              ],
              [
                74.46607525092773,
                73.51454642955542
              ],
              [
                74.46577433291105,
                73.51452218234756
              ],
              [
                74.46569068703178,
                73.51460941338117
              ],
              [
                74.46538976843541,
                73.5145851655899
              ],
              [
                74.46530612021921,
                73.51467239645329
              ],
              [
                74.46500520104316,
                73.51464814807862
              ],
              [
                74.46492155048999,
                73.5147353787718
              ],
              [
                74.4646206307343,
                73.51471112981372
              ],
              [
                74.46453697784413,
                73.51479836033666
              ],
              [
                74.46423605750884,
                73.51477411079512
              ],
              [
                74.46323213678326,
                73.51582087200788
              ],
              [
                74.4629311998262,
                73.51579662051348
              ],
              [
                74.46284753259488,
                73.51588385019262
              ],
              [
                74.46254659505827,
                73.51585959811479
              ],
              [
                74.46154250222173,
                73.51690634920104
              ],
              [
                74.4612415480619,
                73.51688209517009
              ],
              [
                74.46115786648656,
                73.51696932400527
              ],
              [
                74.46085691174723,
                73.51694506939081
              ],
              [
                74.4607732278342,
                73.5170322980557
              ],
              [
                74.4604722725154,
                73.51700804285773
              ],
              [
                74.46038858626463,
                73.51709527135232
              ],
              [
                74.4600876303664,
                73.51707101557085
              ],
              [
                74.46000394177788,
                73.51715824389512
              ],
              [
                74.45970298530025,
                73.51713398753013
              ],
              [
                74.45961929437395,
                73.51722121568412
              ],
              [
                74.45931833731693,
                73.5171969587356
              ],
              [
                74.4591509499095,
                73.51737141465719
              ],
              [
                74.45945190988371,
                73.51739567185477
              ],
              [
                74.45936821631975,
                73.51748289987145
              ],
              [
                74.45966917863183,
                73.5175071567346
              ],
              [
                74.45958548564727,
                73.51759438483002
              ],
              [
                74.45988645029723,
                73.51761864135872
              ],
              [
                74.45980275789209,
                73.5177058695329
              ],
              [
                74.46010372487999,
                73.51773012572716
              ],
              [
                74.45985264676507,
                73.5179918103487
              ],
              [
                74.46015361900838,
                73.51801606645755
              ],
              [
                74.4600699260036,
                73.51810329469771
              ],
              [
                74.46037090058495,
                73.5181275504721
              ],
              [
                74.46028720815966,
                73.51821477879105
              ],
              [
                74.46058818507906,
                73.51823903423096
              ],
              [
                74.46042080050827,
                73.51841349098058
              ],
              [
                74.46102276282016,
                73.51846200098154
              ],
              [
                74.4609390721335,
                73.51854922953677
              ],
              [
                74.46124005606724,
                73.51857348397324
              ],
              [
                74.46082159673898,
                73.51900962668552
              ],
              [
                74.46353055736196,
                73.51922790156118
              ],
              [
                74.46344687598945,
                73.51931513108711
              ],
              [
                74.4637478774696,
                73.51933938168037
              ],
              [
                74.46366419667693,
                73.51942661128507
              ],
              [
                74.46577124186956,
                73.51959635345565
              ],
              [
                74.46568757041175,
                73.51968358388625
              ],
              [
                74.46598858184375,
                73.51970783105595
              ],
              [
                74.465904910966,
                73.51979506156528
              ],
              [
                74.46650693938594,
                73.51984355477656
              ],
              [
                74.46633960083,
                73.520018016156
              ],
              [
                74.46664061927724,
                73.52004226232205
              ],
              [
                74.46655695013985,
                73.52012949306763
              ],
              [
                74.46746001513444,
                73.52020222918468
              ],
              [
                74.46737634949588,
                73.52028946025806
              ],
              [
                74.46767737437838,
                73.52031370483672
              ],
              [
                74.46759370932007,
                73.52040093598886
              ],
              [
                74.46819576464127,
                73.52044942401787
              ],
              [
                74.46794477294803,
                73.52071111794685
              ],
              [
                74.4688478756583,
                73.52078384766754
              ]
            ],
            [
              [
                74.46851322527313,
                73.52113277375976
              ],
              [
                74.468680552224,
                73.52095831080514
              ],
              [
                74.46807847703334,
                73.52090982428578
              ],
              [
                74.46799481107844,
                73.52099705553694
              ],
              [
                74.4682958496937,
                73.5210212991507
              ],
              [
                74.46821218431916,
                73.52110853048065
              ],
              [
                74.46851322527313,
                73.52113277375976
              ]
            ],
            [
              [
                74.46777744075676,
                73.52088558033742
              ],
              [
                74.46807847703334,
                73.52090982428578
              ],
              [
                74.46816214210908,
                73.52082259298885
              ],
              [
                74.46786110729198,
                73.520798349165
              ],
              [
                74.46777744075676,
                73.52088558033742
              ]
            ]
          ]
        ]
      },
      "properties": {
        "id": "b12a772abab67fc4",
        "class": "floe_instance_candidate",
        "ice_identity": "optical_candidate",
        "grounding": "unverified",
        "confirmed_stamukha": false,
        "confidence": "low",
        "review_status": "unreviewed",
        "region": "kara",
        "observed_at": "2026-02-26T07:38:49.344000Z",
        "source_id": "S2B_T43XDB_20260226T073758_L2A",
        "source_collection": "sentinel-2-c1-l2a",
        "source_level": "L2A",
        "area_m2": 1997100.0,
        "equivalent_diameter_m": 1594.61,
        "longitude": 74.4431752,
        "latitude": 73.5213788,
        "truncated": false,
        "minimum_threshold_iou": 0.775,
        "threshold_stable": true,
        "inferred_boundary_fraction": 0.669,
        "touching_floes_may_be_split": true,
        "isolated_stable_candidate": false,
        "low_sun": true,
        "sun_elevation_deg": 7.864871603309794,
        "processing_method": "distance_watershed_experimental_v1",
        "native_green_m": 10,
        "native_swir_m": 20,
        "notice": "Candidate outline; shape splitting can divide one floe or merge multiple floes; 30 m completeness unvalidated"
      }
    },
    {
      "type": "Feature",
      "geometry": {
        "type": "MultiPolygon",
        "coordinates": [
          [
            [
              [
                74.41285764401037,
                73.51964956795153
              ],
              [
                74.41195484868545,
                73.51957658242246
              ],
              [
                74.41203880185603,
                73.51948937475697
              ],
              [
                74.41113601884061,
                73.51941638547306
              ],
              [
                74.41121997550181,
                73.51932917813629
              ],
              [
                74.41091905105128,
                73.51930484758222
              ],
              [
                74.41100300828806,
                73.51921764032436
              ],
              [
                74.4107020861769,
                73.51919330943637
              ],
              [
                74.41078604398919,
                73.51910610225741
              ],
              [
                74.41048512421736,
                73.51908177103552
              ],
              [
                74.41056908260518,
                73.51899456393548
              ],
              [
                74.41026816517267,
                73.51897023237966
              ],
              [
                74.41035212413597,
                73.51888302535855
              ],
              [
                74.4100512090427,
                73.5188586934688
              ],
              [
                74.41013516858148,
                73.51877148652657
              ],
              [
                74.40983425582746,
                73.51874715430297
              ],
              [
                74.40991821594169,
                73.51865994743967
              ],
              [
                74.4096173055269,
                73.51863561488213
              ],
              [
                74.40970126621652,
                73.51854840809776
              ],
              [
                74.40940035814094,
                73.51852407520632
              ],
              [
                74.40948431940593,
                73.51843686850084
              ],
              [
                74.40858160484241,
                73.5183638674485
              ],
              [
                74.40866556959723,
                73.51827666107177
              ],
              [
                74.4083646679638,
                73.51825232659499
              ],
              [
                74.40844863329389,
                73.51816512029716
              ],
              [
                74.40814773399956,
                73.5181407854865
              ],
              [
                74.40823169990492,
                73.5180535792676
              ],
              [
                74.40762990687634,
                73.51800490851976
              ],
              [
                74.40771387481406,
                73.51791770250469
              ],
              [
                74.4074129810798,
                73.5178933665675
              ],
              [
                74.4074969495927,
                73.51780616063137
              ],
              [
                74.40719605819747,
                73.51778182436033
              ],
              [
                74.40728002728552,
                73.51769461850307
              ],
              [
                74.40697913822929,
                73.5176702818982
              ],
              [
                74.40706310789247,
                73.51758307611985
              ],
              [
                74.40676222117523,
                73.51755873918114
              ],
              [
                74.40684619141352,
                73.51747153348174
              ],
              [
                74.4065453070352,
                73.51744719620918
              ],
              [
                74.40662927784858,
                73.51735999058864
              ],
              [
                74.4063283958092,
                73.51733565298227
              ],
              [
                74.40641236719762,
                73.51724844744066
              ],
              [
                74.40611148749713,
                73.51722410950043
              ],
              [
                74.40619545946058,
                73.51713690403776
              ],
              [
                74.40589458209897,
                73.51711256576372
              ],
              [
                74.40597855463741,
                73.51702536037993
              ],
              [
                74.4053768054738,
                73.51697668270543
              ],
              [
                74.40546078004411,
                73.51688947752551
              ],
              [
                74.40515990824208,
                73.51686513812508
              ],
              [
                74.4052438833873,
                73.51677793302406
              ],
              [
                74.40494301392407,
                73.51675359328982
              ],
              [
                74.4050269896442,
                73.5166663882677
              ],
              [
                74.40442525627718,
                73.51661770767288
              ],
              [
                74.40450923402898,
                73.51653050285462
              ],
              [
                74.40390750710331,
                73.51648182067476
              ],
              [
                74.40399148688667,
                73.51639461606035
              ],
              [
                74.40218633601756,
                73.51624855926114
              ],
              [
                74.40227032365912,
                73.51616135535035
              ],
              [
                74.40196946972459,
                73.51613701106993
              ],
              [
                74.40213744527492,
                73.51596260336012
              ],
              [
                74.40183659513566,
                73.51593825887089
              ],
              [
                74.40192058304439,
                73.51585105507189
              ],
              [
                74.40161973524371,
                73.51582671024893
              ],
              [
                74.40170372372702,
                73.51573950652886
              ],
              [
                74.4014028782649,
                73.51571516137211
              ],
              [
                74.40148686732275,
                73.51562795773094
              ],
              [
                74.40118602419919,
                73.5156036122405
              ],
              [
                74.40127001383154,
                73.51551640867824
              ],
              [
                74.40096917304646,
                73.51549206285402
              ],
              [
                74.40105316325331,
                73.51540485937072
              ],
              [
                74.40075232480675,
                73.51538051321278
              ],
              [
                74.40092030548735,
                73.5152061063579
              ],
              [
                74.40061947083566,
                73.5151817599912
              ],
              [
                74.4007034613094,
                73.51509455661967
              ],
              [
                74.40040262899613,
                73.5150702099192
              ],
              [
                74.40048662004428,
                73.5149830066266
              ],
              [
                74.40018579006937,
                73.51495865959242
              ],
              [
                74.4002697816919,
                73.51487145637874
              ],
              [
                74.39996895405537,
                73.51484710901086
              ],
              [
                74.40005294625226,
                73.51475990587608
              ],
              [
                74.39975212095405,
                73.5147355581745
              ],
              [
                74.39983611372527,
                73.51464835511862
              ],
              [
                74.39953529076534,
                73.51462400708333
              ],
              [
                74.39961928411088,
                73.51453680410638
              ],
              [
                74.39931846348921,
                73.51451245573739
              ],
              [
                74.39940245740905,
                73.51442525283935
              ],
              [
                74.39910163912563,
                73.51440090413665
              ],
              [
                74.39918563361971,
                73.51431370131756
              ],
              [
                74.39888481767451,
                73.51428935228114
              ],
              [
                74.39922079265598,
                73.51394054104418
              ],
              [
                74.39891998341747,
                73.51391619204892
              ],
              [
                74.39908796852883,
                73.51374178640414
              ],
              [
                74.39878716308452,
                73.51371743720019
              ],
              [
                74.39887115577342,
                73.51363023443368
              ],
              [
                74.39857035266715,
                73.51360588489604
              ],
              [
                74.3986543459302,
                73.51351868220844
              ],
              [
                74.3977519462712,
                73.51344563121867
              ],
              [
                74.39766794863999,
                73.5135328335314
              ],
              [
                74.39706635036505,
                73.51348413032858
              ],
              [
                74.3971503509083,
                73.51339692826576
              ],
              [
                74.39684955454982,
                73.51337257610139
              ],
              [
                74.39693355566709,
                73.51328537411749
              ],
              [
                74.39663276164659,
                73.51326102161946
              ],
              [
                74.39680076414707,
                73.51308661776342
              ],
              [
                74.39649997392046,
                73.51306226505672
              ],
              [
                74.39658397530366,
                73.51297506318458
              ],
              [
                74.39508004467989,
                73.51285329339701
              ],
              [
                74.39516405246047,
                73.51276609210367
              ],
              [
                74.3948632704376,
                73.51274173689536
              ],
              [
                74.39494727879197,
                73.51265453568094
              ],
              [
                74.3943457203039,
                73.51260582413853
              ],
              [
                74.3941776968899,
                73.51278022602143
              ],
              [
                74.39387691605734,
                73.51275586931243
              ],
              [
                74.39370888620343,
                73.5129302707612
              ],
              [
                74.392505760048,
                73.51283283833952
              ],
              [
                74.39242173797473,
                73.5129200384949
              ],
              [
                74.39182017727842,
                73.51287131928265
              ],
              [
                74.39173615141144,
                73.51295851914196
              ],
              [
                74.39143537093084,
                73.512934158723
              ],
              [
                74.39135134272588,
                73.51302135841124
              ],
              [
                74.39044900221026,
                73.51294827402789
              ],
              [
                74.39053303478241,
                73.51286107471464
              ],
              [
                74.39023225783077,
                73.51283671246138
              ],
              [
                74.39031629097634,
                73.51274951322704
              ],
              [
                74.39001551636265,
                73.51272515064024
              ],
              [
                74.39009955008163,
                73.51263795148483
              ],
              [
                74.38979877780588,
                73.51261358856446
              ],
              [
                74.39055505467675,
                73.51182879521765
              ],
              [
                74.39025429638343,
                73.51180443296373
              ],
              [
                74.39101051489911,
                73.51101963701024
              ],
              [
                74.39070977058697,
                73.51099527542267
              ],
              [
                74.39079379191148,
                73.51090807576695
              ],
              [
                74.39049304993675,
                73.51088371384589
              ],
              [
                74.39057707183457,
                73.51079651426907
              ],
              [
                74.39027633219723,
                73.51077215201445
              ],
              [
                74.39044437625742,
                73.5105977529726
              ],
              [
                74.38984290545014,
                73.51054902758781
              ],
              [
                74.38992692906776,
                73.51046182824776
              ],
              [
                74.38962619644246,
                73.5104374649926
              ],
              [
                74.38971022063328,
                73.51035026573146
              ],
              [
                74.38940949034527,
                73.51032590214281
              ],
              [
                74.38957753899125,
                73.51015150373229
              ],
              [
                74.3892768124957,
                73.51012713993514
              ],
              [
                74.38936083695083,
                73.51003994078573
              ],
              [
                74.38906011279249,
                73.51001557665509
              ],
              [
                74.38897608688218,
                73.51010277567947
              ],
              [
                74.38747247204559,
                73.50998094752399
              ],
              [
                74.3873884379775,
                73.51006814587731
              ],
              [
                74.38708771620138,
                73.51004377874578
              ],
              [
                74.38700367979605,
                73.51013097692804
              ],
              [
                74.38640223598001,
                73.51008224103954
              ],
              [
                74.38631819578232,
                73.5101694389257
              ],
              [
                74.38571675258484,
                73.51012070095328
              ],
              [
                74.38563270859477,
                73.51020789854333
              ],
              [
                74.38503126601601,
                73.51015915848699
              ],
              [
                74.38494721823355,
                73.51024635578091
              ],
              [
                74.3846464968125,
                73.51022198494002
              ],
              [
                74.38473054605001,
                73.51013478777112
              ],
              [
                74.3835276750088,
                73.51003730032303
              ],
              [
                74.38344361995118,
                73.5101244969918
              ],
              [
                74.38314290294164,
                73.5101001238586
              ],
              [
                74.3830588455467,
                73.51018732035627
              ],
              [
                74.38245741126471,
                73.51013857246441
              ],
              [
                74.3822892880077,
                73.51031296482128
              ],
              [
                74.37958285122953,
                73.51009357436368
              ],
              [
                74.37966692639365,
                73.51000637933373
              ],
              [
                74.3793662170634,
                73.50998200044904
              ],
              [
                74.3792821404444,
                73.51006919535395
              ],
              [
                74.37898143054183,
                73.51004481588572
              ],
              [
                74.37889735158542,
                73.51013201061943
              ],
              [
                74.37859664111053,
                73.51010763056773
              ],
              [
                74.3785125598167,
                73.51019482513027
              ],
              [
                74.37821184876954,
                73.51017044449509
              ],
              [
                74.37804368062436,
                73.51034483323163
              ],
              [
                74.37774296755008,
                73.51032045188785
              ],
              [
                74.37765888069868,
                73.51040764606186
              ],
              [
                74.3773581670522,
                73.51038326413457
              ],
              [
                74.37727407786323,
                73.5104704581374
              ],
              [
                74.37697336364455,
                73.51044607562659
              ],
              [
                74.37688927211805,
                73.51053326945821
              ],
              [
                74.3765885573272,
                73.51050888636387
              ],
              [
                74.3765044634631,
                73.51059608002429
              ],
              [
                74.37620374810012,
                73.5105716963464
              ],
              [
                74.37611965189842,
                73.51065888983563
              ],
              [
                74.37491679345469,
                73.51056135003941
              ],
              [
                74.37500089547574,
                73.51047415705057
              ],
              [
                74.3740987652768,
                73.51040099776513
              ],
              [
                74.37418287077939,
                73.51031380510545
              ],
              [
                74.3735814579704,
                73.51026503020655
              ],
              [
                74.37374967214605,
                73.51009064524919
              ],
              [
                74.37344896997524,
                73.51006625736233
              ],
              [
                74.37496276484362,
                73.508496786693
              ],
              [
                74.37466208973782,
                73.50847240059937
              ],
              [
                74.37474618252185,
                73.50838520747122
              ],
              [
                74.3744455097531,
                73.50836082104429
              ],
              [
                74.37621128490049,
                73.50652975732356
              ],
              [
                74.37651192712909,
                73.50655414112407
              ],
              [
                74.37659600049929,
                73.5064669469811
              ],
              [
                74.37689664215604,
                73.50649133019823
              ],
              [
                74.37698071318977,
                73.50640413588411
              ],
              [
                74.37728135427463,
                73.50642851851784
              ],
              [
                74.37736542297195,
                73.50634132403252
              ],
              [
                74.37766606348488,
                73.50636570608289
              ],
              [
                74.37775012984581,
                73.50627851142646
              ],
              [
                74.3780507697868,
                73.50630289289343
              ],
              [
                74.37813483381134,
                73.50621569806582
              ],
              [
                74.37873611343156,
                73.5062644593747
              ],
              [
                74.3788201736656,
                73.50617726425091
              ],
              [
                74.37912081334477,
                73.50620164409281
              ],
              [
                74.3792048712425,
                73.50611444879786
              ],
              [
                74.3795055103496,
                73.5061388280564
              ],
              [
                74.37958956591103,
                73.50605163259031
              ],
              [
                74.37989020444608,
                73.50607601126549
              ],
              [
                74.37997425767124,
                73.50598881562826
              ],
              [
                74.38027489563417,
                73.50601319372008
              ],
              [
                74.38035894652309,
                73.50592599791175
              ],
              [
                74.3806595839139,
                73.5059503754202
              ],
              [
                74.38074363246659,
                73.50586317944074
              ],
              [
                74.38104426928524,
                73.50588755636583
              ],
              [
                74.38112831550174,
                73.50580036021523
              ],
              [
                74.3814289517482,
                73.505824736557
              ],
              [
                74.38151299562854,
                73.50573754023533
              ],
              [
                74.38181363130278,
                73.50576191599372
              ],
              [
                74.38189767284697,
                73.5056747195009
              ],
              [
                74.38219830794898,
                73.50569909467599
              ],
              [
                74.38228234715706,
                73.50561189801205
              ],
              [
                74.3825829816868,
                73.5056362726038
              ],
              [
                74.38266701855878,
                73.50554907576877
              ],
              [
                74.38296765251623,
                73.50557344977716
              ],
              [
                74.38305168705214,
                73.50548625277105
              ],
              [
                74.38335232043727,
                73.50551062619611
              ],
              [
                74.38343635263715,
                73.50542342901892
              ],
              [
                74.38373698544993,
                73.50544780186065
              ],
              [
                74.38382101531379,
                73.50536060451236
              ],
              [
                74.3850235495661,
                73.50545809079595
              ],
              [
                74.38510757273134,
                73.50537089290162
              ],
              [
                74.3854082070446,
                73.50539526320168
              ],
              [
                74.38549222787388,
                73.5053080651363
              ],
              [
                74.38579286161465,
                73.50533243485303
              ],
              [
                74.38587688010797,
                73.5052452366166
              ],
              [
                74.38677878225766,
                73.50531834264184
              ],
              [
                74.38686279550659,
                73.50523114398443
              ],
              [
                74.38716342986554,
                73.50525551161783
              ],
              [
                74.38724744077857,
                73.50516831278935
              ],
              [
                74.38754807456488,
                73.50519267983947
              ],
              [
                74.38763208314205,
                73.50510548083997
              ],
              [
                74.38793271635569,
                73.50512984730679
              ],
              [
                74.388016722597,
                73.50504264813623
              ],
              [
                74.38831735523794,
                73.50506701401973
              ],
              [
                74.38840135914344,
                73.50497981467817
              ],
              [
                74.38870199121166,
                73.50500417997836
              ],
              [
                74.38878599278138,
                73.50491698046577
              ],
              [
                74.38908662427686,
                73.50494134518267
              ],
              [
                74.3891706235108,
                73.50485414549905
              ],
              [
                74.3894712544335,
                73.50487850963266
              ],
              [
                74.38955525133169,
                73.50479130977803
              ],
              [
                74.3898558816816,
                73.50481567332835
              ],
              [
                74.38993987624409,
                73.50472847330275
              ],
              [
                74.39024050602114,
                73.50475283626976
              ],
              [
                74.39032449824794,
                73.50466563607313
              ],
              [
                74.39062512745214,
                73.50468999845687
              ],
              [
                74.39070911734326,
                73.50460279808924
              ],
              [
                74.3910097459746,
                73.5046271598897
              ],
              [
                74.39109373353008,
                73.50453995935108
              ],
              [
                74.3913943615885,
                73.50456432056828
              ],
              [
                74.39147834680837,
                73.50447711985866
              ],
              [
                74.39177897429384,
                73.50450148049258
              ],
              [
                74.39186295717812,
                73.504414279612
              ],
              [
                74.39216358409062,
                73.50443863966264
              ],
              [
                74.39224756463935,
                73.50435143861107
              ],
              [
                74.39254819097887,
                73.50437579807843
              ],
              [
                74.39263216919205,
                73.50428859685589
              ],
              [
                74.39293279495855,
                73.50431295574002
              ],
              [
                74.39301677083623,
                73.50422575434649
              ],
              [
                74.39331739602969,
                73.50425011264734
              ],
              [
                74.39340136957186,
                73.50416291108286
              ],
              [
                74.39370199419224,
                73.50418726880045
              ],
              [
                74.39378596539896,
                73.50410006706502
              ],
              [
                74.39438721437466,
                73.50414878087534
              ],
              [
                74.39430324607652,
                73.50423598286058
              ],
              [
                74.39520513051158,
                73.50430905051313
              ],
              [
                74.39528909444675,
                73.50422184815318
              ],
              [
                74.39468784018423,
                73.50417313709298
              ],
              [
                74.39477180614693,
                73.50408593493678
              ],
              [
                74.39417055831751,
                73.504037222293
              ],
              [
                74.39433849341667,
                73.5038628183421
              ],
              [
                74.39403787373216,
                73.50383846158249
              ],
              [
                74.39412184141429,
                73.50375125966292
              ],
              [
                74.39382122406512,
                73.50372690256988
              ],
              [
                74.39390519232036,
                73.50363970072915
              ],
              [
                74.3936045773065,
                73.50361534330267
              ],
              [
                74.39377251408196,
                73.50344093973291
              ],
              [
                74.39347190285757,
                73.50341658209794
              ],
              [
                74.39355587137779,
                73.5033293803689
              ],
              [
                74.39325526248862,
                73.50330502240051
              ],
              [
                74.393423199794,
                73.5031306190541
              ],
              [
                74.39312259469413,
                73.50310626087722
              ],
              [
                74.39320656347925,
                73.50301905925984
              ],
              [
                74.39290596071454,
                73.50299470074954
              ],
              [
                74.39298993007264,
                73.50290749921103
              ],
              [
                74.39268932964306,
                73.50288314036735
              ],
              [
                74.39310917048758,
                73.5024471326087
              ],
              [
                74.39340976364716,
                73.50247149082789
              ],
              [
                74.39349372771896,
                73.50238428901312
              ],
              [
                74.3937943203056,
                73.50240864664912
              ],
              [
                74.39673245700381,
                73.49935654975893
              ],
              [
                74.3970329995899,
                73.49938090256605
              ],
              [
                74.39997000679068,
                73.4963287449281
              ],
              [
                74.40087148723104,
                73.4964017874934
              ],
              [
                74.40103927492869,
                73.49622737603431
              ],
              [
                74.40164026047634,
                73.4962760682878
              ],
              [
                74.40172415009896,
                73.49618886223968
              ],
              [
                74.40202464273958,
                73.49621320755438
              ],
              [
                74.40227630196857,
                73.49595158875964
              ],
              [
                74.4025767911297,
                73.49597593324181
              ],
              [
                74.40232513626009,
                73.49623755241093
              ],
              [
                74.40262563066051,
                73.49626189680929
              ],
              [
                74.40254174539737,
                73.49634910323178
              ],
              [
                74.40314273974423,
                73.49639779090359
              ],
              [
                74.40322662210102,
                73.4963105842315
              ],
              [
                74.40352711914105,
                73.49633492725535
              ],
              [
                74.40361099916477,
                73.49624772041253
              ],
              [
                74.40391149563146,
                73.49627206285342
              ],
              [
                74.40399537332213,
                73.4961848558398
              ],
              [
                74.40760138210568,
                73.49647692789493
              ],
              [
                74.40751752185443,
                73.4965641364057
              ],
              [
                74.41112367475024,
                73.49685614397703
              ],
              [
                74.41078829471535,
                73.49720498354812
              ],
              [
                74.41108881898813,
                73.49722931503291
              ],
              [
                74.4109211266005,
                73.49740373479219
              ],
              [
                74.41122165466007,
                73.4974280660682
              ],
              [
                74.41113780860051,
                73.49751527600363
              ],
              [
                74.4114383389933,
                73.49753960694616
              ],
              [
                74.41135449350783,
                73.49762681696036
              ],
              [
                74.41165502623389,
                73.49765114756937
              ],
              [
                74.4115711813225,
                73.49773835766234
              ],
              [
                74.41217225232073,
                73.49778701775504
              ],
              [
                74.4120884094372,
                73.49787422805156
              ],
              [
                74.41299002689254,
                73.49794721512791
              ],
              [
                74.41290618749073,
                73.4980344257526
              ],
              [
                74.41320672985542,
                73.49805875398626
              ],
              [
                74.41312289102787,
                73.49814596468978
              ],
              [
                74.41372398130349,
                73.49819462003173
              ],
              [
                74.41389165226374,
                73.49802019807989
              ],
              [
                74.41539437880564,
                73.4981418271678
              ],
              [
                74.4153105510346,
                73.49822903879026
              ],
              [
                74.41561110043524,
                73.4982533633577
              ],
              [
                74.41552727323865,
                73.49834057505895
              ],
              [
                74.41703004070305,
                73.49846219164554
              ],
              [
                74.41677857564622,
                73.4987238283442
              ],
              [
                74.41737969751199,
                73.49877247251897
              ],
              [
                74.41729587697563,
                73.49885968490938
              ],
              [
                74.41819757073206,
                73.49893264810838
              ],
              [
                74.4181137536786,
                73.49901986082695
              ],
              [
                74.4196166014642,
                73.49914145761582
              ],
              [
                74.41953279080217,
                73.49922867091192
              ],
              [
                74.41983336445155,
                73.49925298901941
              ],
              [
                74.4197495543644,
                73.49934020239428
              ],
              [
                74.42005013034733,
                73.49936452016814
              ],
              [
                74.41996632083509,
                73.49945173362178
              ],
              [
                74.42026689915163,
                73.49947605106198
              ],
              [
                74.42018309021431,
                73.49956326459437
              ],
              [
                74.42499248612975,
                73.49995228329753
              ],
              [
                74.4249086995835,
                73.50003949877872
              ],
              [
                74.43001895407099,
                73.50045270469721
              ],
              [
                74.42993519137437,
                73.50053992225138
              ],
              [
                74.43023580394537,
                73.50056422448097
              ],
              [
                74.43015204182456,
                73.50065144211385
              ],
              [
                74.43045265672926,
                73.50067574400963
              ],
              [
                74.43028513276037,
                73.50085017938703
              ],
              [
                74.43058575145366,
                73.50087448107365
              ],
              [
                74.4305019896056,
                73.50096169881816
              ],
              [
                74.4308026106327,
                73.50098600017101
              ],
              [
                74.4306350872094,
                73.5011604357716
              ],
              [
                74.4309357120252,
                73.50118473691525
              ],
              [
                74.43085195044998,
                73.50127195477134
              ],
              [
                74.43115257759968,
                73.5012962555812
              ],
              [
                74.43098505472211,
                73.50147069140503
              ],
              [
                74.43128568566068,
                73.50149499200568
              ],
              [
                74.43120192435836,
                73.50158220997336
              ],
              [
                74.4315025576309,
                73.50160651024021
              ],
              [
                74.43141879690458,
                73.50169372828668
              ],
              [
                74.43171943251109,
                73.5017180282197
              ],
              [
                74.43163567236078,
                73.50180524634489
              ],
              [
                74.43193631030132,
                73.50182954594408
              ],
              [
                74.43185255072706,
                73.50191676414802
              ],
              [
                74.4330551170993,
                73.5020139584587
              ],
              [
                74.4329713624664,
                73.50210117711525
              ],
              [
                74.43387330084003,
                73.50217406840827
              ],
              [
                74.43378954969361,
                73.50226128739277
              ],
              [
                74.4340901990312,
                73.50228558369814
              ],
              [
                74.43400644846102,
                73.50237280276137
              ],
              [
                74.43430710013274,
                73.50239709873287
              ],
              [
                74.43380458698486,
                73.50292041289681
              ],
              [
                74.43350392658165,
                73.50289611617765
              ],
              [
                74.43342016985859,
                73.50298333491985
              ],
              [
                74.43311950887913,
                73.5029590376176
              ],
              [
                74.43303574982174,
                73.50304625618928
              ],
              [
                74.43333641225648,
                73.50307055361615
              ],
              [
                74.43308513417583,
                73.50333220942984
              ],
              [
                74.43338580185564,
                73.50335650677208
              ],
              [
                74.43330204219261,
                73.50344372540954
              ],
              [
                74.43360271220685,
                73.50346802241789
              ],
              [
                74.43335143230935,
                73.50372967842885
              ],
              [
                74.43365210756888,
                73.5037539753526
              ],
              [
                74.43356834730027,
                73.50384119405578
              ],
              [
                74.43386902489435,
                73.50386549064564
              ],
              [
                74.43378526520206,
                73.50395270942761
              ],
              [
                74.43408594513073,
                73.50397700568352
              ],
              [
                74.43400218601482,
                73.50406422454424
              ],
              [
                74.43490423544196,
                73.50413711093479
              ],
              [
                74.4348204798135,
                73.50422433012349
              ],
              [
                74.43512116616961,
                73.5042486247946
              ],
              [
                74.43495365518652,
                73.50442306328364
              ],
              [
                74.4358557282629,
                73.5044959452934
              ],
              [
                74.43577197581953,
                73.50458316484294
              ],
              [
                74.43637336517716,
                73.50463175080598
              ],
              [
                74.43628961476604,
                73.50471897055891
              ],
              [
                74.43689101055128,
                73.504767554937
              ],
              [
                74.4368072621725,
                73.50485477489329
              ],
              [
                74.43740866438539,
                73.50490335768637
              ],
              [
                74.43732491803902,
                73.50499057784602
              ],
              [
                74.43762562191979,
                73.5050148686793
              ],
              [
                74.43737438197371,
                73.50527652925689
              ],
              [
                74.4388779364003,
                73.50539797841401
              ],
              [
                74.43879419527273,
                73.50548519913784
              ],
              [
                74.43939562610838,
                73.50553377583987
              ],
              [
                74.43931188701362,
                73.50562099676704
              ],
              [
                74.43991332427716,
                73.50566957188393
              ],
              [
                74.43966211045449,
                73.50593123513792
              ],
              [
                74.44026355996995,
                73.505979809168
              ],
              [
                74.44017982318306,
                73.50606703041015
              ],
              [
                74.44078127912663,
                73.50611560285503
              ],
              [
                74.44069754437284,
                73.50620282430052
              ],
              [
                74.44129900674456,
                73.50625139516013
              ],
              [
                74.44146646954881,
                73.50607695172499
              ],
              [
                74.44116574083564,
                73.50605266677364
              ],
              [
                74.4412494723754,
                73.5059654451119
              ],
              [
                74.44155019963253,
                73.50598972993865
              ],
              [
                74.44163392883728,
                73.50590250810649
              ],
              [
                74.44193465551727,
                73.50592679235005
              ],
              [
                74.44201838238705,
                73.50583957034748
              ],
              [
                74.44171765716311,
                73.50581528622845
              ],
              [
                74.44188511117804,
                73.50564084233493
              ],
              [
                74.44278728075024,
                73.5057136925687
              ],
              [
                74.44287100207129,
                73.50562647017946
              ],
              [
                74.44317172556367,
                73.50565075254895
              ],
              [
                74.44333916265718,
                73.50547630738384
              ],
              [
                74.4436398841163,
                73.50550058904561
              ],
              [
                74.44380731478255,
                73.50532614344807
              ],
              [
                74.44410803420838,
                73.50535042440211
              ],
              [
                74.44419174676734,
                73.50526320141003
              ],
              [
                74.44719897479342,
                73.50550598448189
              ],
              [
                74.4471152767954,
                73.5055932087194
              ],
              [
                74.4474160058867,
                73.5056174846288
              ],
              [
                74.44733230846624,
                73.50570470894506
              ],
              [
                74.44823450538036,
                73.50577753429506
              ],
              [
                74.44815081144993,
                73.50586475893913
              ],
              [
                74.44845154696806,
                73.50588903326309
              ],
              [
                74.44836785361531,
                73.50597625798585
              ],
              [
                74.4486685914683,
                73.50600053197572
              ],
              [
                74.4485012050396,
                73.50617498153291
              ],
              [
                74.44880194668377,
                73.50619925531319
              ],
              [
                74.44863455965331,
                73.5063737049362
              ],
              [
                74.44833381509648,
                73.50634943090688
              ],
              [
                74.44808272359198,
                73.50661110462426
              ],
              [
                74.44778197554471,
                73.50658682976264
              ],
              [
                74.44744716874496,
                73.50693572691296
              ],
              [
                74.44714641575086,
                73.50691145109454
              ],
              [
                74.44706271039769,
                73.50699867514305
              ],
              [
                74.44796497638546,
                73.50707150159597
              ],
              [
                74.44788127452284,
                73.5071587259723
              ],
              [
                74.44818203306605,
                73.50718300066383
              ],
              [
                74.44801462961753,
                73.50735744952814
              ],
              [
                74.44831539195245,
                73.5073817240101
              ],
              [
                74.4482316903666,
                73.50746894849807
              ],
              [
                74.4485324550368,
                73.50749322264592
              ],
              [
                74.44836505214187,
                73.50766767173351
              ],
              [
                74.44866582060395,
                73.50769194567175
              ],
              [
                74.44858211929491,
                73.50777917027139
              ],
              [
                74.44918366176856,
                73.5078277170209
              ],
              [
                74.44909996249399,
                73.50791494182381
              ],
              [
                74.4497015113959,
                73.50796348698769
              ],
              [
                74.44953411603711,
                73.50813793695427
              ],
              [
                74.44983489471954,
                73.50816220909721
              ],
              [
                74.4496674987591,
                73.50833665912963
              ],
              [
                74.45026906458712,
                73.50838520253761
              ],
              [
                74.45018536820224,
                73.5084724277342
              ],
              [
                74.45048615389115,
                73.50849669887468
              ],
              [
                74.45040245808428,
                73.50858392415
              ],
              [
                74.45070324610874,
                73.50860819495631
              ],
              [
                74.4506195508799,
                73.50869542031036
              ],
              [
                74.45092034123995,
                73.50871969078247
              ],
              [
                74.45066925465134,
                73.50898136694339
              ],
              [
                74.45097005026071,
                73.50900563733042
              ],
              [
                74.45055156232152,
                73.50944176397194
              ],
              [
                74.4508523660943,
                73.5094660345229
              ],
              [
                74.4506849676807,
                73.50964048510798
              ],
              [
                74.45098577524627,
                73.50966475544932
              ],
              [
                74.4506509737007,
                73.51001365656798
              ],
              [
                74.4521550538522,
                73.51013500388423
              ],
              [
                74.45223874827151,
                73.51004777805058
              ],
              [
                74.45193793194059,
                73.51002350962936
              ],
              [
                74.45210532105693,
                73.50984905807371
              ],
              [
                74.451804508519,
                73.50982478944283
              ],
              [
                74.45197189703418,
                73.50965033795305
              ],
              [
                74.45257351716066,
                73.50969887425794
              ],
              [
                74.452322441812,
                73.5099605521711
              ],
              [
                74.45262325756465,
                73.509984820009
              ],
              [
                74.45237217867805,
                73.51024649788361
              ],
              [
                74.45267299968089,
                73.51027076563636
              ],
              [
                74.45258930641819,
                73.51035799162749
              ],
              [
                74.45289012975702,
                73.51038225904603
              ],
              [
                74.45280643707265,
                73.51046948511589
              ],
              [
                74.45310726274752,
                73.51049375220018
              ],
              [
                74.45302357064153,
                73.51058097834878
              ],
              [
                74.45332439865247,
                73.51060524509883
              ],
              [
                74.45324070712486,
                73.5106924713262
              ],
              [
                74.45354153747186,
                73.51071673774197
              ],
              [
                74.45337415469464,
                73.51089119030837
              ],
              [
                74.45367498883506,
                73.51091545651444
              ],
              [
                74.45350760545702,
                73.51108990914673
              ],
              [
                74.45320676840198,
                73.51106564269162
              ],
              [
                74.45262088869204,
                73.51167622459032
              ],
              [
                74.45292173594865,
                73.51170049191724
              ],
              [
                74.45250323135963,
                73.51213662109372
              ],
              [
                74.45280408678246,
                73.51216088858455
              ],
              [
                74.45246927311875,
                73.51250979159954
              ],
              [
                74.4527701352507,
                73.51253405912975
              ],
              [
                74.45268643109468,
                73.51262128489356
              ],
              [
                74.45298729556329,
                73.51264555208951
              ],
              [
                74.45281988752917,
                73.51282000372882
              ],
              [
                74.4522181536407,
                73.5127714683799
              ],
              [
                74.45230186101249,
                73.51268424283224
              ],
              [
                74.45200099684449,
                73.51265997459411
              ],
              [
                74.45158244390632,
                73.51309610125156
              ],
              [
                74.4518833153623,
                73.51312037011249
              ],
              [
                74.4517996035948,
                73.51320759543113
              ],
              [
                74.45149873068118,
                73.51318332644563
              ],
              [
                74.45141501657686,
                73.5132705515939
              ],
              [
                74.45111414308481,
                73.51324628202501
              ],
              [
                74.45103042664363,
                73.5133335070029
              ],
              [
                74.45072955257316,
                73.51330923685057
              ],
              [
                74.45064583379511,
                73.5133964616581
              ],
              [
                74.45034495914628,
                73.51337219092237
              ],
              [
                74.4502612380313,
                73.51345941555951
              ],
              [
                74.44996036280409,
                73.51343514424038
              ],
              [
                74.4498766393522,
                73.51352236870713
              ],
              [
                74.44957576354668,
                73.51349809680458
              ],
              [
                74.4494920377578,
                73.51358532110093
              ],
              [
                74.44919116137399,
                73.51356104861495
              ],
              [
                74.44910743324814,
                73.51364827274091
              ],
              [
                74.44880655628603,
                73.5136239996715
              ],
              [
                74.44872282582317,
                73.51371122362707
              ],
              [
                74.44842194828283,
                73.51368694997423
              ],
              [
                74.44833821548295,
                73.5137741737594
              ],
              [
                74.44803733736437,
                73.51374989952312
              ],
              [
                74.44795360222741,
                73.51383712313785
              ],
              [
                74.44765272353065,
                73.51381284831817
              ],
              [
                74.44756898605661,
                73.51390007176248
              ],
              [
                74.44726810678169,
                73.51387579635934
              ],
              [
                74.44718436697053,
                73.51396301963324
              ],
              [
                74.44688348711747,
                73.51393874364666
              ],
              [
                74.44679974496917,
                73.51402596675014
              ],
              [
                74.446498864538,
                73.5140016901801
              ],
              [
                74.44641512005255,
                73.51408891311316
              ],
              [
                74.4461142390433,
                73.51406463595968
              ],
              [
                74.44603049222064,
                73.51415185872229
              ],
              [
                74.44572961063332,
                73.51412758098535
              ],
              [
                74.44564586147347,
                73.51421480357752
              ],
              [
                74.44534497930812,
                73.51419052525713
              ],
              [
                74.44526122781103,
                73.51427774767885
              ],
              [
                74.44496034506767,
                73.51425346877502
              ],
              [
                74.44487659123331,
                73.51434069102626
              ],
              [
                74.44457570791198,
                73.51431641153897
              ],
              [
                74.44449195174033,
                73.51440363361978
              ],
              [
                74.44419106784103,
                73.51437935354902
              ],
              [
                74.44410730933208,
                73.51446657545934
              ],
              [
                74.44380642485487,
                73.51444229480514
              ],
              [
                74.44372266400858,
                73.51452951654501
              ],
              [
                74.44342177895346,
                73.51450523530731
              ],
              [
                74.4433380157698,
                73.5145924568767
              ],
              [
                74.44303713013682,
                73.51456817505553
              ],
              [
                74.44295336461576,
                73.51465539645446
              ],
              [
                74.44265247840494,
                73.51463111404979
              ],
              [
                74.44256871054647,
                73.51471833527823
              ],
              [
                74.44226782375782,
                73.51469405229011
              ],
              [
                74.4421840535619,
                73.51478127334806
              ],
              [
                74.44188316619548,
                73.51475698977644
              ],
              [
                74.4417993936621,
                73.51484421066388
              ],
              [
                74.4414985057179,
                73.5148199265088
              ],
              [
                74.44141473084703,
                73.51490714722573
              ],
              [
                74.4411138423251,
                73.51488286248717
              ],
              [
                74.4410300651167,
                73.5149700830336
              ],
              [
                74.44072917601709,
                73.51494579771155
              ],
              [
                74.44064539647114,
                73.51503301808745
              ],
              [
                74.44034450679382,
                73.5150087321819
              ],
              [
                74.4402607249103,
                73.51509595238733
              ],
              [
                74.43995983465535,
                73.51507166589825
              ],
              [
                74.43987605043424,
                73.51515888593318
              ],
              [
                74.43957515960166,
                73.51513459886057
              ],
              [
                74.43949137304291,
                73.51522181872498
              ],
              [
                74.43919048163274,
                73.51519753106888
              ],
              [
                74.43910669273636,
                73.51528475076275
              ],
              [
                74.4388058007486,
                73.51526046252313
              ],
              [
                74.43872200951455,
                73.51534768204647
              ],
              [
                74.43842111694924,
                73.51532339322335
              ],
              [
                74.4383373233775,
                73.51541061257615
              ],
              [
                74.43803643023467,
                73.51538632316952
              ],
              [
                74.4379526343252,
                73.51547354235177
              ],
              [
                74.43765174060488,
                73.51544925236159
              ],
              [
                74.43756794235766,
                73.51553647137334
              ],
              [
                74.4372670480599,
                73.51551218079963
              ],
              [
                74.43718324747489,
                73.5155993996408
              ],
              [
                74.43688235259968,
                73.5155751084836
              ],
              [
                74.43679854967688,
                73.51566232715417
              ],
              [
                74.43649765422427,
                73.51563803541345
              ],
              [
                74.43641384896364,
                73.51572525391347
              ],
              [
                74.43611295293363,
                73.5157009615892
              ],
              [
                74.43602914533517,
                73.51578817991867
              ],
              [
                74.4357282487278,
                73.51576388701088
              ],
              [
                74.43564443879147,
                73.51585110516974
              ],
              [
                74.43534354160676,
                73.51582681167841
              ],
              [
                74.43525972933251,
                73.51591402966673
              ],
              [
                74.43495883157051,
                73.51588973559184
              ],
              [
                74.43487501695836,
                73.51597695340956
              ],
              [
                74.43457411861908,
                73.51595265875113
              ],
              [
                74.43449030166896,
                73.51603987639825
              ],
              [
                74.43418940275244,
                73.51601558115628
              ],
              [
                74.43377029750789,
                73.51645166808011
              ],
              [
                74.43346939218361,
                73.51642737175575
              ],
              [
                74.43338556703577,
                73.51651458887812
              ],
              [
                74.4330846611343,
                73.51649029197017
              ],
              [
                74.43274934590733,
                73.51683915950193
              ],
              [
                74.43244843505568,
                73.51681486163623
              ],
              [
                74.43236460258993,
                73.5169020782797
              ],
              [
                74.43206369116113,
                73.51687777983041
              ],
              [
                74.43197985635712,
                73.5169649963033
              ],
              [
                74.43167894435123,
                73.5169406972704
              ],
              [
                74.43159510720892,
                73.5170279135726
              ],
              [
                74.43129419462596,
                73.51700361395616
              ],
              [
                74.43121035514532,
                73.51709083008774
              ],
              [
                74.4309094419853,
                73.51706652988769
              ],
              [
                74.43082560016634,
                73.51715374584863
              ],
              [
                74.4305246864293,
                73.51712944506495
              ],
              [
                74.43044084227196,
                73.51721666085527
              ],
              [
                74.43013992795792,
                73.51719235948799
              ],
              [
                74.43005608146221,
                73.51727957510766
              ],
              [
                74.42975516657118,
                73.51725527315676
              ],
              [
                74.42967131773706,
                73.51734248860579
              ],
              [
                74.42937040226909,
                73.5173181860713
              ],
              [
                74.42928655109651,
                73.51740540134963
              ],
              [
                74.42898563505163,
                73.51738109823155
              ],
              [
                74.42890178154059,
                73.51746831333921
              ],
              [
                74.4286008649188,
                73.5174440096375
              ],
              [
                74.42851700906928,
                73.5175312245745
              ],
              [
                74.42821609187064,
                73.5175069202892
              ],
              [
                74.42813223368258,
                73.5175941350555
              ],
              [
                74.4278313159071,
                73.51756983018656
              ],
              [
                74.42766359397304,
                73.51774425933192
              ],
              [
                74.42736267416306,
                73.5177199537546
              ],
              [
                74.427278810417,
                73.51780716813364
              ],
              [
                74.42697789003022,
                73.51778286197266
              ],
              [
                74.42689402394552,
                73.51787007618101
              ],
              [
                74.42659310298201,
                73.51784576943639
              ],
              [
                74.42650923455868,
                73.51793298347403
              ],
              [
                74.42620831301845,
                73.51790867614581
              ],
              [
                74.42612444225642,
                73.51799589001276
              ],
              [
                74.42582352013949,
                73.51797158210086
              ],
              [
                74.42573964703878,
                73.5180587957971
              ],
              [
                74.42543872434516,
                73.51803448730156
              ],
              [
                74.42535484890573,
                73.5181217008271
              ],
              [
                74.42505392563547,
                73.51809739174793
              ],
              [
                74.4249700478573,
                73.51818460510275
              ],
              [
                74.4246691240104,
                73.51816029543991
              ],
              [
                74.42458524389346,
                73.518247508624
              ],
              [
                74.42428431946998,
                73.51822319837751
              ],
              [
                74.42420043701424,
                73.51831041139087
              ],
              [
                74.42389951201419,
                73.51828610056073
              ],
              [
                74.42381562721961,
                73.51837331340333
              ],
              [
                74.42351470164303,
                73.51834900198955
              ],
              [
                74.42343081450962,
                73.51843621466142
              ],
              [
                74.42312988835651,
                73.51841190266397
              ],
              [
                74.4230459988842,
                73.51849911516511
              ],
              [
                74.42274507215463,
                73.51847480258398
              ],
              [
                74.42266118034344,
                73.51856201491437
              ],
              [
                74.4223602530374,
                73.51853770174957
              ],
              [
                74.42227635888727,
                73.5186249139092
              ],
              [
                74.4219754310048,
                73.51860060016072
              ],
              [
                74.42189153451572,
                73.51868781214961
              ],
              [
                74.42159060605685,
                73.51866349781749
              ],
              [
                74.4215067072288,
                73.5187507096356
              ],
              [
                74.42120577819355,
                73.51872639471976
              ],
              [
                74.4211218770265,
                73.51881360636709
              ],
              [
                74.42082094741488,
                73.51878929086759
              ],
              [
                74.42073704390882,
                73.51887650234416
              ],
              [
                74.4204361137209,
                73.51885218626096
              ],
              [
                74.42035220787575,
                73.51893939756677
              ],
              [
                74.42005127711154,
                73.51891508089989
              ],
              [
                74.41996736892732,
                73.5190022920349
              ],
              [
                74.41966643758684,
                73.5189779747843
              ],
              [
                74.41958252706351,
                73.51906518574853
              ],
              [
                74.41928159514678,
                73.51904086791427
              ],
              [
                74.41919768228433,
                73.5191280787077
              ],
              [
                74.4188967497914,
                73.51910376028972
              ],
              [
                74.4188128345898,
                73.51919097091235
              ],
              [
                74.41851190152066,
                73.51916665191067
              ],
              [
                74.41842798397987,
                73.5192538623625
              ],
              [
                74.41812705033458,
                73.5192295427771
              ],
              [
                74.41804313045459,
                73.51931675305812
              ],
              [
                74.41774219623316,
                73.51929243288903
              ],
              [
                74.41765827401395,
                73.51937964299925
              ],
              [
                74.41735733921642,
                73.51935532224644
              ],
              [
                74.41727341465794,
                73.51944253218582
              ],
              [
                74.41697247928434,
                73.5194182108493
              ],
              [
                74.41688855238658,
                73.51950542061788
              ],
              [
                74.41658761643691,
                73.51948109869761
              ],
              [
                74.41650368719984,
                73.51956830829535
              ],
              [
                74.41620275067416,
                73.5195439857914
              ],
              [
                74.41611881909775,
                73.51963119521828
              ],
              [
                74.41581788199606,
                73.51960687213058
              ],
              [
                74.4157339480803,
                73.51969408138667
              ],
              [
                74.4151320736067,
                73.51964543358494
              ],
              [
                74.4150481358939,
                73.5197326425453
              ],
              [
                74.4129415928083,
                73.51956235991136
              ],
              [
                74.41285764401037,
                73.51964956795153
              ]
            ]
          ]
        ]
      },
      "properties": {
        "id": "81226e1feb447816",
        "class": "floe_instance_candidate",
        "ice_identity": "optical_candidate",
        "grounding": "unverified",
        "confirmed_stamukha": false,
        "confidence": "low",
        "review_status": "unreviewed",
        "region": "kara",
        "observed_at": "2026-02-26T07:38:49.344000Z",
        "source_id": "S2B_T43XDB_20260226T073758_L2A",
        "source_collection": "sentinel-2-c1-l2a",
        "source_level": "L2A",
        "area_m2": 3545400.0,
        "equivalent_diameter_m": 2124.65,
        "longitude": 74.4154783,
        "latitude": 73.5083866,
        "truncated": false,
        "minimum_threshold_iou": 0.867,
        "threshold_stable": true,
        "inferred_boundary_fraction": 0.556,
        "touching_floes_may_be_split": true,
        "isolated_stable_candidate": false,
        "low_sun": true,
        "sun_elevation_deg": 7.864871603309794,
        "processing_method": "distance_watershed_experimental_v1",
        "native_green_m": 10,
        "native_swir_m": 20,
        "notice": "Candidate outline; shape splitting can divide one floe or merge multiple floes; 30 m completeness unvalidated"
      }
    },
    {
      "type": "Feature",
      "geometry": {
        "type": "MultiPolygon",
        "coordinates": [
          [
            [
              [
                74.48379529076294,
                73.5112751827753
              ],
              [
                74.48229087648194,
                73.51115407650514
              ],
              [
                74.48237441779366,
                73.51106683804012
              ],
              [
                74.48117090799502,
                73.5109699452608
              ],
              [
                74.48125445426206,
                73.51088270724742
              ],
              [
                74.48095358046415,
                73.51085848302966
              ],
              [
                74.48103712731186,
                73.51077124509493
              ],
              [
                74.48043538526461,
                73.51072279553135
              ],
              [
                74.48035183550067,
                73.51081003321738
              ],
              [
                74.48005096433515,
                73.5107858076229
              ],
              [
                74.48013451555718,
                73.51069857006122
              ],
              [
                74.47983364672722,
                73.51067434413216
              ],
              [
                74.47991719852983,
                73.51058710664913
              ],
              [
                74.4796163320354,
                73.51056288038554
              ],
              [
                74.4796998844186,
                73.51047564298116
              ],
              [
                74.47939902025968,
                73.510451416383
              ],
              [
                74.4794825732234,
                73.5103641790573
              ],
              [
                74.47918171139997,
                73.51033995212461
              ],
              [
                74.47934881761093,
                73.51016547758483
              ],
              [
                74.4787471024284,
                73.51011702284019
              ],
              [
                74.47883065713356,
                73.51002978575048
              ],
              [
                74.47852980231643,
                73.51000555781415
              ],
              [
                74.47861335760201,
                73.5099183208031
              ],
              [
                74.47801165351599,
                73.50986986380259
              ],
              [
                74.47809521083985,
                73.50978262699455
              ],
              [
                74.47749351317951,
                73.50973416840726
              ],
              [
                74.47757707254156,
                73.50964693180221
              ],
              [
                74.47727622648546,
                73.50962270194464
              ],
              [
                74.47752690368004,
                73.50936099222842
              ],
              [
                74.47722606287478,
                73.50933676228509
              ],
              [
                74.47747673654534,
                73.50907505253072
              ],
              [
                74.47717590099072,
                73.50905082250155
              ],
              [
                74.4772594585837,
                73.50896358594973
              ],
              [
                74.47786112765499,
                73.50901204530055
              ],
              [
                74.47761046098995,
                73.50927375556499
              ],
              [
                74.47791130121492,
                73.50929798492518
              ],
              [
                74.47799485618962,
                73.5092107480917
              ],
              [
                74.47829569583429,
                73.5092349768687
              ],
              [
                74.47854635112066,
                73.50897326572115
              ],
              [
                74.47824551584921,
                73.5089490373172
              ],
              [
                74.47849616761229,
                73.50868732613152
              ],
              [
                74.47789450844765,
                73.50863886869308
              ],
              [
                74.47772740231893,
                73.50881334236519
              ],
              [
                74.47682491140648,
                73.50874065202026
              ],
              [
                74.47690846928246,
                73.50865341558008
              ],
              [
                74.47540434259857,
                73.5085322564504
              ],
              [
                74.47548790688502,
                73.50844502058627
              ],
              [
                74.4751870856382,
                73.50842078750821
              ],
              [
                74.47527065050468,
                73.50833355172277
              ],
              [
                74.47557147029399,
                73.50835778467646
              ],
              [
                74.4756550328255,
                73.50827054872096
              ],
              [
                74.4765574930855,
                73.50834324445609
              ],
              [
                74.47639037589029,
                73.50851771706749
              ],
              [
                74.4772928527925,
                73.50859040941933
              ],
              [
                74.47737640745605,
                73.50850317276344
              ],
              [
                74.4776772333873,
                73.50852740250538
              ],
              [
                74.47776078571586,
                73.50844016567945
              ],
              [
                74.4774599612422,
                73.50841593606184
              ],
              [
                74.47771061733648,
                73.50815422568299
              ],
              [
                74.47801143743739,
                73.50817845492756
              ],
              [
                74.4780949862566,
                73.50809121791892
              ],
              [
                74.4768917169471,
                73.50799429868498
              ],
              [
                74.47697527071908,
                73.50790706212797
              ],
              [
                74.4763736442434,
                73.50785860000684
              ],
              [
                74.47645720005295,
                73.50777136365285
              ],
              [
                74.47615638958861,
                73.50774713202841
              ],
              [
                74.47632350149057,
                73.50757265943204
              ],
              [
                74.47662430904005,
                73.50759689080779
              ],
              [
                74.4767078622176,
                73.50750965431673
              ],
              [
                74.477008669187,
                73.50753388510932
              ],
              [
                74.47750996108488,
                73.50701046445754
              ],
              [
                74.47720916285975,
                73.50698623441093
              ],
              [
                74.47745980133799,
                73.5067245238413
              ],
              [
                74.47715900836204,
                73.50670029370887
              ],
              [
                74.47724255422433,
                73.50661305688533
              ],
              [
                74.477543345743,
                73.50663728689338
              ],
              [
                74.4777104319215,
                73.50646281286052
              ],
              [
                74.47740964331734,
                73.5064385831011
              ],
              [
                74.4774931865481,
                73.50635134614045
              ],
              [
                74.47689161488577,
                73.50630288549397
              ],
              [
                74.47680806874057,
                73.50639012220596
              ],
              [
                74.47650728276795,
                73.50636589107022
              ],
              [
                74.47659083037036,
                73.50627865448257
              ],
              [
                74.47629004673216,
                73.50625442301241
              ],
              [
                74.47637359491455,
                73.50616718650339
              ],
              [
                74.47607281361071,
                73.50614295469882
              ],
              [
                74.47615636237306,
                73.50605571826847
              ],
              [
                74.47555480531126,
                73.50600725353169
              ],
              [
                74.47563835611066,
                73.5059200173043
              ],
              [
                74.47293140586953,
                73.5057019044
              ],
              [
                74.47301496890503,
                73.50561466924603
              ],
              [
                74.47211267232008,
                73.50554195706043
              ],
              [
                74.47219623884911,
                73.50545472223381
              ],
              [
                74.47159471509295,
                73.50540624539849
              ],
              [
                74.47167828365842,
                73.50531901077488
              ],
              [
                74.47137752455325,
                73.50529477179353
              ],
              [
                74.47129395453089,
                73.50538200629278
              ],
              [
                74.46798564625723,
                73.505115345855
              ],
              [
                74.46806923230429,
                73.50502811272385
              ],
              [
                74.46776848372818,
                73.50500386823805
              ],
              [
                74.46768489622441,
                73.50509110124483
              ],
              [
                74.46738414706908,
                73.50506685617594
              ],
              [
                74.4673005572311,
                73.5051540890126
              ],
              [
                74.46699980749662,
                73.50512984336066
              ],
              [
                74.46691621532437,
                73.50521707602724
              ],
              [
                74.46661546501076,
                73.50519282979218
              ],
              [
                74.46653187050423,
                73.50528006228863
              ],
              [
                74.46623111961149,
                73.5052558154705
              ],
              [
                74.46614752277065,
                73.50534304779681
              ],
              [
                74.46584677129884,
                73.50531880039561
              ],
              [
                74.46576317212369,
                73.50540603255179
              ],
              [
                74.46546242007281,
                73.50538178456748
              ],
              [
                74.46537881856328,
                73.50546901655352
              ],
              [
                74.46507806593338,
                73.50544476798612
              ],
              [
                74.46499446208948,
                73.50553199980203
              ],
              [
                74.46469370888057,
                73.50550775065153
              ],
              [
                74.46461010270225,
                73.5055949822973
              ],
              [
                74.46430934891437,
                73.50557073256368
              ],
              [
                74.46422574040163,
                73.5056579640393
              ],
              [
                74.4639249860348,
                73.50563371372259
              ],
              [
                74.46384137518758,
                73.50572094502805
              ],
              [
                74.46203685868018,
                73.50557543274888
              ],
              [
                74.46195323821519,
                73.50566266326204
              ],
              [
                74.46165248707976,
                73.50563840948568
              ],
              [
                74.46156886428025,
                73.50572563982867
              ],
              [
                74.45946362071757,
                73.50555584968018
              ],
              [
                74.45937998684403,
                73.50564307910632
              ],
              [
                74.45907923981893,
                73.50561882141166
              ],
              [
                74.45899560361083,
                73.5057060506676
              ],
              [
                74.45869485600721,
                73.50568179238985
              ],
              [
                74.45861121746454,
                73.50576902147554
              ],
              [
                74.45831046928242,
                73.50574476261465
              ],
              [
                74.45822682840515,
                73.50583199153016
              ],
              [
                74.45792607964455,
                73.50580773208614
              ],
              [
                74.45784243643266,
                73.5058949608314
              ],
              [
                74.45754168709361,
                73.50587070080425
              ],
              [
                74.45745804154706,
                73.50595792937928
              ],
              [
                74.4571572916296,
                73.50593366876899
              ],
              [
                74.45707364374836,
                73.50602089717377
              ],
              [
                74.4567728932525,
                73.50599663598038
              ],
              [
                74.45668924303655,
                73.50608386421492
              ],
              [
                74.45638849196234,
                73.50605960243836
              ],
              [
                74.45630483941167,
                73.50614683050269
              ],
              [
                74.45600408775911,
                73.50612256814297
              ],
              [
                74.4559204328737,
                73.506209796037
              ],
              [
                74.45501817881585,
                73.50613700583246
              ],
              [
                74.45493451868259,
                73.5062242333073
              ],
              [
                74.45252853485493,
                73.50603010491805
              ],
              [
                74.45261220663986,
                73.50594287843916
              ],
              [
                74.45201072237936,
                73.50589434200431
              ],
              [
                74.45209439619866,
                73.50580711572863
              ],
              [
                74.45149291836445,
                73.50575857770822
              ],
              [
                74.45157659421805,
                73.50567135163575
              ],
              [
                74.45067438842378,
                73.50559854153887
              ],
              [
                74.45075806776786,
                73.50551131579415
              ],
              [
                74.45045733571622,
                73.5054870449691
              ],
              [
                74.45028997323709,
                73.50566149616373
              ],
              [
                74.44998923915138,
                73.505637224631
              ],
              [
                74.45007292228644,
                73.50554999918113
              ],
              [
                74.44977219053544,
                73.5055257273143
              ],
              [
                74.44985587424827,
                73.5054385019431
              ],
              [
                74.44925441629417,
                73.50538995708266
              ],
              [
                74.4491707296689,
                73.50547718220477
              ],
              [
                74.44887000055337,
                73.50545290896208
              ],
              [
                74.44895368863484,
                73.50536568396446
              ],
              [
                74.44835223595169,
                73.50531713635228
              ],
              [
                74.44851961530377,
                73.50514268671772
              ],
              [
                74.44821889319226,
                73.50511841247277
              ],
              [
                74.4480515109279,
                73.50529286185825
              ],
              [
                74.44775078678263,
                73.50526858690564
              ],
              [
                74.44758339809182,
                73.50544303585885
              ],
              [
                74.44427545844758,
                73.50517597837215
              ],
              [
                74.44419174676734,
                73.50526320141003
              ],
              [
                74.44328959549419,
                73.5051903575458
              ],
              [
                74.4432058785672,
                73.5052775801642
              ],
              [
                74.44230373083505,
                73.50520473179898
              ],
              [
                74.44238745212995,
                73.50511750955427
              ],
              [
                74.4420867394328,
                73.50509322597328
              ],
              [
                74.44217046130481,
                73.50500600380731
              ],
              [
                74.44186975094239,
                73.5049817198923
              ],
              [
                74.4419534733915,
                73.50489449780507
              ],
              [
                74.44165276536378,
                73.50487021355606
              ],
              [
                74.44173648838995,
                73.50478299154754
              ],
              [
                74.4411350778827,
                73.50473442192295
              ],
              [
                74.44121880294176,
                73.50464720011774
              ],
              [
                74.44091810046218,
                73.50462291474217
              ],
              [
                74.44100182609824,
                73.50453569301573
              ],
              [
                74.4407011259533,
                73.50451140730614
              ],
              [
                74.44078485216632,
                73.50442418565842
              ],
              [
                74.44048415435596,
                73.50439989961488
              ],
              [
                74.44056788114592,
                73.50431267804589
              ],
              [
                74.44026718567015,
                73.50428839166835
              ],
              [
                74.44035091303701,
                73.50420117017812
              ],
              [
                74.44005021989578,
                73.50417688346663
              ],
              [
                74.44013394783954,
                73.50408966205511
              ],
              [
                74.43983325703284,
                73.50406537500962
              ],
              [
                74.44000071319526,
                73.50389093229825
              ],
              [
                74.4397000261787,
                73.5038666450434
              ],
              [
                74.4398674817372,
                73.5036922023978
              ],
              [
                74.44076953668942,
                73.50376506203934
              ],
              [
                74.4408532587836,
                73.50367784027405
              ],
              [
                74.44055257437641,
                73.50365355430999
              ],
              [
                74.44063629704749,
                73.50356633262344
              ],
              [
                74.44033561497466,
                73.50354204632544
              ],
              [
                74.44050306059184,
                73.50336760306395
              ],
              [
                74.44080373975348,
                73.50339188911285
              ],
              [
                74.44097117894465,
                73.5032174454189
              ],
              [
                74.44127185607383,
                73.50324173076014
              ],
              [
                74.44160671808996,
                73.50289284232399
              ],
              [
                74.44190739027557,
                73.50291712670847
              ],
              [
                74.4422422324119,
                73.50256823704073
              ],
              [
                74.44254289965401,
                73.5025925204685
              ],
              [
                74.44262660653621,
                73.50250529781245
              ],
              [
                74.44292727320138,
                73.50252958065715
              ],
              [
                74.44301097774957,
                73.50244235783073
              ],
              [
                74.44361231080437,
                73.50249092189549
              ],
              [
                74.44386341044512,
                73.50222925239402
              ],
              [
                74.44356274784495,
                73.5022049709645
              ],
              [
                74.44364644742379,
                73.50211774783024
              ],
              [
                74.4439471085685,
                73.50214202913521
              ],
              [
                74.44403080581345,
                73.50205480583058
              ],
              [
                74.44373014612421,
                73.50203052465017
              ],
              [
                74.44381384394622,
                73.50194330142423
              ],
              [
                74.44351318659082,
                73.50191901990983
              ],
              [
                74.44359688498983,
                73.50183179676263
              ],
              [
                74.44329622996823,
                73.50180751491423
              ],
              [
                74.44337992894425,
                73.50172029184579
              ],
              [
                74.44368058251045,
                73.5017445735696
              ],
              [
                74.44393166980208,
                73.50148290371561
              ],
              [
                74.44363102060196,
                73.50145862236536
              ],
              [
                74.44371471606446,
                73.5013713991136
              ],
              [
                74.44341406919801,
                73.50134711742936
              ],
              [
                74.44366515468143,
                73.50108544777267
              ],
              [
                74.44336451305921,
                73.50106116600358
              ],
              [
                74.44353190190037,
                73.50088671958574
              ],
              [
                74.44323126406695,
                73.50086243760724
              ],
              [
                74.4433149586253,
                73.50077521445408
              ],
              [
                74.44361559500351,
                73.50079949630806
              ],
              [
                74.44378297857492,
                73.50062504961531
              ],
              [
                74.4422798200188,
                73.50050363700598
              ],
              [
                74.44428832349023,
                73.49841027733937
              ],
              [
                74.44458891852526,
                73.49843455778975
              ],
              [
                74.44642957043098,
                73.49651561884065
              ],
              [
                74.44673013434051,
                73.49653989609394
              ],
              [
                74.44664647901622,
                73.49662712119705
              ],
              [
                74.44694704525803,
                73.49665139811644
              ],
              [
                74.44703069912774,
                73.49656417288882
              ],
              [
                74.44763183133516,
                73.49661272510353
              ],
              [
                74.44788277895084,
                73.49635104839913
              ],
              [
                74.44818334200723,
                73.49637532344552
              ],
              [
                74.44826698800266,
                73.49628809766132
              ],
              [
                74.44856755048204,
                73.4963123721249
              ],
              [
                74.44865119414533,
                73.49622514617046
              ],
              [
                74.44895175604769,
                73.49624942005119
              ],
              [
                74.44903539737886,
                73.4961621939265
              ],
              [
                74.44933595870415,
                73.49618646722442
              ],
              [
                74.44941959770321,
                73.4960992409295
              ],
              [
                74.44972015845144,
                73.49612351364459
              ],
              [
                74.44980379511844,
                73.49603628717942
              ],
              [
                74.45010435528955,
                73.49606055931169
              ],
              [
                74.4501879896245,
                73.49597333267629
              ],
              [
                74.45048854921848,
                73.49599760422578
              ],
              [
                74.4505721812214,
                73.49591037742015
              ],
              [
                74.45087274023822,
                73.49593464838681
              ],
              [
                74.45095636990915,
                73.49584742141096
              ],
              [
                74.4512569283488,
                73.49587169179479
              ],
              [
                74.45134055568774,
                73.49578446464872
              ],
              [
                74.45164111355017,
                73.49580873444978
              ],
              [
                74.45172473855716,
                73.49572150713351
              ],
              [
                74.45202529584235,
                73.49574577635175
              ],
              [
                74.45210891851744,
                73.49565854886526
              ],
              [
                74.45240947522537,
                73.49568281750071
              ],
              [
                74.45249309556853,
                73.49559558984404
              ],
              [
                74.45279365169917,
                73.49561985789668
              ],
              [
                74.45287726971048,
                73.4955326300698
              ],
              [
                74.45317782526378,
                73.49555689753966
              ],
              [
                74.45326144094325,
                73.4954696695426
              ],
              [
                74.45356199591922,
                73.49549393642965
              ],
              [
                74.45364560926684,
                73.49540670826242
              ],
              [
                74.45394616366544,
                73.4954309745667
              ],
              [
                74.45402977468129,
                73.49534374622927
              ],
              [
                74.45433032850246,
                73.49536801195077
              ],
              [
                74.45441393718654,
                73.49528078344315
              ],
              [
                74.4547144904303,
                73.49530504858187
              ],
              [
                74.45479809678264,
                73.49521781990411
              ],
              [
                74.45509864944893,
                73.49524208446005
              ],
              [
                74.45518225346956,
                73.49515485561211
              ],
              [
                74.45548280555836,
                73.49517911958527
              ],
              [
                74.4555664072473,
                73.49509189056718
              ],
              [
                74.4558669587586,
                73.49511615395758
              ],
              [
                74.45595055811586,
                73.49502892476931
              ],
              [
                74.45625110904963,
                73.49505318757696
              ],
              [
                74.45633470607525,
                73.49496595821854
              ],
              [
                74.46174474665955,
                73.49540260813372
              ],
              [
                74.46182831662345,
                73.49531537649088
              ],
              [
                74.46212888130913,
                73.4953396303404
              ],
              [
                74.46221244894144,
                73.49525239852746
              ],
              [
                74.46762273700995,
                73.49568888719155
              ],
              [
                74.46770627757668,
                73.49560165309491
              ],
              [
                74.46800685600869,
                73.49562589798576
              ],
              [
                74.46809039424386,
                73.49553866371913
              ],
              [
                74.46839097209731,
                73.49556290802724
              ],
              [
                74.46847450800094,
                73.49547567359056
              ],
              [
                74.4687750852758,
                73.49549991731593
              ],
              [
                74.46885861884792,
                73.49541268270924
              ],
              [
                74.46915919554417,
                73.49543692585186
              ],
              [
                74.46924272678478,
                73.49534969107518
              ],
              [
                74.4695433029024,
                73.49537393363505
              ],
              [
                74.46962683181155,
                73.49528669868837
              ],
              [
                74.4699274073505,
                73.4953109406655
              ],
              [
                74.47001093392822,
                73.49522370554884
              ],
              [
                74.47031150888846,
                73.49524794694324
              ],
              [
                74.47039503313478,
                73.49516071165658
              ],
              [
                74.4706956075163,
                73.49518495246826
              ],
              [
                74.47077912943122,
                73.4950977170116
              ],
              [
                74.47107970323398,
                73.49512195724058
              ],
              [
                74.47116322281755,
                73.49503472161395
              ],
              [
                74.47146379604155,
                73.49505896126018
              ],
              [
                74.47154731329378,
                73.49497172546357
              ],
              [
                74.47184788593897,
                73.4949959645271
              ],
              [
                74.47193140085989,
                73.4949087285605
              ],
              [
                74.47223197292627,
                73.49493296704131
              ],
              [
                74.47231548551589,
                73.49484573090479
              ],
              [
                74.4726160570034,
                73.49486996880286
              ],
              [
                74.47269956726177,
                73.49478273249636
              ],
              [
                74.47300013817039,
                73.49480696981173
              ],
              [
                74.47308364609754,
                73.49471973333527
              ],
              [
                74.47338421642726,
                73.49474397006793
              ],
              [
                74.47346772202319,
                73.49465673342154
              ],
              [
                74.47376829177398,
                73.49468096957152
              ],
              [
                74.47385179503871,
                73.49459373275516
              ],
              [
                74.47415236421054,
                73.49461796832242
              ],
              [
                74.47423586514411,
                73.49453073133613
              ],
              [
                74.47453643373694,
                73.49455496632072
              ],
              [
                74.4746199323394,
                73.49446772916448
              ],
              [
                74.4749205003532,
                73.49449196356638
              ],
              [
                74.47500399662455,
                73.4944047262402
              ],
              [
                74.47530456405931,
                73.49442896005941
              ],
              [
                74.47538805799958,
                73.49434172256332
              ],
              [
                74.47568862485528,
                73.49436595579984
              ],
              [
                74.47577211646448,
                73.49427871813383
              ],
              [
                74.47607268274109,
                73.49430295078764
              ],
              [
                74.47615617201926,
                73.49421571295173
              ],
              [
                74.47645673771673,
                73.4942399450229
              ],
              [
                74.4765402246639,
                73.49415270701704
              ],
              [
                74.47684078978223,
                73.49417693850553
              ],
              [
                74.47675730429016,
                73.4942641766356
              ],
              [
                74.47705787173948,
                73.49428840778987
              ],
              [
                74.47714135577647,
                73.49420116953556
              ],
              [
                74.47744192264659,
                73.49422540010714
              ],
              [
                74.4775254043526,
                73.49413816168294
              ],
              [
                74.47812653781024,
                73.49418662120235
              ],
              [
                74.47821001573018,
                73.49409938248402
              ],
              [
                74.4788111497809,
                73.49414783992121
              ],
              [
                74.4788946239148,
                73.49406060090878
              ],
              [
                74.47919519079872,
                73.49408482881546
              ],
              [
                74.47927866260171,
                73.49399758963315
              ],
              [
                74.4798797960866,
                73.49404604382279
              ],
              [
                74.4797963271939,
                73.49413328325355
              ],
              [
                74.4800968967051,
                73.49415750978488
              ],
              [
                74.48001342839183,
                73.4942447492942
              ],
              [
                74.48031400023396,
                73.49426897549131
              ],
              [
                74.48023053250014,
                73.49435621507918
              ],
              [
                74.48113225764659,
                73.49442889129242
              ],
              [
                74.48104879340275,
                73.49451613120723
              ],
              [
                74.48134937165825,
                73.49454035581894
              ],
              [
                74.48118244345396,
                73.49471483576009
              ],
              [
                74.48208419220661,
                73.49478750758959
              ],
              [
                74.48200073115687,
                73.49487474786432
              ],
              [
                74.48260190428121,
                73.49492319370665
              ],
              [
                74.4824349853761,
                73.49509767461596
              ],
              [
                74.48303616782486,
                73.49514611912117
              ],
              [
                74.4829527099696,
                73.49523335975576
              ],
              [
                74.48325330396297,
                73.49525758144485
              ],
              [
                74.48250215695704,
                73.49604274621998
              ],
              [
                74.48280276492584,
                73.49606696856839
              ],
              [
                74.48271930122411,
                73.49615420899497
              ],
              [
                74.48301991152432,
                73.49617843100904
              ],
              [
                74.48293644840243,
                73.49626567151415
              ],
              [
                74.48323706103406,
                73.49628989319396
              ],
              [
                74.483153598492,
                73.49637713377764
              ],
              [
                74.48345421345509,
                73.4964013551231
              ],
              [
                74.48337075149287,
                73.49648859578537
              ],
              [
                74.48397198695784,
                73.4965370373491
              ],
              [
                74.48388852703123,
                73.49662427821413
              ],
              [
                74.48418914753312,
                73.49664849843242
              ],
              [
                74.48410568818642,
                73.49673573937596
              ],
              [
                74.48440631101985,
                73.49675995925995
              ],
              [
                74.48398900842803,
                73.49719616391425
              ],
              [
                74.48459027128034,
                73.49724460354854
              ],
              [
                74.48467373063869,
                73.49715736246054
              ],
              [
                74.4852749940826,
                73.49720580001221
              ],
              [
                74.48535844965345,
                73.49711855863019
              ],
              [
                74.48626034702009,
                73.49719121114592
              ],
              [
                74.48609344373793,
                73.49736569460953
              ],
              [
                74.4863940808568,
                73.49738991144605
              ],
              [
                74.48647753147984,
                73.49730266961286
              ],
              [
                74.48737944372309,
                73.49737531699846
              ],
              [
                74.4872959974679,
                73.49746255920417
              ],
              [
                74.48819792196043,
                73.49753520283517
              ],
              [
                74.48844824499513,
                73.49727347496344
              ],
              [
                74.48874888387601,
                73.4972976882174
              ],
              [
                74.4888323216803,
                73.49721044537806
              ],
              [
                74.49033552193876,
                73.49733150414848
              ],
              [
                74.49041895158742,
                73.49724426064269
              ],
              [
                74.49071959280977,
                73.49726847089688
              ],
              [
                74.49105329682517,
                73.49691949592099
              ],
              [
                74.49135393309892,
                73.49694370521996
              ],
              [
                74.49143735545807,
                73.49685646123783
              ],
              [
                74.49113672064031,
                73.49683225206297
              ],
              [
                74.49122014358,
                73.49674500815937
              ],
              [
                74.49182141117899,
                73.49679342580215
              ],
              [
                74.49173799115128,
                73.49688066995404
              ],
              [
                74.49203862771991,
                73.49690487821174
              ],
              [
                74.49195520827278,
                73.4969921224422
              ],
              [
                74.49225584717287,
                73.49701633036543
              ],
              [
                74.49217242830636,
                73.49710357467441
              ],
              [
                74.49187178795025,
                73.49707936662703
              ],
              [
                74.49162152172987,
                73.49734109890794
              ],
              [
                74.49192216645422,
                73.49736530732778
              ],
              [
                74.49158847172801,
                73.49771428356043
              ],
              [
                74.49038587478601,
                73.49761744514298
              ],
              [
                74.49030244309115,
                73.49770468859049
              ],
              [
                74.49000179458848,
                73.49768047771548
              ],
              [
                74.48991836056193,
                73.4977677209932
              ],
              [
                74.49021901052073,
                73.49779193199237
              ],
              [
                74.4901355770747,
                73.49787917534863
              ],
              [
                74.49073688253137,
                73.4979275962195
              ],
              [
                74.49065345112203,
                73.49801483977849
              ],
              [
                74.49095410661992,
                73.49803904965022
              ],
              [
                74.49087067579116,
                73.49812629328775
              ],
              [
                74.49147199232614,
                73.49817471190369
              ],
              [
                74.4913885635342,
                73.49826195574393
              ],
              [
                74.49198988648399,
                73.49831037277376
              ],
              [
                74.491906459729,
                73.4983976168167
              ],
              [
                74.49220712397351,
                73.49842182476785
              ],
              [
                74.49212369779923,
                73.49850906888936
              ],
              [
                74.49242436437564,
                73.49853327650605
              ],
              [
                74.49234093878208,
                73.49862052070611
              ],
              [
                74.49264160769039,
                73.49864472798832
              ],
              [
                74.49255818267758,
                73.49873197226695
              ],
              [
                74.49225751231293,
                73.49870776486057
              ],
              [
                74.49209065674786,
                73.49888225303266
              ],
              [
                74.49299267920681,
                73.49895487462082
              ],
              [
                74.49290925448004,
                73.49904211901095
              ],
              [
                74.49381128918853,
                73.49911473684388
              ],
              [
                74.49372786795551,
                73.49920198156084
              ],
              [
                74.4946299149135,
                73.4992745956384
              ],
              [
                74.49454649717441,
                73.49936184068221
              ],
              [
                74.49604993356438,
                73.49948285559248
              ],
              [
                74.49596652223259,
                73.49957010121142
              ],
              [
                74.49686859894234,
                73.49964270502602
              ],
              [
                74.49678519110496,
                73.49972995097175
              ],
              [
                74.49708588654914,
                73.49975415145009
              ],
              [
                74.49700247929295,
                73.4998413974744
              ],
              [
                74.49730317706928,
                73.49986559761818
              ],
              [
                74.49705295441795,
                73.50012733578997
              ],
              [
                74.49735365743993,
                73.50015153584746
              ],
              [
                74.49710343127937,
                73.50041327398138
              ],
              [
                74.49740413954719,
                73.50043747395259
              ],
              [
                74.49707049823627,
                73.50078645798943
              ],
              [
                74.49737121320695,
                73.50081065799851
              ],
              [
                74.4972878021472,
                73.50089790401789
              ],
              [
                74.49758851945029,
                73.50092210369239
              ],
              [
                74.49750510897186,
                73.50100934979034
              ],
              [
                74.49780582860743,
                73.50103354913026
              ],
              [
                74.49772241871035,
                73.50112079530673
              ],
              [
                74.49832386352203,
                73.50116919285874
              ],
              [
                74.49824045566329,
                73.50125643923789
              ],
              [
                74.4988419068911,
                73.50130483520329
              ],
              [
                74.49892531183589,
                73.50121758857586
              ],
              [
                74.50012821896975,
                73.50131437450538
              ],
              [
                74.50021161721098,
                73.50122712733585
              ],
              [
                74.5005123447261,
                73.50125132254729
              ],
              [
                74.50042894794191,
                73.50133856984094
              ],
              [
                74.50103040851263,
                73.50138695913587
              ],
              [
                74.5008636181462,
                73.50156145408289
              ],
              [
                74.5011643526589,
                73.50158564829047
              ],
              [
                74.50099756170488,
                73.50176014330347
              ],
              [
                74.50129830000732,
                73.50178433730055
              ],
              [
                74.50113150846575,
                73.50195883237947
              ],
              [
                74.501432250558,
                73.50198302616606
              ],
              [
                74.5011820610511,
                73.50224476881502
              ],
              [
                74.50148280839049,
                73.50226896251519
              ],
              [
                74.50123261537576,
                73.50253070512633
              ],
              [
                74.50093186366456,
                73.50250651105381
              ],
              [
                74.50051485050906,
                73.50294274720692
              ],
              [
                74.50081560950683,
                73.50296694190011
              ],
              [
                74.50073220570627,
                73.50305418911816
              ],
              [
                74.50043144525117,
                73.50302999430083
              ],
              [
                74.50034803911761,
                73.50311724134916
              ],
              [
                74.50004727808081,
                73.50309304594892
              ],
              [
                74.49996386961425,
                73.50318029282751
              ],
              [
                74.49966310799574,
                73.50315609684438
              ],
              [
                74.49957969719614,
                73.50324334355325
              ],
              [
                74.49927893499597,
                73.50321914698719
              ],
              [
                74.49919552186331,
                73.50330639352634
              ],
              [
                74.49889475908151,
                73.50328219637736
              ],
              [
                74.49881134361577,
                73.5033694427468
              ],
              [
                74.49851058025236,
                73.50334524501486
              ],
              [
                74.4984271624535,
                73.50343249121455
              ],
              [
                74.4981263985085,
                73.50340829289972
              ],
              [
                74.4980429783765,
                73.50349553892967
              ],
              [
                74.49774221384996,
                73.50347134003188
              ],
              [
                74.4976587913848,
                73.50355858589208
              ],
              [
                74.49735802627671,
                73.50353438641137
              ],
              [
                74.49727460147835,
                73.50362163210184
              ],
              [
                74.49697383578878,
                73.50359743203818
              ],
              [
                74.49689040865721,
                73.50368467755887
              ],
              [
                74.49658964238616,
                73.50366047691227
              ],
              [
                74.49650621292135,
                73.50374772226323
              ],
              [
                74.49620544606884,
                73.50372352103368
              ],
              [
                74.49612201427077,
                73.50381076621483
              ],
              [
                74.49582124683684,
                73.50378656440236
              ],
              [
                74.49573781270547,
                73.50387380941375
              ],
              [
                74.49543704469016,
                73.5038496070183
              ],
              [
                74.4952701708848,
                73.50402409665595
              ],
              [
                74.49496940083075,
                73.50399989355337
              ],
              [
                74.4948859611567,
                73.50408713817961
              ],
              [
                74.49458519052133,
                73.50406293449407
              ],
              [
                74.49450174851388,
                73.50415017895052
              ],
              [
                74.4942009772972,
                73.50412597468201
              ],
              [
                74.4926988451102,
                73.5056963648638
              ],
              [
                74.49239804853529,
                73.50567215790089
              ],
              [
                74.49231458696532,
                73.50575940124234
              ],
              [
                74.49201378980918,
                73.50573519369642
              ],
              [
                74.48859105098974,
                73.50931212632035
              ],
              [
                74.48829019493918,
                73.50928791322171
              ],
              [
                74.48820669363533,
                73.50937515439828
              ],
              [
                74.48790583700361,
                73.50935094071647
              ],
              [
                74.48782233336475,
                73.50943818172314
              ],
              [
                74.48722061981599,
                73.50938975273426
              ],
              [
                74.48730412637099,
                73.50930251197614
              ],
              [
                74.48579986513656,
                73.50918143209478
              ],
              [
                74.48588337810465,
                73.50909419191242
              ],
              [
                74.48558252994677,
                73.50906997468383
              ],
              [
                74.48574955616782,
                73.50889549443072
              ],
              [
                74.48544871180283,
                73.50887127699178
              ],
              [
                74.48553222505578,
                73.508784036921
              ],
              [
                74.48493054187267,
                73.50873560091512
              ],
              [
                74.48501405716436,
                73.50864836104729
              ],
              [
                74.4847132183462,
                73.50862414248036
              ],
              [
                74.48479673421875,
                73.50853690269116
              ],
              [
                74.48449589773546,
                73.50851268378963
              ],
              [
                74.48457941418881,
                73.50842544407907
              ],
              [
                74.48397774676891,
                73.50837700514803
              ],
              [
                74.48406126526086,
                73.5082897656404
              ],
              [
                74.4831587750821,
                73.50821710417536
              ],
              [
                74.48324229707025,
                73.50812986499496
              ],
              [
                74.48294147022249,
                73.5081056437132
              ],
              [
                74.4830249927913,
                73.50801840461145
              ],
              [
                74.48242334464234,
                73.50796996092005
              ],
              [
                74.48225629279689,
                73.5081444385807
              ],
              [
                74.48255711934821,
                73.50816866090443
              ],
              [
                74.48239006690979,
                73.50834313863103
              ],
              [
                74.48299172847459,
                73.50839158239914
              ],
              [
                74.48290820385522,
                73.50847882144257
              ],
              [
                74.48320903741104,
                73.50850304276267
              ],
              [
                74.48312551337236,
                73.50859028188472
              ],
              [
                74.48342634926306,
                73.50861450287026
              ],
              [
                74.48334282580508,
                73.50870174207094
              ],
              [
                74.48364366403068,
                73.50872596272195
              ],
              [
                74.48339309276761,
                73.50898768042296
              ],
              [
                74.48369393624391,
                73.50901190098799
              ],
              [
                74.48335983477821,
                73.50936085778065
              ],
              [
                74.48426238796498,
                73.5094335182141
              ],
              [
                74.48434591027325,
                73.50934627871153
              ],
              [
                74.48464676163182,
                73.50937049781396
              ],
              [
                74.4845632407815,
                73.50945773744085
              ],
              [
                74.48486409447517,
                73.50948195620867
              ],
              [
                74.48478057420574,
                73.50956919591421
              ],
              [
                74.48508143023453,
                73.50959341434748
              ],
              [
                74.48499791054603,
                73.50968065413164
              ],
              [
                74.48590048826915,
                73.50975330705094
              ],
              [
                74.485482898541,
                73.51018950715137
              ],
              [
                74.48518203113228,
                73.510165289349
              ],
              [
                74.48476441218448,
                73.51060148768659
              ],
              [
                74.48416266541702,
                73.51055304946215
              ],
              [
                74.48407913607943,
                73.51064028874409
              ],
              [
                74.48438001048271,
                73.51066450821007
              ],
              [
                74.48421295209212,
                73.51083898688556
              ],
              [
                74.48451383028912,
                73.51086320614125
              ],
              [
                74.48417970881344,
                73.5112121634416
              ],
              [
                74.48387882478343,
                73.51118794368867
              ],
              [
                74.48379529076294,
                73.5112751827753
              ]
            ],
            [
              [
                74.47804503265117,
                73.5094966876051
              ],
              [
                74.47787791947515,
                73.50967116120094
              ],
              [
                74.47817876728624,
                73.5096953901408
              ],
              [
                74.47826232285514,
                73.50960815324137
              ],
              [
                74.47856317008585,
                73.50963238159802
              ],
              [
                74.47864672331949,
                73.50954514452857
              ],
              [
                74.47804503265117,
                73.5094966876051
              ]
            ],
            [
              [
                74.44332374490484,
                73.50481718490694
              ],
              [
                74.44324003003693,
                73.50490440758409
              ],
              [
                74.44354074100261,
                73.50492868941568
              ],
              [
                74.44362445441459,
                73.50484146661395
              ],
              [
                74.44332374490484,
                73.50481718490694
              ]
            ],
            [
              [
                74.44646719377074,
                73.50356728724749
              ],
              [
                74.4463835016954,
                73.50365451140503
              ],
              [
                74.4466841946386,
                73.5036787884925
              ],
              [
                74.44685157499927,
                73.50350433988254
              ],
              [
                74.44655088496765,
                73.50348006304414
              ],
              [
                74.4468019532879,
                73.5032183901592
              ],
              [
                74.44650126850198,
                73.5031941132358
              ],
              [
                74.44675233328394,
                73.50293244031212
              ],
              [
                74.44615097508147,
                73.50288388583685
              ],
              [
                74.44589990156531,
                73.5031455580134
              ],
              [
                74.44620058459445,
                73.50316983585387
              ],
              [
                74.4459495075397,
                73.50343150799165
              ],
              [
                74.44625019581446,
                73.50345578574718
              ],
              [
                74.44616650316178,
                73.503543009826
              ],
              [
                74.44646719377074,
                73.50356728724749
              ]
            ],
            [
              [
                74.44524894436563,
                73.50281105068491
              ],
              [
                74.44516524970503,
                73.50289827441598
              ],
              [
                74.44546592718754,
                73.50292255338304
              ],
              [
                74.44563331271907,
                73.50274810562598
              ],
              [
                74.44473129164052,
                73.50267526809645
              ],
              [
                74.44464759494713,
                73.50276249162428
              ],
              [
                74.44524894436563,
                73.50281105068491
              ]
            ],
            [
              [
                74.47864419888572,
                73.4943223178091
              ],
              [
                74.47847724448721,
                73.49449679551435
              ],
              [
                74.47877781864695,
                73.49452102404216
              ],
              [
                74.47886129482893,
                73.49443378508812
              ],
              [
                74.4791618684093,
                73.49445801303328
              ],
              [
                74.47924534226027,
                73.49437077390937
              ],
              [
                74.47864419888572,
                73.4943223178091
              ]
            ]
          ]
        ]
      },
      "properties": {
        "id": "2ef583873b8b59d6",
        "class": "floe_instance_candidate",
        "ice_identity": "optical_candidate",
        "grounding": "unverified",
        "confirmed_stamukha": false,
        "confidence": "low",
        "review_status": "unreviewed",
        "region": "kara",
        "observed_at": "2026-02-26T07:38:49.344000Z",
        "source_id": "S2B_T43XDB_20260226T073758_L2A",
        "source_collection": "sentinel-2-c1-l2a",
        "source_level": "L2A",
        "area_m2": 2041100.0,
        "equivalent_diameter_m": 1612.08,
        "longitude": 74.4707041,
        "latitude": 73.5014402,
        "truncated": false,
        "minimum_threshold_iou": 0.749,
        "threshold_stable": true,
        "inferred_boundary_fraction": 0.404,
        "touching_floes_may_be_split": true,
        "isolated_stable_candidate": false,
        "low_sun": true,
        "sun_elevation_deg": 7.864871603309794,
        "processing_method": "distance_watershed_experimental_v1",
        "native_green_m": 10,
        "native_swir_m": 20,
        "notice": "Candidate outline; shape splitting can divide one floe or merge multiple floes; 30 m completeness unvalidated"
      }
    }
  ]
}