{
  "type": "FeatureCollection",
  "features": [
    {
      "type": "Feature",
      "properties": {
        "role": "analysis_envelope"
      },
      "geometry": {
        "type": "MultiPolygon",
        "coordinates": [
          [
            [
              [
                29.000000000000004,
                63.50000000000001
              ],
              [
                29.002653336284087,
                63.50000270073028
              ],
              [
                28.999695260662477,
                63.50000031312787
              ],
              [
                29.000000000000004,
                63.50000000000001
              ]
            ]
          ],
          [
            [
              [
                29.999999999999993,
                63.50000000000001
              ],
              [
                30.00515114820576,
                63.50000519021019
              ],
              [
                29.99939075677871,
                63.500000625250365
              ],
              [
                29.999999999999993,
                63.50000000000001
              ]
            ]
          ],
          [
            [
              [
                31.000000000000007,
                63.50000000000001
              ],
              [
                31.007505237805162,
                63.500007489444656
              ],
              [
                30.999086490521687,
                63.50000093636706
              ],
              [
                31.000000000000007,
                63.50000000000001
              ]
            ]
          ],
          [
            [
              [
                31.999999999999993,
                63.50000000000001
              ],
              [
                32.00972624244108,
                63.50000961688
              ],
              [
                31.99878246409172,
                63.50000124647747
              ],
              [
                31.999999999999993,
                63.50000000000001
              ]
            ]
          ],
          [
            [
              [
                33.000000000000014,
                63.50000000000001
              ],
              [
                33.011823774954436,
                63.50001158876888
              ],
              [
                32.99847867972422,
                63.50000155558112
              ],
              [
                33.000000000000014,
                63.50000000000001
              ]
            ]
          ],
          [
            [
              [
                34.0,
                63.50000000000001
              ],
              [
                34.01380654428715,
                63.500013419476176
              ],
              [
                33.998175139663275,
                63.50000186367759
              ],
              [
                34.0,
                63.50000000000001
              ]
            ]
          ],
          [
            [
              [
                34.99999999999999,
                63.50000000000001
              ],
              [
                35.015682459001724,
                63.500015121735984
              ],
              [
                34.99787184620643,
                63.500002170766365
              ],
              [
                34.99999999999999,
                63.50000000000001
              ]
            ]
          ],
          [
            [
              [
                35.99756880165914,
                63.500002476846966
              ],
              [
                36.0,
                63.50000000000001
              ],
              [
                36.01745871744611,
                63.500016706869
              ],
              [
                35.99756880165914,
                63.500002476846966
              ]
            ]
          ],
          [
            [
              [
                36.99726600836802,
                63.50000278191887
              ],
              [
                36.99999999999999,
                63.50000000000001
              ],
              [
                37.01914188553876,
                63.500018184966535
              ],
              [
                36.99726600836802,
                63.50000278191887
              ]
            ]
          ],
          [
            [
              [
                38.0,
                63.50000000000001
              ],
              [
                38.02073796482151,
                63.5000195650474
              ],
              [
                37.99696346870264,
                63.50000308598163
              ],
              [
                38.0,
                63.50000000000001
              ]
            ]
          ],
          [
            [
              [
                39.0,
                63.50000000000001
              ],
              [
                39.02225245179639,
                63.50002085519181
              ],
              [
                38.99666118506374,
                63.50000338903469
              ],
              [
                39.0,
                63.50000000000001
              ]
            ]
          ],
          [
            [
              [
                40.0,
                63.50000000000001
              ],
              [
                40.02369038992809,
                63.500022062656235
              ],
              [
                39.996359159887625,
                63.500003691077566
              ],
              [
                40.0,
                63.50000000000001
              ]
            ]
          ],
          [
            [
              [
                40.99605739563484,
                63.500003992109704
              ],
              [
                41.0,
                63.50000000000001
              ],
              [
                41.02505641543937,
                63.500023193972076
              ],
              [
                40.99605739563484,
                63.500003992109704
              ]
            ]
          ],
          [
            [
              [
                41.9957558947966,
                63.50000429213056
              ],
              [
                42.0,
                63.50000000000001
              ],
              [
                42.02635479756684,
                63.50002425503097
              ],
              [
                41.9957558947966,
                63.50000429213056
              ]
            ]
          ],
          [
            [
              [
                43.00000000000001,
                63.50000000000001
              ],
              [
                43.02758947414924,
                63.50002525115852
              ],
              [
                42.99545465990282,
                63.500004591139636
              ],
              [
                43.00000000000001,
                63.50000000000001
              ]
            ]
          ],
          [
            [
              [
                44.0,
                63.50000000000001
              ],
              [
                44.02876408318018,
                63.500026187178364
              ],
              [
                43.995153693514105,
                63.50000488913635
              ],
              [
                44.0,
                63.50000000000001
              ]
            ]
          ],
          [
            [
              [
                45.0,
                63.50000000000001
              ],
              [
                45.02988199085099,
                63.500027067467755
              ],
              [
                44.994852998221035,
                63.500005186120134
              ],
              [
                45.0,
                63.50000000000001
              ]
            ]
          ],
          [
            [
              [
                45.994552576645816,
                63.50000548209043
              ],
              [
                45.99999999999999,
                63.50000000000001
              ],
              [
                46.03094631644615,
                63.50002789600645
              ],
              [
                45.994552576645816,
                63.50000548209043
              ]
            ]
          ],
          [
            [
              [
                46.99425243145214,
                63.50000577704666
              ],
              [
                46.99999999999999,
                63.50000000000001
              ],
              [
                47.03195995454057,
                63.500028676419035
              ],
              [
                46.99425243145214,
                63.50000577704666
              ]
            ]
          ],
          [
            [
              [
                28.500000000000007,
                63.50000000000001
              ],
              [
                28.53983529560116,
                63.50003445166745
              ],
              [
                28.45994542639316,
                63.50003460516703
              ],
              [
                28.500000000000007,
                63.50000000000001
              ]
            ]
          ],
          [
            [
              [
                29.499999999999996,
                63.50000000000001
              ],
              [
                29.53961466931983,
                63.50003429682466
              ],
              [
                29.45972751905898,
                63.5000347573151
              ],
              [
                29.499999999999996,
                63.50000000000001
              ]
            ]
          ],
          [
            [
              [
                30.5,
                63.50000000000001
              ],
              [
                30.53939271666063,
                63.50003414064674
              ],
              [
                30.459511005278397,
                63.500034908103046
              ],
              [
                30.5,
                63.50000000000001
              ]
            ]
          ],
          [
            [
              [
                31.45929590844878,
                63.50003505752217
              ],
              [
                31.5,
                63.50000000000001
              ],
              [
                31.539169459062364,
                63.50003398314155
              ],
              [
                31.45929590844878,
                63.50003505752217
              ]
            ]
          ],
          [
            [
              [
                32.45908225250183,
                63.5000352055634
              ],
              [
                32.5,
                63.50000000000001
              ],
              [
                32.53894491748915,
                63.50003382431677
              ],
              [
                32.45908225250183,
                63.5000352055634
              ]
            ]
          ],
          [
            [
              [
                33.5,
                63.50000000000001
              ],
              [
                33.538719112467774,
                63.50003366417985
              ],
              [
                33.458870061903646,
                63.500035352217445
              ],
              [
                33.5,
                63.50000000000001
              ]
            ]
          ],
          [
            [
              [
                34.5,
                63.50000000000001
              ],
              [
                34.53849206409332,
                63.500033502738034
              ],
              [
                34.45865936167513,
                63.50003549747476
              ],
              [
                34.5,
                63.50000000000001
              ]
            ]
          ],
          [
            [
              [
                35.5,
                63.50000000000001
              ],
              [
                35.53826379203423,
                63.50003333999842
              ],
              [
                35.458450177418065,
                63.50003564132551
              ],
              [
                35.5,
                63.50000000000001
              ]
            ]
          ],
          [
            [
              [
                36.45824253532405,
                63.50003578375961
              ],
              [
                36.50000000000001,
                63.50000000000001
              ],
              [
                36.538034315531775,
                63.50003317596787
              ],
              [
                36.45824253532405,
                63.50003578375961
              ]
            ]
          ],
          [
            [
              [
                37.45803646218062,
                63.50003592476662
              ],
              [
                37.5,
                63.50000000000001
              ],
              [
                37.53780365344889,
                63.500033010653084
              ],
              [
                37.45803646218062,
                63.50003592476662
              ]
            ]
          ],
          [
            [
              [
                38.50000000000001,
                63.50000000000001
              ],
              [
                38.53757182424877,
                63.50003284406062
              ],
              [
                38.45783198540586,
                63.50003606433585
              ],
              [
                38.50000000000001,
                63.50000000000001
              ]
            ]
          ],
          [
            [
              [
                39.5,
                63.50000000000001
              ],
              [
                39.53733884600289,
                63.500032676196824
              ],
              [
                39.457629133067094,
                63.50003620245624
              ],
              [
                39.5,
                63.50000000000001
              ]
            ]
          ],
          [
            [
              [
                40.49999999999999,
                63.50000000000001
              ],
              [
                40.537104736421874,
                63.500032507067885
              ],
              [
                40.457427933884176,
                63.5000363391165
              ],
              [
                40.49999999999999,
                63.50000000000001
              ]
            ]
          ],
          [
            [
              [
                41.457228417265505,
                63.500036474304906
              ],
              [
                41.5,
                63.50000000000001
              ],
              [
                41.53686951284714,
                63.50003233667989
              ],
              [
                41.457228417265505,
                63.500036474304906
              ]
            ]
          ],
          [
            [
              [
                42.45703061330724,
                63.50003660800943
              ],
              [
                42.49999999999999,
                63.50000000000001
              ],
              [
                42.5366331922859,
                63.50003216503867
              ],
              [
                42.45703061330724,
                63.50003660800943
              ]
            ]
          ],
          [
            [
              [
                43.5,
                63.50000000000001
              ],
              [
                43.536395791370424,
                63.50003199215
              ],
              [
                43.45683455284787,
                63.5000367402177
              ],
              [
                43.5,
                63.50000000000001
              ]
            ]
          ],
          [
            [
              [
                44.49999999999999,
                63.50000000000001
              ],
              [
                44.53615732642724,
                63.500031818019465
              ],
              [
                44.45664026744926,
                63.500036870916894
              ],
              [
                44.49999999999999,
                63.50000000000001
              ]
            ]
          ],
          [
            [
              [
                45.5,
                63.50000000000001
              ],
              [
                45.535917813434175,
                63.50003164265254
              ],
              [
                45.456447789464924,
                63.500037000093855
              ],
              [
                45.5,
                63.50000000000001
              ]
            ]
          ],
          [
            [
              [
                46.45625715201042,
                63.50003712773505
              ],
              [
                46.5,
                63.50000000000001
              ],
              [
                46.535677268068696,
                63.5000314660545
              ],
              [
                46.45625715201042,
                63.50003712773505
              ]
            ]
          ],
          [
            [
              [
                46.701434637810785,
                63.50004025715916
              ],
              [
                46.75,
                63.50000000000001
              ],
              [
                46.76607410211177,
                63.50001547346983
              ],
              [
                46.701434637810785,
                63.50004025715916
              ]
            ]
          ],
          [
            [
              [
                45.75,
                63.50000000000001
              ],
              [
                45.766362160488164,
                63.50001573136873
              ],
              [
                45.70128263612312,
                63.50004035268443
              ],
              [
                45.75,
                63.50000000000001
              ]
            ]
          ],
          [
            [
              [
                44.74999999999999,
                63.50000000000001
              ],
              [
                44.766649813791126,
                63.50001598822347
              ],
              [
                44.701141327710886,
                63.50004044131899
              ],
              [
                44.74999999999999,
                63.50000000000001
              ]
            ]
          ],
          [
            [
              [
                43.75,
                63.50000000000001
              ],
              [
                43.766937057532154,
                63.50001624403295
              ],
              [
                43.701010369843324,
                63.50004052331451
              ],
              [
                43.75,
                63.50000000000001
              ]
            ]
          ],
          [
            [
              [
                46.24999999999999,
                63.50000000000001
              ],
              [
                46.299021158784676,
                63.50004054303418
              ],
              [
                46.22357740391879,
                63.50002431005586
              ],
              [
                46.24999999999999,
                63.50000000000001
              ]
            ]
          ],
          [
            [
              [
                45.25,
                63.50000000000001
              ],
              [
                45.29910990574736,
                63.50004059849728
              ],
              [
                45.22384749141943,
                63.50002409062959
              ],
              [
                45.25,
                63.50000000000001
              ]
            ]
          ],
          [
            [
              [
                42.74999999999999,
                63.50000000000001
              ],
              [
                42.767223887151495,
                63.50001649879603
              ],
              [
                42.70088943428228,
                63.500040598909486
              ],
              [
                42.74999999999999,
                63.50000000000001
              ]
            ]
          ],
          [
            [
              [
                44.25,
                63.50000000000001
              ],
              [
                44.299194602579554,
                63.500040651368785
              ],
              [
                44.22411819054145,
                63.500023870103995
              ],
              [
                44.25,
                63.50000000000001
              ]
            ]
          ],
          [
            [
              [
                41.70077820652845,
                63.500040668330016
              ],
              [
                41.75000000000001,
                63.50000000000001
              ],
              [
                41.76751029802575,
                63.500016752511534
              ],
              [
                41.70077820652845,
                63.500040668330016
              ]
            ]
          ],
          [
            [
              [
                43.22438949363097,
                63.50002364848125
              ],
              [
                43.24999999999999,
                63.50000000000001
              ],
              [
                43.29927515175609,
                63.500040701596355
              ],
              [
                43.22438949363097,
                63.50002364848125
              ]
            ]
          ],
          [
            [
              [
                40.75000000000001,
                63.50000000000001
              ],
              [
                40.76779628546987,
                63.5000170051783
              ],
              [
                40.70067638506577,
                63.500040731790534
              ],
              [
                40.75000000000001,
                63.50000000000001
              ]
            ]
          ],
          [
            [
              [
                42.25,
                63.50000000000001
              ],
              [
                42.2993514526084,
                63.50004074912559
              ],
              [
                42.22466139316542,
                63.50002342576351
              ],
              [
                42.25,
                63.50000000000001
              ]
            ]
          ],
          [
            [
              [
                39.74999999999999,
                63.50000000000001
              ],
              [
                39.768081844716136,
                63.50001725679513
              ],
              [
                39.7005836807888,
                63.500040789494506
              ],
              [
                39.74999999999999,
                63.50000000000001
              ]
            ]
          ],
          [
            [
              [
                41.224933881731005,
                63.50002320195283
              ],
              [
                41.25,
                63.50000000000001
              ],
              [
                41.29942340119118,
                63.50004079389981
              ],
              [
                41.224933881731005,
                63.50002320195283
              ]
            ]
          ],
          [
            [
              [
                40.22520695206142,
                63.50002297705127
              ],
              [
                40.25000000000001,
                63.50000000000001
              ],
              [
                40.29949089011244,
                63.50004083586001
              ],
              [
                40.22520695206142,
                63.50002297705127
              ]
            ]
          ],
          [
            [
              [
                38.75,
                63.50000000000001
              ],
              [
                38.76836697093444,
                63.50001750736078
              ],
              [
                38.700499816283966,
                63.50004084163524
              ],
              [
                38.75,
                63.50000000000001
              ]
            ]
          ],
          [
            [
              [
                39.25000000000001,
                63.50000000000001
              ],
              [
                39.29955380844472,
                63.500040874944766
              ],
              [
                39.225480596987225,
                63.50002275106082
              ],
              [
                39.25000000000001,
                63.50000000000001
              ]
            ]
          ],
          [
            [
              [
                37.75000000000001,
                63.50000000000001
              ],
              [
                37.76865165921022,
                63.50001775687402
              ],
              [
                37.700424525307625,
                63.50004088839625
              ],
              [
                37.75000000000001,
                63.50000000000001
              ]
            ]
          ],
          [
            [
              [
                38.22575480946652,
                63.50002252398344
              ],
              [
                38.25,
                63.50000000000001
              ],
              [
                38.29961204154049,
                63.500040911090025
              ],
              [
                38.22575480946652,
                63.50002252398344
              ]
            ]
          ],
          [
            [
              [
                36.700357552164675,
                63.500040929952114
              ],
              [
                36.75000000000001,
                63.50000000000001
              ],
              [
                36.76893590457032,
                63.5000180053336
              ],
              [
                36.700357552164675,
                63.500040929952114
              ]
            ]
          ],
          [
            [
              [
                37.25,
                63.50000000000001
              ],
              [
                37.29966547088015,
                63.50004094422904
              ],
              [
                37.22602958257264,
                63.50002229582104
              ],
              [
                37.25,
                63.50000000000001
              ]
            ]
          ],
          [
            [
              [
                35.75,
                63.50000000000001
              ],
              [
                35.769219701954434,
                63.50001825273819
              ],
              [
                35.70029865125648,
                63.50004096646874
              ],
              [
                35.75,
                63.50000000000001
              ]
            ]
          ],
          [
            [
              [
                36.25000000000001,
                63.50000000000001
              ],
              [
                36.29971397391907,
                63.500040974292205
              ],
              [
                36.22630490949056,
                63.500022066575504
              ],
              [
                36.25000000000001,
                63.50000000000001
              ]
            ]
          ],
          [
            [
              [
                34.70024758656662,
                63.500040998104076
              ],
              [
                34.75,
                63.50000000000001
              ],
              [
                34.76950304622451,
                63.50001849908647
              ],
              [
                34.70024758656662,
                63.500040998104076
              ]
            ]
          ],
          [
            [
              [
                35.22658078350487,
                63.50002183624868
              ],
              [
                35.25000000000001,
                63.50000000000001
              ],
              [
                35.299757423918905,
                63.500041001207
              ],
              [
                35.22658078350487,
                63.50002183624868
              ]
            ]
          ],
          [
            [
              [
                34.25,
                63.50000000000001
              ],
              [
                34.299795689733735,
                63.50004102489756
              ],
              [
                34.226857198025186,
                63.50002160484238
              ],
              [
                34.25,
                63.50000000000001
              ]
            ]
          ],
          [
            [
              [
                33.75,
                63.50000000000001
              ],
              [
                33.76978593216917,
                63.500018744377144
              ],
              [
                33.70020413115884,
                63.500041025008436
              ],
              [
                33.75,
                63.50000000000001
              ]
            ]
          ],
          [
            [
              [
                33.25000000000001,
                63.50000000000001
              ],
              [
                33.29982863564927,
                63.50004104528493
              ],
              [
                33.22713414655715,
                63.50002137235836
              ],
              [
                33.25000000000001,
                63.50000000000001
              ]
            ]
          ],
          [
            [
              [
                32.70016806679827,
                63.50004104732501
              ],
              [
                32.75,
                63.50000000000001
              ],
              [
                32.770068354495024,
                63.50001898860879
              ],
              [
                32.70016806679827,
                63.50004104732501
              ]
            ]
          ],
          [
            [
              [
                32.227411622714676,
                63.50002113879837
              ],
              [
                32.25000000000001,
                63.50000000000001
              ],
              [
                32.29985612117391,
                63.5000410622865
              ],
              [
                32.227411622714676,
                63.50002113879837
              ]
            ]
          ],
          [
            [
              [
                31.75000000000001,
                63.50000000000001
              ],
              [
                31.770350307825947,
                63.50001923178003
              ],
              [
                31.700139183511876,
                63.50004106519023
              ],
              [
                31.75000000000001,
                63.50000000000001
              ]
            ]
          ],
          [
            [
              [
                31.250000000000004,
                63.50000000000001
              ],
              [
                31.29987800084042,
                63.50004107581603
              ],
              [
                31.227689620200287,
                63.50002090416406
              ],
              [
                31.250000000000004,
                63.50000000000001
              ]
            ]
          ],
          [
            [
              [
                30.749999999999996,
                63.50000000000001
              ],
              [
                30.77063178670311,
                63.50001947388944
              ],
              [
                30.700117279207248,
                63.50004107873415
              ],
              [
                30.749999999999996,
                63.50000000000001
              ]
            ]
          ],
          [
            [
              [
                30.22796813283385,
                63.50002066845716
              ],
              [
                30.25,
                63.50000000000001
              ],
              [
                30.29989412393657,
                63.500041085783415
              ],
              [
                30.22796813283385,
                63.50002066845716
              ]
            ]
          ],
          [
            [
              [
                29.700102159292147,
                63.50004108808082
              ],
              [
                29.750000000000007,
                63.50000000000001
              ],
              [
                29.770912785583327,
                63.50001971493555
              ],
              [
                29.700102159292147,
                63.50004108808082
              ]
            ]
          ],
          [
            [
              [
                29.25,
                63.50000000000001
              ],
              [
                29.29990433432833,
                63.50004109209441
              ],
              [
                29.228247154519035,
                63.50002043167927
              ],
              [
                29.25,
                63.50000000000001
              ]
            ]
          ],
          [
            [
              [
                28.749999999999993,
                63.50000000000001
              ],
              [
                28.771193298836803,
                63.50001995491692
              ],
              [
                28.700093636358087,
                63.50004109334862
              ],
              [
                28.749999999999993,
                63.50000000000001
              ]
            ]
          ],
          [
            [
              [
                28.25,
                63.50000000000001
              ],
              [
                28.299908470174326,
                63.50004109465051
              ],
              [
                28.228526679259115,
                63.50002019383201
              ],
              [
                28.25,
                63.50000000000001
              ]
            ]
          ],
          [
            [
              [
                28.0,
                78.87907664820013
              ],
              [
                28.94025751398577,
                78.94316946518684
              ],
              [
                28.845214999999996,
                78.97085000000001
              ],
              [
                28.511133000000008,
                78.967334
              ],
              [
                28.0,
                78.87907664820013
              ]
            ]
          ],
          [
            [
              [
                31.577637000000014,
                80.081445
              ],
              [
                32.525977,
                80.119141
              ],
              [
                33.629297,
                80.21743200000002
              ],
              [
                33.38398399999999,
                80.24233399999997
              ],
              [
                31.481934000000003,
                80.10791
              ],
              [
                31.577637000000014,
                80.081445
              ]
            ]
          ],
          [
            [
              [
                44.90498,
                80.61127899999998
              ],
              [
                45.64082,
                80.53696300000001
              ],
              [
                45.969043,
                80.56948199999998
              ],
              [
                46.141406,
                80.446729
              ],
              [
                46.513672,
                80.475537
              ],
              [
                46.67753900000001,
                80.56132800000002
              ],
              [
                47.011035,
                80.562109
              ],
              [
                47.144921999999994,
                80.60903300000003
              ],
              [
                47.303906,
                80.606201
              ],
              [
                47.705273,
                80.765186
              ],
              [
                48.044335999999994,
                80.66816400000002
              ],
              [
                48.625488,
                80.62929700000001
              ],
              [
                48.686523,
                80.71777299999998
              ],
              [
                48.345215,
                80.818994
              ],
              [
                47.899511999999994,
                80.812695
              ],
              [
                47.352343999999995,
                80.85292999999999
              ],
              [
                46.799121,
                80.75522499999998
              ],
              [
                45.12451200000001,
                80.65224600000002
              ],
              [
                44.90498,
                80.61127899999998
              ]
            ]
          ],
          [
            [
              [
                48.00000000000001,
                63.50000000000001
              ],
              [
                48.03292559491406,
                63.500029412012445
              ],
              [
                47.9939525653352,
                63.50000607098823
              ],
              [
                48.00000000000001,
                63.50000000000001
              ]
            ]
          ],
          [
            [
              [
                48.99999999999999,
                63.50000000000001
              ],
              [
                49.033845740398974,
                63.50003010580878
              ],
              [
                48.99365298101373,
                63.500006363914515
              ],
              [
                48.99999999999999,
                63.50000000000001
              ]
            ]
          ],
          [
            [
              [
                50.00000000000001,
                63.50000000000001
              ],
              [
                50.03472272270128,
                63.50003076057407
              ],
              [
                49.993353681260324,
                63.500006655824976
              ],
              [
                50.00000000000001,
                63.50000000000001
              ]
            ]
          ],
          [
            [
              [
                51.0,
                63.50000000000001
              ],
              [
                51.03555871690413,
                63.50003137884416
              ],
              [
                50.993054668875146,
                63.500006946718926
              ],
              [
                51.0,
                63.50000000000001
              ]
            ]
          ],
          [
            [
              [
                52.0,
                63.50000000000001
              ],
              [
                52.03635575436737,
                63.50003196294709
              ],
              [
                51.992755946693904,
                63.500007236595756
              ],
              [
                52.0,
                63.50000000000001
              ]
            ]
          ],
          [
            [
              [
                53.0,
                63.50000000000001
              ],
              [
                53.037115734381,
                63.50003251502331
              ],
              [
                52.99245751759475,
                63.50000752545488
              ],
              [
                53.0,
                63.50000000000001
              ]
            ]
          ],
          [
            [
              [
                53.99215938448929,
                63.50000781329556
              ],
              [
                53.99999999999999,
                63.50000000000001
              ],
              [
                54.03784043476744,
                63.50003303704349
              ],
              [
                53.99215938448929,
                63.50000781329556
              ]
            ]
          ],
          [
            [
              [
                54.99186155032675,
                63.500008100117185
              ],
              [
                55.0,
                63.50000000000001
              ],
              [
                55.03853152141901,
                63.50003353082446
              ],
              [
                54.99186155032675,
                63.500008100117185
              ]
            ]
          ],
          [
            [
              [
                55.99999999999999,
                63.50000000000001
              ],
              [
                56.03919055693787,
                63.500033998043364
              ],
              [
                55.991564018102764,
                63.50000838591908
              ],
              [
                55.99999999999999,
                63.50000000000001
              ]
            ]
          ],
          [
            [
              [
                57.00000000000001,
                63.50000000000001
              ],
              [
                57.03981900857202,
                63.50003444025037
              ],
              [
                56.991266790851036,
                63.50000867070055
              ],
              [
                57.00000000000001,
                63.50000000000001
              ]
            ]
          ],
          [
            [
              [
                58.00000000000001,
                63.50000000000001
              ],
              [
                58.040418255379265,
                63.50003485888008
              ],
              [
                57.99096987163459,
                63.50000895446094
              ],
              [
                58.00000000000001,
                63.50000000000001
              ]
            ]
          ],
          [
            [
              [
                58.990673263578024,
                63.500009237199464
              ],
              [
                59.00000000000001,
                63.50000000000001
              ],
              [
                59.04098959468357,
                63.50003525526158
              ],
              [
                58.990673263578024,
                63.500009237199464
              ]
            ]
          ],
          [
            [
              [
                59.99037696982801,
                63.50000951891549
              ],
              [
                59.99999999999999,
                63.50000000000001
              ],
              [
                60.04153424814437,
                63.50003563062779
              ],
              [
                59.99037696982801,
                63.50000951891549
              ]
            ]
          ],
          [
            [
              [
                61.0,
                63.50000000000001
              ],
              [
                61.04205336711187,
                63.50003598612356
              ],
              [
                60.99008099358554,
                63.50000979960824
              ],
              [
                61.0,
                63.50000000000001
              ]
            ]
          ],
          [
            [
              [
                62.0,
                63.50000000000001
              ],
              [
                62.04254803763312,
                63.500036322813195
              ],
              [
                61.989785338097875,
                63.500010079276976
              ],
              [
                62.0,
                63.50000000000001
              ]
            ]
          ],
          [
            [
              [
                63.0,
                63.50000000000001
              ],
              [
                63.0430192850407,
                63.5000366416871
              ],
              [
                62.989490006649845,
                63.50001035792097
              ],
              [
                63.0,
                63.50000000000001
              ]
            ]
          ],
          [
            [
              [
                47.45606838903587,
                63.500037253826456
              ],
              [
                47.5,
                63.50000000000001
              ],
              [
                47.53543570568451,
                63.50003128823058
              ],
              [
                47.45606838903587,
                63.500037253826456
              ]
            ]
          ],
          [
            [
              [
                48.455881535331706,
                63.500037378353696
              ],
              [
                48.49999999999999,
                63.50000000000001
              ],
              [
                48.53519314133427,
                63.500031109185834
              ],
              [
                48.455881535331706,
                63.500037378353696
              ]
            ]
          ],
          [
            [
              [
                49.5,
                63.50000000000001
              ],
              [
                49.53494958977576,
                63.50003092892516
              ],
              [
                49.4556966265383,
                63.50003750130188
              ],
              [
                49.5,
                63.50000000000001
              ]
            ]
          ],
          [
            [
              [
                62.74999999999999,
                63.50000000000001
              ],
              [
                62.7614135004347,
                63.50001120591875
              ],
              [
                62.705671853878734,
                63.500037517752155
              ],
              [
                62.74999999999999,
                63.50000000000001
              ]
            ]
          ],
          [
            [
              [
                50.49999999999999,
                63.50000000000001
              ],
              [
                50.53470506548794,
                63.50003074745344
              ],
              [
                50.45551369920534,
                63.50003762265564
              ],
              [
                50.49999999999999,
                63.50000000000001
              ]
            ]
          ],
          [
            [
              [
                51.455332790794515,
                63.50003774239921
              ],
              [
                51.49999999999999,
                63.50000000000001
              ],
              [
                51.53445958265128,
                63.500030564775315
              ],
              [
                51.455332790794515,
                63.50003774239921
              ]
            ]
          ],
          [
            [
              [
                61.705286407883214,
                63.500037773056754
              ],
              [
                61.75,
                63.50000000000001
              ],
              [
                61.76170747946794,
                63.500011480387734
              ],
              [
                61.705286407883214,
                63.500037773056754
              ]
            ]
          ],
          [
            [
              [
                52.50000000000001,
                63.50000000000001
              ],
              [
                52.534213155183245,
                63.50003038089542
              ],
              [
                52.45515393972443,
                63.500037860516244
              ],
              [
                52.50000000000001,
                63.50000000000001
              ]
            ]
          ],
          [
            [
              [
                53.5,
                63.50000000000001
              ],
              [
                53.533965796724566,
                63.50003019581819
              ],
              [
                53.45497718539281,
                63.5000379769899
              ],
              [
                53.5,
                63.50000000000001
              ]
            ]
          ],
          [
            [
              [
                60.75,
                63.50000000000001
              ],
              [
                60.762001117099054,
                63.50001175382792
              ],
              [
                60.70491998398068,
                63.50003801462814
              ],
              [
                60.75,
                63.50000000000001
              ]
            ]
          ],
          [
            [
              [
                54.45480256819737,
                63.50003809180276
              ],
              [
                54.5,
                63.50000000000001
              ],
              [
                54.53371752067462,
                63.50003000954802
              ],
              [
                54.45480256819737,
                63.50003809180276
              ]
            ]
          ],
          [
            [
              [
                55.454630129605576,
                63.50003820493691
              ],
              [
                55.5,
                63.50000000000001
              ],
              [
                55.533468340150414,
                63.50002982208917
              ],
              [
                55.454630129605576,
                63.50003820493691
              ]
            ]
          ],
          [
            [
              [
                59.75,
                63.50000000000001
              ],
              [
                59.76229440976476,
                63.50001202623847
              ],
              [
                59.704571846750966,
                63.50003824312
              ],
              [
                59.75,
                63.50000000000001
              ]
            ]
          ],
          [
            [
              [
                56.5,
                63.50000000000001
              ],
              [
                56.53321826803488,
                63.50002963344582
              ],
              [
                56.45445991214085,
                63.5000383163738
              ],
              [
                56.5,
                63.50000000000001
              ]
            ]
          ],
          [
            [
              [
                57.500000000000014,
                63.50000000000001
              ],
              [
                57.532967316964076,
                63.500029443622005
              ],
              [
                57.4542919594547,
                63.50003842609427
              ],
              [
                57.500000000000014,
                63.50000000000001
              ]
            ]
          ],
          [
            [
              [
                58.704241298235615,
                63.50003845914476
              ],
              [
                58.75,
                63.50000000000001
              ],
              [
                58.762587353840416,
                63.500012297618554
              ],
              [
                58.704241298235615,
                63.50003845914476
              ]
            ]
          ],
          [
            [
              [
                58.45412631634103,
                63.50003853407854
              ],
              [
                58.5,
                63.50000000000001
              ],
              [
                58.53271549934124,
                63.500029252621694
              ],
              [
                58.45412631634103,
                63.50003853407854
              ]
            ]
          ],
          [
            [
              [
                59.500000000000014,
                63.49999999999999
              ],
              [
                59.532462827335735,
                63.5000290604488
              ],
              [
                59.45396302878128,
                63.500038640306165
              ],
              [
                59.500000000000014,
                63.49999999999999
              ]
            ]
          ],
          [
            [
              [
                57.74999999999999,
                63.50000000000001
              ],
              [
                57.76287994565025,
                63.50001256796729
              ],
              [
                57.703927675540534,
                63.50003866327654
              ],
              [
                57.74999999999999,
                63.50000000000001
              ]
            ]
          ],
          [
            [
              [
                60.5,
                63.50000000000001
              ],
              [
                60.532209312875295,
                63.50002886710712
              ],
              [
                60.45380214401086,
                63.500038744756054
              ],
              [
                60.5,
                63.50000000000001
              ]
            ]
          ],
          [
            [
              [
                61.45364371050223,
                63.50003884740631
              ],
              [
                61.50000000000001,
                63.50000000000001
              ],
              [
                61.53195496768859,
                63.5000286726003
              ],
              [
                61.45364371050223,
                63.50003884740631
              ]
            ]
          ],
          [
            [
              [
                56.703630348646804,
                63.50003885605412
              ],
              [
                56.75000000000001,
                63.50000000000001
              ],
              [
                56.76317218147833,
                63.50001283728377
              ],
              [
                56.703630348646804,
                63.50003885605412
              ]
            ]
          ],
          [
            [
              [
                62.50000000000001,
                63.50000000000001
              ],
              [
                62.531699803273696,
                63.50002847693199
              ],
              [
                62.45348777806208,
                63.5000389482344
              ],
              [
                62.50000000000001,
                63.50000000000001
              ]
            ]
          ],
          [
            [
              [
                55.75,
                63.50000000000001
              ],
              [
                55.76346405754152,
                63.50001310556712
              ],
              [
                55.70334871845773,
                63.50003903798348
              ],
              [
                55.75,
                63.50000000000001
              ]
            ]
          ],
          [
            [
              [
                63.50000000000001,
                63.50000000000001
              ],
              [
                63.53144383092619,
                63.50002828010572
              ],
              [
                63.4533343978408,
                63.500039047216944
              ],
              [
                63.50000000000001,
                63.50000000000001
              ]
            ]
          ],
          [
            [
              [
                54.75000000000001,
                63.50000000000001
              ],
              [
                54.763755570004875,
                63.50001337281643
              ],
              [
                54.703082214883736,
                63.50003920954009
              ],
              [
                54.75000000000001,
                63.50000000000001
              ]
            ]
          ],
          [
            [
              [
                63.25,
                63.50000000000001
              ],
              [
                63.29697421290338,
                63.50003924578941
              ],
              [
                63.219087586087035,
                63.50002786975833
              ],
              [
                63.25,
                63.50000000000001
              ]
            ]
          ],
          [
            [
              [
                62.24999999999999,
                63.50000000000001
              ],
              [
                62.29711943336055,
                63.50003933895884
              ],
              [
                62.21934596753064,
                63.50002766940261
              ],
              [
                62.24999999999999,
                63.50000000000001
              ]
            ]
          ],
          [
            [
              [
                53.74999999999999,
                63.50000000000001
              ],
              [
                53.76404671499284,
                63.500013639030755
              ],
              [
                53.70283029507336,
                63.50003937117125
              ],
              [
                53.74999999999999,
                63.50000000000001
              ]
            ]
          ],
          [
            [
              [
                61.219605113078515,
                63.50002746790253
              ],
              [
                61.25000000000001,
                63.50000000000001
              ],
              [
                61.29726187857828,
                63.50003943017913
              ],
              [
                61.219605113078515,
                63.50002746790253
              ]
            ]
          ],
          [
            [
              [
                60.21986501243491,
                63.50002726526116
              ],
              [
                60.25000000000001,
                63.50000000000001
              ],
              [
                60.297401489758116,
                63.50003951942247
              ],
              [
                60.21986501243491,
                63.50002726526116
              ]
            ]
          ],
          [
            [
              [
                52.75,
                63.50000000000001
              ],
              [
                52.76433748855305,
                63.50001390420917
              ],
              [
                52.70259244188748,
                63.50003952329791
              ],
              [
                52.75,
                63.50000000000001
              ]
            ]
          ],
          [
            [
              [
                59.25000000000001,
                63.50000000000001
              ],
              [
                59.29753820642984,
                63.50003960666012
              ],
              [
                59.22012565549318,
                63.50002706148163
              ],
              [
                59.25000000000001,
                63.50000000000001
              ]
            ]
          ],
          [
            [
              [
                51.75,
                63.50000000000001
              ],
              [
                51.7646278866977,
                63.50001416835067
              ],
              [
                51.702368162324504,
                63.500039666316596
              ],
              [
                51.75,
                63.50000000000001
              ]
            ]
          ],
          [
            [
              [
                58.22038703232585,
                63.500026856566905
              ],
              [
                58.25,
                63.50000000000001
              ],
              [
                58.297671966386964,
                63.50003969186224
              ],
              [
                58.22038703232585,
                63.500026856566905
              ]
            ]
          ],
          [
            [
              [
                57.220649133178355,
                63.50002665051998
              ],
              [
                57.24999999999999,
                63.50000000000001
              ],
              [
                57.29780270563866,
                63.500039774997916
              ],
              [
                57.220649133178355,
                63.50002665051998
              ]
            ]
          ],
          [
            [
              [
                50.74999999999999,
                63.50000000000001
              ],
              [
                50.76491790536519,
                63.500014431454304
              ],
              [
                50.70215698617189,
                63.50003980060108
              ],
              [
                50.74999999999999,
                63.50000000000001
              ]
            ]
          ],
          [
            [
              [
                56.25,
                63.50000000000001
              ],
              [
                56.29793035831918,
                63.500039856035144
              ],
              [
                56.22091194847661,
                63.50002644334367
              ],
              [
                56.25,
                63.50000000000001
              ]
            ]
          ],
          [
            [
              [
                49.75,
                63.50000000000001
              ],
              [
                49.7652075404436,
                63.50001469351907
              ],
              [
                49.70195846468018,
                63.50003992650391
              ],
              [
                49.75,
                63.50000000000001
              ]
            ]
          ],
          [
            [
              [
                55.22117546880103,
                63.50002623504082
              ],
              [
                55.25000000000001,
                63.50000000000001
              ],
              [
                55.29805485664761,
                63.50003993494074
              ],
              [
                55.22117546880103,
                63.50002623504082
              ]
            ]
          ],
          [
            [
              [
                54.22143968491311,
                63.50002602561418
              ],
              [
                54.25,
                63.50000000000001
              ],
              [
                54.298176130831116,
                63.500040011680234
              ],
              [
                54.22143968491311,
                63.50002602561418
              ]
            ]
          ],
          [
            [
              [
                48.74999999999999,
                63.50000000000001
              ],
              [
                48.76549678776606,
                63.500014954543936
              ],
              [
                48.70177216933323,
                63.500040044357895
              ],
              [
                48.74999999999999,
                63.50000000000001
              ]
            ]
          ],
          [
            [
              [
                53.25,
                63.50000000000001
              ],
              [
                53.29829410900796,
                63.50004008621794
              ],
              [
                53.221704587722165,
                63.50002581506644
              ],
              [
                53.25,
                63.50000000000001
              ]
            ]
          ],
          [
            [
              [
                47.75,
                63.50000000000001
              ],
              [
                47.7657856430848,
                63.50001521452787
              ],
              [
                47.70159769081409,
                63.500040154477276
              ],
              [
                47.75,
                63.50000000000001
              ]
            ]
          ],
          [
            [
              [
                52.22197016829693,
                63.500025603400246
              ],
              [
                52.24999999999999,
                63.50000000000001
              ],
              [
                52.29840871717295,
                63.500040158516796
              ],
              [
                52.22197016829693,
                63.500025603400246
              ]
            ]
          ],
          [
            [
              [
                51.22223641786738,
                63.50002539061816
              ],
              [
                51.25000000000001,
                63.50000000000001
              ],
              [
                51.298519879076785,
                63.500040228538374
              ],
              [
                51.22223641786738,
                63.50002539061816
              ]
            ]
          ],
          [
            [
              [
                50.25000000000001,
                63.50000000000001
              ],
              [
                50.29862751615318,
                63.5000402962427
              ],
              [
                50.222503327810095,
                63.5000251767227
              ],
              [
                50.25000000000001,
                63.50000000000001
              ]
            ]
          ],
          [
            [
              [
                49.25,
                63.50000000000001
              ],
              [
                49.29873154744218,
                63.50004036158838
              ],
              [
                49.22277088964722,
                63.500024961716356
              ],
              [
                49.25,
                63.50000000000001
              ]
            ]
          ],
          [
            [
              [
                48.25000000000001,
                63.50000000000001
              ],
              [
                48.29883188946109,
                63.50004042453229
              ],
              [
                48.22303909505194,
                63.50002474560153
              ],
              [
                48.25000000000001,
                63.50000000000001
              ]
            ]
          ],
          [
            [
              [
                47.22330793582356,
                63.500024528380585
              ],
              [
                47.25000000000001,
                63.50000000000001
              ],
              [
                47.298928456168646,
                63.50004048502973
              ],
              [
                47.22330793582356,
                63.500024528380585
              ]
            ]
          ],
          [
            [
              [
                48.402637000000006,
                80.568799
              ],
              [
                47.656055,
                80.500537
              ],
              [
                46.644434000000004,
                80.30034200000001
              ],
              [
                46.991016,
                80.182764
              ],
              [
                47.16787434594785,
                80.18565813700044
              ],
              [
                47.36955201836124,
                80.19940553061979
              ],
              [
                47.44433600000001,
                80.23012700000001
              ],
              [
                47.642383,
                80.245312
              ],
              [
                47.892969,
                80.23925800000002
              ],
              [
                47.90383829100856,
                80.23582524732711
              ],
              [
                48.73772140955633,
                80.29266703514632
              ],
              [
                48.67705099999999,
                80.30004900000002
              ],
              [
                48.811035,
                80.35371100000002
              ],
              [
                49.585938,
                80.37656300000002
              ],
              [
                49.79414100000001,
                80.425342
              ],
              [
                49.84599600000001,
                80.497656
              ],
              [
                50.96083999999999,
                80.540479
              ],
              [
                51.146190999999995,
                80.60395499999998
              ],
              [
                51.703613000000004,
                80.68764600000003
              ],
              [
                51.591016,
                80.740771
              ],
              [
                50.80107399999999,
                80.91416000000001
              ],
              [
                50.12431600000001,
                80.92387700000002
              ],
              [
                49.50781200000001,
                80.865332
              ],
              [
                49.24433599999999,
                80.82138699999999
              ],
              [
                49.087793,
                80.515771
              ],
              [
                48.62509800000001,
                80.50830099999999
              ],
              [
                48.402637000000006,
                80.568799
              ]
            ]
          ],
          [
            [
              [
                55.540625000000006,
                80.70332
              ],
              [
                55.25048046052052,
                80.73661038866719
              ],
              [
                48.73772140955633,
                80.29266703514632
              ],
              [
                48.95957000000001,
                80.26567399999999
              ],
              [
                48.977539,
                80.16259800000002
              ],
              [
                48.797363,
                80.161133
              ],
              [
                48.581737999999994,
                80.19536100000002
              ],
              [
                48.38623,
                80.09580099999998
              ],
              [
                48.16718800000001,
                80.13276400000001
              ],
              [
                47.939941,
                80.088623
              ],
              [
                47.737305,
                80.081689
              ],
              [
                47.632422,
                80.11196299999999
              ],
              [
                47.97753900000001,
                80.21254900000001
              ],
              [
                47.90383829100856,
                80.23582524732711
              ],
              [
                47.36955201836124,
                80.19940553061979
              ],
              [
                47.34306599999999,
                80.18852500000001
              ],
              [
                47.16787434594785,
                80.18565813700044
              ],
              [
                28.94025751398577,
                78.94316946518684
              ],
              [
                29.047070000000005,
                78.91206099999998
              ],
              [
                29.645116999999992,
                78.921631
              ],
              [
                29.69668,
                78.90473599999999
              ],
              [
                29.31054700000001,
                78.85210000000002
              ],
              [
                28.494531,
                78.88720700000002
              ],
              [
                28.0,
                78.83467796432798
              ],
              [
                28.0,
                71.05011336075124
              ],
              [
                28.141699000000006,
                71.043018
              ],
              [
                28.392285000000005,
                70.97529300000001
              ],
              [
                28.326855000000002,
                70.825195
              ],
              [
                28.0,
                70.72985613053682
              ],
              [
                28.0,
                70.66447471488075
              ],
              [
                28.215625000000003,
                70.704346
              ],
              [
                28.271777,
                70.667969
              ],
              [
                28.202734,
                70.576904
              ],
              [
                28.166016,
                70.28764600000002
              ],
              [
                28.192968999999998,
                70.248584
              ],
              [
                28.309863,
                70.44306600000002
              ],
              [
                28.43730499999999,
                70.501367
              ],
              [
                28.609375,
                70.759668
              ],
              [
                28.831543000000007,
                70.86396499999998
              ],
              [
                29.102344000000002,
                70.86074200000002
              ],
              [
                29.397655999999998,
                70.73413099999999
              ],
              [
                29.639062999999997,
                70.70502900000001
              ],
              [
                29.737499999999994,
                70.64682599999999
              ],
              [
                30.065136999999996,
                70.702979
              ],
              [
                30.237695,
                70.622168
              ],
              [
                30.213184000000012,
                70.543311
              ],
              [
                30.42207000000001,
                70.54716800000001
              ],
              [
                30.595897999999995,
                70.523682
              ],
              [
                30.926366999999995,
                70.40112299999998
              ],
              [
                30.960645,
                70.343848
              ],
              [
                30.944140999999995,
                70.274414
              ],
              [
                30.468945,
                70.19785199999998
              ],
              [
                30.26298800000002,
                70.124707
              ],
              [
                29.925879,
                70.096484
              ],
              [
                28.78115199999999,
                70.14541
              ],
              [
                28.804296999999995,
                70.092529
              ],
              [
                29.601367000000003,
                69.976758
              ],
              [
                29.646874999999998,
                69.94370100000002
              ],
              [
                29.635937999999996,
                69.780127
              ],
              [
                29.694628999999996,
                69.74458
              ],
              [
                30.088280999999995,
                69.717578
              ],
              [
                30.237597999999995,
                69.862207
              ],
              [
                30.348828000000005,
                69.83457
              ],
              [
                30.42832,
                69.722266
              ],
              [
                30.48437500000001,
                69.79487300000001
              ],
              [
                30.714453,
                69.795703
              ],
              [
                31.049512000000007,
                69.769238
              ],
              [
                31.452734,
                69.6896
              ],
              [
                31.546973,
                69.696924
              ],
              [
                31.666210999999993,
                69.720996
              ],
              [
                31.788573999999993,
                69.815771
              ],
              [
                31.879395000000002,
                69.831982
              ],
              [
                31.997949000000002,
                69.80991200000001
              ],
              [
                31.984569999999998,
                69.95366200000001
              ],
              [
                32.39160199999999,
                69.868701
              ],
              [
                32.565430000000006,
                69.806494
              ],
              [
                32.94169899999999,
                69.751855
              ],
              [
                33.007811999999994,
                69.722119
              ],
              [
                32.994629,
                69.626172
              ],
              [
                32.91503900000001,
                69.601709
              ],
              [
                32.176758,
                69.674023
              ],
              [
                32.09150400000001,
                69.632568
              ],
              [
                32.330566,
                69.55424800000002
              ],
              [
                32.37773399999999,
                69.479102
              ],
              [
                32.63681600000001,
                69.489453
              ],
              [
                32.88378900000001,
                69.46084
              ],
              [
                32.999805,
                69.47011700000002
              ],
              [
                32.941602,
                69.38335000000001
              ],
              [
                32.978906,
                69.36733399999997
              ],
              [
                33.384862999999996,
                69.444287
              ],
              [
                33.454297000000004,
                69.428174
              ],
              [
                33.327734,
                69.151855
              ],
              [
                33.196387,
                69.116846
              ],
              [
                33.14121099999999,
                69.068701
              ],
              [
                33.435645,
                69.13037100000001
              ],
              [
                33.684375,
                69.310254
              ],
              [
                34.229395,
                69.31313500000002
              ],
              [
                35.00957,
                69.22124
              ],
              [
                35.175878999999995,
                69.230811
              ],
              [
                35.289843999999995,
                69.275439
              ],
              [
                35.857910000000004,
                69.19174800000002
              ],
              [
                37.730565999999996,
                68.692139
              ],
              [
                38.357617,
                68.415137
              ],
              [
                38.430176,
                68.355615
              ],
              [
                38.656836,
                68.321875
              ],
              [
                38.70556599999999,
                68.344727
              ],
              [
                38.83154300000001,
                68.324902
              ],
              [
                39.56894499999999,
                68.071729
              ],
              [
                39.82334,
                68.058594
              ],
              [
                39.746289,
                68.162207
              ],
              [
                39.809277,
                68.15083
              ],
              [
                40.38066400000001,
                67.831885
              ],
              [
                40.966406,
                67.713477
              ],
              [
                41.060938,
                67.444189
              ],
              [
                41.133887,
                67.38603500000002
              ],
              [
                41.133887,
                67.266943
              ],
              [
                41.35878900000001,
                67.20966800000002
              ],
              [
                41.275586,
                66.914307
              ],
              [
                41.188965,
                66.826172
              ],
              [
                40.52158200000001,
                66.446631
              ],
              [
                40.10332,
                66.299951
              ],
              [
                39.289062,
                66.132031
              ],
              [
                38.653906000000006,
                66.06904300000001
              ],
              [
                38.397559,
                66.06445300000001
              ],
              [
                37.900684000000005,
                66.095605
              ],
              [
                37.628223000000006,
                66.12959000000002
              ],
              [
                37.294824,
                66.225049
              ],
              [
                36.98369100000001,
                66.27255900000002
              ],
              [
                36.37343799999999,
                66.302295
              ],
              [
                35.51347700000001,
                66.395801
              ],
              [
                34.824609,
                66.611133
              ],
              [
                34.48261699999999,
                66.55034200000001
              ],
              [
                34.396094000000005,
                66.61318400000002
              ],
              [
                34.451563,
                66.65122100000004
              ],
              [
                34.146094000000005,
                66.703271
              ],
              [
                33.893652,
                66.70673800000002
              ],
              [
                33.595409999999994,
                66.784619
              ],
              [
                33.48203099999999,
                66.76455100000001
              ],
              [
                33.150195,
                66.843945
              ],
              [
                32.84755899999999,
                67.021533
              ],
              [
                32.930469,
                67.086816
              ],
              [
                32.39990199999999,
                67.152686
              ],
              [
                31.895313000000005,
                67.16142599999999
              ],
              [
                31.983008000000005,
                67.129834
              ],
              [
                32.20156300000001,
                67.113232
              ],
              [
                32.500976999999985,
                67.003857
              ],
              [
                32.46367200000001,
                66.91630900000003
              ],
              [
                32.857324,
                66.746924
              ],
              [
                32.862402,
                66.721387
              ],
              [
                33.180566,
                66.67993200000001
              ],
              [
                33.21738299999999,
                66.531641
              ],
              [
                33.655957,
                66.442627
              ],
              [
                33.593262,
                66.38457
              ],
              [
                33.360547,
                66.32954100000002
              ],
              [
                33.566699,
                66.320996
              ],
              [
                34.112694999999995,
                66.225244
              ],
              [
                34.399805,
                66.128418
              ],
              [
                34.69179700000001,
                65.951855
              ],
              [
                34.786328,
                65.864551
              ],
              [
                34.776953,
                65.768262
              ],
              [
                34.615723,
                65.509912
              ],
              [
                34.406445,
                65.395752
              ],
              [
                34.671094,
                65.168115
              ],
              [
                34.803516,
                64.985986
              ],
              [
                34.83261699999999,
                64.800195
              ],
              [
                34.952245999999995,
                64.755957
              ],
              [
                34.858301,
                64.70668900000001
              ],
              [
                34.869531,
                64.56000999999999
              ],
              [
                35.035351999999996,
                64.44023399999999
              ],
              [
                35.28408199999999,
                64.36254900000002
              ],
              [
                35.432031,
                64.346777
              ],
              [
                35.64707,
                64.37831999999999
              ],
              [
                36.146484,
                64.189014
              ],
              [
                36.36494100000001,
                64.002832
              ],
              [
                36.975195,
                63.909521
              ],
              [
                37.37275399999999,
                63.81674800000002
              ],
              [
                37.442188,
                63.81337900000001
              ],
              [
                37.635352000000005,
                63.893408
              ],
              [
                37.967969,
                63.94912099999999
              ],
              [
                38.070800999999996,
                64.02583000000001
              ],
              [
                38.062207,
                64.091016
              ],
              [
                37.95371099999999,
                64.320117
              ],
              [
                37.740625,
                64.39697300000002
              ],
              [
                37.42959,
                64.373584
              ],
              [
                37.289551,
                64.37793
              ],
              [
                37.18369100000001,
                64.408496
              ],
              [
                36.624219,
                64.750537
              ],
              [
                36.528223000000004,
                64.847363
              ],
              [
                36.53457,
                64.938623
              ],
              [
                36.65293,
                64.93544900000002
              ],
              [
                36.785938,
                64.98715800000002
              ],
              [
                36.882811999999994,
                65.172363
              ],
              [
                37.14081999999999,
                65.19428699999999
              ],
              [
                37.52812500000001,
                65.108252
              ],
              [
                38.009375000000006,
                64.87876
              ],
              [
                38.115723,
                64.85459000000002
              ],
              [
                38.412108999999994,
                64.85708000000001
              ],
              [
                38.54091799999999,
                64.79126
              ],
              [
                39.05351600000001,
                64.71391600000001
              ],
              [
                39.56738300000001,
                64.570557
              ],
              [
                39.758008,
                64.577051
              ],
              [
                39.84863299999999,
                64.690527
              ],
              [
                40.057812999999996,
                64.770752
              ],
              [
                40.203711,
                64.78403300000002
              ],
              [
                40.407813,
                64.754883
              ],
              [
                40.444922,
                64.77871100000002
              ],
              [
                40.28124999999999,
                64.998096
              ],
              [
                40.14267600000001,
                65.063281
              ],
              [
                39.798047,
                65.34985399999998
              ],
              [
                39.74912100000001,
                65.44794900000002
              ],
              [
                39.816504,
                65.597949
              ],
              [
                40.327832,
                65.751709
              ],
              [
                40.691601999999996,
                65.963428
              ],
              [
                41.076074,
                66.021094
              ],
              [
                41.475781,
                66.123437
              ],
              [
                41.780859,
                66.25932600000002
              ],
              [
                42.210547,
                66.51967799999998
              ],
              [
                42.450781,
                66.48242200000003
              ],
              [
                42.602148,
                66.42251
              ],
              [
                43.233203,
                66.41552700000001
              ],
              [
                43.550878999999995,
                66.321289
              ],
              [
                43.653125,
                66.250977
              ],
              [
                43.550391000000005,
                66.173389
              ],
              [
                43.541895000000004,
                66.123389
              ],
              [
                43.73701200000001,
                66.158398
              ],
              [
                43.84375000000001,
                66.142383
              ],
              [
                44.104395000000004,
                66.008594
              ],
              [
                44.14531300000001,
                66.11274400000002
              ],
              [
                44.097168,
                66.235059
              ],
              [
                44.488672,
                66.67177700000002
              ],
              [
                44.429297,
                66.93774399999998
              ],
              [
                44.291797,
                67.099658
              ],
              [
                44.07441399999999,
                67.167334
              ],
              [
                43.855371,
                67.18862299999999
              ],
              [
                43.78242199999999,
                67.254492
              ],
              [
                44.22539100000001,
                67.99560500000001
              ],
              [
                44.204688,
                68.25376
              ],
              [
                44.16914100000001,
                68.3271
              ],
              [
                43.404004,
                68.608545
              ],
              [
                43.333203000000005,
                68.67338900000001
              ],
              [
                43.471973,
                68.67983399999999
              ],
              [
                44.04804699999999,
                68.54882800000001
              ],
              [
                45.07812500000001,
                68.57817400000003
              ],
              [
                45.519434000000004,
                68.546533
              ],
              [
                45.891992,
                68.47968699999998
              ],
              [
                46.683594,
                67.970459
              ],
              [
                46.69043,
                67.84882799999997
              ],
              [
                45.52871100000001,
                67.757568
              ],
              [
                44.93945300000001,
                67.477441
              ],
              [
                44.902148000000004,
                67.413135
              ],
              [
                44.939453,
                67.350781
              ],
              [
                45.562206999999994,
                67.18559600000002
              ],
              [
                45.885352,
                66.89106399999999
              ],
              [
                45.986035,
                66.85312500000002
              ],
              [
                46.29775400000001,
                66.842822
              ],
              [
                46.492383,
                66.80019500000002
              ],
              [
                47.496484,
                66.92983399999999
              ],
              [
                47.65585900000001,
                66.975928
              ],
              [
                47.768066,
                67.27563500000001
              ],
              [
                47.908203,
                67.454688
              ],
              [
                47.87470700000001,
                67.58418
              ],
              [
                48.653809,
                67.695264
              ],
              [
                48.833203000000005,
                67.681494
              ],
              [
                48.87793,
                67.73134799999998
              ],
              [
                48.695703,
                67.874219
              ],
              [
                48.754297,
                67.895947
              ],
              [
                48.953905999999996,
                67.853809
              ],
              [
                49.155273,
                67.87040999999999
              ],
              [
                49.93125,
                68.065137
              ],
              [
                50.699414000000004,
                68.31772500000002
              ],
              [
                51.336133000000004,
                68.402441
              ],
              [
                51.994727,
                68.53877
              ],
              [
                52.128809,
                68.532031
              ],
              [
                52.285352,
                68.459375
              ],
              [
                52.183496,
                68.37426800000001
              ],
              [
                52.322266000000006,
                68.339697
              ],
              [
                52.396679999999996,
                68.35170900000001
              ],
              [
                52.669726999999995,
                68.426758
              ],
              [
                52.722656,
                68.484033
              ],
              [
                52.550098,
                68.592432
              ],
              [
                52.344043000000006,
                68.608154
              ],
              [
                52.683594,
                68.731201
              ],
              [
                53.80195299999999,
                68.99589800000001
              ],
              [
                54.491211,
                68.992334
              ],
              [
                53.797656,
                68.907471
              ],
              [
                53.798242,
                68.88466800000002
              ],
              [
                53.970605,
                68.844287
              ],
              [
                53.758887,
                68.63398400000001
              ],
              [
                53.917675999999986,
                68.53696300000001
              ],
              [
                53.93085899999999,
                68.43554700000001
              ],
              [
                53.829492,
                68.382666
              ],
              [
                53.690039,
                68.402539
              ],
              [
                53.342578,
                68.34321300000002
              ],
              [
                53.260547,
                68.26748
              ],
              [
                53.96787100000001,
                68.227344
              ],
              [
                54.476172,
                68.294141
              ],
              [
                54.717969,
                68.18418
              ],
              [
                54.86132799999999,
                68.20185500000001
              ],
              [
                54.923047,
                68.373828
              ],
              [
                55.418066,
                68.567822
              ],
              [
                55.675293,
                68.57587900000001
              ],
              [
                56.043652,
                68.648877
              ],
              [
                56.620215,
                68.619043
              ],
              [
                56.909375,
                68.56669900000001
              ],
              [
                57.126855000000006,
                68.55400400000002
              ],
              [
                58.173047,
                68.88974599999999
              ],
              [
                58.23701199999999,
                68.833936
              ],
              [
                58.35390600000001,
                68.91621099999999
              ],
              [
                58.918945,
                69.003809
              ],
              [
                59.05732400000001,
                69.006055
              ],
              [
                59.110156,
                68.896289
              ],
              [
                59.37050800000001,
                68.73837900000001
              ],
              [
                59.222559,
                68.691309
              ],
              [
                59.112305000000006,
                68.616309
              ],
              [
                59.099022999999995,
                68.44433600000002
              ],
              [
                59.604297,
                68.351123
              ],
              [
                59.72568400000001,
                68.351611
              ],
              [
                59.85878900000001,
                68.396045
              ],
              [
                59.922852000000006,
                68.471338
              ],
              [
                59.865137,
                68.60493199999999
              ],
              [
                59.895996,
                68.70634800000002
              ],
              [
                60.16025400000001,
                68.699512
              ],
              [
                60.489160000000005,
                68.72895500000001
              ],
              [
                60.637695000000015,
                68.787012
              ],
              [
                60.933594,
                68.986768
              ],
              [
                60.858594,
                69.145508
              ],
              [
                60.664550999999996,
                69.11025400000003
              ],
              [
                60.170604999999995,
                69.590918
              ],
              [
                60.27646500000001,
                69.65263699999998
              ],
              [
                60.55869100000001,
                69.69233400000002
              ],
              [
                60.81298800000002,
                69.821143
              ],
              [
                61.01591800000001,
                69.851465
              ],
              [
                61.770508,
                69.763037
              ],
              [
                62.63125,
                69.743115
              ],
              [
                63.36142600000001,
                69.67529300000001
              ],
              [
                64.19043,
                69.534668
              ],
              [
                64.928516,
                69.325391
              ],
              [
                64.896289,
                69.247803
              ],
              [
                65.031543,
                69.269824
              ],
              [
                65.735742,
                69.132324
              ],
              [
                65.812695,
                69.077002
              ],
              [
                66.084766,
                69.036328
              ],
              [
                66.416113,
                68.947852
              ],
              [
                67.002441,
                68.873584
              ],
              [
                67.149219,
                68.753955
              ],
              [
                67.639648,
                68.579297
              ],
              [
                67.730762,
                68.513672
              ],
              [
                68.156934,
                68.403662
              ],
              [
                68.371191,
                68.314258
              ],
              [
                68.504199,
                68.34843799999999
              ],
              [
                68.829492,
                68.567432
              ],
              [
                69.140527,
                68.950635
              ],
              [
                68.92441399999998,
                68.956201
              ],
              [
                68.76289099999998,
                68.917383
              ],
              [
                68.542773,
                68.96709000000001
              ],
              [
                68.117383,
                69.23623
              ],
              [
                68.073047,
                69.420801
              ],
              [
                68.005859,
                69.480029
              ],
              [
                67.624121,
                69.584424
              ],
              [
                67.064453,
                69.69370099999999
              ],
              [
                66.964063,
                69.655566
              ],
              [
                66.89668,
                69.55380900000002
              ],
              [
                66.804004,
                69.659229
              ],
              [
                66.80293,
                69.740137
              ],
              [
                66.926367,
                70.014258
              ],
              [
                67.069043,
                70.005615
              ],
              [
                67.239258,
                70.108057
              ],
              [
                67.14648399999999,
                70.219922
              ],
              [
                67.284766,
                70.738721
              ],
              [
                67.143359,
                70.837549
              ],
              [
                66.822461,
                70.797363
              ],
              [
                66.702246,
                70.81850600000001
              ],
              [
                66.666113,
                70.900586
              ],
              [
                66.84707,
                71.063721
              ],
              [
                66.69257800000001,
                71.04169900000001
              ],
              [
                66.63964800000001,
                71.081396
              ],
              [
                66.768066,
                71.139893
              ],
              [
                66.917578,
                71.28237300000002
              ],
              [
                67.541797,
                71.412012
              ],
              [
                68.269238,
                71.682812
              ],
              [
                68.607422,
                72.012744
              ],
              [
                69.039062,
                72.66992200000001
              ],
              [
                69.391406,
                72.955518
              ],
              [
                69.611816,
                72.981934
              ],
              [
                69.708984,
                72.956396
              ],
              [
                69.645117,
                72.89755899999999
              ],
              [
                69.738281,
                72.884961
              ],
              [
                71.500195,
                72.913672
              ],
              [
                71.92959,
                72.81967800000002
              ],
              [
                72.10097699999999,
                72.82900400000003
              ],
              [
                72.446387,
                72.79033200000002
              ],
              [
                72.812109,
                72.691406
              ],
              [
                72.75293,
                72.343164
              ],
              [
                72.57412100000002,
                72.01254900000002
              ],
              [
                72.279492,
                71.69550799999999
              ],
              [
                72.129688,
                71.60918
              ],
              [
                71.912012,
                71.547949
              ],
              [
                71.867285,
                71.457373
              ],
              [
                72.079297,
                71.306689
              ],
              [
                72.581348,
                71.151123
              ],
              [
                72.704492,
                70.96323200000002
              ],
              [
                72.7,
                70.457324
              ],
              [
                72.469434,
                70.274951
              ],
              [
                72.599414,
                69.79321300000001
              ],
              [
                72.615625,
                69.48403300000001
              ],
              [
                72.527051,
                69.154248
              ],
              [
                72.576758,
                68.96870100000001
              ],
              [
                72.67832000000001,
                68.874854
              ],
              [
                72.811914,
                68.81523400000003
              ],
              [
                73.548047,
                68.574512
              ],
              [
                73.591699,
                68.481885
              ],
              [
                73.465234,
                68.430762
              ],
              [
                73.139453,
                68.181348
              ],
              [
                73.173047,
                67.97304700000001
              ],
              [
                73.066797,
                67.76694299999997
              ],
              [
                72.94873,
                67.69624
              ],
              [
                72.594336,
                67.586963
              ],
              [
                71.847461,
                67.007617
              ],
              [
                71.668164,
                66.939697
              ],
              [
                71.365234,
                66.961523
              ],
              [
                71.551172,
                66.76044900000001
              ],
              [
                71.539551,
                66.683105
              ],
              [
                71.341992,
                66.68671900000001
              ],
              [
                70.939453,
                66.548145
              ],
              [
                70.724902,
                66.519434
              ],
              [
                70.382812,
                66.60249
              ],
              [
                70.442578,
                66.66826200000001
              ],
              [
                70.690723,
                66.74531199999998
              ],
              [
                70.579102,
                66.75376
              ],
              [
                70.443945,
                66.69731400000002
              ],
              [
                70.283398,
                66.68579099999998
              ],
              [
                69.877148,
                66.845459
              ],
              [
                69.74043,
                66.8146
              ],
              [
                69.217773,
                66.82861299999999
              ],
              [
                69.013477,
                66.78833
              ],
              [
                69.194336,
                66.57866200000002
              ],
              [
                69.412012,
                66.51074200000001
              ],
              [
                69.70097699999998,
                66.48457
              ],
              [
                69.982422,
                66.401416
              ],
              [
                70.339453,
                66.342383
              ],
              [
                71.358008,
                66.359424
              ],
              [
                71.56562500000001,
                66.33374
              ],
              [
                71.916992,
                66.24672900000002
              ],
              [
                72.067578,
                66.25331999999999
              ],
              [
                72.32158200000002,
                66.332129
              ],
              [
                72.417383,
                66.560791
              ],
              [
                73.341602,
                66.806836
              ],
              [
                73.79209,
                66.995312
              ],
              [
                74.074512,
                67.41411100000002
              ],
              [
                74.676074,
                67.694629
              ],
              [
                74.769531,
                67.766357
              ],
              [
                74.742676,
                68.073535
              ],
              [
                74.391406,
                68.42060500000001
              ],
              [
                74.480957,
                68.658887
              ],
              [
                74.57959,
                68.751221
              ],
              [
                75.124609,
                68.86171900000001
              ],
              [
                75.589551,
                68.90117199999999
              ],
              [
                76.10752000000001,
                68.97573200000001
              ],
              [
                76.316016,
                68.991504
              ],
              [
                76.45918,
                68.97827100000002
              ],
              [
                76.735059,
                68.77690400000002
              ],
              [
                77.111719,
                68.596191
              ],
              [
                77.238477,
                68.46958
              ],
              [
                77.248438,
                67.941016
              ],
              [
                77.174414,
                67.778516
              ],
              [
                77.771582,
                67.570264
              ],
              [
                77.985547,
                67.55918000000003
              ],
              [
                78.922461,
                67.589111
              ],
              [
                78.839063,
                67.631201
              ],
              [
                78.559082,
                67.639111
              ],
              [
                77.588281,
                67.75190399999998
              ],
              [
                77.520117,
                67.90961899999999
              ],
              [
                77.535937,
                68.007666
              ],
              [
                77.664844,
                68.190381
              ],
              [
                77.995117,
                68.259473
              ],
              [
                77.650684,
                68.903027
              ],
              [
                77.466309,
                68.905127
              ],
              [
                77.32832,
                68.958643
              ],
              [
                76.644922,
                69.11738300000002
              ],
              [
                76.00097700000002,
                69.23505900000002
              ],
              [
                75.561133,
                69.251807
              ],
              [
                75.42002,
                69.238623
              ],
              [
                75.053516,
                69.116309
              ],
              [
                74.814844,
                69.090576
              ],
              [
                74.362598,
                69.14458
              ],
              [
                73.977441,
                69.114648
              ],
              [
                73.836035,
                69.14321299999999
              ],
              [
                73.775684,
                69.19824199999998
              ],
              [
                73.890918,
                69.417969
              ],
              [
                73.560156,
                69.707227
              ],
              [
                73.578125,
                69.80297900000001
              ],
              [
                73.830176,
                70.17568400000003
              ],
              [
                74.343359,
                70.578711
              ],
              [
                74.310938,
                70.65361300000002
              ],
              [
                73.507227,
                71.263525
              ],
              [
                73.150488,
                71.385205
              ],
              [
                73.08623,
                71.44492199999999
              ],
              [
                73.671777,
                71.84506800000003
              ],
              [
                73.939453,
                71.914746
              ],
              [
                74.489063,
                71.997021
              ],
              [
                74.992188,
                72.144824
              ],
              [
                75.089941,
                72.26313500000002
              ],
              [
                75.060352,
                72.54877899999998
              ],
              [
                74.786816,
                72.81186499999998
              ],
              [
                74.942188,
                72.853809
              ],
              [
                75.152441,
                72.852734
              ],
              [
                75.369336,
                72.796631
              ],
              [
                75.603516,
                72.58105500000002
              ],
              [
                75.591406,
                72.457227
              ],
              [
                75.741406,
                72.29624
              ],
              [
                75.550195,
                72.170801
              ],
              [
                75.39453100000001,
                71.983203
              ],
              [
                75.273828,
                71.958936
              ],
              [
                75.247461,
                71.81337899999998
              ],
              [
                75.503223,
                71.65463899999999
              ],
              [
                75.468555,
                71.534375
              ],
              [
                75.280273,
                71.430078
              ],
              [
                75.332031,
                71.341748
              ],
              [
                76.110449,
                71.218555
              ],
              [
                76.741992,
                71.202051
              ],
              [
                76.929004,
                71.127881
              ],
              [
                76.995215,
                71.181055
              ],
              [
                77.589648,
                71.16791999999998
              ],
              [
                78.068262,
                70.98632799999999
              ],
              [
                78.320605,
                70.93042
              ],
              [
                78.525781,
                70.91181600000002
              ],
              [
                78.942187,
                70.933789
              ],
              [
                79.083887,
                71.00200199999999
              ],
              [
                78.88867200000001,
                70.997168
              ],
              [
                78.803516,
                70.973535
              ],
              [
                78.587695,
                70.993896
              ],
              [
                78.386523,
                71.087109
              ],
              [
                78.212598,
                71.266309
              ],
              [
                77.908398,
                71.324072
              ],
              [
                77.706641,
                71.30058600000001
              ],
              [
                77.481055,
                71.311572
              ],
              [
                76.433398,
                71.55249000000002
              ],
              [
                76.312109,
                71.59545899999999
              ],
              [
                76.032422,
                71.9104
              ],
              [
                76.42168,
                72.00600600000001
              ],
              [
                76.871387,
                72.033008
              ],
              [
                77.061328,
                72.004199
              ],
              [
                77.550781,
                71.84209
              ],
              [
                77.777539,
                71.836426
              ],
              [
                78.186914,
                71.90708
              ],
              [
                78.232422,
                71.952295
              ],
              [
                78.14082,
                72.044678
              ],
              [
                78.016406,
                72.092041
              ],
              [
                77.780664,
                72.11430700000001
              ],
              [
                77.492871,
                72.071729
              ],
              [
                77.41084,
                72.107764
              ],
              [
                77.471582,
                72.19213900000001
              ],
              [
                77.62529300000001,
                72.201416
              ],
              [
                77.968164,
                72.32871100000001
              ],
              [
                78.225391,
                72.37744099999999
              ],
              [
                78.482617,
                72.394971
              ],
              [
                79.42207,
                72.38076199999999
              ],
              [
                79.953906,
                72.223047
              ],
              [
                80.474023,
                72.15312499999999
              ],
              [
                80.7625,
                72.08916000000002
              ],
              [
                80.856055,
                71.970215
              ],
              [
                81.661621,
                71.71596700000002
              ],
              [
                82.079883,
                71.70683599999998
              ],
              [
                82.757812,
                71.76411100000001
              ],
              [
                82.986133,
                71.74868200000002
              ],
              [
                83.233594,
                71.668164
              ],
              [
                82.917969,
                71.41992200000001
              ],
              [
                82.322852,
                71.26001
              ],
              [
                82.23916,
                70.997705
              ],
              [
                82.335938,
                70.80737300000001
              ],
              [
                82.163184,
                70.598145
              ],
              [
                82.221191,
                70.39570300000001
              ],
              [
                82.258398,
                70.543604
              ],
              [
                82.45166,
                70.690088
              ],
              [
                82.59248,
                70.889941
              ],
              [
                82.737793,
                70.94209
              ],
              [
                82.869141,
                70.95483400000002
              ],
              [
                83.010156,
                70.89541000000001
              ],
              [
                83.051074,
                70.81523400000002
              ],
              [
                83.030176,
                70.58051799999998
              ],
              [
                82.919824,
                70.407422
              ],
              [
                82.682324,
                70.217725
              ],
              [
                82.856543,
                70.10454099999998
              ],
              [
                83.080762,
                70.09301799999997
              ],
              [
                83.132031,
                70.15717799999999
              ],
              [
                83.073828,
                70.27670899999998
              ],
              [
                83.49707000000001,
                70.345264
              ],
              [
                83.659863,
                70.41835899999998
              ],
              [
                83.735938,
                70.54648399999999
              ],
              [
                83.578906,
                70.76591800000001
              ],
              [
                83.15127,
                71.103613
              ],
              [
                83.531055,
                71.51425800000001
              ],
              [
                83.534375,
                71.68393600000002
              ],
              [
                83.34043,
                71.82753899999999
              ],
              [
                83.200293,
                71.874707
              ],
              [
                82.64541,
                71.925244
              ],
              [
                82.319141,
                72.071826
              ],
              [
                82.183594,
                72.23754899999999
              ],
              [
                82.093652,
                72.26543
              ],
              [
                81.792871,
                72.32661100000003
              ],
              [
                81.282715,
                72.35883799999999
              ],
              [
                81.098145,
                72.389746
              ],
              [
                80.827051,
                72.488281
              ],
              [
                80.65625,
                72.712012
              ],
              [
                80.841602,
                72.94917
              ],
              [
                80.757422,
                73.025244
              ],
              [
                80.509668,
                73.086084
              ],
              [
                80.424512,
                73.231152
              ],
              [
                80.398047,
                73.35683599999999
              ],
              [
                80.595898,
                73.474023
              ],
              [
                80.583203,
                73.568457
              ],
              [
                81.816992,
                73.658838
              ],
              [
                83.544727,
                73.666504
              ],
              [
                84.417383,
                73.722021
              ],
              [
                84.737891,
                73.762842
              ],
              [
                85.200586,
                73.72153300000002
              ],
              [
                85.44834,
                73.734619
              ],
              [
                85.611426,
                73.82158200000002
              ],
              [
                86.591406,
                73.894287
              ],
              [
                86.892969,
                73.88710900000001
              ],
              [
                87.029492,
                73.82417
              ],
              [
                86.36591800000001,
                73.619775
              ],
              [
                86.09414100000001,
                73.57832
              ],
              [
                85.827051,
                73.492773
              ],
              [
                85.792578,
                73.43832999999998
              ],
              [
                85.818164,
                73.326953
              ],
              [
                86.677051,
                73.10678699999998
              ],
              [
                86.715039,
                73.12583000000001
              ],
              [
                85.970801,
                73.34707000000002
              ],
              [
                85.910059,
                73.39043
              ],
              [
                85.938965,
                73.456494
              ],
              [
                86.092383,
                73.51914099999999
              ],
              [
                86.37627,
                73.568848
              ],
              [
                87.120117,
                73.615039
              ],
              [
                87.369531,
                73.75590800000002
              ],
              [
                87.571191,
                73.810742
              ],
              [
                87.209668,
                73.87866200000002
              ],
              [
                86.57109400000002,
                74.24374999999999
              ],
              [
                86.001367,
                74.316016
              ],
              [
                86.18291,
                74.42304700000004
              ],
              [
                86.395801,
                74.450098
              ],
              [
                86.664746,
                74.414258
              ],
              [
                86.897949,
                74.325342
              ],
              [
                87.229688,
                74.363867
              ],
              [
                86.425684,
                74.585498
              ],
              [
                85.791016,
                74.645117
              ],
              [
                85.88076200000002,
                74.740234
              ],
              [
                86.058887,
                74.728223
              ],
              [
                86.20127,
                74.816211
              ],
              [
                86.651465,
                74.682422
              ],
              [
                87.041797,
                74.778857
              ],
              [
                87.419336,
                74.940918
              ],
              [
                87.467578,
                75.01323200000002
              ],
              [
                87.140723,
                75.072266
              ],
              [
                86.939063,
                75.06811499999999
              ],
              [
                87.005957,
                75.16982399999999
              ],
              [
                87.170801,
                75.19174800000003
              ],
              [
                87.671387,
                75.12959000000001
              ],
              [
                88.503711,
                75.29047900000002
              ],
              [
                88.73310500000001,
                75.36918899999999
              ],
              [
                89.310254,
                75.470117
              ],
              [
                89.595117,
                75.458252
              ],
              [
                90.184961,
                75.591064
              ],
              [
                91.004687,
                75.64956099999999
              ],
              [
                91.479492,
                75.649658
              ],
              [
                91.84541,
                75.72368200000001
              ],
              [
                92.40752,
                75.749658
              ],
              [
                94.075195,
                75.912891
              ],
              [
                94.156348,
                75.959229
              ],
              [
                93.68701200000001,
                75.92158200000002
              ],
              [
                93.574023,
                75.95629899999999
              ],
              [
                93.40605500000001,
                75.90127000000001
              ],
              [
                93.178125,
                75.958984
              ],
              [
                93.068652,
                75.91284199999998
              ],
              [
                92.89043,
                75.909961
              ],
              [
                92.858594,
                75.979492
              ],
              [
                92.971582,
                76.07509800000001
              ],
              [
                93.104883,
                76.02582999999998
              ],
              [
                93.259277,
                76.098779
              ],
              [
                93.648438,
                76.05415000000002
              ],
              [
                93.842871,
                76.101318
              ],
              [
                94.102344,
                76.123584
              ],
              [
                94.506738,
                76.107959
              ],
              [
                94.57558600000002,
                76.151758
              ],
              [
                95.038477,
                76.11352499999998
              ],
              [
                95.578711,
                76.137305
              ],
              [
                96.075488,
                76.08198200000001
              ],
              [
                95.986035,
                76.009668
              ],
              [
                95.65332,
                75.89218799999999
              ],
              [
                95.743848,
                75.872314
              ],
              [
                95.934766,
                75.926025
              ],
              [
                96.508594,
                76.005566
              ],
              [
                96.600586,
                75.98989300000001
              ],
              [
                96.49707,
                75.891211
              ],
              [
                96.879199,
                75.931055
              ],
              [
                97.350684,
                76.03339799999999
              ],
              [
                97.499219,
                75.980225
              ],
              [
                97.669824,
                76.078027
              ],
              [
                97.91835900000001,
                76.08867199999999
              ],
              [
                98.02002,
                76.133691
              ],
              [
                98.66201200000002,
                76.24267600000002
              ],
              [
                99.562695,
                76.10932600000002
              ],
              [
                99.77041,
                76.02876000000002
              ],
              [
                99.602344,
                75.852051
              ],
              [
                99.442187,
                75.803174
              ],
              [
                99.540723,
                75.79858400000002
              ],
              [
                99.851367,
                75.93027300000001
              ],
              [
                99.825391,
                76.135937
              ],
              [
                99.616797,
                76.240186
              ],
              [
                98.805664,
                76.480664
              ],
              [
                98.869434,
                76.50957
              ],
              [
                99.57627,
                76.471436
              ],
              [
                99.93574200000002,
                76.48989300000001
              ],
              [
                100.322363,
                76.47915000000002
              ],
              [
                100.84375,
                76.525195
              ],
              [
                101.060742,
                76.47724600000001
              ],
              [
                101.310742,
                76.478906
              ],
              [
                101.59775400000001,
                76.439209
              ],
              [
                101.683789,
                76.48549800000004
              ],
              [
                101.212988,
                76.535693
              ],
              [
                101.002637,
                76.530518
              ],
              [
                100.928027,
                76.556738
              ],
              [
                101.099316,
                76.70400400000001
              ],
              [
                100.92041,
                76.82251
              ],
              [
                100.989941,
                76.99047900000001
              ],
              [
                101.185742,
                77.02856400000002
              ],
              [
                101.517676,
                77.19809599999999
              ],
              [
                102.610156,
                77.50854500000001
              ],
              [
                103.131445,
                77.626465
              ],
              [
                103.560742,
                77.631934
              ],
              [
                104.014551,
                77.73042
              ],
              [
                104.184863,
                77.73046899999999
              ],
              [
                104.814258,
                77.6521
              ],
              [
                104.965234,
                77.594727
              ],
              [
                105.308984,
                77.549219
              ],
              [
                105.71025400000002,
                77.52524400000001
              ],
              [
                105.894531,
                77.48886700000001
              ],
              [
                106.05957,
                77.390527
              ],
              [
                105.73418000000001,
                77.352002
              ],
              [
                105.38457,
                77.237842
              ],
              [
                104.911914,
                77.17470700000001
              ],
              [
                104.323633,
                77.13266600000001
              ],
              [
                104.202441,
                77.101807
              ],
              [
                105.645898,
                77.100684
              ],
              [
                105.712012,
                77.001465
              ],
              [
                105.822168,
                76.99751
              ],
              [
                106.14541000000001,
                77.04531199999998
              ],
              [
                106.705078,
                77.01377
              ],
              [
                106.941602,
                77.034375
              ],
              [
                107.278906,
                76.990967
              ],
              [
                107.429785,
                76.926563
              ],
              [
                106.63877,
                76.57338900000002
              ],
              [
                106.384668,
                76.589453
              ],
              [
                106.413574,
                76.512256
              ],
              [
                106.683203,
                76.514697
              ],
              [
                106.825391,
                76.48007799999999
              ],
              [
                107.157715,
                76.524072
              ],
              [
                107.722168,
                76.522314
              ],
              [
                107.902246,
                76.56967800000001
              ],
              [
                108.02793000000001,
                76.718457
              ],
              [
                108.181641,
                76.73784199999999
              ],
              [
                108.638379,
                76.72011699999999
              ],
              [
                109.36933600000002,
                76.749219
              ],
              [
                109.981152,
                76.711865
              ],
              [
                110.471484,
                76.75839800000001
              ],
              [
                111.114844,
                76.72304699999998
              ],
              [
                111.39248,
                76.68667
              ],
              [
                111.600586,
                76.62231400000002
              ],
              [
                111.786133,
                76.60356399999999
              ],
              [
                112.09394500000002,
                76.48032199999999
              ],
              [
                111.942676,
                76.380469
              ],
              [
                112.29707,
                76.43466799999999
              ],
              [
                112.619531,
                76.383545
              ],
              [
                112.79843799999999,
                76.129639
              ],
              [
                112.65625,
                76.05356400000001
              ],
              [
                112.818945,
                76.05859399999999
              ],
              [
                113.094043,
                76.13291
              ],
              [
                113.150391,
                76.174512
              ],
              [
                112.987988,
                76.23974600000001
              ],
              [
                113.086035,
                76.25810500000001
              ],
              [
                113.272656,
                76.25166000000002
              ],
              [
                113.563867,
                75.89165000000001
              ],
              [
                113.857227,
                75.92128899999999
              ],
              [
                113.74873,
                75.704785
              ],
              [
                113.567578,
                75.56840799999999
              ],
              [
                113.485938,
                75.563965
              ],
              [
                113.517188,
                75.62187499999999
              ],
              [
                113.391602,
                75.677881
              ],
              [
                113.12636700000002,
                75.69868200000002
              ],
              [
                112.629199,
                75.83539999999999
              ],
              [
                112.49668,
                75.849902
              ],
              [
                112.453027,
                75.830176
              ],
              [
                112.72959,
                75.737646
              ],
              [
                112.955664,
                75.57192399999998
              ],
              [
                113.161523,
                75.620508
              ],
              [
                113.242969,
                75.61142600000002
              ],
              [
                113.35625,
                75.53427700000002
              ],
              [
                113.726172,
                75.45063500000002
              ],
              [
                113.613574,
                75.29296900000001
              ],
              [
                112.924902,
                75.01503899999999
              ],
              [
                112.19199200000001,
                74.853174
              ],
              [
                111.868262,
                74.74003900000001
              ],
              [
                111.299023,
                74.658447
              ],
              [
                110.892773,
                74.54809599999999
              ],
              [
                110.373535,
                74.466064
              ],
              [
                110.225879,
                74.378662
              ],
              [
                109.840332,
                74.32197299999999
              ],
              [
                109.91132800000001,
                74.26132800000002
              ],
              [
                109.810254,
                74.169189
              ],
              [
                109.51084,
                74.08881799999999
              ],
              [
                109.075,
                74.03232400000002
              ],
              [
                108.199512,
                73.69409200000001
              ],
              [
                107.76543,
                73.62500000000001
              ],
              [
                107.271094,
                73.62104499999998
              ],
              [
                106.679395,
                73.330664
              ],
              [
                106.188672,
                73.30800800000002
              ],
              [
                105.677148,
                72.95927700000001
              ],
              [
                105.392773,
                72.84101600000002
              ],
              [
                105.143945,
                72.77705099999999
              ],
              [
                105.402734,
                72.789941
              ],
              [
                105.708203,
                72.83666999999998
              ],
              [
                106.066699,
                72.94985399999999
              ],
              [
                106.315039,
                73.106396
              ],
              [
                106.47793,
                73.139404
              ],
              [
                107.108789,
                73.177295
              ],
              [
                107.750391,
                73.17314500000003
              ],
              [
                108.00127,
                73.23559599999999
              ],
              [
                108.285352,
                73.26586899999998
              ],
              [
                108.351465,
                73.31020500000001
              ],
              [
                109.08994100000001,
                73.378418
              ],
              [
                109.331055,
                73.48745100000002
              ],
              [
                109.637109,
                73.454004
              ],
              [
                109.855273,
                73.47246099999995
              ],
              [
                110.868164,
                73.73071300000001
              ],
              [
                110.722363,
                73.779932
              ],
              [
                110.388281,
                73.726025
              ],
              [
                110.091211,
                73.708545
              ],
              [
                109.752734,
                73.72255900000002
              ],
              [
                109.706738,
                73.74375000000002
              ],
              [
                109.66562500000002,
                73.800244
              ],
              [
                109.869141,
                73.930615
              ],
              [
                110.261426,
                74.017432
              ],
              [
                111.05625,
                73.939355
              ],
              [
                111.13085900000002,
                74.052832
              ],
              [
                111.550586,
                74.028516
              ],
              [
                111.228125,
                73.968555
              ],
              [
                111.400391,
                73.827734
              ],
              [
                111.803711,
                73.74526399999998
              ],
              [
                112.147266,
                73.70893599999998
              ],
              [
                112.79541000000002,
                73.746094
              ],
              [
                112.939648,
                73.83564500000001
              ],
              [
                112.835938,
                73.962061
              ],
              [
                113.032813,
                73.913867
              ],
              [
                113.416211,
                73.647607
              ],
              [
                113.156934,
                73.45956999999999
              ],
              [
                113.276953,
                73.391504
              ],
              [
                113.490918,
                73.34609399999998
              ],
              [
                113.47460900000002,
                73.047852
              ],
              [
                113.369336,
                72.94189499999999
              ],
              [
                113.127832,
                72.830664
              ],
              [
                113.186133,
                72.73017600000001
              ],
              [
                113.312207,
                72.657373
              ],
              [
                113.664551,
                72.634521
              ],
              [
                113.711914,
                72.65415
              ],
              [
                113.298145,
                72.738867
              ],
              [
                113.215527,
                72.805859
              ],
              [
                113.542773,
                73.054346
              ],
              [
                113.558887,
                73.232617
              ],
              [
                113.88623000000001,
                73.345801
              ],
              [
                113.53945299999998,
                73.433643
              ],
              [
                113.51035200000001,
                73.50498
              ],
              [
                113.85693400000001,
                73.533398
              ],
              [
                114.060547,
                73.58466800000001
              ],
              [
                114.816016,
                73.607178
              ],
              [
                115.337695,
                73.702588
              ],
              [
                116.495508,
                73.67607400000001
              ],
              [
                117.308594,
                73.59916999999999
              ],
              [
                118.450195,
                73.58979499999998
              ],
              [
                118.870898,
                73.53789100000003
              ],
              [
                118.936426,
                73.481201
              ],
              [
                118.457031,
                73.46440400000002
              ],
              [
                118.37656300000002,
                73.367236
              ],
              [
                118.430273,
                73.24653299999999
              ],
              [
                118.960352,
                73.117285
              ],
              [
                119.425293,
                73.063965
              ],
              [
                119.750391,
                72.97910199999998
              ],
              [
                120.59794900000001,
                72.981104
              ],
              [
                120.997168,
                72.936719
              ],
              [
                121.354297,
                72.97085
              ],
              [
                121.747852,
                72.96967800000002
              ],
              [
                121.88603499999999,
                72.960889
              ],
              [
                122.029785,
                72.89721700000001
              ],
              [
                122.26015600000001,
                72.880566
              ],
              [
                122.5375,
                72.877783
              ],
              [
                122.75195300000001,
                72.90649400000001
              ],
              [
                122.73085899999998,
                72.931299
              ],
              [
                122.501953,
                72.970654
              ],
              [
                122.52675799999999,
                73.016699
              ],
              [
                122.61523400000002,
                73.02792999999998
              ],
              [
                123.16035200000002,
                72.954883
              ],
              [
                123.301172,
                73.00180699999999
              ],
              [
                123.46162100000001,
                73.14418900000001
              ],
              [
                123.622266,
                73.19326200000002
              ],
              [
                123.32265600000001,
                73.430811
              ],
              [
                123.305078,
                73.53291
              ],
              [
                123.491113,
                73.666357
              ],
              [
                123.796875,
                73.62675800000001
              ],
              [
                124.019043,
                73.71230500000001
              ],
              [
                124.38808600000002,
                73.75483400000003
              ],
              [
                124.54121100000002,
                73.75127
              ],
              [
                125.61709000000002,
                73.520605
              ],
              [
                125.59853500000001,
                73.447412
              ],
              [
                126.25449200000001,
                73.54819300000001
              ],
              [
                126.344922,
                73.506299
              ],
              [
                126.29248,
                73.39418900000001
              ],
              [
                126.55253900000001,
                73.334912
              ],
              [
                126.83847700000001,
                73.43417999999998
              ],
              [
                127.031348,
                73.54746100000001
              ],
              [
                127.74033200000001,
                73.481543
              ],
              [
                127.95507800000001,
                73.445557
              ],
              [
                128.025684,
                73.39077099999999
              ],
              [
                128.281445,
                73.33056600000002
              ],
              [
                128.257812,
                73.26748
              ],
              [
                128.587012,
                73.262402
              ],
              [
                128.888672,
                73.19023400000002
              ],
              [
                128.913379,
                73.110596
              ],
              [
                129.100586,
                73.112354
              ],
              [
                129.053711,
                73.04541000000002
              ],
              [
                128.599023,
                72.895166
              ],
              [
                129.017285,
                72.872461
              ],
              [
                129.229102,
                72.775732
              ],
              [
                129.250391,
                72.70517600000001
              ],
              [
                128.815332,
                72.58588900000001
              ],
              [
                128.418262,
                72.535156
              ],
              [
                128.549414,
                72.49585
              ],
              [
                129.116602,
                72.48574199999999
              ],
              [
                129.281348,
                72.437695
              ],
              [
                129.41171900000003,
                72.31547900000001
              ],
              [
                129.410645,
                72.16630900000001
              ],
              [
                129.283496,
                72.092041
              ],
              [
                128.934961,
                72.07949200000002
              ],
              [
                128.475195,
                72.245557
              ],
              [
                127.803418,
                72.434033
              ],
              [
                127.726074,
                72.413184
              ],
              [
                127.841406,
                72.30825200000001
              ],
              [
                128.358789,
                72.08833000000001
              ],
              [
                128.911426,
                71.755322
              ],
              [
                129.116602,
                71.824609
              ],
              [
                129.121582,
                71.953223
              ],
              [
                129.210254,
                71.916943
              ],
              [
                129.46084,
                71.73930700000003
              ],
              [
                129.23418,
                71.74482399999998
              ],
              [
                128.949023,
                71.70756799999998
              ],
              [
                128.843262,
                71.663477
              ],
              [
                128.922656,
                71.601758
              ],
              [
                129.134277,
                71.59287099999999
              ],
              [
                129.761914,
                71.11953099999998
              ],
              [
                130.025977,
                71.06538100000002
              ],
              [
                130.28125,
                70.947314
              ],
              [
                130.537109,
                70.892529
              ],
              [
                130.668457,
                70.88833
              ],
              [
                130.757129,
                70.962354
              ],
              [
                130.831934,
                70.935889
              ],
              [
                130.898047,
                70.80356400000001
              ],
              [
                131.021582,
                70.74609399999999
              ],
              [
                131.157422,
                70.742188
              ],
              [
                131.432324,
                70.828271
              ],
              [
                131.562012,
                70.90102500000002
              ],
              [
                131.906445,
                71.20263700000002
              ],
              [
                132.035352,
                71.244043
              ],
              [
                132.003711,
                71.35019500000001
              ],
              [
                132.227637,
                71.64277300000002
              ],
              [
                132.653906,
                71.925977
              ],
              [
                132.803613,
                71.76757800000001
              ],
              [
                133.130859,
                71.606689
              ],
              [
                133.426172,
                71.49096700000001
              ],
              [
                133.688867,
                71.43422900000002
              ],
              [
                134.102832,
                71.37895499999999
              ],
              [
                134.702734,
                71.386816
              ],
              [
                134.813867,
                71.460596
              ],
              [
                135.022363,
                71.51503900000003
              ],
              [
                135.359375,
                71.543506
              ],
              [
                135.55918,
                71.610352
              ],
              [
                135.884766,
                71.630566
              ],
              [
                136.090332,
                71.61958
              ],
              [
                137.11582,
                71.415674
              ],
              [
                137.650586,
                71.208154
              ],
              [
                137.939648,
                71.133398
              ],
              [
                137.97373,
                71.16865200000002
              ],
              [
                137.844043,
                71.22680699999998
              ],
              [
                138.012695,
                71.26084
              ],
              [
                138.090625,
                71.30742200000002
              ],
              [
                138.314063,
                71.325537
              ],
              [
                137.918359,
                71.38408200000002
              ],
              [
                138.04834,
                71.52597699999997
              ],
              [
                138.23418,
                71.59633800000002
              ],
              [
                138.318066,
                71.60283200000002
              ],
              [
                138.525195,
                71.562744
              ],
              [
                138.67002,
                71.634814
              ],
              [
                138.780176,
                71.62900400000001
              ],
              [
                139.004883,
                71.55605499999999
              ],
              [
                139.209375,
                71.44477499999999
              ],
              [
                139.632129,
                71.48925799999999
              ],
              [
                139.98418,
                71.491504
              ],
              [
                139.695117,
                71.70043900000002
              ],
              [
                139.722949,
                71.88496100000002
              ],
              [
                139.359277,
                71.95136699999999
              ],
              [
                139.640234,
                71.99834000000001
              ],
              [
                139.84707,
                72.148584
              ],
              [
                140.187695,
                72.19130900000002
              ],
              [
                140.134375,
                72.209619
              ],
              [
                139.616992,
                72.225684
              ],
              [
                139.430469,
                72.163477
              ],
              [
                139.176367,
                72.163477
              ],
              [
                139.14082,
                72.329736
              ],
              [
                139.601172,
                72.496094
              ],
              [
                140.450586,
                72.493115
              ],
              [
                141.079297,
                72.586914
              ],
              [
                140.983203,
                72.63002899999998
              ],
              [
                140.972852,
                72.716992
              ],
              [
                140.652344,
                72.84282200000001
              ],
              [
                140.708105,
                72.89003899999999
              ],
              [
                140.808203,
                72.890967
              ],
              [
                141.309766,
                72.857715
              ],
              [
                141.518359,
                72.788672
              ],
              [
                142.061426,
                72.72080099999998
              ],
              [
                143.51582,
                72.69824200000001
              ],
              [
                145.199316,
                72.570215
              ],
              [
                146.25293,
                72.44223599999998
              ],
              [
                146.234766,
                72.34970700000001
              ],
              [
                145.46709,
                72.36206099999998
              ],
              [
                145.212891,
                72.39267599999998
              ],
              [
                144.776367,
                72.382275
              ],
              [
                144.587598,
                72.30551800000002
              ],
              [
                144.360938,
                72.26533199999999
              ],
              [
                144.169238,
                72.25878899999998
              ],
              [
                144.29492200000004,
                72.192627
              ],
              [
                144.470703,
                72.17475600000002
              ],
              [
                145.03916,
                72.25986300000001
              ],
              [
                146.831836,
                72.29541
              ],
              [
                146.807031,
                72.236572
              ],
              [
                146.599219,
                72.123535
              ],
              [
                146.113281,
                71.94497100000001
              ],
              [
                146.005859,
                71.945459
              ],
              [
                146.230273,
                72.13750000000002
              ],
              [
                146.051465,
                72.142285
              ],
              [
                145.758594,
                72.22587900000002
              ],
              [
                145.664062,
                72.06699199999998
              ],
              [
                145.756738,
                72.020654
              ],
              [
                145.756738,
                71.941309
              ],
              [
                145.407227,
                71.890137
              ],
              [
                145.063965,
                71.92607399999999
              ],
              [
                145.07373,
                71.830859
              ],
              [
                144.989648,
                71.753369
              ],
              [
                145.075586,
                71.70737299999999
              ],
              [
                145.188574,
                71.695801
              ],
              [
                145.804785,
                71.746484
              ],
              [
                146.073242,
                71.80835
              ],
              [
                146.367969,
                71.92207
              ],
              [
                146.894727,
                72.19751000000001
              ],
              [
                147.261816,
                72.327881
              ],
              [
                147.433984,
                72.340918
              ],
              [
                148.402051,
                72.31196299999999
              ],
              [
                148.964844,
                72.25234400000001
              ],
              [
                149.501563,
                72.16430700000001
              ],
              [
                149.766211,
                72.09126000000002
              ],
              [
                149.963086,
                71.992188
              ],
              [
                150.016895,
                71.89565400000001
              ],
              [
                149.881055,
                71.843018
              ],
              [
                149.279688,
                71.82553700000001
              ],
              [
                149.04873,
                71.795752
              ],
              [
                148.92334,
                71.714648
              ],
              [
                148.968164,
                71.690479
              ],
              [
                149.498047,
                71.66401400000001
              ],
              [
                149.857129,
                71.601465
              ],
              [
                150.06084,
                71.51084
              ],
              [
                150.599805,
                71.520117
              ],
              [
                150.667773,
                71.455225
              ],
              [
                150.097656,
                71.22656199999999
              ],
              [
                150.967773,
                71.380469
              ],
              [
                151.145313,
                71.37373000000001
              ],
              [
                151.582422,
                71.28696300000001
              ],
              [
                152.092773,
                71.02329100000001
              ],
              [
                151.762012,
                70.982471
              ],
              [
                152.508789,
                70.834473
              ],
              [
                153.794141,
                70.87998
              ],
              [
                154.413965,
                70.974463
              ],
              [
                155.029492,
                71.034229
              ],
              [
                155.595898,
                71.038623
              ],
              [
                155.895215,
                71.095508
              ],
              [
                156.68457,
                71.09375
              ],
              [
                158.037012,
                71.039258
              ],
              [
                158.702148,
                70.93500999999999
              ],
              [
                159.350684,
                70.79072299999999
              ],
              [
                159.804688,
                70.60493199999999
              ],
              [
                160.006445,
                70.30966799999999
              ],
              [
                159.729395,
                69.87021499999999
              ],
              [
                159.83252,
                69.784961
              ],
              [
                160.11914100000004,
                69.72978500000002
              ],
              [
                160.739453,
                69.655176
              ],
              [
                160.910742,
                69.606348
              ],
              [
                161.035547,
                69.098193
              ],
              [
                161.309863,
                68.982275
              ],
              [
                161.340625,
                68.905176
              ],
              [
                161.129004,
                68.65385699999999
              ],
              [
                160.856055,
                68.53833000000002
              ],
              [
                161.104492,
                68.5625
              ],
              [
                161.365137,
                68.822998
              ],
              [
                161.495313,
                68.849854
              ],
              [
                161.565625,
                68.905176
              ],
              [
                161.565625,
                69.06396500000001
              ],
              [
                161.480078,
                69.201709
              ],
              [
                161.536914,
                69.379541
              ],
              [
                161.945117,
                69.545117
              ],
              [
                162.375684,
                69.649072
              ],
              [
                163.201367,
                69.71474600000002
              ],
              [
                163.498047,
                69.69326199999999
              ],
              [
                163.705273,
                69.70180700000002
              ],
              [
                163.945996,
                69.73515600000002
              ],
              [
                164.15957,
                69.71928700000002
              ],
              [
                164.513281,
                69.609131
              ],
              [
                165.760742,
                69.584424
              ],
              [
                165.980469,
                69.545996
              ],
              [
                166.820312,
                69.49956100000001
              ],
              [
                167.073145,
                69.554443
              ],
              [
                167.628125,
                69.74033200000001
              ],
              [
                167.856836,
                69.728223
              ],
              [
                168.15,
                69.57739300000001
              ],
              [
                168.303027,
                69.271484
              ],
              [
                169.31064500000002,
                69.07954099999998
              ],
              [
                169.414648,
                68.919629
              ],
              [
                169.609863,
                68.786035
              ],
              [
                170.537598,
                68.82539100000001
              ],
              [
                170.99541,
                69.045312
              ],
              [
                170.99668,
                69.13471699999998
              ],
              [
                170.71416,
                69.388232
              ],
              [
                170.582227,
                69.58335000000001
              ],
              [
                170.160938,
                69.626563
              ],
              [
                170.201172,
                69.68320300000002
              ],
              [
                170.503125,
                69.856543
              ],
              [
                170.486816,
                70.10756799999999
              ],
              [
                171.24668,
                70.07612300000001
              ],
              [
                171.970508,
                70.00034200000003
              ],
              [
                172.55957,
                69.968359
              ],
              [
                173.277441,
                69.82382799999999
              ],
              [
                173.35332,
                69.924023
              ],
              [
                173.438672,
                69.946826
              ],
              [
                173.948047,
                69.87412099999999
              ],
              [
                174.319434,
                69.881641
              ],
              [
                174.785547,
                69.855664
              ],
              [
                175.295605,
                69.86005899999999
              ],
              [
                175.75117200000003,
                69.90415000000002
              ],
              [
                175.921484,
                69.895313
              ],
              [
                176.924414,
                69.645996
              ],
              [
                177.394531,
                69.611621
              ],
              [
                177.933691,
                69.495605
              ],
              [
                178.442773,
                69.452979
              ],
              [
                178.84834,
                69.387207
              ],
              [
                178.950684,
                69.295801
              ],
              [
                179.272656,
                69.25966800000002
              ],
              [
                179.868262,
                69.01269500000001
              ],
              [
                180.0,
                68.98344699999998
              ],
              [
                180.0,
                70.99301800000003
              ],
              [
                179.647656,
                70.898926
              ],
              [
                179.152539,
                70.880273
              ],
              [
                178.792578,
                70.82207
              ],
              [
                178.62832,
                71.047363
              ],
              [
                178.891113,
                71.23110400000002
              ],
              [
                179.235059,
                71.324512
              ],
              [
                179.547656,
                71.44765600000001
              ],
              [
                179.715918,
                71.466211
              ],
              [
                179.886426,
                71.52333999999999
              ],
              [
                180.0,
                71.5380257231102
              ],
              [
                180.0,
                89.24018308667353
              ],
              [
                58.7763941437768,
                80.97695490817435
              ],
              [
                58.930566,
                80.831689
              ],
              [
                58.859961,
                80.77939500000001
              ],
              [
                58.28564500000002,
                80.764893
              ],
              [
                57.937891,
                80.79335899999998
              ],
              [
                57.74980499999999,
                80.88906199999998
              ],
              [
                57.625243030389285,
                80.89848649230214
              ],
              [
                57.19814412699777,
                80.86937322126401
              ],
              [
                57.69414100000001,
                80.79228499999999
              ],
              [
                57.580371,
                80.75546900000002
              ],
              [
                56.814746,
                80.663623
              ],
              [
                56.315526999999996,
                80.63286100000002
              ],
              [
                55.71249999999999,
                80.63730500000001
              ],
              [
                55.540625000000006,
                80.70332
              ]
            ],
            [
              [
                70.020703,
                66.502197
              ],
              [
                69.844727,
                66.489746
              ],
              [
                69.651367,
                66.565332
              ],
              [
                69.469336,
                66.715967
              ],
              [
                69.502734,
                66.75107400000003
              ],
              [
                70.07666,
                66.695898
              ],
              [
                70.057227,
                66.599463
              ],
              [
                70.110059,
                66.569092
              ],
              [
                70.020703,
                66.502197
              ]
            ],
            [
              [
                67.216113,
                69.575391
              ],
              [
                67.328906,
                69.572119
              ],
              [
                67.344922,
                69.529834
              ],
              [
                67.263965,
                69.44252900000001
              ],
              [
                67.097852,
                69.44716799999999
              ],
              [
                67.025879,
                69.483203
              ],
              [
                67.216113,
                69.575391
              ]
            ],
            [
              [
                66.462891,
                70.76933600000001
              ],
              [
                66.568555,
                70.501465
              ],
              [
                66.407617,
                70.61577100000001
              ],
              [
                66.462891,
                70.76933600000001
              ]
            ],
            [
              [
                58.95273400000001,
                69.892773
              ],
              [
                58.680078,
                70.051025
              ],
              [
                58.473047,
                70.266846
              ],
              [
                58.51992200000001,
                70.318311
              ],
              [
                58.678027,
                70.35957
              ],
              [
                58.79423799999999,
                70.432959
              ],
              [
                59.048047000000004,
                70.460498
              ],
              [
                59.63632800000001,
                70.19702100000002
              ],
              [
                60.450488,
                69.934863
              ],
              [
                60.440234000000004,
                69.725928
              ],
              [
                60.215918,
                69.687695
              ],
              [
                60.02617200000001,
                69.717041
              ],
              [
                59.91953099999999,
                69.696973
              ],
              [
                59.72460900000001,
                69.706201
              ],
              [
                59.57822300000001,
                69.73862299999998
              ],
              [
                59.50263699999999,
                69.866211
              ],
              [
                59.144238,
                69.92192399999999
              ],
              [
                59.004004,
                69.883301
              ],
              [
                58.95273400000001,
                69.892773
              ]
            ],
            [
              [
                70.149609,
                73.44472699999999
              ],
              [
                70.35,
                73.47763699999999
              ],
              [
                70.94023400000002,
                73.514404
              ],
              [
                71.231641,
                73.44775400000002
              ],
              [
                71.589551,
                73.283154
              ],
              [
                71.630469,
                73.224805
              ],
              [
                71.626172,
                73.173975
              ],
              [
                70.886719,
                73.119629
              ],
              [
                70.29834,
                73.044482
              ],
              [
                70.118652,
                73.056299
              ],
              [
                70.040723,
                73.037158
              ],
              [
                69.920117,
                73.084521
              ],
              [
                69.995898,
                73.359375
              ],
              [
                70.149609,
                73.44472699999999
              ]
            ],
            [
              [
                48.439063,
                68.80488299999999
              ],
              [
                48.31591800000001,
                68.942383
              ],
              [
                48.278809,
                69.040332
              ],
              [
                48.319922,
                69.269238
              ],
              [
                48.413866999999996,
                69.34565400000002
              ],
              [
                48.844922,
                69.49472700000001
              ],
              [
                49.225195,
                69.51123
              ],
              [
                50.167285,
                69.25708
              ],
              [
                50.26523399999999,
                69.185596
              ],
              [
                50.28300800000001,
                69.08886700000001
              ],
              [
                50.164452999999995,
                69.037549
              ],
              [
                50.093945,
                69.125537
              ],
              [
                49.920801,
                69.05327100000001
              ],
              [
                49.62627,
                68.859717
              ],
              [
                49.180469,
                68.778418
              ],
              [
                48.66699199999999,
                68.733154
              ],
              [
                48.439063,
                68.80488299999999
              ]
            ],
            [
              [
                42.631445,
                66.78222700000002
              ],
              [
                42.690723,
                66.73530300000003
              ],
              [
                42.71367200000001,
                66.701709
              ],
              [
                42.675586,
                66.68808599999998
              ],
              [
                42.477344,
                66.735059
              ],
              [
                42.468554999999995,
                66.78554700000002
              ],
              [
                42.631445,
                66.78222700000002
              ]
            ],
            [
              [
                53.145703,
                71.24218800000001
              ],
              [
                53.141406,
                71.24189500000001
              ],
              [
                53.138477,
                71.24340800000002
              ],
              [
                53.145703,
                71.24218800000001
              ]
            ],
            [
              [
                53.074023000000004,
                71.23793899999998
              ],
              [
                53.141406,
                71.24189500000001
              ],
              [
                53.192578000000005,
                71.21528300000001
              ],
              [
                53.20517600000001,
                71.15971699999999
              ],
              [
                53.048145,
                71.030957
              ],
              [
                53.12099599999999,
                70.98203099999999
              ],
              [
                53.022656000000005,
                70.968701
              ],
              [
                52.738379,
                71.18066399999998
              ],
              [
                52.546582,
                71.25043900000003
              ],
              [
                52.425488,
                71.23925800000002
              ],
              [
                52.289453,
                71.27036099999998
              ],
              [
                52.239844000000005,
                71.32504899999999
              ],
              [
                52.296581999999994,
                71.356836
              ],
              [
                52.512598000000004,
                71.385059
              ],
              [
                52.729688,
                71.355127
              ],
              [
                52.732226999999995,
                71.403711
              ],
              [
                52.776758,
                71.399805
              ],
              [
                52.90332,
                71.36499000000002
              ],
              [
                53.074023000000004,
                71.23793899999998
              ]
            ],
            [
              [
                53.369824,
                72.91674799999998
              ],
              [
                53.24726600000001,
                72.97314500000002
              ],
              [
                53.188965,
                73.104004
              ],
              [
                53.197948999999994,
                73.147559
              ],
              [
                53.357617,
                73.22456100000001
              ],
              [
                53.753223,
                73.29326200000001
              ],
              [
                54.202344000000004,
                73.28134799999998
              ],
              [
                54.803906,
                73.387646
              ],
              [
                55.121387,
                73.35683599999999
              ],
              [
                55.319824,
                73.308301
              ],
              [
                56.350488000000006,
                73.225537
              ],
              [
                56.42958999999999,
                73.201172
              ],
              [
                56.39746099999999,
                73.13916
              ],
              [
                56.188965,
                73.033008
              ],
              [
                56.12168,
                72.80659199999998
              ],
              [
                55.723437999999994,
                72.76640600000003
              ],
              [
                55.616406,
                72.599072
              ],
              [
                55.441309,
                72.575391
              ],
              [
                55.403319999999994,
                72.549072
              ],
              [
                55.359570000000005,
                72.408691
              ],
              [
                55.518066000000005,
                72.220654
              ],
              [
                55.297852,
                71.93535200000001
              ],
              [
                55.47109400000001,
                71.869238
              ],
              [
                55.61367200000001,
                71.689893
              ],
              [
                55.93125,
                71.42658650000003
              ],
              [
                56.454395,
                71.107373
              ],
              [
                56.89482400000001,
                70.92700200000002
              ],
              [
                57.483594,
                70.79228500000002
              ],
              [
                57.625391,
                70.728809
              ],
              [
                57.14589800000001,
                70.589111
              ],
              [
                56.64882800000001,
                70.646533
              ],
              [
                56.510059000000005,
                70.728809
              ],
              [
                56.38574200000001,
                70.73413099999999
              ],
              [
                56.260059,
                70.71474599999999
              ],
              [
                56.561328,
                70.593555
              ],
              [
                56.43457000000001,
                70.562988
              ],
              [
                56.14247999999999,
                70.65786099999998
              ],
              [
                56.08710899999999,
                70.618359
              ],
              [
                55.94160200000001,
                70.64926800000002
              ],
              [
                55.79687500000001,
                70.615576
              ],
              [
                55.70673800000001,
                70.64189500000002
              ],
              [
                55.687305,
                70.69218799999997
              ],
              [
                55.051660000000005,
                70.666748
              ],
              [
                54.867090000000005,
                70.67812500000001
              ],
              [
                54.645117,
                70.74184600000001
              ],
              [
                54.601172000000005,
                70.680078
              ],
              [
                54.332617000000006,
                70.74467800000001
              ],
              [
                53.383593999999995,
                70.873535
              ],
              [
                53.61357400000001,
                70.914648
              ],
              [
                53.587793,
                71.052295
              ],
              [
                53.670508000000005,
                71.086914
              ],
              [
                53.857031,
                71.07041
              ],
              [
                53.83427700000001,
                71.126709
              ],
              [
                53.922266,
                71.137598
              ],
              [
                54.093945000000005,
                71.105225
              ],
              [
                54.155664,
                71.12548800000002
              ],
              [
                53.59082000000001,
                71.29668
              ],
              [
                53.622168,
                71.332764
              ],
              [
                53.409961,
                71.34013699999998
              ],
              [
                53.319043,
                71.39917
              ],
              [
                53.411621,
                71.530127
              ],
              [
                53.363867000000006,
                71.54165
              ],
              [
                52.908984000000004,
                71.49502
              ],
              [
                52.418848,
                71.536865
              ],
              [
                52.17998,
                71.490234
              ],
              [
                51.937891,
                71.474707
              ],
              [
                51.812598,
                71.491309
              ],
              [
                51.59042999999999,
                71.57114299999999
              ],
              [
                51.438672000000004,
                71.77680699999999
              ],
              [
                51.44355500000001,
                71.93437500000002
              ],
              [
                51.58252,
                72.07119100000001
              ],
              [
                51.885449,
                72.153223
              ],
              [
                52.252050999999994,
                72.12973600000001
              ],
              [
                52.461914,
                72.25234400000001
              ],
              [
                52.62207000000001,
                72.300977
              ],
              [
                52.916602,
                72.66889600000002
              ],
              [
                52.68310499999999,
                72.68232399999998
              ],
              [
                52.528516,
                72.737354
              ],
              [
                52.550586,
                72.768555
              ],
              [
                52.91318400000001,
                72.89995100000003
              ],
              [
                53.369824,
                72.91674799999998
              ]
            ],
            [
              [
                35.816113,
                65.18208
              ],
              [
                35.848438,
                65.142676
              ],
              [
                35.842285000000004,
                65.00146500000002
              ],
              [
                35.778711,
                64.97666
              ],
              [
                35.68007800000001,
                65.057617
              ],
              [
                35.55859399999999,
                65.09360400000003
              ],
              [
                35.528906000000006,
                65.151074
              ],
              [
                35.72910200000001,
                65.197559
              ],
              [
                35.816113,
                65.18208
              ]
            ],
            [
              [
                64.463477,
                76.378174
              ],
              [
                64.95,
                76.484326
              ],
              [
                65.755176,
                76.579297
              ],
              [
                66.062988,
                76.74609399999999
              ],
              [
                66.82880900000002,
                76.92382800000001
              ],
              [
                67.534961,
                77.00776400000001
              ],
              [
                68.017285,
                76.99062499999998
              ],
              [
                68.485742,
                76.933691
              ],
              [
                68.87334,
                76.78959999999998
              ],
              [
                68.941699,
                76.70766600000003
              ],
              [
                68.899805,
                76.572949
              ],
              [
                68.16543,
                76.284863
              ],
              [
                66.775293,
                76.05964349999999
              ],
              [
                65.201563,
                75.839453
              ],
              [
                64.262598,
                75.71967800000002
              ],
              [
                63.659473,
                75.66875
              ],
              [
                62.06611300000001,
                75.42773399999999
              ],
              [
                61.616211,
                75.31962899999999
              ],
              [
                61.355957,
                75.31484400000001
              ],
              [
                60.719238000000004,
                75.068604
              ],
              [
                60.47558600000001,
                75.05473600000002
              ],
              [
                60.276855,
                75.00756800000002
              ],
              [
                60.24111299999999,
                74.97075200000002
              ],
              [
                60.454883,
                74.94614299999999
              ],
              [
                60.501367,
                74.90463899999999
              ],
              [
                60.08007800000001,
                74.755859
              ],
              [
                59.747266,
                74.745898
              ],
              [
                59.77148399999999,
                74.664453
              ],
              [
                59.674022999999984,
                74.61015599999999
              ],
              [
                59.240137,
                74.69296899999999
              ],
              [
                59.04043,
                74.48554700000001
              ],
              [
                58.92822300000001,
                74.46269500000001
              ],
              [
                58.53466800000001,
                74.498926
              ],
              [
                58.50214799999999,
                74.46420899999998
              ],
              [
                58.665039000000014,
                74.289258
              ],
              [
                58.617870999999994,
                74.227393
              ],
              [
                58.44140599999999,
                74.12885700000001
              ],
              [
                57.767383,
                74.013818
              ],
              [
                57.87226599999999,
                73.85043899999998
              ],
              [
                57.755957,
                73.76918900000003
              ],
              [
                57.603711,
                73.775488
              ],
              [
                57.31308600000001,
                73.83803699999999
              ],
              [
                57.290918,
                73.81455100000001
              ],
              [
                57.46425800000001,
                73.74604499999998
              ],
              [
                57.542578,
                73.658203
              ],
              [
                57.13437499999999,
                73.504395
              ],
              [
                56.96386700000001,
                73.36655299999998
              ],
              [
                56.63417999999999,
                73.30429700000002
              ],
              [
                56.430371,
                73.297217
              ],
              [
                56.034569999999995,
                73.34589800000003
              ],
              [
                55.549219,
                73.35683599999999
              ],
              [
                55.006836,
                73.45385699999999
              ],
              [
                54.76865200000001,
                73.44941400000002
              ],
              [
                54.29990200000001,
                73.35097700000001
              ],
              [
                54.131543,
                73.481006
              ],
              [
                54.20459000000001,
                73.54204100000001
              ],
              [
                53.838671999999995,
                73.69711899999999
              ],
              [
                53.762891,
                73.766162
              ],
              [
                54.386328000000006,
                73.93564500000002
              ],
              [
                54.642675999999994,
                73.95957000000001
              ],
              [
                55.340918,
                74.419629
              ],
              [
                56.13710900000001,
                74.496094
              ],
              [
                55.947461,
                74.54218700000001
              ],
              [
                55.66152300000001,
                74.55610399999999
              ],
              [
                55.582226999999996,
                74.62768599999998
              ],
              [
                55.91367199999999,
                74.79609400000001
              ],
              [
                56.49873,
                74.95708
              ],
              [
                56.340039,
                75.013477
              ],
              [
                55.998047,
                75.003369
              ],
              [
                55.810059,
                75.124902
              ],
              [
                56.03554700000001,
                75.194238
              ],
              [
                56.288672000000005,
                75.16430699999998
              ],
              [
                56.485254000000005,
                75.09609399999998
              ],
              [
                56.57031200000001,
                75.09775399999998
              ],
              [
                56.876270000000005,
                75.24438500000001
              ],
              [
                56.844434,
                75.35141600000003
              ],
              [
                57.0875,
                75.38383800000001
              ],
              [
                57.60683599999999,
                75.34126000000002
              ],
              [
                57.78339799999999,
                75.506689
              ],
              [
                58.093652,
                75.592529
              ],
              [
                58.058301,
                75.66308599999999
              ],
              [
                58.418359,
                75.719775
              ],
              [
                58.88125000000001,
                75.854785
              ],
              [
                60.03613299999999,
                75.98383799999998
              ],
              [
                60.11816400000002,
                76.066553
              ],
              [
                60.279297,
                76.09623999999998
              ],
              [
                60.73056599999999,
                76.104053
              ],
              [
                60.801172,
                76.068799
              ],
              [
                60.942188,
                76.07128899999998
              ],
              [
                61.05390599999999,
                76.119873
              ],
              [
                61.03437500000002,
                76.23295900000001
              ],
              [
                61.20166,
                76.28203100000002
              ],
              [
                61.569434,
                76.298486
              ],
              [
                62.47109400000001,
                76.230469
              ],
              [
                62.97148399999999,
                76.23666999999999
              ],
              [
                63.52617200000001,
                76.30952099999999
              ],
              [
                64.463477,
                76.378174
              ]
            ],
            [
              [
                30.055175999999996,
                69.838379
              ],
              [
                29.956151999999996,
                69.796777
              ],
              [
                29.766211,
                69.76752900000001
              ],
              [
                29.83584,
                69.905566
              ],
              [
                30.055175999999996,
                69.838379
              ]
            ],
            [
              [
                59.00146500000001,
                80.05390599999997
              ],
              [
                59.54453100000001,
                80.11884799999999
              ],
              [
                59.80165999999999,
                80.08266600000002
              ],
              [
                59.91103500000001,
                79.994287
              ],
              [
                59.330664000000006,
                79.92304700000001
              ],
              [
                58.919238,
                79.984619
              ],
              [
                59.00146500000001,
                80.05390599999997
              ]
            ],
            [
              [
                57.392284999999994,
                80.13916
              ],
              [
                57.18623,
                80.39624000000003
              ],
              [
                57.011133,
                80.46831099999999
              ],
              [
                57.075,
                80.49394499999997
              ],
              [
                58.480469,
                80.46474600000003
              ],
              [
                58.97168,
                80.415869
              ],
              [
                59.255469,
                80.34321300000002
              ],
              [
                58.39794900000001,
                80.31875
              ],
              [
                58.283886999999986,
                80.29780299999999
              ],
              [
                58.255469,
                80.201807
              ],
              [
                57.800098,
                80.104053
              ],
              [
                57.392284999999994,
                80.13916
              ]
            ],
            [
              [
                57.080175999999994,
                80.09467800000002
              ],
              [
                56.986914000000006,
                80.071484
              ],
              [
                55.81162100000001,
                80.08715799999999
              ],
              [
                55.724023,
                80.10473600000002
              ],
              [
                56.012207,
                80.20390600000002
              ],
              [
                56.024414,
                80.341309
              ],
              [
                56.655077999999996,
                80.33032200000002
              ],
              [
                56.70722700000001,
                80.36328099999999
              ],
              [
                56.944531000000005,
                80.36616199999999
              ],
              [
                57.122656000000006,
                80.316992
              ],
              [
                57.080175999999994,
                80.09467800000002
              ]
            ],
            [
              [
                54.979688,
                80.25644499999999
              ],
              [
                55.240039,
                80.32539099999998
              ],
              [
                55.479688,
                80.27382800000002
              ],
              [
                55.195117,
                80.22680700000001
              ],
              [
                55.048438000000004,
                80.22836900000001
              ],
              [
                54.979688,
                80.25644499999999
              ]
            ],
            [
              [
                50.454102000000006,
                79.92441400000001
              ],
              [
                50.091406,
                79.98056599999998
              ],
              [
                50.936328,
                80.094238
              ],
              [
                51.254395,
                80.048633
              ],
              [
                51.242773,
                79.99126000000001
              ],
              [
                51.431250000000006,
                79.92050800000001
              ],
              [
                50.454102000000006,
                79.92441400000001
              ]
            ],
            [
              [
                53.85166000000001,
                80.26835900000002
              ],
              [
                53.521387000000004,
                80.18520499999998
              ],
              [
                52.856348,
                80.173242
              ],
              [
                52.34355500000001,
                80.21323200000002
              ],
              [
                52.213379,
                80.26372100000002
              ],
              [
                52.680566,
                80.31850600000001
              ],
              [
                52.853906,
                80.40239299999999
              ],
              [
                53.329199,
                80.40239299999999
              ],
              [
                53.486133,
                80.32338899999999
              ],
              [
                53.85166000000001,
                80.26835900000002
              ]
            ],
            [
              [
                54.275878999999996,
                80.42133799999999
              ],
              [
                53.811914,
                80.47622099999998
              ],
              [
                53.877246,
                80.60527300000001
              ],
              [
                54.407129,
                80.540137
              ],
              [
                54.415332,
                80.47280299999998
              ],
              [
                54.275878999999996,
                80.42133799999999
              ]
            ],
            [
              [
                49.97089799999999,
                80.06074200000002
              ],
              [
                49.556055,
                80.158936
              ],
              [
                49.88369099999999,
                80.23022500000002
              ],
              [
                50.250976999999985,
                80.219482
              ],
              [
                50.319141,
                80.17236300000002
              ],
              [
                49.97089799999999,
                80.06074200000002
              ]
            ],
            [
              [
                76.903125,
                72.36557600000002
              ],
              [
                77.578711,
                72.63085899999999
              ],
              [
                77.748535,
                72.63120100000002
              ],
              [
                78.27910200000001,
                72.553223
              ],
              [
                78.35293,
                72.504297
              ],
              [
                78.365137,
                72.48242199999999
              ],
              [
                78.154492,
                72.41699200000001
              ],
              [
                77.780859,
                72.308545
              ],
              [
                77.63252,
                72.29126
              ],
              [
                77.14560500000002,
                72.281885
              ],
              [
                76.905957,
                72.29765600000002
              ],
              [
                76.903125,
                72.36557600000002
              ]
            ],
            [
              [
                79.501465,
                72.721924
              ],
              [
                79.43066400000001,
                72.710693
              ],
              [
                78.880566,
                72.75161099999998
              ],
              [
                78.690234,
                72.803418
              ],
              [
                78.656836,
                72.89228500000002
              ],
              [
                79.164258,
                73.094336
              ],
              [
                79.356543,
                73.038623
              ],
              [
                79.541309,
                72.91865200000001
              ],
              [
                79.501465,
                72.721924
              ]
            ],
            [
              [
                74.180664,
                72.97534199999998
              ],
              [
                74.100195,
                73.021533
              ],
              [
                74.198535,
                73.109082
              ],
              [
                74.408789,
                73.130469
              ],
              [
                74.725293,
                73.108154
              ],
              [
                74.961523,
                73.0625
              ],
              [
                74.742578,
                73.03271500000001
              ],
              [
                74.647266,
                72.969043
              ],
              [
                74.697168,
                72.907715
              ],
              [
                74.638379,
                72.86377
              ],
              [
                74.180664,
                72.97534199999998
              ]
            ],
            [
              [
                76.234473,
                73.47622099999998
              ],
              [
                76.083105,
                73.52348600000002
              ],
              [
                76.139551,
                73.554297
              ],
              [
                76.250684,
                73.55527299999999
              ],
              [
                76.756055,
                73.44580099999997
              ],
              [
                76.234473,
                73.47622099999998
              ]
            ],
            [
              [
                75.827148,
                73.45913099999999
              ],
              [
                75.50371100000001,
                73.45664100000002
              ],
              [
                75.344336,
                73.43227500000002
              ],
              [
                75.375,
                73.47739300000002
              ],
              [
                75.569727,
                73.540625
              ],
              [
                75.930176,
                73.57363299999999
              ],
              [
                76.051562,
                73.54926799999998
              ],
              [
                75.827148,
                73.45913099999999
              ]
            ],
            [
              [
                82.817773,
                74.091602
              ],
              [
                82.90293,
                74.128906
              ],
              [
                83.149805,
                74.15161100000002
              ],
              [
                83.513477,
                74.122363
              ],
              [
                83.618359,
                74.08945299999999
              ],
              [
                83.410645,
                74.03955100000005
              ],
              [
                82.817773,
                74.091602
              ]
            ],
            [
              [
                82.709961,
                74.09086900000003
              ],
              [
                82.612793,
                74.05644499999998
              ],
              [
                82.329395,
                74.131104
              ],
              [
                82.525586,
                74.161426
              ],
              [
                82.709961,
                74.09086900000003
              ]
            ],
            [
              [
                84.389453,
                74.454443
              ],
              [
                84.540332,
                74.49042999999999
              ],
              [
                84.872852,
                74.515527
              ],
              [
                84.71044900000001,
                74.39980500000001
              ],
              [
                84.428906,
                74.43032200000002
              ],
              [
                84.389453,
                74.454443
              ]
            ],
            [
              [
                86.605469,
                74.99282199999999
              ],
              [
                86.737109,
                74.962988
              ],
              [
                87.000586,
                74.991943
              ],
              [
                87.124316,
                74.939893
              ],
              [
                86.927148,
                74.830762
              ],
              [
                86.390527,
                74.850879
              ],
              [
                86.258594,
                74.89350599999999
              ],
              [
                86.330664,
                74.938965
              ],
              [
                86.605469,
                74.99282199999999
              ]
            ],
            [
              [
                81.978516,
                75.24711900000001
              ],
              [
                81.860547,
                75.31650399999998
              ],
              [
                81.697656,
                75.280518
              ],
              [
                81.500586,
                75.36792
              ],
              [
                81.712109,
                75.451416
              ],
              [
                81.842188,
                75.407031
              ],
              [
                81.92656200000002,
                75.409961
              ],
              [
                81.912793,
                75.49770500000002
              ],
              [
                82.165625,
                75.51562499999999
              ],
              [
                82.221582,
                75.35053700000002
              ],
              [
                82.050098,
                75.340967
              ],
              [
                81.978516,
                75.24711900000001
              ]
            ],
            [
              [
                95.678613,
                76.193652
              ],
              [
                95.311133,
                76.214746
              ],
              [
                95.379883,
                76.28906200000002
              ],
              [
                95.594434,
                76.24960900000002
              ],
              [
                95.78623,
                76.29389600000002
              ],
              [
                96.150977,
                76.271875
              ],
              [
                96.270703,
                76.305371
              ],
              [
                96.613965,
                76.263818
              ],
              [
                96.58964800000001,
                76.22124
              ],
              [
                96.486719,
                76.23373999999998
              ],
              [
                96.350781,
                76.212158
              ],
              [
                96.300586,
                76.121729
              ],
              [
                96.10878900000002,
                76.155469
              ],
              [
                95.844531,
                76.160254
              ],
              [
                95.678613,
                76.193652
              ]
            ],
            [
              [
                96.528418,
                77.20551799999998
              ],
              [
                96.561328,
                77.12958999999998
              ],
              [
                96.209863,
                76.99213899999998
              ],
              [
                96.091406,
                77.00253899999998
              ],
              [
                95.854688,
                76.97495099999999
              ],
              [
                95.680859,
                77.021338
              ],
              [
                95.270312,
                77.01884800000002
              ],
              [
                96.528418,
                77.20551799999998
              ]
            ],
            [
              [
                89.514258,
                77.188818
              ],
              [
                89.299512,
                77.18398399999998
              ],
              [
                89.141699,
                77.226807
              ],
              [
                89.200488,
                77.271973
              ],
              [
                89.281543,
                77.30146500000001
              ],
              [
                89.616211,
                77.311035
              ],
              [
                89.66582,
                77.254492
              ],
              [
                89.514258,
                77.188818
              ]
            ],
            [
              [
                93.070801,
                79.49531200000001
              ],
              [
                93.404688,
                79.63159200000001
              ],
              [
                94.038184,
                79.75600600000003
              ],
              [
                94.257129,
                79.82973599999998
              ],
              [
                94.34726600000002,
                79.94194300000001
              ],
              [
                94.987305,
                80.096826
              ],
              [
                95.28134800000001,
                80.030518
              ],
              [
                95.497559,
                80.105615
              ],
              [
                96.416602,
                80.10434600000002
              ],
              [
                97.586816,
                80.16826199999998
              ],
              [
                97.903613,
                80.09501999999999
              ],
              [
                98.017773,
                80.02285200000001
              ],
              [
                97.626953,
                79.850439
              ],
              [
                97.65166,
                79.76064499999998
              ],
              [
                98.064551,
                79.90107400000001
              ],
              [
                98.273242,
                79.874121
              ],
              [
                98.353125,
                79.88432599999999
              ],
              [
                98.531836,
                80.043604
              ],
              [
                98.865918,
                80.04540999999999
              ],
              [
                99.294922,
                80.01635700000001
              ],
              [
                99.726562,
                79.919922
              ],
              [
                100.06123,
                79.77710000000002
              ],
              [
                99.781641,
                79.628271
              ],
              [
                99.680664,
                79.32334000000006
              ],
              [
                99.537305,
                79.27656199999998
              ],
              [
                99.16709000000002,
                79.30629900000001
              ],
              [
                99.041797,
                79.29301799999999
              ],
              [
                99.517285,
                79.13017600000002
              ],
              [
                99.814648,
                79.09585000000001
              ],
              [
                99.929297,
                78.96142599999999
              ],
              [
                99.439551,
                78.83422900000001
              ],
              [
                98.411133,
                78.787793
              ],
              [
                98.054199,
                78.820996
              ],
              [
                97.55546900000002,
                78.82656200000005
              ],
              [
                96.93291,
                78.93393599999999
              ],
              [
                96.807813,
                78.98496100000001
              ],
              [
                96.347363,
                79.01586900000001
              ],
              [
                95.796484,
                79.00141599999999
              ],
              [
                95.531055,
                79.09809600000001
              ],
              [
                95.02041,
                79.05268599999998
              ],
              [
                94.652344,
                79.12749
              ],
              [
                94.21875,
                79.402344
              ],
              [
                93.758594,
                79.451416
              ],
              [
                93.272266,
                79.458398
              ],
              [
                93.070801,
                79.49531200000001
              ]
            ],
            [
              [
                76.148438,
                79.66445300000001
              ],
              [
                76.372559,
                79.61523400000002
              ],
              [
                76.467383,
                79.64316400000001
              ],
              [
                77.1816014,
                79.57410160000002
              ],
              [
                77.588965,
                79.50190399999998
              ],
              [
                76.649512,
                79.49340799999999
              ],
              [
                76.636523,
                79.54443400000001
              ],
              [
                76.153711,
                79.57876000000002
              ],
              [
                76.051562,
                79.644727
              ],
              [
                76.148438,
                79.66445300000001
              ]
            ],
            [
              [
                93.803125,
                79.90454100000001
              ],
              [
                93.603516,
                79.81674800000002
              ],
              [
                92.683496,
                79.685205
              ],
              [
                92.153711,
                79.68466800000002
              ],
              [
                91.126074,
                79.90493199999999
              ],
              [
                91.07031200000002,
                79.981494
              ],
              [
                91.425977,
                80.04921900000001
              ],
              [
                92.173438,
                80.04545900000001
              ],
              [
                93.803125,
                79.90454100000001
              ]
            ],
            [
              [
                92.57793,
                80.53325200000002
              ],
              [
                93.2625,
                80.79126000000001
              ],
              [
                92.772949,
                80.76865200000002
              ],
              [
                92.592578,
                80.78085900000002
              ],
              [
                93.065137,
                80.98847699999999
              ],
              [
                93.358691,
                81.031689
              ],
              [
                94.837891,
                81.13940399999998
              ],
              [
                95.060938,
                81.18808600000001
              ],
              [
                95.15957,
                81.27099600000001
              ],
              [
                95.800684,
                81.28046900000004
              ],
              [
                96.471094,
                81.09926800000001
              ],
              [
                96.75498,
                80.95786100000002
              ],
              [
                97.413672,
                80.84184600000002
              ],
              [
                97.831836,
                80.79829100000002
              ],
              [
                97.856445,
                80.69809600000004
              ],
              [
                97.221387,
                80.65244099999998
              ],
              [
                97.113086,
                80.614063
              ],
              [
                97.025391,
                80.53554700000001
              ],
              [
                97.28681600000002,
                80.342529
              ],
              [
                97.416992,
                80.32314499999998
              ],
              [
                97.175195,
                80.24101599999999
              ],
              [
                94.565039,
                80.126074
              ],
              [
                93.872363,
                80.01010700000002
              ],
              [
                93.654688,
                80.009619
              ],
              [
                92.201563,
                80.17929699999999
              ],
              [
                92.092188,
                80.22334
              ],
              [
                91.637402,
                80.269922
              ],
              [
                91.523828,
                80.35854499999999
              ],
              [
                91.687793,
                80.418506
              ],
              [
                91.89668000000002,
                80.477539
              ],
              [
                92.57793,
                80.53325200000002
              ]
            ],
            [
              [
                80.42793,
                80.927686
              ],
              [
                80.344824,
                80.86792000000001
              ],
              [
                79.098535,
                80.81206100000001
              ],
              [
                78.977637,
                80.84824199999998
              ],
              [
                79.217383,
                80.960352
              ],
              [
                79.61022166666666,
                80.97037799999997
              ],
              [
                80.27959,
                80.949805
              ],
              [
                80.42793,
                80.927686
              ]
            ],
            [
              [
                89.975781,
                81.11313499999999
              ],
              [
                89.901172,
                81.17070299999999
              ],
              [
                90.069922,
                81.213721
              ],
              [
                91.477832,
                81.18393599999999
              ],
              [
                91.567187,
                81.14121100000001
              ],
              [
                91.222852,
                81.06381800000001
              ],
              [
                89.975781,
                81.11313499999999
              ]
            ],
            [
              [
                63.18759800000001,
                80.697607
              ],
              [
                62.52031300000001,
                80.82187500000002
              ],
              [
                63.11582000000001,
                80.96679699999997
              ],
              [
                64.095703,
                80.99834
              ],
              [
                64.31015600000002,
                81.175195
              ],
              [
                64.802051,
                81.19726600000003
              ],
              [
                65.17197299999998,
                81.14404299999998
              ],
              [
                65.382031,
                81.05673800000001
              ],
              [
                65.437402,
                80.93071300000001
              ],
              [
                64.997461,
                80.81889600000001
              ],
              [
                64.54834,
                80.75541999999999
              ],
              [
                63.18759800000001,
                80.697607
              ]
            ],
            [
              [
                60.278320000000015,
                80.49443400000001
              ],
              [
                59.64980499999999,
                80.43124999999999
              ],
              [
                59.304395,
                80.52153300000002
              ],
              [
                59.386523,
                80.712549
              ],
              [
                59.71581999999999,
                80.836377
              ],
              [
                60.094531,
                80.848584
              ],
              [
                60.278027,
                80.80146499999996
              ],
              [
                60.481542999999995,
                80.80424799999999
              ],
              [
                61.59746100000001,
                80.89292000000002
              ],
              [
                62.10293,
                80.866602
              ],
              [
                62.22773399999999,
                80.794385
              ],
              [
                62.075781000000006,
                80.616943
              ],
              [
                61.769141,
                80.601025
              ],
              [
                61.59746100000001,
                80.534961
              ],
              [
                61.285155999999986,
                80.50473599999998
              ],
              [
                61.05127,
                80.41860399999999
              ],
              [
                60.722266000000005,
                80.434668
              ],
              [
                60.278320000000015,
                80.49443400000001
              ]
            ],
            [
              [
                61.457422,
                81.10395499999998
              ],
              [
                61.56738299999999,
                81.05029300000001
              ],
              [
                61.14082,
                80.95034200000002
              ],
              [
                60.826758,
                80.929688
              ],
              [
                60.321094,
                80.955518
              ],
              [
                60.078320000000005,
                80.99917
              ],
              [
                60.58662100000001,
                81.08769499999998
              ],
              [
                61.457422,
                81.10395499999998
              ]
            ],
            [
              [
                119.96445300000002,
                73.167676
              ],
              [
                120.078516,
                73.156738
              ],
              [
                120.261328,
                73.08984399999999
              ],
              [
                120.00791,
                73.04487299999998
              ],
              [
                119.79209,
                73.04541000000002
              ],
              [
                119.64043000000001,
                73.124316
              ],
              [
                119.96445300000002,
                73.167676
              ]
            ],
            [
              [
                112.977637,
                74.19682600000002
              ],
              [
                112.78242200000001,
                74.095068
              ],
              [
                112.195801,
                74.14624
              ],
              [
                111.642969,
                74.272949
              ],
              [
                111.503418,
                74.35307600000002
              ],
              [
                111.6375,
                74.374316
              ],
              [
                111.879785,
                74.363818
              ],
              [
                112.084473,
                74.54897500000001
              ],
              [
                112.951758,
                74.47959
              ],
              [
                113.28623,
                74.44101600000002
              ],
              [
                113.387207,
                74.400439
              ],
              [
                113.258887,
                74.27270500000002
              ],
              [
                112.977637,
                74.19682600000002
              ]
            ],
            [
              [
                96.87793,
                76.355225
              ],
              [
                96.990234,
                76.34340800000001
              ],
              [
                97.053027,
                76.30258800000001
              ],
              [
                96.974219,
                76.23652300000002
              ],
              [
                96.797852,
                76.18842799999999
              ],
              [
                96.740234,
                76.25786100000002
              ],
              [
                96.87793,
                76.355225
              ]
            ],
            [
              [
                124.336523,
                73.928369
              ],
              [
                124.547656,
                73.933838
              ],
              [
                124.63691400000002,
                73.90039099999998
              ],
              [
                124.48173800000002,
                73.84790000000001
              ],
              [
                124.36640600000001,
                73.874609
              ],
              [
                124.336523,
                73.928369
              ]
            ],
            [
              [
                97.310352,
                76.68960000000001
              ],
              [
                97.381641,
                76.706689
              ],
              [
                97.588379,
                76.59936499999999
              ],
              [
                97.535254,
                76.58442400000001
              ],
              [
                97.341699,
                76.62885699999998
              ],
              [
                97.310352,
                76.68960000000001
              ]
            ],
            [
              [
                137.959863,
                71.50766600000003
              ],
              [
                137.711816,
                71.42324199999999
              ],
              [
                137.457813,
                71.483496
              ],
              [
                137.265527,
                71.455908
              ],
              [
                137.078711,
                71.502197
              ],
              [
                137.064063,
                71.529883
              ],
              [
                137.281836,
                71.579932
              ],
              [
                137.816797,
                71.58789100000001
              ],
              [
                137.933789,
                71.542773
              ],
              [
                137.959863,
                71.50766600000003
              ]
            ],
            [
              [
                112.66083999999998,
                76.50956999999997
              ],
              [
                112.574805,
                76.45239299999999
              ],
              [
                112.394824,
                76.483789
              ],
              [
                112.296875,
                76.53798800000001
              ],
              [
                112.153809,
                76.549316
              ],
              [
                112.002734,
                76.60297899999999
              ],
              [
                112.011133,
                76.63286099999999
              ],
              [
                112.281445,
                76.618359
              ],
              [
                112.394141,
                76.64379900000002
              ],
              [
                112.478027,
                76.62089799999998
              ],
              [
                112.66083999999998,
                76.50956999999997
              ]
            ],
            [
              [
                107.269531,
                77.28901399999998
              ],
              [
                107.366406,
                77.346631
              ],
              [
                107.629297,
                77.31967800000001
              ],
              [
                107.679492,
                77.268262
              ],
              [
                107.302246,
                77.24150400000002
              ],
              [
                107.269531,
                77.28901399999998
              ]
            ],
            [
              [
                106.415527,
                78.139844
              ],
              [
                106.583301,
                78.16757800000002
              ],
              [
                107.508301,
                78.189404
              ],
              [
                107.695508,
                78.13090799999999
              ],
              [
                107.481641,
                78.05776400000002
              ],
              [
                107.34384800000001,
                78.09858400000002
              ],
              [
                106.415527,
                78.139844
              ]
            ],
            [
              [
                106.151074,
                78.198633
              ],
              [
                106.023633,
                78.220117
              ],
              [
                106.058398,
                78.264648
              ],
              [
                106.35058600000002,
                78.27260699999998
              ],
              [
                106.456836,
                78.340039
              ],
              [
                106.64043,
                78.33623000000001
              ],
              [
                106.718945,
                78.26499000000001
              ],
              [
                106.504687,
                78.26167000000001
              ],
              [
                106.151074,
                78.198633
              ]
            ],
            [
              [
                101.196094,
                79.204443
              ],
              [
                101.543066,
                79.254443
              ],
              [
                101.590625,
                79.35043899999998
              ],
              [
                101.761328,
                79.371973
              ],
              [
                102.005273,
                79.26367200000001
              ],
              [
                102.25127,
                79.25605499999999
              ],
              [
                102.180664,
                79.37338900000002
              ],
              [
                102.282422,
                79.430078
              ],
              [
                102.789844,
                79.39213900000001
              ],
              [
                103.097949,
                79.29912099999999
              ],
              [
                102.884766,
                79.25395499999999
              ],
              [
                102.412305,
                78.835449
              ],
              [
                102.950391,
                79.055762
              ],
              [
                103.199121,
                79.07128900000001
              ],
              [
                103.43339800000001,
                79.12612299999999
              ],
              [
                103.800781,
                79.14926799999999
              ],
              [
                104.091113,
                79.013184
              ],
              [
                104.44921900000001,
                78.963916
              ],
              [
                104.452051,
                78.880029
              ],
              [
                104.633203,
                78.83515599999998
              ],
              [
                104.881055,
                78.85488300000002
              ],
              [
                105.145996,
                78.818848
              ],
              [
                105.310156,
                78.666162
              ],
              [
                105.312598,
                78.499902
              ],
              [
                104.832617,
                78.352734
              ],
              [
                104.297461,
                78.33505899999999
              ],
              [
                103.719336,
                78.25825200000001
              ],
              [
                103.003125,
                78.25585899999999
              ],
              [
                102.79668,
                78.187891
              ],
              [
                102.617188,
                78.22460900000002
              ],
              [
                101.20410200000002,
                78.191943
              ],
              [
                100.08222700000002,
                77.97499999999998
              ],
              [
                99.84502,
                77.95683600000001
              ],
              [
                99.500293,
                77.976074
              ],
              [
                99.287109,
                78.03808599999999
              ],
              [
                99.67793,
                78.233496
              ],
              [
                100.018945,
                78.33891599999998
              ],
              [
                100.416406,
                78.75317400000002
              ],
              [
                100.619629,
                78.79741199999998
              ],
              [
                100.955762,
                78.78847700000001
              ],
              [
                100.864551,
                78.92583
              ],
              [
                101.196094,
                79.204443
              ]
            ],
            [
              [
                135.62832,
                74.21992199999998
              ],
              [
                136.036816,
                74.090332
              ],
              [
                136.25918,
                73.984961
              ],
              [
                136.12168,
                73.88500999999998
              ],
              [
                135.633398,
                74.12143600000002
              ],
              [
                135.402441,
                74.20170900000001
              ],
              [
                135.387012,
                74.253369
              ],
              [
                135.62832,
                74.21992199999998
              ]
            ],
            [
              [
                140.662793,
                73.452002
              ],
              [
                140.39248,
                73.435352
              ],
              [
                139.925098,
                73.355225
              ],
              [
                139.785547,
                73.355225
              ],
              [
                139.685547,
                73.42573200000001
              ],
              [
                140.380664,
                73.483008
              ],
              [
                140.593555,
                73.564551
              ],
              [
                140.983594,
                73.83154299999998
              ],
              [
                141.189941,
                73.87646500000001
              ],
              [
                141.931836,
                73.914941
              ],
              [
                142.184863,
                73.89589800000002
              ],
              [
                142.63916,
                73.803076
              ],
              [
                143.34375,
                73.56875
              ],
              [
                143.463965,
                73.458887
              ],
              [
                143.451465,
                73.231299
              ],
              [
                143.193262,
                73.220752
              ],
              [
                142.342188,
                73.252881
              ],
              [
                141.59668,
                73.31084
              ],
              [
                140.662793,
                73.452002
              ]
            ],
            [
              [
                99.955762,
                79.690332
              ],
              [
                100.068359,
                79.70102499999999
              ],
              [
                100.300293,
                79.670264
              ],
              [
                100.135938,
                79.61420899999999
              ],
              [
                99.91543,
                79.60161099999999
              ],
              [
                99.955762,
                79.690332
              ]
            ],
            [
              [
                140.183203,
                74.00459000000002
              ],
              [
                140.101562,
                74.184277
              ],
              [
                140.19355500000003,
                74.236719
              ],
              [
                140.407422,
                74.266455
              ],
              [
                140.849219,
                74.27377900000002
              ],
              [
                141.038574,
                74.24272500000002
              ],
              [
                141.079492,
                74.209326
              ],
              [
                141.010254,
                73.99946300000002
              ],
              [
                140.50722700000003,
                73.91865199999995
              ],
              [
                140.409473,
                73.92168
              ],
              [
                140.183203,
                74.00459000000002
              ]
            ],
            [
              [
                135.745898,
                75.381982
              ],
              [
                135.451953,
                75.38955099999998
              ],
              [
                135.592676,
                75.576465
              ],
              [
                135.56123,
                75.636475
              ],
              [
                135.698633,
                75.84526400000003
              ],
              [
                135.904785,
                75.69438499999998
              ],
              [
                136.168945,
                75.60556600000001
              ],
              [
                135.983398,
                75.521924
              ],
              [
                136.020508,
                75.43837900000001
              ],
              [
                135.745898,
                75.381982
              ]
            ],
            [
              [
                137.501172,
                75.90966799999998
              ],
              [
                137.625391,
                75.988184
              ],
              [
                137.977051,
                76.027783
              ],
              [
                138.207617,
                76.11494100000002
              ],
              [
                138.919531,
                76.196729
              ],
              [
                139.10918,
                76.10835000000002
              ],
              [
                139.743359,
                75.953076
              ],
              [
                140.04873,
                75.828955
              ],
              [
                140.152148,
                75.80981400000002
              ],
              [
                140.274414,
                75.822412
              ],
              [
                140.389063,
                75.79585
              ],
              [
                140.496289,
                75.689795
              ],
              [
                140.656738,
                75.63413099999998
              ],
              [
                140.815918,
                75.63071299999999
              ],
              [
                140.889258,
                75.652002
              ],
              [
                140.985352,
                75.964502
              ],
              [
                141.485449,
                76.13715800000001
              ],
              [
                141.742285,
                76.10805699999999
              ],
              [
                142.669531,
                75.86342800000001
              ],
              [
                143.185156,
                75.813623
              ],
              [
                143.68584,
                75.863672
              ],
              [
                145.255273,
                75.585596
              ],
              [
                145.359961,
                75.53046900000001
              ],
              [
                145.023438,
                75.48974600000001
              ],
              [
                144.803125,
                75.416064
              ],
              [
                144.726758,
                75.36557600000002
              ],
              [
                144.883496,
                75.26894499999999
              ],
              [
                144.407813,
                75.102295
              ],
              [
                144.019727,
                75.04467799999999
              ],
              [
                143.62587900000003,
                75.08398400000002
              ],
              [
                143.396094,
                75.082861
              ],
              [
                143.170313,
                75.116895
              ],
              [
                142.820117,
                75.26782200000001
              ],
              [
                142.699609,
                75.44887699999998
              ],
              [
                142.734473,
                75.54457999999998
              ],
              [
                142.986035,
                75.633252
              ],
              [
                142.941797,
                75.713281
              ],
              [
                142.551563,
                75.720898
              ],
              [
                142.08623,
                75.66064499999999
              ],
              [
                142.264746,
                75.34614299999998
              ],
              [
                142.616797,
                75.133252
              ],
              [
                142.929688,
                75.062402
              ],
              [
                143.12793,
                74.97031299999999
              ],
              [
                142.778223,
                74.86777299999999
              ],
              [
                142.472754,
                74.82041
              ],
              [
                142.287402,
                74.849902
              ],
              [
                141.987305,
                74.99126
              ],
              [
                140.267871,
                74.84692400000002
              ],
              [
                139.68125000000003,
                74.964062
              ],
              [
                139.548047,
                74.904053
              ],
              [
                139.430078,
                74.74921900000001
              ],
              [
                139.215332,
                74.659668
              ],
              [
                139.099121,
                74.656543
              ],
              [
                138.092285,
                74.79746099999998
              ],
              [
                137.683008,
                75.008545
              ],
              [
                137.217969,
                75.12373
              ],
              [
                136.962305,
                75.27036100000001
              ],
              [
                136.982422,
                75.36533199999998
              ],
              [
                137.28974600000004,
                75.348633
              ],
              [
                137.215234,
                75.55439500000001
              ],
              [
                137.268848,
                75.749414
              ],
              [
                137.358496,
                75.781641
              ],
              [
                137.706543,
                75.75957000000001
              ],
              [
                137.501172,
                75.90966799999998
              ]
            ],
            [
              [
                148.296875,
                74.800439
              ],
              [
                148.092383,
                74.82568399999998
              ],
              [
                147.626855,
                74.958936
              ],
              [
                147.144043,
                74.99843699999998
              ],
              [
                146.70332,
                75.114209
              ],
              [
                146.148535,
                75.198291
              ],
              [
                146.342969,
                75.480908
              ],
              [
                146.53750000000002,
                75.58178700000002
              ],
              [
                146.750977,
                75.51044900000001
              ],
              [
                146.795215,
                75.370752
              ],
              [
                147.060352,
                75.364307
              ],
              [
                147.443555,
                75.437988
              ],
              [
                148.432422,
                75.41352500000002
              ],
              [
                148.508887,
                75.38745099999998
              ],
              [
                148.475,
                75.272412
              ],
              [
                148.590137,
                75.236377
              ],
              [
                148.892188,
                75.22812499999999
              ],
              [
                149.083203,
                75.262061
              ],
              [
                150.103906,
                75.219238
              ],
              [
                150.530566,
                75.099854
              ],
              [
                150.690332,
                75.15532199999997
              ],
              [
                150.822363,
                75.156543
              ],
              [
                150.580273,
                74.918945
              ],
              [
                150.33125,
                74.866797
              ],
              [
                149.596875,
                74.77260700000001
              ],
              [
                148.296875,
                74.800439
              ]
            ],
            [
              [
                149.406445,
                76.78208000000001
              ],
              [
                149.150195,
                76.65991200000002
              ],
              [
                148.398633,
                76.648242
              ],
              [
                148.719629,
                76.746582
              ],
              [
                149.406445,
                76.78208000000001
              ]
            ],
            [
              [
                161.110742,
                69.46982400000002
              ],
              [
                161.505176,
                69.63945300000002
              ],
              [
                161.617773,
                69.592432
              ],
              [
                161.609277,
                69.500928
              ],
              [
                161.540332,
                69.43652300000001
              ],
              [
                161.374414,
                69.413672
              ],
              [
                161.350879,
                69.36933600000002
              ],
              [
                161.394238,
                69.106445
              ],
              [
                161.516992,
                68.96957999999998
              ],
              [
                161.46709,
                68.90097700000001
              ],
              [
                161.422461,
                68.899658
              ],
              [
                161.461133,
                68.99560499999998
              ],
              [
                161.136523,
                69.11025400000003
              ],
              [
                161.164551,
                69.33359400000002
              ],
              [
                161.082813,
                69.405664
              ],
              [
                161.110742,
                69.46982400000002
              ]
            ],
            [
              [
                160.718945,
                70.822705
              ],
              [
                160.651367,
                70.80585899999998
              ],
              [
                160.504785,
                70.819727
              ],
              [
                160.436914,
                70.851025
              ],
              [
                160.448535,
                70.934033
              ],
              [
                160.56582,
                70.923779
              ],
              [
                160.718945,
                70.822705
              ]
            ],
            [
              [
                152.885938,
                76.121729
              ],
              [
                152.786328,
                76.08579100000001
              ],
              [
                152.55859400000003,
                76.14360400000001
              ],
              [
                152.799414,
                76.19482399999998
              ],
              [
                152.885938,
                76.121729
              ]
            ],
            [
              [
                168.915723,
                69.57143600000002
              ],
              [
                168.144336,
                69.71333
              ],
              [
                167.788867,
                69.836865
              ],
              [
                167.864746,
                69.901074
              ],
              [
                168.196289,
                70.00839799999999
              ],
              [
                168.35791,
                70.015674
              ],
              [
                169.374805,
                69.882617
              ],
              [
                169.420703,
                69.856055
              ],
              [
                169.418164,
                69.779199
              ],
              [
                169.332422,
                69.76957999999999
              ],
              [
                169.200781,
                69.580469
              ],
              [
                168.915723,
                69.57143600000002
              ]
            ]
          ],
          [
            [
              [
                178.82907602647242,
                63.500055619867
              ],
              [
                180.0,
                63.50002871830529
              ],
              [
                180.0,
                65.067236
              ],
              [
                179.827344,
                65.03418000000002
              ],
              [
                179.448242,
                64.822021
              ],
              [
                179.15,
                64.781592
              ],
              [
                178.698438,
                64.631104
              ],
              [
                178.519531,
                64.602979
              ],
              [
                178.285352,
                64.67226600000001
              ],
              [
                177.748633,
                64.717041
              ],
              [
                177.581641,
                64.777881
              ],
              [
                177.179199,
                65.014111
              ],
              [
                176.88085900000002,
                65.08193400000002
              ],
              [
                176.624805,
                65.037598
              ],
              [
                176.41308600000002,
                65.07124
              ],
              [
                176.341016,
                65.047314
              ],
              [
                176.645508,
                65.007178
              ],
              [
                176.940039,
                65.016016
              ],
              [
                177.037305,
                64.999658
              ],
              [
                177.222852,
                64.86167
              ],
              [
                177.148242,
                64.804834
              ],
              [
                177.06875,
                64.78667
              ],
              [
                176.831055,
                64.849219
              ],
              [
                176.429492,
                64.85517600000001
              ],
              [
                176.061133,
                64.960889
              ],
              [
                175.781152,
                64.84404300000001
              ],
              [
                175.396484,
                64.78369100000002
              ],
              [
                175.09775400000004,
                64.77685499999998
              ],
              [
                174.548828,
                64.683887
              ],
              [
                174.698633,
                64.681445
              ],
              [
                175.09707,
                64.746631
              ],
              [
                175.330664,
                64.746631
              ],
              [
                175.67793,
                64.78247100000002
              ],
              [
                176.056543,
                64.904736
              ],
              [
                176.246973,
                64.84301799999999
              ],
              [
                176.350977,
                64.70512700000002
              ],
              [
                176.140918,
                64.58584
              ],
              [
                176.507617,
                64.682422
              ],
              [
                176.730957,
                64.62485399999998
              ],
              [
                176.842871,
                64.63378900000001
              ],
              [
                177.049805,
                64.719238
              ],
              [
                177.3875,
                64.77402300000003
              ],
              [
                177.467188,
                64.736816
              ],
              [
                177.409863,
                64.572803
              ],
              [
                177.43291,
                64.44448200000001
              ],
              [
                177.6875,
                64.30473600000003
              ],
              [
                177.95332,
                64.222266
              ],
              [
                178.130566,
                64.235254
              ],
              [
                178.22949200000002,
                64.364404
              ],
              [
                178.381445,
                64.260889
              ],
              [
                178.477148,
                64.127881
              ],
              [
                178.451367,
                64.011377
              ],
              [
                178.536035,
                63.975635
              ],
              [
                178.65029300000003,
                63.965283
              ],
              [
                178.731445,
                63.66709
              ],
              [
                178.44043,
                63.605565999999996
              ],
              [
                178.466113,
                63.574071999999994
              ],
              [
                178.653711,
                63.556641000000006
              ],
              [
                178.69654265644755,
                63.500043236098186
              ],
              [
                178.7770995287627,
                63.50002485737589
              ],
              [
                178.792969,
                63.54033200000002
              ],
              [
                178.82907602647242,
                63.500055619867
              ]
            ]
          ],
          [
            [
              [
                54.668164000000004,
                80.73867200000001
              ],
              [
                55.117188000000006,
                80.75190399999998
              ],
              [
                55.25048046052052,
                80.73661038866719
              ],
              [
                57.19814412699777,
                80.86937322126401
              ],
              [
                56.170117,
                81.02915
              ],
              [
                55.470703,
                81.01987299999999
              ],
              [
                54.633984000000005,
                81.11318399999999
              ],
              [
                54.367285,
                80.90380899999998
              ],
              [
                54.04541,
                80.87197299999998
              ],
              [
                54.06660200000001,
                80.81362299999999
              ],
              [
                54.532813,
                80.783008
              ],
              [
                54.668164000000004,
                80.73867200000001
              ]
            ]
          ],
          [
            [
              [
                57.210938000000006,
                81.01709000000001
              ],
              [
                57.405176,
                80.91513699999999
              ],
              [
                57.625243030389285,
                80.89848649230214
              ],
              [
                58.7763941437768,
                80.97695490817435
              ],
              [
                58.761523000000004,
                80.99096699999997
              ],
              [
                58.622363,
                81.04165
              ],
              [
                58.04951200000001,
                81.11845699999999
              ],
              [
                57.65624999999999,
                81.031543
              ],
              [
                57.410254,
                81.04677700000002
              ],
              [
                57.210938000000006,
                81.01709000000001
              ]
            ]
          ],
          [
            [
              [
                50.715918,
                81.170654
              ],
              [
                50.377441,
                81.10273400000001
              ],
              [
                50.61601600000001,
                81.04126
              ],
              [
                50.946191,
                81.10815400000001
              ],
              [
                50.715918,
                81.170654
              ]
            ]
          ],
          [
            [
              [
                58.610155999999996,
                81.33725600000001
              ],
              [
                58.719043000000006,
                81.31352499999998
              ],
              [
                59.096973000000006,
                81.29228500000002
              ],
              [
                59.313086,
                81.30522499999998
              ],
              [
                59.280859,
                81.36611299999998
              ],
              [
                59.075,
                81.39770500000002
              ],
              [
                58.757519499999994,
                81.376099
              ],
              [
                58.610155999999996,
                81.33725600000001
              ]
            ]
          ],
          [
            [
              [
                55.78193400000001,
                81.329443
              ],
              [
                55.46601600000001,
                81.31118199999999
              ],
              [
                55.572656,
                81.22807599999999
              ],
              [
                55.716699,
                81.188477
              ],
              [
                56.19199199999999,
                81.223975
              ],
              [
                56.36396500000001,
                81.17861300000003
              ],
              [
                56.5125,
                81.175244
              ],
              [
                56.82187499999999,
                81.23793900000001
              ],
              [
                57.450976999999995,
                81.13554699999999
              ],
              [
                57.912891,
                81.19751000000001
              ],
              [
                58.01533200000001,
                81.25483399999999
              ],
              [
                57.858691,
                81.36806600000001
              ],
              [
                58.371875,
                81.38696299999992
              ],
              [
                58.56386700000001,
                81.41840799999997
              ],
              [
                58.436035,
                81.46416000000002
              ],
              [
                57.86269500000001,
                81.50644500000001
              ],
              [
                57.71660200000002,
                81.56464800000002
              ],
              [
                57.36503900000001,
                81.53525400000002
              ],
              [
                57.09150400000001,
                81.541211
              ],
              [
                56.156836,
                81.303076
              ],
              [
                55.78193400000001,
                81.329443
              ]
            ]
          ],
          [
            [
              [
                62.794922,
                81.71894499999999
              ],
              [
                62.283984,
                81.70654299999998
              ],
              [
                62.10644500000001,
                81.67934599999998
              ],
              [
                62.515234,
                81.659131
              ],
              [
                62.72900400000001,
                81.620972
              ],
              [
                63.528516,
                81.59658199999997
              ],
              [
                63.767382999999995,
                81.66415999999998
              ],
              [
                63.70957,
                81.68730499999998
              ],
              [
                62.794922,
                81.71894499999999
              ]
            ]
          ],
          [
            [
              [
                58.32244433333333,
                81.832349
              ],
              [
                57.984961000000006,
                81.797021
              ],
              [
                57.964844,
                81.69565400000002
              ],
              [
                59.356445,
                81.75898399999998
              ],
              [
                59.408496,
                81.82543899999999
              ],
              [
                59.26181600000001,
                81.85419899999998
              ],
              [
                58.32244433333333,
                81.832349
              ]
            ]
          ],
          [
            [
              [
                82.75,
                63.50000000000001
              ],
              [
                82.75546731901454,
                63.500005501665086
              ],
              [
                82.7189849843716,
                63.50002794916595
              ],
              [
                82.75,
                63.50000000000001
              ]
            ]
          ],
          [
            [
              [
                81.75,
                63.50000000000001
              ],
              [
                81.75576744580437,
                63.50000579655409
              ],
              [
                81.71797460756567,
                63.500028726509925
              ],
              [
                81.75,
                63.50000000000001
              ]
            ]
          ],
          [
            [
              [
                80.75,
                63.50000000000001
              ],
              [
                80.75606729334106,
                63.50000609042841
              ],
              [
                80.71701205703211,
                63.500029459243414
              ],
              [
                80.75,
                63.50000000000001
              ]
            ]
          ],
          [
            [
              [
                79.75,
                63.50000000000001
              ],
              [
                79.75636685888993,
                63.50000638328743
              ],
              [
                79.71609484181656,
                63.500030150370684
              ],
              [
                79.75,
                63.50000000000001
              ]
            ]
          ],
          [
            [
              [
                78.75,
                63.50000000000001
              ],
              [
                78.75666613968652,
                63.500006675130535
              ],
              [
                78.71522064096514,
                63.50003080264184
              ],
              [
                78.75,
                63.50000000000001
              ]
            ]
          ],
          [
            [
              [
                77.71438728927345,
                63.500031418578224
              ],
              [
                77.75,
                63.50000000000001
              ],
              [
                77.75696513293653,
                63.50000696595712
              ],
              [
                77.71438728927345,
                63.500031418578224
              ]
            ]
          ],
          [
            [
              [
                76.71359276453144,
                63.500032000494876
              ],
              [
                76.75,
                63.50000000000001
              ],
              [
                76.7572638357884,
                63.500007255766555
              ],
              [
                76.71359276453144,
                63.500032000494876
              ]
            ]
          ],
          [
            [
              [
                75.75,
                63.50000000000001
              ],
              [
                75.75756224536586,
                63.50000754455818
              ],
              [
                75.71283517580108,
                63.50003255052044
              ],
              [
                75.75,
                63.50000000000001
              ]
            ]
          ],
          [
            [
              [
                74.75,
                63.50000000000001
              ],
              [
                74.75786035875582,
                63.50000783233137
              ],
              [
                74.7121127529523,
                63.50003307061494
              ],
              [
                74.75,
                63.50000000000001
              ]
            ]
          ],
          [
            [
              [
                73.75,
                63.50000000000001
              ],
              [
                73.75815817299994,
                63.500008119085464
              ],
              [
                73.71142383722085,
                63.500033562585514
              ],
              [
                73.75,
                63.50000000000001
              ]
            ]
          ],
          [
            [
              [
                72.71076687249804,
                63.500034028100586
              ],
              [
                72.75,
                63.50000000000001
              ],
              [
                72.75845568511625,
                63.500008404819766
              ],
              [
                72.71076687249804,
                63.500034028100586
              ]
            ]
          ],
          [
            [
              [
                71.71014039765059,
                63.500034468702225
              ],
              [
                71.75,
                63.50000000000001
              ],
              [
                71.75875289205503,
                63.500008689533594
              ],
              [
                71.71014039765059,
                63.500034468702225
              ]
            ]
          ],
          [
            [
              [
                70.75,
                63.50000000000001
              ],
              [
                70.75904979074839,
                63.50000897322629
              ],
              [
                70.70954303922127,
                63.500034885817776
              ],
              [
                70.75,
                63.50000000000001
              ]
            ]
          ],
          [
            [
              [
                69.75000000000001,
                63.50000000000001
              ],
              [
                69.75934637808022,
                63.500009255897105
              ],
              [
                69.70897350505382,
                63.500035280769744
              ],
              [
                69.75000000000001,
                63.50000000000001
              ]
            ]
          ],
          [
            [
              [
                68.75,
                63.50000000000001
              ],
              [
                68.75964265089138,
                63.50000953754536
              ],
              [
                68.70843057834153,
                63.50003565478487
              ],
              [
                68.75,
                63.50000000000001
              ]
            ]
          ],
          [
            [
              [
                67.70791311219831,
                63.50003600900251
              ],
              [
                67.75,
                63.50000000000001
              ],
              [
                67.75993860597896,
                63.50000981817027
              ],
              [
                67.70791311219831,
                63.50003600900251
              ]
            ]
          ],
          [
            [
              [
                66.70742002472223,
                63.50003634448183
              ],
              [
                66.75,
                63.50000000000001
              ],
              [
                66.7602342400999,
                63.50001009777116
              ],
              [
                66.70742002472223,
                63.50003634448183
              ]
            ]
          ],
          [
            [
              [
                65.75,
                63.50000000000001
              ],
              [
                65.76052954996337,
                63.50001037634719
              ],
              [
                65.70695029445764,
                63.50003666220861
              ],
              [
                65.75,
                63.50000000000001
              ]
            ]
          ],
          [
            [
              [
                64.0,
                63.50000000000001
              ],
              [
                64.0434680781509,
                63.500036943667936
              ],
              [
                63.98919500256438,
                63.500010635539425
              ],
              [
                64.0,
                63.50000000000001
              ]
            ]
          ],
          [
            [
              [
                64.75,
                63.50000000000001
              ],
              [
                64.76082453223299,
                63.50001065389769
              ],
              [
                64.70650295622943,
                63.500036963101174
              ],
              [
                64.75,
                63.50000000000001
              ]
            ]
          ],
          [
            [
              [
                83.21409809290687,
                63.5000316309895
              ],
              [
                83.25,
                63.50000000000001
              ],
              [
                83.29356489913874,
                63.500037008598795
              ],
              [
                83.21409809290687,
                63.5000316309895
              ]
            ]
          ],
          [
            [
              [
                82.21433870613248,
                63.50003145431006
              ],
              [
                82.25,
                63.50000000000001
              ],
              [
                82.29375541345232,
                63.50003713613773
              ],
              [
                82.21433870613248,
                63.50003145431006
              ]
            ]
          ],
          [
            [
              [
                65.0,
                63.50000000000001
              ],
              [
                65.04389533302039,
                63.500037229616
              ],
              [
                64.98890032923106,
                63.500010912131565
              ],
              [
                65.0,
                63.50000000000001
              ]
            ]
          ],
          [
            [
              [
                63.75000000000001,
                63.50000000000001
              ],
              [
                63.76111918353627,
                63.500010930421794
              ],
              [
                63.70607709728607,
                63.5000372480159
              ],
              [
                63.75000000000001,
                63.50000000000001
              ]
            ]
          ],
          [
            [
              [
                81.25,
                63.50000000000001
              ],
              [
                81.29394405100186,
                63.500037262125964
              ],
              [
                81.21458033537084,
                63.5000312764051
              ],
              [
                81.25,
                63.50000000000001
              ]
            ]
          ],
          [
            [
              [
                80.21482296558051,
                63.50003109727962
              ],
              [
                80.25,
                63.50000000000001
              ],
              [
                80.2941307769607,
                63.50003738654902
              ],
              [
                80.21482296558051,
                63.50003109727962
              ]
            ]
          ],
          [
            [
              [
                65.9886059900634,
                63.50001118769661
              ],
              [
                66.0,
                63.50000000000001
              ],
              [
                66.04430191659974,
                63.50003750033428
              ],
              [
                65.9886059900634,
                63.50001118769661
              ]
            ]
          ],
          [
            [
              [
                79.25,
                63.50000000000001
              ],
              [
                79.2943155556032,
                63.500037509392044
              ],
              [
                79.21506658203342,
                63.5000309169386
              ],
              [
                79.25,
                63.50000000000001
              ]
            ]
          ],
          [
            [
              [
                78.25,
                63.50000000000001
              ],
              [
                78.29449835033425,
                63.500037630639646
              ],
              [
                78.21531117027389,
                63.50003073538679
              ],
              [
                78.25,
                63.50000000000001
              ]
            ]
          ],
          [
            [
              [
                77.25,
                63.50000000000001
              ],
              [
                77.2946791236248,
                63.50003775027594
              ],
              [
                77.21555671613004,
                63.50003055262888
              ],
              [
                77.25,
                63.50000000000001
              ]
            ]
          ],
          [
            [
              [
                66.98831198853892,
                63.50001146223373
              ],
              [
                67.0,
                63.50000000000001
              ],
              [
                67.0446886498838,
                63.50003775657297
              ],
              [
                66.98831198853892,
                63.50001146223373
              ]
            ]
          ],
          [
            [
              [
                76.21580320570179,
                63.50003036866953
              ],
              [
                76.25,
                63.50000000000001
              ],
              [
                76.29485783699907,
                63.50003786828462
              ],
              [
                76.21580320570179,
                63.50003036866953
              ]
            ]
          ],
          [
            [
              [
                75.25,
                63.50000000000001
              ],
              [
                75.29503445099377,
                63.50003798464875
              ],
              [
                75.21605062536246,
                63.500030183513104
              ],
              [
                75.25,
                63.50000000000001
              ]
            ]
          ],
          [
            [
              [
                68.0,
                63.50000000000001
              ],
              [
                68.04505631098576,
                63.50003799903361
              ],
              [
                67.98801832817576,
                63.50001173574209
              ],
              [
                68.0,
                63.50000000000001
              ]
            ]
          ],
          [
            [
              [
                74.25,
                63.50000000000001
              ],
              [
                74.2952089251245,
                63.50003809935097
              ],
              [
                74.2162989617503,
                63.50002999716406
              ],
              [
                74.25,
                63.50000000000001
              ]
            ]
          ],
          [
            [
              [
                73.21654820174449,
                63.500029809626604
              ],
              [
                73.25,
                63.50000000000001
              ],
              [
                73.29538121788357,
                63.50003821237325
              ],
              [
                73.21654820174449,
                63.500029809626604
              ]
            ]
          ],
          [
            [
              [
                68.98772501254125,
                63.500012008220914
              ],
              [
                69.0,
                63.50000000000001
              ],
              [
                69.0454056378698,
                63.50003822837274
              ],
              [
                68.98772501254125,
                63.500012008220914
              ]
            ]
          ],
          [
            [
              [
                72.25,
                63.50000000000001
              ],
              [
                72.29555128664971,
                63.50003832369699
              ],
              [
                72.2167983324852,
                63.500029620904904
              ],
              [
                72.25,
                63.50000000000001
              ]
            ]
          ],
          [
            [
              [
                71.25,
                63.50000000000001
              ],
              [
                71.29571908771274,
                63.50003843330305
              ],
              [
                71.21704934134964,
                63.500029431003014
              ],
              [
                71.25,
                63.50000000000001
              ]
            ]
          ],
          [
            [
              [
                70.0,
                63.50000000000001
              ],
              [
                70.0457373309044,
                63.50003844520536
              ],
              [
                69.98743204525609,
                63.50001227966929
              ],
              [
                70.0,
                63.50000000000001
              ]
            ]
          ],
          [
            [
              [
                70.25,
                63.50000000000001
              ],
              [
                70.2958845761814,
                63.50003854117156
              ],
              [
                70.21730121595913,
                63.500029239924906
              ],
              [
                70.25,
                63.50000000000001
              ]
            ]
          ],
          [
            [
              [
                69.25,
                63.50000000000001
              ],
              [
                69.29604770600399,
                63.50003864728207
              ],
              [
                69.2175539441568,
                63.500029047674445
              ],
              [
                69.25,
                63.50000000000001
              ]
            ]
          ],
          [
            [
              [
                71.0,
                63.50000000000001
              ],
              [
                71.0460520552442,
                63.5000386501081
              ],
              [
                70.98713942998783,
                63.500012550086375
              ],
              [
                71.0,
                63.50000000000001
              ]
            ]
          ],
          [
            [
              [
                68.25,
                63.50000000000001
              ],
              [
                68.29620842987515,
                63.50003875161338
              ],
              [
                68.21780751401774,
                63.500028854255454
              ],
              [
                68.25,
                63.50000000000001
              ]
            ]
          ],
          [
            [
              [
                71.98684717045899,
                63.50001281947128
              ],
              [
                72.0,
                63.50000000000001
              ],
              [
                72.04635044299906,
                63.50003884362198
              ],
              [
                71.98684717045899,
                63.50001281947128
              ]
            ]
          ],
          [
            [
              [
                67.21806191383719,
                63.50002865967156
              ],
              [
                67.25,
                63.50000000000001
              ],
              [
                67.29636669922567,
                63.500038854143625
              ],
              [
                67.21806191383719,
                63.50002865967156
              ]
            ]
          ],
          [
            [
              [
                66.25,
                63.50000000000001
              ],
              [
                66.29652246416265,
                63.50003895485016
              ],
              [
                66.21831713212751,
                63.500028463926405
              ],
              [
                66.25,
                63.50000000000001
              ]
            ]
          ],
          [
            [
              [
                73.0,
                63.50000000000001
              ],
              [
                73.04663309527126,
                63.5000390262551
              ],
              [
                72.9865552704431,
                63.50001308782313
              ],
              [
                73.0,
                63.50000000000001
              ]
            ]
          ],
          [
            [
              [
                65.24999999999999,
                63.50000000000001
              ],
              [
                65.29667567343239,
                63.50003905370959
              ],
              [
                65.21857315761547,
                63.500028267023545
              ],
              [
                65.24999999999999,
                63.50000000000001
              ]
            ]
          ],
          [
            [
              [
                64.45318362241127,
                63.50003914432981
              ],
              [
                64.5,
                63.50000000000001
              ],
              [
                64.53118706172702,
                63.50002808212494
              ],
              [
                64.45318362241127,
                63.50003914432981
              ]
            ]
          ],
          [
            [
              [
                64.21882997922636,
                63.5000280689664
              ],
              [
                64.25,
                63.50000000000001
              ],
              [
                64.29682627438297,
                63.50003915069769
              ],
              [
                64.21882997922636,
                63.5000280689664
              ]
            ]
          ],
          [
            [
              [
                74.0,
                63.50000000000001
              ],
              [
                74.04690058403446,
                63.50003919848486
              ],
              [
                73.98626373376568,
                63.50001335514097
              ],
              [
                74.0,
                63.50000000000001
              ]
            ]
          ],
          [
            [
              [
                65.5,
                63.50000000000001
              ],
              [
                65.53092950656256,
                63.50002788299303
              ],
              [
                65.45303550578222,
                63.500039239547974
              ],
              [
                65.5,
                63.50000000000001
              ]
            ]
          ],
          [
            [
              [
                66.5,
                63.50000000000001
              ],
              [
                66.53067117611462,
                63.500027682713274
              ],
              [
                66.45289010347692,
                63.50003933284559
              ],
              [
                66.5,
                63.50000000000001
              ]
            ]
          ],
          [
            [
              [
                74.98597256431142,
                63.5000136214239
              ],
              [
                75.0,
                63.50000000000001
              ],
              [
                75.04715345386218,
                63.50003936076036
              ],
              [
                74.98597256431142,
                63.5000136214239
              ]
            ]
          ],
          [
            [
              [
                67.45274747257618,
                63.500039424195876
              ],
              [
                67.5,
                63.50000000000001
              ],
              [
                67.53041208087568,
                63.500027481288896
              ],
              [
                67.45274747257618,
                63.500039424195876
              ]
            ]
          ],
          [
            [
              [
                76.0,
                63.50000000000001
              ],
              [
                76.04739222356241,
                63.50003951350424
              ],
              [
                75.98568176601772,
                63.50001388667097
              ],
              [
                76.0,
                63.50000000000001
              ]
            ]
          ],
          [
            [
              [
                68.5,
                63.50000000000001
              ],
              [
                68.53015223114917,
                63.50002727872306
              ],
              [
                68.4526076717692,
                63.5000395135711
              ],
              [
                68.5,
                63.50000000000001
              ]
            ]
          ],
          [
            [
              [
                69.5,
                63.50000000000001
              ],
              [
                69.52989163706154,
                63.50002707501885
              ],
              [
                69.45247076140471,
                63.50003960094256
              ],
              [
                69.5,
                63.50000000000001
              ]
            ]
          ],
          [
            [
              [
                76.98539134287583,
                63.50001415088123
              ],
              [
                77.0,
                63.50000000000001
              ],
              [
                77.04761738769488,
                63.50003965711461
              ],
              [
                76.98539134287583,
                63.50001415088123
              ]
            ]
          ],
          [
            [
              [
                70.45233680358176,
                63.500039686280466
              ],
              [
                70.5,
                63.50000000000001
              ],
              [
                70.52963030854235,
                63.50002687017926
              ],
              [
                70.45233680358176,
                63.500039686280466
              ]
            ]
          ],
          [
            [
              [
                71.5,
                63.50000000000001
              ],
              [
                71.52936825536126,
                63.500026664207226
              ],
              [
                71.45220586216573,
                63.50003976955404
              ],
              [
                71.5,
                63.50000000000001
              ]
            ]
          ],
          [
            [
              [
                78.0,
                63.50000000000001
              ],
              [
                78.04782941795054,
                63.500039791966685
              ],
              [
                77.9851012989364,
                63.50001441405365
              ],
              [
                78.0,
                63.50000000000001
              ]
            ]
          ],
          [
            [
              [
                72.5,
                63.50000000000001
              ],
              [
                72.52910548711192,
                63.500026457105676
              ],
              [
                72.45207800289846,
                63.500039850731326
              ],
              [
                72.5,
                63.50000000000001
              ]
            ]
          ],
          [
            [
              [
                78.98481163831373,
                63.50001467618727
              ],
              [
                79.0,
                63.50000000000001
              ],
              [
                79.04802876445208,
                63.50003991841437
              ],
              [
                78.98481163831373,
                63.50001467618727
              ]
            ]
          ],
          [
            [
              [
                73.45195329343034,
                63.500039929779206
              ],
              [
                73.5,
                63.50000000000001
              ],
              [
                73.5288420132132,
                63.50002624887738
              ],
              [
                73.45195329343034,
                63.500039929779206
              ]
            ]
          ],
          [
            [
              [
                74.5,
                63.50000000000001
              ],
              [
                74.52857784291623,
                63.50002603952513
              ],
              [
                74.4518318034321,
                63.50004000666331
              ],
              [
                74.5,
                63.50000000000001
              ]
            ]
          ],
          [
            [
              [
                80.0,
                63.50000000000001
              ],
              [
                80.04821585700621,
                63.50004003679172
              ],
              [
                79.98452236517099,
                63.50001493728108
              ],
              [
                80.0,
                63.50000000000001
              ]
            ]
          ],
          [
            [
              [
                75.5,
                63.50000000000001
              ],
              [
                75.52831298532897,
                63.500025829051594
              ],
              [
                75.45171360459766,
                63.50004008134804
              ],
              [
                75.5,
                63.50000000000001
              ]
            ]
          ],
          [
            [
              [
                80.9842334837432,
                63.50001519733403
              ],
              [
                81.0,
                63.50000000000001
              ],
              [
                81.04839110619588,
                63.50004014741422
              ],
              [
                80.9842334837432,
                63.50001519733403
              ]
            ]
          ],
          [
            [
              [
                76.45159877080756,
                63.50004015379642
              ],
              [
                76.5,
                63.50000000000001
              ],
              [
                76.52804744938923,
                63.500025617459414
              ],
              [
                76.45159877080756,
                63.50004015379642
              ]
            ]
          ],
          [
            [
              [
                77.5,
                63.50000000000001
              ],
              [
                77.52778124387514,
                63.500025404751185
              ],
              [
                77.45148737815768,
                63.500040223970096
              ],
              [
                77.5,
                63.50000000000001
              ]
            ]
          ],
          [
            [
              [
                82.0,
                63.50000000000001
              ],
              [
                82.04855490447983,
                63.500040250580014
              ],
              [
                81.98394499832357,
                63.50001545634505
              ],
              [
                82.0,
                63.50000000000001
              ]
            ]
          ],
          [
            [
              [
                78.5,
                63.50000000000001
              ],
              [
                78.5275143774255,
                63.50002519092943
              ],
              [
                78.45137950505082,
                63.50004029182925
              ],
              [
                78.5,
                63.50000000000001
              ]
            ]
          ],
          [
            [
              [
                82.98365691326285,
                63.50001571431311
              ],
              [
                83.0,
                63.50000000000001
              ],
              [
                83.04870762716536,
                63.5000403465711
              ],
              [
                82.98365691326285,
                63.50001571431311
              ]
            ]
          ],
          [
            [
              [
                79.45127523229903,
                63.50004035733251
              ],
              [
                79.5,
                63.50000000000001
              ],
              [
                79.52724685852144,
                63.500024975996624
              ],
              [
                79.45127523229903,
                63.50004035733251
              ]
            ]
          ],
          [
            [
              [
                80.5,
                63.50000000000001
              ],
              [
                80.52697869550875,
                63.50002475995516
              ],
              [
                80.451174643192,
                63.500040420436925
              ],
              [
                80.5,
                63.50000000000001
              ]
            ]
          ],
          [
            [
              [
                81.5,
                63.50000000000001
              ],
              [
                81.52670989658228,
                63.500024542807445
              ],
              [
                81.4510778236308,
                63.50004048109788
              ],
              [
                81.5,
                63.50000000000001
              ]
            ]
          ],
          [
            [
              [
                82.5,
                63.50000000000001
              ],
              [
                82.52644046980879,
                63.50002432455576
              ],
              [
                82.45098486217915,
                63.500040539269
              ],
              [
                82.5,
                63.50000000000001
              ]
            ]
          ],
          [
            [
              [
                100.75,
                63.50000000000001
              ],
              [
                100.7500201987276,
                63.50000002077841
              ],
              [
                100.74981912946677,
                63.50000018594156
              ],
              [
                100.75,
                63.50000000000001
              ]
            ]
          ],
          [
            [
              [
                101.75,
                63.50000000000001
              ],
              [
                101.75248247884493,
                63.50000252856645
              ],
              [
                101.74971544488993,
                63.50000029241168
              ],
              [
                101.75,
                63.50000000000001
              ]
            ]
          ],
          [
            [
              [
                99.75,
                63.50000000000001
              ],
              [
                99.75032492253152,
                63.50000033383965
              ],
              [
                99.74717648856765,
                63.50000287196782
              ],
              [
                99.75,
                63.50000000000001
              ]
            ]
          ],
          [
            [
              [
                102.75000000000001,
                63.50000000000001
              ],
              [
                102.75499021675722,
                63.50000503136317
              ],
              [
                102.7494109253402,
                63.50000060460081
              ],
              [
                102.75000000000001,
                63.50000000000001
              ]
            ]
          ],
          [
            [
              [
                98.74468855089874,
                63.500005348222906
              ],
              [
                98.75,
                63.50000000000001
              ],
              [
                98.75062941073791,
                63.50000064589554
              ],
              [
                98.74468855089874,
                63.500005348222906
              ]
            ]
          ],
          [
            [
              [
                97.74234359637447,
                63.50000763552954
              ],
              [
                97.75,
                63.50000000000001
              ],
              [
                97.75093366117189,
                63.500000956945556
              ],
              [
                97.74234359637447,
                63.50000763552954
              ]
            ]
          ],
          [
            [
              [
                96.75,
                63.50000000000001
              ],
              [
                96.75123767163097,
                63.50000126698926
              ],
              [
                96.74013105961927,
                63.50000975217816
              ],
              [
                96.75,
                63.50000000000001
              ]
            ]
          ],
          [
            [
              [
                95.75,
                63.50000000000001
              ],
              [
                95.75154143988685,
                63.50000157602621
              ],
              [
                95.73804139115217,
                63.50001171428747
              ],
              [
                95.75,
                63.50000000000001
              ]
            ]
          ],
          [
            [
              [
                94.75,
                63.50000000000001
              ],
              [
                94.75184496367369,
                63.50000188405592
              ],
              [
                94.73606593824478,
                63.500013536106735
              ],
              [
                94.75,
                63.50000000000001
              ]
            ]
          ],
          [
            [
              [
                93.73419684187715,
                63.50001523027018
              ],
              [
                93.75,
                63.50000000000001
              ],
              [
                93.75214824071435,
                63.500002191077904
              ],
              [
                93.73419684187715,
                63.50001523027018
              ]
            ]
          ],
          [
            [
              [
                92.73242694801031,
                63.50001680801159
              ],
              [
                92.75,
                63.50000000000001
              ],
              [
                92.75245126868458,
                63.50000249709169
              ],
              [
                92.73242694801031,
                63.50001680801159
              ]
            ]
          ],
          [
            [
              [
                91.75,
                63.50000000000001
              ],
              [
                91.75275404524481,
                63.50000280209676
              ],
              [
                91.7307497300712,
                63.50001827934675
              ],
              [
                91.75,
                63.50000000000001
              ]
            ]
          ],
          [
            [
              [
                90.75,
                63.50000000000001
              ],
              [
                90.75305656802298,
                63.50000310609261
              ],
              [
                90.7291592217226,
                63.50001965322826
              ],
              [
                90.75,
                63.50000000000001
              ]
            ]
          ],
          [
            [
              [
                89.75,
                63.50000000000001
              ],
              [
                89.75335883460797,
                63.50000340907878
              ],
              [
                89.72764995806891,
                63.50002093767844
              ],
              [
                89.75,
                63.50000000000001
              ]
            ]
          ],
          [
            [
              [
                88.7262169238999,
                63.500022139902796
              ],
              [
                88.75,
                63.50000000000001
              ],
              [
                88.75366084257531,
                63.50000371105467
              ],
              [
                88.7262169238999,
                63.500022139902796
              ]
            ]
          ],
          [
            [
              [
                87.72485550856557,
                63.50002326638788
              ],
              [
                87.75,
                63.50000000000001
              ],
              [
                87.75396258945149,
                63.500004012019836
              ],
              [
                87.72485550856557,
                63.50002326638788
              ]
            ]
          ],
          [
            [
              [
                86.75,
                63.50000000000001
              ],
              [
                86.75426407274588,
                63.50000431197368
              ],
              [
                86.72356146581706,
                63.500024322985645
              ],
              [
                86.75,
                63.50000000000001
              ]
            ]
          ],
          [
            [
              [
                85.75,
                63.50000000000001
              ],
              [
                85.75456528992905,
                63.50000461091569
              ],
              [
                85.72233087861132,
                63.50002531498653
              ],
              [
                85.75,
                63.50000000000001
              ]
            ]
          ],
          [
            [
              [
                84.75,
                63.50000000000001
              ],
              [
                84.75486623843786,
                63.500004908845305
              ],
              [
                84.72116012779044,
                63.50002624718297
              ],
              [
                84.75,
                63.50000000000001
              ]
            ]
          ],
          [
            [
              [
                83.72004586430005,
                63.50002712392446
              ],
              [
                83.75,
                63.50000000000001
              ],
              [
                83.75516691567337,
                63.50000520576195
              ],
              [
                83.72004586430005,
                63.50002712392446
              ]
            ]
          ],
          [
            [
              [
                101.20995991321833,
                63.500034595038144
              ],
              [
                101.25,
                63.50000000000001
              ],
              [
                101.28984986651902,
                63.50003446187971
              ],
              [
                101.20995991321833,
                63.500034595038144
              ]
            ]
          ],
          [
            [
              [
                100.25,
                63.50000000000001
              ],
              [
                100.29006905440437,
                63.50003461529
              ],
              [
                100.21017928124098,
                63.50003444144931
              ],
              [
                100.25,
                63.50000000000001
              ]
            ]
          ],
          [
            [
              [
                102.25,
                63.50000000000001
              ],
              [
                102.2896293288933,
                63.50003430712566
              ],
              [
                102.2097419143589,
                63.500034747276004
              ],
              [
                102.25,
                63.50000000000001
              ]
            ]
          ],
          [
            [
              [
                99.25,
                63.50000000000001
              ],
              [
                99.29028687012115,
                63.5000347673482
              ],
              [
                99.21039999607932,
                63.5000342865178
              ],
              [
                99.25,
                63.50000000000001
              ]
            ]
          ],
          [
            [
              [
                98.21062203585863,
                63.50003413025169
              ],
              [
                98.25000000000001,
                63.50000000000001
              ],
              [
                98.29050329074515,
                63.50003491804575
              ],
              [
                98.21062203585863,
                63.50003413025169
              ]
            ]
          ],
          [
            [
              [
                97.21084537917727,
                63.500033972658834
              ],
              [
                97.25,
                63.50000000000001
              ],
              [
                97.29071829284945,
                63.50003506737386
              ],
              [
                97.21084537917727,
                63.500033972658834
              ]
            ]
          ],
          [
            [
              [
                96.25,
                63.50000000000001
              ],
              [
                96.29093185246914,
                63.50003521532344
              ],
              [
                96.21107000509312,
                63.50003381374688
              ],
              [
                96.25,
                63.50000000000001
              ]
            ]
          ],
          [
            [
              [
                95.25,
                63.50000000000001
              ],
              [
                95.29114394510763,
                63.50003536188526
              ],
              [
                95.21129589310344,
                63.500033653523275
              ],
              [
                95.25,
                63.50000000000001
              ]
            ]
          ],
          [
            [
              [
                94.25,
                63.50000000000001
              ],
              [
                94.29135454568177,
                63.50003550704968
              ],
              [
                94.2115230231656,
                63.50003349199527
              ],
              [
                94.25,
                63.50000000000001
              ]
            ]
          ],
          [
            [
              [
                93.2117513756291,
                63.5000333291699
              ],
              [
                93.25,
                63.50000000000001
              ],
              [
                93.29156362857032,
                63.500035650806886
              ],
              [
                93.2117513756291,
                63.5000333291699
              ]
            ]
          ],
          [
            [
              [
                92.21198093126063,
                63.500033165054056
              ],
              [
                92.25,
                63.50000000000001
              ],
              [
                92.29177116754592,
                63.50003579314674
              ],
              [
                92.21198093126063,
                63.500033165054056
              ]
            ]
          ],
          [
            [
              [
                91.25,
                63.50000000000001
              ],
              [
                91.29197713577824,
                63.50003593405883
              ],
              [
                91.21221167123441,
                63.50003299965441
              ],
              [
                91.25,
                63.50000000000001
              ]
            ]
          ],
          [
            [
              [
                90.25,
                63.50000000000001
              ],
              [
                90.29218150579185,
                63.5000360735324
              ],
              [
                90.21244357712904,
                63.50003283297752
              ],
              [
                90.25,
                63.50000000000001
              ]
            ]
          ],
          [
            [
              [
                89.25,
                63.50000000000001
              ],
              [
                89.29238424949448,
                63.50003621155641
              ],
              [
                89.21267663087542,
                63.500032665029714
              ],
              [
                89.25,
                63.50000000000001
              ]
            ]
          ],
          [
            [
              [
                88.21291081480553,
                63.50003249581719
              ],
              [
                88.25,
                63.50000000000001
              ],
              [
                88.29258533810382,
                63.500036348119515
              ],
              [
                88.21291081480553,
                63.50003249581719
              ]
            ]
          ],
          [
            [
              [
                87.21314611158009,
                63.500032325345956
              ],
              [
                87.25,
                63.50000000000001
              ],
              [
                87.29278474219088,
                63.50003648320999
              ],
              [
                87.21314611158009,
                63.500032325345956
              ]
            ]
          ],
          [
            [
              [
                86.25,
                63.50000000000001
              ],
              [
                86.29298243158637,
                63.50003661681574
              ],
              [
                86.21338250424026,
                63.5000321536219
              ],
              [
                86.25,
                63.50000000000001
              ]
            ]
          ],
          [
            [
              [
                85.25,
                63.50000000000001
              ],
              [
                85.293178375419,
                63.500036748924416
              ],
              [
                85.21361997615348,
                63.50003198065076
              ],
              [
                85.25,
                63.50000000000001
              ]
            ]
          ],
          [
            [
              [
                84.25,
                63.50000000000001
              ],
              [
                84.2933725420701,
                63.500036879523144
              ],
              [
                84.21385851103145,
                63.50003180643815
              ],
              [
                84.25,
                63.50000000000001
              ]
            ]
          ],
          [
            [
              [
                83.98336923298932,
                63.500015971237055
              ],
              [
                84.0,
                63.50000000000001
              ],
              [
                84.04884963331244,
                63.50004043565428
              ],
              [
                83.98336923298932,
                63.500015971237055
              ]
            ]
          ],
          [
            [
              [
                84.98308196197105,
                63.50001622711581
              ],
              [
                85.0,
                63.50000000000001
              ],
              [
                85.04898126668104,
                63.50004051808218
              ],
              [
                84.98308196197105,
                63.50001622711581
              ]
            ]
          ],
          [
            [
              [
                86.0,
                63.50000000000001
              ],
              [
                86.04910285642492,
                63.500040594094116
              ],
              [
                85.98279510476898,
                63.500016481948265
              ],
              [
                86.0,
                63.50000000000001
              ]
            ]
          ],
          [
            [
              [
                83.5,
                63.50000000000001
              ],
              [
                83.5261704230997,
                63.50002410520241
              ],
              [
                83.45089585024158,
                63.500040594902
              ],
              [
                83.5,
                63.50000000000001
              ]
            ]
          ],
          [
            [
              [
                84.5,
                63.50000000000001
              ],
              [
                84.52589976426881,
                63.500023884749574
              ],
              [
                84.4508108820669,
                63.500040647946825
              ],
              [
                84.5,
                63.50000000000001
              ]
            ]
          ],
          [
            [
              [
                86.9825086660025,
                63.50001673573322
              ],
              [
                87.0,
                63.50000000000001
              ],
              [
                87.04921471794547,
                63.50004066391701
              ],
              [
                86.9825086660025,
                63.50001673573322
              ]
            ]
          ],
          [
            [
              [
                85.4507300549993,
                63.500040698351235
              ],
              [
                85.5,
                63.50000000000001
              ],
              [
                85.52562850096099,
                63.500023663199485
              ],
              [
                85.4507300549993,
                63.500040698351235
              ]
            ]
          ],
          [
            [
              [
                88.0,
                63.50000000000001
              ],
              [
                88.04931715357017,
                63.500040727766
              ],
              [
                87.98222265035731,
                63.5000169884695
              ],
              [
                88.0,
                63.50000000000001
              ]
            ]
          ],
          [
            [
              [
                86.5,
                63.50000000000001
              ],
              [
                86.5253566407188,
                63.50002344055424
              ],
              [
                86.45065346947618,
                63.50004074606098
              ],
              [
                86.5,
                63.50000000000001
              ]
            ]
          ],
          [
            [
              [
                89.0,
                63.50000000000001
              ],
              [
                89.04941045324047,
                63.50004078584533
              ],
              [
                88.98193706258603,
                63.50001724015595
              ],
              [
                89.0,
                63.50000000000001
              ]
            ]
          ],
          [
            [
              [
                87.45058122923743,
                63.500040791019536
              ],
              [
                87.5,
                63.50000000000001
              ],
              [
                87.52508419095301,
                63.50002321681591
              ],
              [
                87.45058122923743,
                63.500040791019536
              ]
            ]
          ],
          [
            [
              [
                88.4505134414371,
                63.50004083316805
              ],
              [
                88.5,
                63.50000000000001
              ],
              [
                88.52481115894751,
                63.50002299198656
              ],
              [
                88.4505134414371,
                63.50004083316805
              ]
            ]
          ],
          [
            [
              [
                90.0,
                63.50000000000001
              ],
              [
                90.04949489508931,
                63.50004083834887
              ],
              [
                89.98165190752789,
                63.500017490791286
              ],
              [
                90.0,
                63.50000000000001
              ]
            ]
          ],
          [
            [
              [
                89.5,
                63.50000000000001
              ],
              [
                89.52453755187409,
                63.50002276606819
              ],
              [
                89.45045021675605,
                63.5000408724453
              ],
              [
                89.5,
                63.50000000000001
              ]
            ]
          ],
          [
            [
              [
                91.0,
                63.50000000000001
              ],
              [
                91.04957074611606,
                63.50004088546085
              ],
              [
                90.98136719008035,
                63.5000177403743
              ],
              [
                91.0,
                63.50000000000001
              ]
            ]
          ],
          [
            [
              [
                90.4503916696061,
                63.50004090878734
              ],
              [
                90.5,
                63.50000000000001
              ],
              [
                90.5242633767821,
                63.500022539062776
              ],
              [
                90.4503916696061,
                63.50004090878734
              ]
            ]
          ],
          [
            [
              [
                91.98108291522104,
                63.500017988903735
              ],
              [
                92.0,
                63.50000000000001
              ],
              [
                92.04963826266749,
                63.50004092735635
              ],
              [
                91.98108291522104,
                63.500017988903735
              ]
            ]
          ],
          [
            [
              [
                91.5,
                63.50000000000001
              ],
              [
                91.52398864060784,
                63.5000223109722
              ],
              [
                91.45033791823421,
                63.50004094212766
              ],
              [
                91.5,
                63.50000000000001
              ]
            ]
          ],
          [
            [
              [
                93.0,
                63.50000000000001
              ],
              [
                93.04969769101254,
                63.500040964201894
              ],
              [
                92.98079908800003,
                63.50001823637828
              ],
              [
                93.0,
                63.50000000000001
              ]
            ]
          ],
          [
            [
              [
                92.5,
                63.50000000000001
              ],
              [
                92.52371335018107,
                63.500022081798384
              ],
              [
                92.45028908491005,
                63.500040972396874
              ],
              [
                92.5,
                63.50000000000001
              ]
            ]
          ],
          [
            [
              [
                93.9805157135453,
                63.500018482796584
              ],
              [
                94.0,
                63.50000000000001
              ],
              [
                94.04974926780966,
                63.50004099615593
              ],
              [
                93.9805157135453,
                63.500018482796584
              ]
            ]
          ],
          [
            [
              [
                93.45024529610383,
                63.50004099952254
              ],
              [
                93.5,
                63.50000000000001
              ],
              [
                93.52343751220666,
                63.50002185154315
              ],
              [
                93.45024529610383,
                63.50004099952254
              ]
            ]
          ],
          [
            [
              [
                95.0,
                63.50000000000001
              ],
              [
                95.04979322055578,
                63.50004102336927
              ],
              [
                94.98023279706834,
                63.50001872815737
              ],
              [
                95.0,
                63.50000000000001
              ]
            ]
          ],
          [
            [
              [
                94.5,
                63.50000000000001
              ],
              [
                94.52316113329603,
                63.5000216202083
              ],
              [
                94.45020668265036,
                63.50004102342916
              ],
              [
                94.5,
                63.50000000000001
              ]
            ]
          ],
          [
            [
              [
                95.5,
                63.50000000000001
              ],
              [
                95.52288421995213,
                63.500021387795634
              ],
              [
                95.45017337994415,
                63.500041044037914
              ],
              [
                95.5,
                63.50000000000001
              ]
            ]
          ],
          [
            [
              [
                95.97995034385893,
                63.50001897245922
              ],
              [
                96.00000000000001,
                63.50000000000001
              ],
              [
                96.0498297680425,
                63.50004104598552
              ],
              [
                95.97995034385893,
                63.50001897245922
              ]
            ]
          ],
          [
            [
              [
                96.45014552818617,
                63.500041061266444
              ],
              [
                96.5,
                63.50000000000001
              ],
              [
                96.52260677855661,
                63.50002115430688
              ],
              [
                96.45014552818617,
                63.500041061266444
              ]
            ]
          ],
          [
            [
              [
                97.0,
                63.50000000000001
              ],
              [
                97.04985912080252,
                63.50004106414159
              ],
              [
                96.97966835928275,
                63.500019215700775
              ],
              [
                97.0,
                63.50000000000001
              ]
            ]
          ],
          [
            [
              [
                97.5,
                63.50000000000001
              ],
              [
                97.52232881542352,
                63.50002091974372
              ],
              [
                97.45012327247808,
                63.50004107502877
              ],
              [
                97.5,
                63.50000000000001
              ]
            ]
          ],
          [
            [
              [
                98.0,
                63.50000000000001
              ],
              [
                98.04988148142995,
                63.50004107796793
              ],
              [
                97.97938684879537,
                63.50001945788057
              ],
              [
                98.0,
                63.50000000000001
              ]
            ]
          ],
          [
            [
              [
                98.45010676319366,
                63.500041085235026
              ],
              [
                98.5,
                63.50000000000001
              ],
              [
                98.52205033673252,
                63.500020684107845
              ],
              [
                98.45010676319366,
                63.500041085235026
              ]
            ]
          ],
          [
            [
              [
                102.9779866046327,
                63.50002065280179
              ],
              [
                103.0,
                63.50000000000001
              ],
              [
                103.04989498511581,
                63.500041086315726
              ],
              [
                102.9779866046327,
                63.50002065280179
              ]
            ]
          ],
          [
            [
              [
                99.0,
                63.50000000000001
              ],
              [
                99.04989704498479,
                63.50004108758898
              ],
              [
                98.97910581794149,
                63.5000196989972
              ],
              [
                99.0,
                63.50000000000001
              ]
            ]
          ],
          [
            [
              [
                102.5,
                63.50000000000001
              ],
              [
                102.52093138697819,
                63.50001973086925
              ],
              [
                102.45010139252793,
                63.50004108855475
              ],
              [
                102.5,
                63.50000000000001
              ]
            ]
          ],
          [
            [
              [
                99.5,
                63.50000000000001
              ],
              [
                99.52177134859356,
                63.500020447400864
              ],
              [
                99.45009615608748,
                63.500041091791296
              ],
              [
                99.5,
                63.50000000000001
              ]
            ]
          ],
          [
            [
              [
                101.97826565983655,
                63.500020415953
              ],
              [
                102.0,
                63.50000000000001
              ],
              [
                102.04990479808225,
                63.50004109238102
              ],
              [
                101.97826565983655,
                63.500020415953
              ]
            ]
          ],
          [
            [
              [
                99.97882527233706,
                63.500019939049146
              ],
              [
                100.0,
                63.50000000000001
              ],
              [
                100.04990599936355,
                63.50004109312348
              ],
              [
                99.97882527233706,
                63.500019939049146
              ]
            ]
          ],
          [
            [
              [
                101.5,
                63.50000000000001
              ],
              [
                101.52121186784939,
                63.50001997078
              ],
              [
                101.45009330025388,
                63.50004109355635
              ],
              [
                101.5,
                63.50000000000001
              ]
            ]
          ],
          [
            [
              [
                100.50000000000001,
                63.50000000000001
              ],
              [
                100.52149185699398,
                63.50002020962439
              ],
              [
                100.4500916126452,
                63.50004109459933
              ],
              [
                100.50000000000001,
                63.50000000000001
              ]
            ]
          ],
          [
            [
              [
                101.0,
                63.50000000000001
              ],
              [
                101.04990852557339,
                63.50004109468475
              ],
              [
                100.97854521769975,
                63.50002017803493
              ],
              [
                101.0,
                63.50000000000001
              ]
            ]
          ],
          [
            [
              [
                103.75,
                63.50000000000001
              ],
              [
                103.75735348810144,
                63.500007342606345
              ],
              [
                103.74910664326715,
                63.50000091578414
              ],
              [
                103.75,
                63.50000000000001
              ]
            ]
          ],
          [
            [
              [
                104.75,
                63.50000000000001
              ],
              [
                104.75958300274584,
                63.50000948089963
              ],
              [
                104.74880260088011,
                63.500001225961235
              ],
              [
                104.75,
                63.50000000000001
              ]
            ]
          ],
          [
            [
              [
                105.75,
                63.50000000000001
              ],
              [
                105.76168843757121,
                63.50001146263111
              ],
              [
                105.74849880040122,
                63.50000153513163
              ],
              [
                105.75,
                63.50000000000001
              ]
            ]
          ],
          [
            [
              [
                106.75,
                63.50000000000001
              ],
              [
                106.76367855794766,
                63.50001330228221
              ],
              [
                106.74819524408575,
                63.50000184329484
              ],
              [
                106.75,
                63.50000000000001
              ]
            ]
          ],
          [
            [
              [
                107.74789193421857,
                63.50000215045039
              ],
              [
                107.75,
                63.50000000000001
              ],
              [
                107.76556132261177,
                63.50001501268804
              ],
              [
                107.74789193421857,
                63.50000215045039
              ]
            ]
          ],
          [
            [
              [
                108.74758887310377,
                63.5000024565978
              ],
              [
                108.75,
                63.50000000000001
              ],
              [
                108.76734397444356,
                63.500016605256874
              ],
              [
                108.74758887310377,
                63.5000024565978
              ]
            ]
          ],
          [
            [
              [
                109.75,
                63.50000000000001
              ],
              [
                109.76903311899403,
                63.50001809015636
              ],
              [
                109.7472860630946,
                63.50000276173656
              ],
              [
                109.75,
                63.50000000000001
              ]
            ]
          ],
          [
            [
              [
                110.75,
                63.50000000000001
              ],
              [
                110.77063479334137,
                63.50001947647203
              ],
              [
                110.74698350654988,
                63.50000306586622
              ],
              [
                110.75,
                63.50000000000001
              ]
            ]
          ],
          [
            [
              [
                111.75000000000001,
                63.50000000000001
              ],
              [
                111.77215452572307,
                63.50002077234251
              ],
              [
                111.74668120587455,
                63.50000336898618
              ],
              [
                111.75000000000001,
                63.50000000000001
              ]
            ]
          ],
          [
            [
              [
                112.74637916349232,
                63.500003671096
              ],
              [
                112.75,
                63.50000000000001
              ],
              [
                112.77359738820394,
                63.50002198507562
              ],
              [
                112.74637916349232,
                63.500003671096
              ]
            ]
          ],
          [
            [
              [
                113.74607738187387,
                63.50000397219512
              ],
              [
                113.75,
                63.50000000000001
              ],
              [
                113.77496804262212,
                63.50002312124807
              ],
              [
                113.74607738187387,
                63.50000397219512
              ]
            ]
          ],
          [
            [
              [
                114.75000000000001,
                63.50000000000001
              ],
              [
                114.77627078138289,
                63.50002418679144
              ],
              [
                114.7457758635078,
                63.50000427228301
              ],
              [
                114.75000000000001,
                63.50000000000001
              ]
            ]
          ],
          [
            [
              [
                115.75,
                63.50000000000001
              ],
              [
                115.77750956329395,
                63.50002518706682
              ],
              [
                115.74547461091556,
                63.50000457135914
              ],
              [
                115.75,
                63.50000000000001
              ]
            ]
          ],
          [
            [
              [
                116.75000000000001,
                63.50000000000001
              ],
              [
                116.77868804530766,
                63.500026126929214
              ],
              [
                116.7451736266576,
                63.50000486942292
              ],
              [
                116.75000000000001,
                63.50000000000001
              ]
            ]
          ],
          [
            [
              [
                117.74487291331812,
                63.50000516647386
              ],
              [
                117.75,
                63.50000000000001
              ],
              [
                117.77980961084312,
                63.50002701078399
              ],
              [
                117.74487291331812,
                63.50000516647386
              ]
            ]
          ],
          [
            [
              [
                118.74457247352788,
                63.50000546251134
              ],
              [
                118.74999999999999,
                63.50000000000001
              ],
              [
                118.78087739477546,
                63.50002784263576
              ],
              [
                118.74457247352788,
                63.50000546251134
              ]
            ]
          ],
          [
            [
              [
                119.74999999999999,
                63.50000000000001
              ],
              [
                119.78189430598034,
                63.5000286261315
              ],
              [
                119.74427230993753,
                63.500005757534744
              ],
              [
                119.74999999999999,
                63.50000000000001
              ]
            ]
          ],
          [
            [
              [
                120.75,
                63.50000000000001
              ],
              [
                120.78286304721998,
                63.500029364598106
              ],
              [
                120.74397242524353,
                63.50000605154358
              ],
              [
                120.75,
                63.50000000000001
              ]
            ]
          ],
          [
            [
              [
                121.75000000000001,
                63.50000000000001
              ],
              [
                121.78378613317962,
                63.50003006107559
              ],
              [
                121.74367282216659,
                63.50000634453717
              ],
              [
                121.75000000000001,
                63.50000000000001
              ]
            ]
          ],
          [
            [
              [
                103.2095253075239,
                63.500034898154354
              ],
              [
                103.25,
                63.50000000000001
              ],
              [
                103.28940746344864,
                63.50003415103594
              ],
              [
                103.2095253075239,
                63.500034898154354
              ]
            ]
          ],
          [
            [
              [
                104.20931011608059,
                63.50003504766446
              ],
              [
                104.25,
                63.50000000000001
              ],
              [
                104.28918429165662,
                63.50003399361846
              ],
              [
                104.20931011608059,
                63.50003504766446
              ]
            ]
          ],
          [
            [
              [
                105.25,
                63.50000000000001
              ],
              [
                105.2889598345203,
                63.500033834880895
              ],
              [
                105.20909636390957,
                63.50003519579725
              ],
              [
                105.25,
                63.50000000000001
              ]
            ]
          ],
          [
            [
              [
                106.25,
                63.50000000000001
              ],
              [
                106.28873411258816,
                63.50003367483066
              ],
              [
                106.20888407545176,
                63.50003534254352
              ],
              [
                106.25,
                63.50000000000001
              ]
            ]
          ],
          [
            [
              [
                107.25000000000001,
                63.50000000000001
              ],
              [
                107.28850714598487,
                63.500033513475096
              ],
              [
                107.20867327568631,
                63.50003548789367
              ],
              [
                107.25000000000001,
                63.50000000000001
              ]
            ]
          ],
          [
            [
              [
                108.20846399017938,
                63.500035631837946
              ],
              [
                108.25,
                63.50000000000001
              ],
              [
                108.2882789544042,
                63.50003335082126
              ],
              [
                108.20846399017938,
                63.500035631837946
              ]
            ]
          ],
          [
            [
              [
                109.20825624508224,
                63.500035774366204
              ],
              [
                109.25,
                63.50000000000001
              ],
              [
                109.28804955711821,
                63.50003318687603
              ],
              [
                109.20825624508224,
                63.500035774366204
              ]
            ]
          ],
          [
            [
              [
                110.24999999999999,
                63.50000000000001
              ],
              [
                110.28781897301687,
                63.50003302164614
              ],
              [
                110.20805006714072,
                63.500035915468104
              ],
              [
                110.24999999999999,
                63.50000000000001
              ]
            ]
          ],
          [
            [
              [
                111.25,
                63.50000000000001
              ],
              [
                111.2875872205821,
                63.50003285513814
              ],
              [
                111.207845483734,
                63.50003605513292
              ],
              [
                111.25,
                63.50000000000001
              ]
            ]
          ],
          [
            [
              [
                112.25,
                63.50000000000001
              ],
              [
                112.28735431791594,
                63.50003268735839
              ],
              [
                112.20764252288295,
                63.50003619334968
              ],
              [
                112.25,
                63.50000000000001
              ]
            ]
          ],
          [
            [
              [
                113.20744121326284,
                63.500036330107044
              ],
              [
                113.25,
                63.50000000000001
              ],
              [
                113.2871202827578,
                63.500032518313084
              ],
              [
                113.20744121326284,
                63.500036330107044
              ]
            ]
          ],
          [
            [
              [
                114.2072415842309,
                63.500036465393336
              ],
              [
                114.25,
                63.50000000000001
              ],
              [
                114.28688513246962,
                63.50003234800831
              ],
              [
                114.2072415842309,
                63.500036465393336
              ]
            ]
          ],
          [
            [
              [
                115.25,
                63.50000000000001
              ],
              [
                115.28664888406716,
                63.50003217644996
              ],
              [
                115.20704366585444,
                63.50003659919656
              ],
              [
                115.25,
                63.50000000000001
              ]
            ]
          ],
          [
            [
              [
                116.25,
                63.50000000000001
              ],
              [
                116.28641155423038,
                63.50003200364377
              ],
              [
                116.20684748890199,
                63.50003673150435
              ],
              [
                116.25,
                63.50000000000001
              ]
            ]
          ],
          [
            [
              [
                117.25000000000001,
                63.50000000000001
              ],
              [
                117.28617315928555,
                63.50003182959535
              ],
              [
                117.20665308490443,
                63.500036862303915
              ],
              [
                117.25000000000001,
                63.50000000000001
              ]
            ]
          ],
          [
            [
              [
                118.20646048614297,
                63.500036991582164
              ],
              [
                118.25,
                63.50000000000001
              ],
              [
                118.28593371525002,
                63.50003165431018
              ],
              [
                118.20646048614297,
                63.500036991582164
              ]
            ]
          ],
          [
            [
              [
                119.20626972569896,
                63.500037119325555
              ],
              [
                119.25000000000001,
                63.50000000000001
              ],
              [
                119.2856932378067,
                63.500031477793534
              ],
              [
                119.20626972569896,
                63.500037119325555
              ]
            ]
          ],
          [
            [
              [
                120.25,
                63.50000000000001
              ],
              [
                120.28545174233506,
                63.50003130005071
              ],
              [
                120.20608083746592,
                63.5000372455201
              ],
              [
                120.25,
                63.50000000000001
              ]
            ]
          ],
          [
            [
              [
                121.24999999999999,
                63.50000000000001
              ],
              [
                121.28520924391471,
                63.50003112108669
              ],
              [
                121.20589385615712,
                63.50003737015142
              ],
              [
                121.24999999999999,
                63.50000000000001
              ]
            ]
          ],
          [
            [
              [
                122.25,
                63.50000000000001
              ],
              [
                122.28496575731579,
                63.50003094090643
              ],
              [
                122.20570881738294,
                63.50003749320469
              ],
              [
                122.25,
                63.50000000000001
              ]
            ]
          ],
          [
            [
              [
                122.50000000000001,
                63.50000000000001
              ],
              [
                122.51522671750045,
                63.5000147108463
              ],
              [
                122.45194574747234,
                63.50003993455815
              ],
              [
                122.50000000000001,
                63.50000000000001
              ]
            ]
          ],
          [
            [
              [
                121.50000000000003,
                63.50000000000001
              ],
              [
                121.51551593897528,
                63.50001497180222
              ],
              [
                121.45176024756289,
                63.50004005189011
              ],
              [
                121.50000000000003,
                63.50000000000001
              ]
            ]
          ],
          [
            [
              [
                120.50000000000001,
                63.50000000000001
              ],
              [
                120.51580476817709,
                63.50001523171715
              ],
              [
                120.45158653797115,
                63.5000401615077
              ],
              [
                120.50000000000001,
                63.50000000000001
              ]
            ]
          ],
          [
            [
              [
                119.5,
                63.50000000000001
              ],
              [
                119.51609320079116,
                63.50001549059003
              ],
              [
                119.45142422860454,
                63.500040263706865
              ],
              [
                119.5,
                63.50000000000001
              ]
            ]
          ],
          [
            [
              [
                118.45127294633487,
                63.50004035876752
              ],
              [
                118.50000000000001,
                63.50000000000001
              ],
              [
                118.51638123246568,
                63.50001574841977
              ],
              [
                118.45127294633487,
                63.50004035876752
              ]
            ]
          ],
          [
            [
              [
                121.97278864064387,
                63.50002494743125
              ],
              [
                122.0,
                63.50000000000001
              ],
              [
                122.04873831097842,
                63.50004036583371
              ],
              [
                121.97278864064387,
                63.50002494743125
              ]
            ]
          ],
          [
            [
              [
                121.0,
                63.50000000000001
              ],
              [
                121.04883840555136,
                63.50004042861693
              ],
              [
                120.97305688839597,
                63.50002473124306
              ],
              [
                121.0,
                63.50000000000001
              ]
            ]
          ],
          [
            [
              [
                117.5,
                63.50000000000001
              ],
              [
                117.51666885877015,
                63.50001600520532
              ],
              [
                117.4511323341751,
                63.50004044695454
              ],
              [
                117.5,
                63.50000000000001
              ]
            ]
          ],
          [
            [
              [
                119.99999999999999,
                63.50000000000001
              ],
              [
                120.04893471899916,
                63.50004048895064
              ],
              [
                119.97332577098366,
                63.50002451394891
              ],
              [
                119.99999999999999,
                63.50000000000001
              ]
            ]
          ],
          [
            [
              [
                116.4510020503717,
                63.50004052851874
              ],
              [
                116.5,
                63.50000000000001
              ],
              [
                116.51695607521015,
                63.500016260945486
              ],
              [
                116.4510020503717,
                63.50004052851874
              ]
            ]
          ],
          [
            [
              [
                118.9735952803622,
                63.50002429555111
              ],
              [
                119.0,
                63.50000000000001
              ],
              [
                119.04902716239022,
                63.50004054678823
              ],
              [
                118.9735952803622,
                63.50002429555111
              ]
            ]
          ],
          [
            [
              [
                118.00000000000001,
                63.50000000000001
              ],
              [
                118.04911564395454,
                63.5000406020812
              ],
              [
                117.97386540862638,
                63.50002407605192
              ],
              [
                118.00000000000001,
                63.50000000000001
              ]
            ]
          ],
          [
            [
              [
                115.49999999999999,
                63.50000000000001
              ],
              [
                115.5172428772293,
                63.500016515639174
              ],
              [
                115.45088176761669,
                63.50004060369776
              ],
              [
                115.49999999999999,
                63.50000000000001
              ]
            ]
          ],
          [
            [
              [
                117.0,
                63.50000000000001
              ],
              [
                117.0492000690178,
                63.50004065477915
              ],
              [
                116.97413614800189,
                63.500023855453584
              ],
              [
                117.0,
                63.50000000000001
              ]
            ]
          ],
          [
            [
              [
                114.45077117228311,
                63.50004067271688
              ],
              [
                114.5,
                63.50000000000001
              ],
              [
                114.51752926019574,
                63.50001676928522
              ],
              [
                114.45077117228311,
                63.50004067271688
              ]
            ]
          ],
          [
            [
              [
                115.97440749084012,
                63.500023633758225
              ],
              [
                116.00000000000001,
                63.50000000000001
              ],
              [
                116.0492803398626,
                63.500040704829644
              ],
              [
                115.97440749084012,
                63.500023633758225
              ]
            ]
          ],
          [
            [
              [
                113.5,
                63.50000000000001
              ],
              [
                113.5178152194183,
                63.50001702188247
              ],
              [
                113.45066996372033,
                63.5000407357898
              ],
              [
                113.5,
                63.50000000000001
              ]
            ]
          ],
          [
            [
              [
                115.0,
                63.50000000000001
              ],
              [
                115.04935635559328,
                63.5000407521781
              ],
              [
                114.97467942962935,
                63.500023410968005
              ],
              [
                115.0,
                63.50000000000001
              ]
            ]
          ],
          [
            [
              [
                112.5,
                63.50000000000001
              ],
              [
                112.51810075012246,
                63.50001727342969
              ],
              [
                112.4505778536106,
                63.50004079311928
              ],
              [
                112.5,
                63.50000000000001
              ]
            ]
          ],
          [
            [
              [
                113.97495195696696,
                63.50002318708498
              ],
              [
                114.00000000000001,
                63.50000000000001
              ],
              [
                114.04942801204744,
                63.50004079676773
              ],
              [
                113.97495195696696,
                63.50002318708498
              ]
            ]
          ],
          [
            [
              [
                112.97522506559208,
                63.5000229621112
              ],
              [
                113.0,
                63.50000000000001
              ],
              [
                113.04949520159475,
                63.500040838539334
              ],
              [
                112.97522506559208,
                63.5000229621112
              ]
            ]
          ],
          [
            [
              [
                111.5,
                63.50000000000001
              ],
              [
                111.51838584747435,
                63.50001752392565
              ],
              [
                111.4504945652909,
                63.500040844897974
              ],
              [
                111.5,
                63.50000000000001
              ]
            ]
          ],
          [
            [
              [
                112.00000000000001,
                63.50000000000001
              ],
              [
                112.04955781308362,
                63.50004087743134
              ],
              [
                111.97549874833842,
                63.50002273604868
              ],
              [
                112.00000000000001,
                63.50000000000001
              ]
            ]
          ],
          [
            [
              [
                110.5,
                63.50000000000001
              ],
              [
                110.51867050656277,
                63.50001777336912
              ],
              [
                110.45041983322488,
                63.50004089130882
              ],
              [
                110.5,
                63.50000000000001
              ]
            ]
          ],
          [
            [
              [
                110.97577299817581,
                63.50002250889934
              ],
              [
                111.0,
                63.50000000000001
              ],
              [
                111.04961573160189,
                63.50004091337949
              ],
              [
                110.97577299817581,
                63.50002250889934
              ]
            ]
          ],
          [
            [
              [
                109.45035340243513,
                63.500040932525735
              ],
              [
                109.50000000000001,
                63.50000000000001
              ],
              [
                109.51895472239363,
                63.50001802175885
              ],
              [
                109.45035340243513,
                63.500040932525735
              ]
            ]
          ],
          [
            [
              [
                110.0,
                63.50000000000001
              ],
              [
                110.04966883836747,
                63.500040946316894
              ],
              [
                109.9760478081883,
                63.50002228066513
              ],
              [
                110.0,
                63.50000000000001
              ]
            ]
          ],
          [
            [
              [
                108.5,
                63.50000000000001
              ],
              [
                108.51923848991655,
                63.500018269093474
              ],
              [
                108.45029502793683,
                63.500040968714146
              ],
              [
                108.5,
                63.50000000000001
              ]
            ]
          ],
          [
            [
              [
                109.0,
                63.50000000000001
              ],
              [
                109.04971701057099,
                63.50004097617374
              ],
              [
                108.97632317156015,
                63.500022051347884
              ],
              [
                109.0,
                63.50000000000001
              ]
            ]
          ],
          [
            [
              [
                107.45024447434643,
                63.50004100003144
              ],
              [
                107.5,
                63.50000000000001
              ],
              [
                107.51952180397942,
                63.500018515371735
              ],
              [
                107.45024447434643,
                63.50004100003144
              ]
            ]
          ],
          [
            [
              [
                107.97659908159285,
                63.5000218209495
              ],
              [
                108.0,
                63.50000000000001
              ],
              [
                108.04976012117837,
                63.50004100287726
              ],
              [
                107.97659908159285,
                63.5000218209495
              ]
            ]
          ],
          [
            [
              [
                107.0,
                63.50000000000001
              ],
              [
                107.04979803875686,
                63.50004102635147
              ],
              [
                106.97687553169419,
                63.50002158947173
              ],
              [
                107.0,
                63.50000000000001
              ]
            ]
          ],
          [
            [
              [
                106.5,
                63.50000000000001
              ],
              [
                106.5198046593712,
                63.500018760592276
              ],
              [
                106.45020151531392,
                63.50004102662748
              ],
              [
                106.5,
                63.50000000000001
              ]
            ]
          ],
          [
            [
              [
                106.0,
                63.50000000000001
              ],
              [
                106.04983062727283,
                63.50004104651709
              ],
              [
                105.97715251538388,
                63.50002135691635
              ],
              [
                106.0,
                63.50000000000001
              ]
            ]
          ],
          [
            [
              [
                105.45016593316434,
                63.500041048644974
              ],
              [
                105.49999999999999,
                63.50000000000001
              ],
              [
                105.5200870507907,
                63.5000190047537
              ],
              [
                105.45016593316434,
                63.500041048644974
              ]
            ]
          ],
          [
            [
              [
                104.9774300262745,
                63.50002112328511
              ],
              [
                105.00000000000001,
                63.50000000000001
              ],
              [
                105.04985774592448,
                63.50004106329131
              ],
              [
                104.9774300262745,
                63.50002112328511
              ]
            ]
          ],
          [
            [
              [
                104.5,
                63.50000000000001
              ],
              [
                104.52036897285431,
                63.50001924785464
              ],
              [
                104.4501375184641,
                63.500041066219914
              ],
              [
                104.5,
                63.50000000000001
              ]
            ]
          ],
          [
            [
              [
                104.0,
                63.50000000000001
              ],
              [
                104.04987924888594,
                63.50004107658764
              ],
              [
                103.9777080580851,
                63.50002088857971
              ],
              [
                104.0,
                63.50000000000001
              ]
            ]
          ],
          [
            [
              [
                103.5,
                63.50000000000001
              ],
              [
                103.52065042009804,
                63.50001948989362
              ],
              [
                103.4501160696221,
                63.50004107948195
              ],
              [
                103.5,
                63.50000000000001
              ]
            ]
          ],
          [
            [
              [
                122.75,
                63.50000000000001
              ],
              [
                122.78466590646711,
                63.500030718346174
              ],
              [
                122.74337350347099,
                63.50000663651495
              ],
              [
                122.75,
                63.50000000000001
              ]
            ]
          ],
          [
            [
              [
                123.75000000000001,
                63.50000000000001
              ],
              [
                123.78550455211607,
                63.50003133896018
              ],
              [
                123.74307447195801,
                63.500006927476264
              ],
              [
                123.75000000000001,
                63.50000000000001
              ]
            ]
          ],
          [
            [
              [
                124.75,
                63.50000000000001
              ],
              [
                124.78630411063816,
                63.50003192525879
              ],
              [
                124.74277573045885,
                63.500007217420524
              ],
              [
                124.75,
                63.50000000000001
              ]
            ]
          ],
          [
            [
              [
                125.74247728185156,
                63.500007506347075
              ],
              [
                125.74999999999999,
                63.50000000000001
              ],
              [
                125.78706648973416,
                63.500032479394285
              ],
              [
                125.74247728185156,
                63.500007506347075
              ]
            ]
          ],
          [
            [
              [
                126.74217912904443,
                63.50000779425526
              ],
              [
                126.75,
                63.50000000000001
              ],
              [
                126.78779347496364,
                63.500033003348115
              ],
              [
                126.74217912904443,
                63.50000779425526
              ]
            ]
          ],
          [
            [
              [
                127.74999999999999,
                63.50000000000001
              ],
              [
                127.7884867393713,
                63.50003349894681
              ],
              [
                127.741881274982,
                63.500008081144436
              ],
              [
                127.74999999999999,
                63.50000000000001
              ]
            ]
          ],
          [
            [
              [
                128.75,
                63.50000000000001
              ],
              [
                128.78914785214482,
                63.500033967876384
              ],
              [
                128.74158372265944,
                63.5000083670139
              ],
              [
                128.75,
                63.50000000000001
              ]
            ]
          ],
          [
            [
              [
                129.75,
                63.50000000000001
              ],
              [
                129.78977828662778,
                63.50003441169507
              ],
              [
                129.7412864751037,
                63.50000865186301
              ],
              [
                129.75,
                63.50000000000001
              ]
            ]
          ],
          [
            [
              [
                130.74098953538382,
                63.500008935691056
              ],
              [
                130.75,
                63.50000000000001
              ],
              [
                130.79037942748832,
                63.50003483184473
              ],
              [
                130.74098953538382,
                63.500008935691056
              ]
            ]
          ],
          [
            [
              [
                131.74069290661166,
                63.500009218497354
              ],
              [
                131.75,
                63.50000000000001
              ],
              [
                131.79095257730572,
                63.50003522966121
              ],
              [
                131.74069290661166,
                63.500009218497354
              ]
            ]
          ],
          [
            [
              [
                132.75,
                63.50000000000001
              ],
              [
                132.79149896256723,
                63.50003560638349
              ],
              [
                132.74039659193673,
                63.50000950028113
              ],
              [
                132.75,
                63.50000000000001
              ]
            ]
          ],
          [
            [
              [
                141.5,
                63.50000000000001
              ],
              [
                141.50966227021289,
                63.50000955617072
              ],
              [
                141.45839551658605,
                63.50003567885505
              ],
              [
                141.5,
                63.50000000000001
              ]
            ]
          ],
          [
            [
              [
                133.75,
                63.50000000000001
              ],
              [
                133.7920197390948,
                63.50003596316208
              ],
              [
                133.74010059456253,
                63.50000978104169
              ],
              [
                133.75,
                63.50000000000001
              ]
            ]
          ],
          [
            [
              [
                140.4578796985092,
                63.5000360317992
              ],
              [
                140.5,
                63.50000000000001
              ],
              [
                140.5099582041352,
                63.500009836727834
              ],
              [
                140.4578796985092,
                63.5000360317992
              ]
            ]
          ],
          [
            [
              [
                134.73980491771894,
                63.50001006077834
              ],
              [
                134.75000000000003,
                63.50000000000001
              ],
              [
                134.7925159971724,
                63.50003630106635
              ],
              [
                134.73980491771894,
                63.50001006077834
              ]
            ]
          ],
          [
            [
              [
                139.5,
                63.50000000000001
              ],
              [
                139.51025381687165,
                63.50001011626082
              ],
              [
                139.4573881896049,
                63.50003636607254
              ],
              [
                139.5,
                63.50000000000001
              ]
            ]
          ],
          [
            [
              [
                135.75,
                63.50000000000001
              ],
              [
                135.792988765993,
                63.50003662109145
              ],
              [
                135.73950956469503,
                63.500010339490224
              ],
              [
                135.75,
                63.50000000000001
              ]
            ]
          ],
          [
            [
              [
                138.5,
                63.50000000000001
              ],
              [
                138.510549105136,
                63.50001039476894
              ],
              [
                138.45691997225225,
                63.50003668265624
              ],
              [
                138.5,
                63.50000000000001
              ]
            ]
          ],
          [
            [
              [
                136.73921453882116,
                63.500010617176656
              ],
              [
                136.75,
                63.50000000000001
              ],
              [
                136.7934390179727,
                63.50003692416432
              ],
              [
                136.73921453882116,
                63.500010617176656
              ]
            ]
          ],
          [
            [
              [
                137.45647408488043,
                63.500036982464295
              ],
              [
                137.5,
                63.50000000000001
              ],
              [
                137.51084406558016,
                63.500010672251435
              ],
              [
                137.45647408488043,
                63.500036982464295
              ]
            ]
          ],
          [
            [
              [
                137.75,
                63.50000000000001
              ],
              [
                137.79386767260743,
                63.50003721114924
              ],
              [
                137.73891984346045,
                63.50001089383682
              ],
              [
                137.75,
                63.50000000000001
              ]
            ]
          ],
          [
            [
              [
                136.5,
                63.50000000000001
              ],
              [
                136.51113869483123,
                63.500010948707526
              ],
              [
                136.4560496180905,
                63.50003726634919
              ],
              [
                136.5,
                63.50000000000001
              ]
            ]
          ],
          [
            [
              [
                138.75,
                63.50000000000001
              ],
              [
                138.79427559993886,
                63.50003748285287
              ],
              [
                138.7386254820463,
                63.50001116946993
              ],
              [
                138.75,
                63.50000000000001
              ]
            ]
          ],
          [
            [
              [
                135.45564571123344,
                63.50003753510667
              ],
              [
                135.5,
                63.50000000000001
              ],
              [
                135.51143298945627,
                63.50001122413639
              ],
              [
                135.45564571123344,
                63.50003753510667
              ]
            ]
          ],
          [
            [
              [
                123.2055257576118,
                63.5000376146646
              ],
              [
                123.24999999999999,
                63.50000000000001
              ],
              [
                123.28472129703478,
                63.50003075951479
              ],
              [
                123.2055257576118,
                63.5000376146646
              ]
            ]
          ],
          [
            [
              [
                124.25,
                63.50000000000001
              ],
              [
                124.2844758772804,
                63.50003057691649
              ],
              [
                124.20534471425029,
                63.50003773451535
              ],
              [
                124.25,
                63.50000000000001
              ]
            ]
          ],
          [
            [
              [
                139.75,
                63.50000000000001
              ],
              [
                139.79466362393094,
                63.500037740028745
              ],
              [
                139.73833145804585,
                63.50001144407519
              ],
              [
                139.75,
                63.50000000000001
              ]
            ]
          ],
          [
            [
              [
                134.5,
                63.50000000000001
              ],
              [
                134.51172694597255,
                63.500011498537226
              ],
              [
                134.45526154915865,
                63.500037789480245
              ],
              [
                134.5,
                63.50000000000001
              ]
            ]
          ],
          [
            [
              [
                125.2051657256614,
                63.50003785274068
              ],
              [
                125.25,
                63.50000000000001
              ],
              [
                125.2842295119735,
                63.50003039311605
              ],
              [
                125.2051657256614,
                63.50003785274068
              ]
            ]
          ],
          [
            [
              [
                126.20498883116058,
                63.50003796932374
              ],
              [
                126.25000000000001,
                63.50000000000001
              ],
              [
                126.28398221478851,
                63.50003020811802
              ],
              [
                126.20498883116058,
                63.50003796932374
              ]
            ]
          ],
          [
            [
              [
                140.75,
                63.50000000000001
              ],
              [
                140.795032525475,
                63.50003798338149
              ],
              [
                140.73803777496602,
                63.50001171765176
              ],
              [
                140.75,
                63.50000000000001
              ]
            ]
          ],
          [
            [
              [
                133.5,
                63.50000000000001
              ],
              [
                133.51202056085853,
                63.50001177190922
              ],
              [
                133.4548963592197,
                63.500038030165264
              ],
              [
                133.5,
                63.50000000000001
              ]
            ]
          ],
          [
            [
              [
                127.25,
                63.50000000000001
              ],
              [
                127.2837339991266,
                63.50003002192677
              ],
              [
                127.20481407109382,
                63.50003808424721
              ],
              [
                127.25,
                63.50000000000001
              ]
            ]
          ],
          [
            [
              [
                128.20464148684636,
                63.50003819749315
              ],
              [
                128.25,
                63.50000000000001
              ],
              [
                128.2834848781297,
                63.50002983454657
              ],
              [
                128.20464148684636,
                63.50003819749315
              ]
            ]
          ],
          [
            [
              [
                141.73774443638092,
                63.50001199019881
              ],
              [
                141.75,
                63.50000000000001
              ],
              [
                141.7953830450809,
                63.50003821357055
              ],
              [
                141.73774443638092,
                63.50001199019881
              ]
            ]
          ],
          [
            [
              [
                132.5,
                63.50000000000001
              ],
              [
                132.5123138305438,
                63.50001204425152
              ],
              [
                132.45454940856862,
                63.50003825781258
              ],
              [
                132.5,
                63.50000000000001
              ]
            ]
          ],
          [
            [
              [
                129.25,
                63.50000000000001
              ],
              [
                129.28323486469625,
                63.500029645981556
              ],
              [
                129.2044711208768,
                63.50003830904306
              ],
              [
                129.25,
                63.50000000000001
              ]
            ]
          ],
          [
            [
              [
                130.25000000000003,
                63.50000000000001
              ],
              [
                130.28298397148103,
                63.500029456235815
              ],
              [
                130.20430301675265,
                63.50003841887787
              ],
              [
                130.25000000000003,
                63.50000000000001
              ]
            ]
          ],
          [
            [
              [
                131.45422000166968,
                63.50003847303194
              ],
              [
                131.5,
                63.50000000000001
              ],
              [
                131.51260675138877,
                63.50001231556329
              ],
              [
                131.45422000166968,
                63.50003847303194
              ]
            ]
          ],
          [
            [
              [
                131.20413721919846,
                63.500038526977804
              ],
              [
                131.25,
                63.50000000000001
              ],
              [
                131.2827322108969,
                63.50002926531335
              ],
              [
                131.20413721919846,
                63.500038526977804
              ]
            ]
          ],
          [
            [
              [
                132.25,
                63.50000000000001
              ],
              [
                132.28247959512365,
                63.500029073218045
              ],
              [
                132.20397377412505,
                63.500038633322475
              ],
              [
                132.25,
                63.50000000000001
              ]
            ]
          ],
          [
            [
              [
                142.0,
                63.50000000000001
              ],
              [
                142.04605843023728,
                63.50003865425014
              ],
              [
                141.96757071933644,
                63.50002903489495
              ],
              [
                142.0,
                63.50000000000001
              ]
            ]
          ],
          [
            [
              [
                130.5,
                63.50000000000001
              ],
              [
                130.512899319733,
                63.50001258584365
              ],
              [
                130.45390747783014,
                63.500038676395135
              ],
              [
                130.5,
                63.50000000000001
              ]
            ]
          ],
          [
            [
              [
                133.20381272866103,
                63.50003873789081
              ],
              [
                133.25,
                63.50000000000001
              ],
              [
                133.28222613611845,
                63.500028879953675
              ],
              [
                133.20381272866103,
                63.50003873789081
              ]
            ]
          ],
          [
            [
              [
                140.9678243445481,
                63.50002884139866
              ],
              [
                141.0,
                63.50000000000001
              ],
              [
                141.04621899299462,
                63.50003875846279
              ],
              [
                140.9678243445481,
                63.50002884139866
              ]
            ]
          ],
          [
            [
              [
                134.25,
                63.50000000000001
              ],
              [
                134.28197184561475,
                63.50002868552395
              ],
              [
                134.20365413121277,
                63.500038840661
              ],
              [
                134.25,
                63.50000000000001
              ]
            ]
          ],
          [
            [
              [
                140.0,
                63.50000000000001
              ],
              [
                140.04637709796032,
                63.50003886087293
              ],
              [
                139.9680787989545,
                63.50002864673772
              ],
              [
                140.0,
                63.50000000000001
              ]
            ]
          ],
          [
            [
              [
                129.5,
                63.50000000000001
              ],
              [
                129.51319153184056,
                63.50001285509171
              ],
              [
                129.45361120918054,
                63.50003886843863
              ],
              [
                129.5,
                63.50000000000001
              ]
            ]
          ],
          [
            [
              [
                135.2034980314832,
                63.50003894161053
              ],
              [
                135.25,
                63.50000000000001
              ],
              [
                135.2817167351325,
                63.5000284899325
              ],
              [
                135.2034980314832,
                63.50003894161053
              ]
            ]
          ],
          [
            [
              [
                138.96833407107616,
                63.500028450915764
              ],
              [
                139.0,
                63.50000000000001
              ],
              [
                139.0465326951609,
                63.50003896145782
              ],
              [
                138.96833407107616,
                63.500028450915764
              ]
            ]
          ],
          [
            [
              [
                136.25,
                63.50000000000001
              ],
              [
                136.28146081597248,
                63.50002829318284
              ],
              [
                136.20334448054973,
                63.50003904071612
              ],
              [
                136.25,
                63.50000000000001
              ]
            ]
          ],
          [
            [
              [
                128.5,
                63.50000000000001
              ],
              [
                128.51348338392856,
                63.50001312330659
              ],
              [
                128.45333059858922,
                63.500039049666306
              ],
              [
                128.5,
                63.50000000000001
              ]
            ]
          ],
          [
            [
              [
                138.0,
                63.50000000000001
              ],
              [
                138.04668573325856,
                63.500039060194005
              ],
              [
                137.96859014965202,
                63.5000282539363
              ],
              [
                138.0,
                63.50000000000001
              ]
            ]
          ],
          [
            [
              [
                137.20319353087382,
                63.500039137953614
              ],
              [
                137.25,
                63.50000000000001
              ],
              [
                137.2812040992322,
                63.500028095278445
              ],
              [
                137.20319353087382,
                63.500039137953614
              ]
            ]
          ],
          [
            [
              [
                136.96884702362524,
                63.50002805580277
              ],
              [
                137.0,
                63.50000000000001
              ],
              [
                137.04683615949284,
                63.50003915705725
              ],
              [
                136.96884702362524,
                63.50002805580277
              ]
            ]
          ],
          [
            [
              [
                127.50000000000001,
                63.50000000000001
              ],
              [
                127.51377487216745,
                63.500013390487354
              ],
              [
                127.45306507780101,
                63.500039220551756
              ],
              [
                127.50000000000001,
                63.50000000000001
              ]
            ]
          ],
          [
            [
              [
                138.25,
                63.50000000000001
              ],
              [
                138.28094659580591,
                63.500027896222704
              ],
              [
                138.20304523638208,
                63.50003923329811
              ],
              [
                138.25,
                63.50000000000001
              ]
            ]
          ],
          [
            [
              [
                136.0,
                63.50000000000001
              ],
              [
                136.04698391964902,
                63.500039252022404
              ],
              [
                135.9691046821411,
                63.50002785651858
              ],
              [
                136.0,
                63.50000000000001
              ]
            ]
          ],
          [
            [
              [
                139.20289965248355,
                63.50003932672381
              ],
              [
                139.25000000000003,
                63.50000000000001
              ],
              [
                139.28068831640326,
                63.50002769601888
              ],
              [
                139.20289965248355,
                63.50003932672381
              ]
            ]
          ],
          [
            [
              [
                134.9693631145328,
                63.50002765608694
              ],
              [
                135.0,
                63.50000000000001
              ],
              [
                135.0471289580165,
                63.50003934506354
              ],
              [
                134.9693631145328,
                63.50002765608694
              ]
            ]
          ],
          [
            [
              [
                126.5,
                63.50000000000001
              ],
              [
                126.51406599266474,
                63.50001365663308
              ],
              [
                126.45281410575309,
                63.500039381540404
              ],
              [
                126.5,
                63.50000000000001
              ]
            ]
          ],
          [
            [
              [
                140.25,
                63.50000000000001
              ],
              [
                140.28042927151833,
                63.50002749467027
              ],
              [
                140.2027568361546,
                63.500039418203954
              ],
              [
                140.25,
                63.50000000000001
              ]
            ]
          ],
          [
            [
              [
                134.0,
                63.50000000000001
              ],
              [
                134.04727121728664,
                63.5000394361537
              ],
              [
                133.96962231034627,
                63.50002745451115
              ],
              [
                134.0,
                63.50000000000001
              ]
            ]
          ],
          [
            [
              [
                141.20261684597847,
                63.50003950771092
              ],
              [
                141.25,
                63.50000000000001
              ],
              [
                141.28016947146946,
                63.50002729217997
              ],
              [
                141.20261684597847,
                63.50003950771092
              ]
            ]
          ],
          [
            [
              [
                132.96988225928453,
                63.50002725179427
              ],
              [
                133.0,
                63.50000000000001
              ],
              [
                133.04741063857773,
                63.500039525265066
              ],
              [
                132.96988225928453,
                63.50002725179427
              ]
            ]
          ],
          [
            [
              [
                125.5,
                63.50000000000001
              ],
              [
                125.51435674147643,
                63.50001392174279
              ],
              [
                125.45257716692403,
                63.5000395330516
              ],
              [
                125.5,
                63.50000000000001
              ]
            ]
          ],
          [
            [
              [
                142.25,
                63.50000000000001
              ],
              [
                142.27990892638465,
                63.50002708855108
              ],
              [
                142.2024797422056,
                63.500039595216045
              ],
              [
                142.25,
                63.50000000000001
              ]
            ]
          ],
          [
            [
              [
                132.0,
                63.50000000000001
              ],
              [
                132.04754716128136,
                63.50003961236875
              ],
              [
                131.97014295126934,
                63.50002704793943
              ],
              [
                132.0,
                63.50000000000001
              ]
            ]
          ],
          [
            [
              [
                124.45235376987475,
                63.50003967548026
              ],
              [
                124.49999999999999,
                63.50000000000001
              ],
              [
                124.51464711460181,
                63.50001418581556
              ],
              [
                124.45235376987475,
                63.50003967548026
              ]
            ]
          ],
          [
            [
              [
                130.97040437637423,
                63.5000268429496
              ],
              [
                131.0,
                63.50000000000001
              ],
              [
                131.04768072309287,
                63.50003969743493
              ],
              [
                130.97040437637423,
                63.5000268429496
              ]
            ]
          ],
          [
            [
              [
                130.0,
                63.50000000000001
              ],
              [
                130.0478112598935,
                63.50003978043257
              ],
              [
                129.97066652485697,
                63.500026636827755
              ],
              [
                130.0,
                63.50000000000001
              ]
            ]
          ],
          [
            [
              [
                123.5,
                63.50000000000001
              ],
              [
                123.51493710798269,
                63.50001444885039
              ],
              [
                123.45214344585018,
                63.50003980919869
              ],
              [
                123.5,
                63.50000000000001
              ]
            ]
          ],
          [
            [
              [
                129.0,
                63.50000000000001
              ],
              [
                129.04793870568818,
                63.5000398613296
              ],
              [
                128.9709293871587,
                63.5000264295767
              ],
              [
                129.0,
                63.50000000000001
              ]
            ]
          ],
          [
            [
              [
                127.97119295387073,
                63.50002622119933
              ],
              [
                128.0,
                63.50000000000001
              ],
              [
                128.0480629925708,
                63.50003994009274
              ],
              [
                127.97119295387073,
                63.50002622119933
              ]
            ]
          ],
          [
            [
              [
                126.97145721576105,
                63.5000260116983
              ],
              [
                127.00000000000001,
                63.50000000000001
              ],
              [
                127.04818405061215,
                63.500040016687464
              ],
              [
                126.97145721576105,
                63.5000260116983
              ]
            ]
          ],
          [
            [
              [
                126.0,
                63.50000000000001
              ],
              [
                126.04830180781506,
                63.500040091078006
              ],
              [
                125.97172216374929,
                63.50002580107639
              ],
              [
                126.0,
                63.50000000000001
              ]
            ]
          ],
          [
            [
              [
                125.00000000000001,
                63.50000000000001
              ],
              [
                125.04841619001888,
                63.50004016322718
              ],
              [
                124.97198778892191,
                63.500025589336175
              ],
              [
                125.00000000000001,
                63.50000000000001
              ]
            ]
          ],
          [
            [
              [
                124.0,
                63.50000000000001
              ],
              [
                124.04852712083434,
                63.50004023309646
              ],
              [
                123.97225408250975,
                63.50002537648024
              ],
              [
                124.0,
                63.50000000000001
              ]
            ]
          ],
          [
            [
              [
                123.00000000000001,
                63.50000000000001
              ],
              [
                123.04863452152853,
                63.50004030064582
              ],
              [
                122.97252103590752,
                63.50002516251111
              ],
              [
                123.00000000000001,
                63.50000000000001
              ]
            ]
          ],
          [
            [
              [
                161.5,
                63.50000000000001
              ],
              [
                161.50368084389152,
                63.500003731027384
              ],
              [
                161.47612455201786,
                63.50002221681708
              ],
              [
                161.5,
                63.50000000000001
              ]
            ]
          ],
          [
            [
              [
                160.5,
                63.50000000000001
              ],
              [
                160.50398257338003,
                63.50000403192554
              ],
              [
                160.47476772823134,
                63.50002333849705
              ],
              [
                160.5,
                63.50000000000001
              ]
            ]
          ],
          [
            [
              [
                159.5,
                63.50000000000001
              ],
              [
                159.50428403912,
                63.500004331812356
              ],
              [
                159.4734780076744,
                63.50002439065687
              ],
              [
                159.5,
                63.50000000000001
              ]
            ]
          ],
          [
            [
              [
                158.47225149398244,
                63.50002537855213
              ],
              [
                158.5,
                63.50000000000001
              ],
              [
                158.50458523857853,
                63.500004630687314
              ],
              [
                158.47225149398244,
                63.50002537855213
              ]
            ]
          ],
          [
            [
              [
                157.47108458668413,
                63.50002630694426
              ],
              [
                157.5,
                63.50000000000001
              ],
              [
                157.50488616919407,
                63.50000492854981
              ],
              [
                157.47108458668413,
                63.50002630694426
              ]
            ]
          ],
          [
            [
              [
                156.5,
                63.50000000000001
              ],
              [
                156.5051868283657,
                63.50000522539932
              ],
              [
                156.46997395372622,
                63.50002718015519
              ],
              [
                156.5,
                63.50000000000001
              ]
            ]
          ],
          [
            [
              [
                155.5,
                63.50000000000001
              ],
              [
                155.50548721346976,
                63.500005521235266
              ],
              [
                155.46891650679635,
                63.5000280021153
              ],
              [
                155.5,
                63.50000000000001
              ]
            ]
          ],
          [
            [
              [
                154.5,
                63.50000000000001
              ],
              [
                154.5057873218367,
                63.500005816057076
              ],
              [
                154.46790937956303,
                63.50002877640504
              ],
              [
                154.5,
                63.50000000000001
              ]
            ]
          ],
          [
            [
              [
                153.46694990797968,
                63.500029506291796
              ],
              [
                153.5,
                63.50000000000001
              ],
              [
                153.50608715077226,
                63.50000610986414
              ],
              [
                153.46694990797968,
                63.500029506291796
              ]
            ]
          ],
          [
            [
              [
                152.4660356128053,
                63.50003019476212
              ],
              [
                152.5,
                63.50000000000001
              ],
              [
                152.50638669754525,
                63.50000640265586
              ],
              [
                152.4660356128053,
                63.50003019476212
              ]
            ]
          ],
          [
            [
              [
                151.5,
                63.50000000000001
              ],
              [
                151.50668595937722,
                63.50000669443164
              ],
              [
                151.46516418388654,
                63.500030844550174
              ],
              [
                151.5,
                63.50000000000001
              ]
            ]
          ],
          [
            [
              [
                150.5,
                63.50000000000001
              ],
              [
                150.50698493346906,
                63.50000698519085
              ],
              [
                150.4643334658731,
                63.500031458163
              ],
              [
                150.5,
                63.50000000000001
              ]
            ]
          ],
          [
            [
              [
                149.5,
                63.50000000000001
              ],
              [
                149.50728361698026,
                63.50000727493287
              ],
              [
                149.46354144555167,
                63.5000320379027
              ],
              [
                149.5,
                63.50000000000001
              ]
            ]
          ],
          [
            [
              [
                148.46278624032882,
                63.50003258588622
              ],
              [
                148.5,
                63.50000000000001
              ],
              [
                148.5075820070239,
                63.50000756365703
              ],
              [
                148.46278624032882,
                63.50003258588622
              ]
            ]
          ],
          [
            [
              [
                147.46206608774827,
                63.500033104062986
              ],
              [
                147.5,
                63.50000000000001
              ],
              [
                147.5078801006848,
                63.50000785136272
              ],
              [
                147.46206608774827,
                63.500033104062986
              ]
            ]
          ],
          [
            [
              [
                146.5,
                63.50000000000001
              ],
              [
                146.50817789500553,
                63.50000813804925
              ],
              [
                146.46137933607926,
                63.50003359423051
              ],
              [
                146.5,
                63.50000000000001
              ]
            ]
          ],
          [
            [
              [
                145.5,
                63.50000000000001
              ],
              [
                145.50847538698963,
                63.500008423715975
              ],
              [
                145.4607244357809,
                63.50003405804844
              ],
              [
                145.5,
                63.50000000000001
              ]
            ]
          ],
          [
            [
              [
                144.5,
                63.50000000000001
              ],
              [
                144.50877257360312,
                63.500008708362174
              ],
              [
                144.4600999316847,
                63.50003449705102
              ],
              [
                144.5,
                63.50000000000001
              ]
            ]
          ],
          [
            [
              [
                143.45950445595057,
                63.500034912658236
              ],
              [
                143.5,
                63.50000000000001
              ],
              [
                143.50906945176374,
                63.50000899198717
              ],
              [
                143.45950445595057,
                63.500034912658236
              ]
            ]
          ],
          [
            [
              [
                142.458936721595,
                63.500035306185985
              ],
              [
                142.5,
                63.50000000000001
              ],
              [
                142.5093660183541,
                63.50000927459027
              ],
              [
                142.458936721595,
                63.500035306185985
              ]
            ]
          ],
          [
            [
              [
                162.0,
                63.50000000000001
              ],
              [
                162.04239762478457,
                63.500036220650166
              ],
              [
                161.9626921127207,
                63.50003265385705
              ],
              [
                162.0,
                63.50000000000001
              ]
            ]
          ],
          [
            [
              [
                161.0,
                63.50000000000001
              ],
              [
                161.04259860270483,
                63.500036357116045
              ],
              [
                160.96292637091258,
                63.50003248456092
              ],
              [
                161.0,
                63.50000000000001
              ]
            ]
          ],
          [
            [
              [
                160.0,
                63.50000000000001
              ],
              [
                160.04279789411956,
                63.50003649210852
              ],
              [
                159.9631617408196,
                63.5000323140065
              ],
              [
                160.0,
                63.50000000000001
              ]
            ]
          ],
          [
            [
              [
                158.96339820550241,
                63.50003214219966
              ],
              [
                159.0,
                63.50000000000001
              ],
              [
                159.0429954688189,
                63.500036625615486
              ],
              [
                158.96339820550241,
                63.50003214219966
              ]
            ]
          ],
          [
            [
              [
                157.96363574834936,
                63.50003196914609
              ],
              [
                158.0,
                63.50000000000001
              ],
              [
                158.0431912958822,
                63.50003675762449
              ],
              [
                157.96363574834936,
                63.50003196914609
              ]
            ]
          ],
          [
            [
              [
                157.0,
                63.50000000000001
              ],
              [
                157.04338534364666,
                63.50003688812274
              ],
              [
                156.96387435308498,
                63.5000317948514
              ],
              [
                157.0,
                63.50000000000001
              ]
            ]
          ],
          [
            [
              [
                156.0,
                63.50000000000001
              ],
              [
                156.0435775796541,
                63.50003701709699
              ],
              [
                155.96411400377738,
                63.50003161932102
              ],
              [
                156.0,
                63.50000000000001
              ]
            ]
          ],
          [
            [
              [
                155.0,
                63.50000000000001
              ],
              [
                155.0437679706751,
                63.500037144533614
              ],
              [
                154.96435468479524,
                63.50003144256026
              ],
              [
                155.0,
                63.50000000000001
              ]
            ]
          ],
          [
            [
              [
                153.9645963808159,
                63.500031264574275
              ],
              [
                154.0,
                63.50000000000001
              ],
              [
                154.04395648265512,
                63.500037270418595
              ],
              [
                153.9645963808159,
                63.500031264574275
              ]
            ]
          ],
          [
            [
              [
                152.9648390768274,
                63.5000310853681
              ],
              [
                153.0,
                63.50000000000001
              ],
              [
                153.04414308069877,
                63.50003739473743
              ],
              [
                152.9648390768274,
                63.5000310853681
              ]
            ]
          ],
          [
            [
              [
                152.0,
                63.50000000000001
              ],
              [
                152.0443277290363,
                63.50003751747521
              ],
              [
                151.96508275811212,
                63.5000309049467
              ],
              [
                152.0,
                63.50000000000001
              ]
            ]
          ],
          [
            [
              [
                151.0,
                63.50000000000001
              ],
              [
                151.04451039100329,
                63.50003763861654
              ],
              [
                150.96532741023603,
                63.50003072331482
              ],
              [
                151.0,
                63.50000000000001
              ]
            ]
          ],
          [
            [
              [
                150.0,
                63.50000000000001
              ],
              [
                150.04469102900964,
                63.50003775814551
              ],
              [
                149.96557301904573,
                63.50003054047718
              ],
              [
                150.0,
                63.50000000000001
              ]
            ]
          ],
          [
            [
              [
                148.96581957066726,
                63.50003035643837
              ],
              [
                149.0,
                63.50000000000001
              ],
              [
                149.0448696045094,
                63.500037876045745
              ],
              [
                148.96581957066726,
                63.50003035643837
              ]
            ]
          ],
          [
            [
              [
                147.9660670514796,
                63.50003017120281
              ],
              [
                148.0,
                63.50000000000001
              ],
              [
                148.0450460779843,
                63.50003799230033
              ],
              [
                147.9660670514796,
                63.50003017120281
              ]
            ]
          ],
          [
            [
              [
                147.0,
                63.50000000000001
              ],
              [
                147.0452204088795,
                63.50003810689179
              ],
              [
                146.96631544814105,
                63.500029984774876
              ],
              [
                147.0,
                63.50000000000001
              ]
            ]
          ],
          [
            [
              [
                146.0,
                63.50000000000001
              ],
              [
                146.04539255560988,
                63.50003821980211
              ],
              [
                145.96656474754752,
                63.500029797158824
              ],
              [
                146.0,
                63.50000000000001
              ]
            ]
          ],
          [
            [
              [
                145.0,
                63.50000000000001
              ],
              [
                145.0455624754868,
                63.50003833101265
              ],
              [
                144.96681493686162,
                63.500029608358794
              ],
              [
                145.0,
                63.50000000000001
              ]
            ]
          ],
          [
            [
              [
                142.75,
                63.50000000000001
              ],
              [
                142.79571588555692,
                63.5000384312136
              ],
              [
                142.73745144589984,
                63.5000122617155
              ],
              [
                142.75,
                63.50000000000001
              ]
            ]
          ],
          [
            [
              [
                144.0,
                63.50000000000001
              ],
              [
                144.04573012472005,
                63.50003844050419
              ],
              [
                143.96706600346883,
                63.500029418378844
              ],
              [
                144.0,
                63.50000000000001
              ]
            ]
          ],
          [
            [
              [
                143.0,
                63.50000000000001
              ],
              [
                143.0458954583539,
                63.50003854825687
              ],
              [
                142.9673179350043,
                63.500029227222946
              ],
              [
                143.0,
                63.50000000000001
              ]
            ]
          ],
          [
            [
              [
                143.75000000000003,
                63.50000000000001
              ],
              [
                143.79603171430207,
                63.50003863688968
              ],
              [
                143.73715880719385,
                63.50001253220095
              ],
              [
                143.75000000000003,
                63.50000000000001
              ]
            ]
          ],
          [
            [
              [
                144.73686652397882,
                63.50001280165427
              ],
              [
                144.75,
                63.50000000000001
              ],
              [
                144.7963311655616,
                63.500038831142106
              ],
              [
                144.73686652397882,
                63.50001280165427
              ]
            ]
          ],
          [
            [
              [
                145.7365746000211,
                63.50001307007457
              ],
              [
                145.75,
                63.50000000000001
              ],
              [
                145.7966148424459,
                63.50003901448106
              ],
              [
                145.7365746000211,
                63.50001307007457
              ]
            ]
          ],
          [
            [
              [
                146.75,
                63.50000000000001
              ],
              [
                146.79688331876588,
                63.50003918738592
              ],
              [
                146.73628303915362,
                63.500013337460956
              ],
              [
                146.75,
                63.50000000000001
              ]
            ]
          ],
          [
            [
              [
                147.75,
                63.50000000000001
              ],
              [
                147.7971371408972,
                63.50003935030765
              ],
              [
                147.73599184524537,
                63.50001360381251
              ],
              [
                147.75,
                63.50000000000001
              ]
            ]
          ],
          [
            [
              [
                148.75,
                63.50000000000001
              ],
              [
                148.7973768292926,
                63.500039503670486
              ],
              [
                148.73570102223522,
                63.500013869128225
              ],
              [
                148.75,
                63.50000000000001
              ]
            ]
          ],
          [
            [
              [
                149.73541057411268,
                63.500014133407205
              ],
              [
                149.75,
                63.50000000000001
              ],
              [
                149.79760288007273,
                63.50003964787419
              ],
              [
                149.73541057411268,
                63.500014133407205
              ]
            ]
          ],
          [
            [
              [
                143.202345586791,
                63.50003968068964
              ],
              [
                143.25,
                63.50000000000001
              ],
              [
                143.2796476462285,
                63.500026883786624
              ],
              [
                143.202345586791,
                63.50003968068964
              ]
            ]
          ],
          [
            [
              [
                144.25,
                63.50000000000001
              ],
              [
                144.27938564076368,
                63.50002667788955
              ],
              [
                144.2022144435016,
                63.50003976410097
              ],
              [
                144.25,
                63.50000000000001
              ]
            ]
          ],
          [
            [
              [
                150.75,
                63.50000000000001
              ],
              [
                150.79781576640056,
                63.500039783295385
              ],
              [
                150.735120504921,
                63.500014396648425
              ],
              [
                150.75,
                63.50000000000001
              ]
            ]
          ],
          [
            [
              [
                145.25,
                63.50000000000001
              ],
              [
                145.27912291960106,
                63.500026470862736
              ],
              [
                145.20208637794235,
                63.50003984541816
              ],
              [
                145.25,
                63.50000000000001
              ]
            ]
          ],
          [
            [
              [
                151.7348308187688,
                63.50001465885092
              ],
              [
                151.75,
                63.50000000000001
              ],
              [
                151.79801593979872,
                63.50003991028939
              ],
              [
                151.7348308187688,
                63.50001465885092
              ]
            ]
          ],
          [
            [
              [
                146.20196145764857,
                63.500039924608195
              ],
              [
                146.25,
                63.50000000000001
              ],
              [
                146.2788594921655,
                63.50002626270903
              ],
              [
                146.20196145764857,
                63.500039924608195
              ]
            ]
          ],
          [
            [
              [
                147.25,
                63.50000000000001
              ],
              [
                147.2785953677298,
                63.500026053431135
              ],
              [
                147.20183975213246,
                63.50004000163675
              ],
              [
                147.25,
                63.50000000000001
              ]
            ]
          ],
          [
            [
              [
                152.75000000000003,
                63.50000000000001
              ],
              [
                152.7982038313599,
                63.50004002919149
              ],
              [
                152.73454151982688,
                63.500014920013655
              ],
              [
                152.75000000000003,
                63.50000000000001
              ]
            ]
          ],
          [
            [
              [
                148.25000000000003,
                63.50000000000001
              ],
              [
                148.27833055540862,
                63.500025843031835
              ],
              [
                148.20172133296683,
                63.50004007646833
              ],
              [
                148.25000000000003,
                63.50000000000001
              ]
            ]
          ],
          [
            [
              [
                153.73425261230943,
                63.50001518013559
              ],
              [
                153.75,
                63.50000000000001
              ],
              [
                153.7983798529443,
                63.500040140318426
              ],
              [
                153.73425261230943,
                63.50001518013559
              ]
            ]
          ],
          [
            [
              [
                149.20160627388955,
                63.50004014906606
              ],
              [
                149.25,
                63.50000000000001
              ],
              [
                149.27806506413845,
                63.50002563151369
              ],
              [
                149.20160627388955,
                63.50004014906606
              ]
            ]
          ],
          [
            [
              [
                150.25,
                63.50000000000001
              ],
              [
                150.27779890272157,
                63.50002541887933
              ],
              [
                150.20149465083372,
                63.50004021939167
              ],
              [
                150.25,
                63.50000000000001
              ]
            ]
          ],
          [
            [
              [
                154.75,
                63.50000000000001
              ],
              [
                154.79854439814355,
                63.500040243969394
              ],
              [
                154.73396410051927,
                63.5000154392157
              ],
              [
                154.75,
                63.50000000000001
              ]
            ]
          ],
          [
            [
              [
                151.25,
                63.50000000000001
              ],
              [
                151.27753207979907,
                63.500025205131266
              ],
              [
                151.201386542056,
                63.50004028740544
              ],
              [
                151.25,
                63.50000000000001
              ]
            ]
          ],
          [
            [
              [
                155.7336759887984,
                63.50001569725288
              ],
              [
                155.75,
                63.50000000000001
              ],
              [
                155.7986978433932,
                63.500040340427454
              ],
              [
                155.7336759887984,
                63.50001569725288
              ]
            ]
          ],
          [
            [
              [
                152.20128202820086,
                63.5000403530661
              ],
              [
                152.25,
                63.50000000000001
              ],
              [
                152.2772646038671,
                63.500024990271996
              ],
              [
                152.20128202820086,
                63.5000403530661
              ]
            ]
          ],
          [
            [
              [
                153.25,
                63.50000000000001
              ],
              [
                153.27699648327385,
                63.50002477430394
              ],
              [
                153.20118119240047,
                63.50004041633082
              ],
              [
                153.25,
                63.50000000000001
              ]
            ]
          ],
          [
            [
              [
                156.75,
                63.50000000000001
              ],
              [
                156.79884054881722,
                63.50004042996037
              ],
              [
                156.73338828155977,
                63.50001595424606
              ],
              [
                156.75,
                63.50000000000001
              ]
            ]
          ],
          [
            [
              [
                154.25,
                63.50000000000001
              ],
              [
                154.2767277262298,
                63.50002455722944
              ],
              [
                154.20108412036421,
                63.500040477155096
              ],
              [
                154.25,
                63.50000000000001
              ]
            ]
          ],
          [
            [
              [
                157.7331009832869,
                63.5000162101941
              ],
              [
                157.75,
                63.50000000000001
              ],
              [
                157.7989728591208,
                63.500040512821684
              ],
              [
                157.7331009832869,
                63.5000162101941
              ]
            ]
          ],
          [
            [
              [
                155.20099090049123,
                63.50004053549264
              ],
              [
                155.25,
                63.50000000000001
              ],
              [
                155.2764583408065,
                63.50002433905083
              ],
              [
                155.20099090049123,
                63.50004053549264
              ]
            ]
          ],
          [
            [
              [
                158.75,
                63.50000000000001
              ],
              [
                158.79909510443562,
                63.5000405892516
              ],
              [
                158.73281409852456,
                63.50001646509592
              ],
              [
                158.75,
                63.50000000000001
              ]
            ]
          ],
          [
            [
              [
                156.25,
                63.50000000000001
              ],
              [
                156.27618833493648,
                63.5000241197704
              ],
              [
                156.20090162397443,
                63.50004059129537
              ],
              [
                156.25,
                63.50000000000001
              ]
            ]
          ],
          [
            [
              [
                157.25000000000003,
                63.50000000000001
              ],
              [
                157.27591771642494,
                63.500023899390364
              ],
              [
                157.20081638489248,
                63.50004064451325
              ],
              [
                157.25000000000003,
                63.50000000000001
              ]
            ]
          ],
          [
            [
              [
                159.7325276318899,
                63.5000167189503
              ],
              [
                159.75,
                63.50000000000001
              ],
              [
                159.79920760103903,
                63.50004065947777
              ],
              [
                159.7325276318899,
                63.5000167189503
              ]
            ]
          ],
          [
            [
              [
                158.2007352803732,
                63.50004069509427
              ],
              [
                158.25,
                63.50000000000001
              ],
              [
                158.27564649293072,
                63.5000236779129
              ],
              [
                158.2007352803732,
                63.50004069509427
              ]
            ]
          ],
          [
            [
              [
                160.75,
                63.50000000000001
              ],
              [
                160.79931065210434,
                63.50004072371615
              ],
              [
                160.73224158806303,
                63.50001697175611
              ],
              [
                160.75,
                63.50000000000001
              ]
            ]
          ],
          [
            [
              [
                159.25,
                63.50000000000001
              ],
              [
                159.27537467201455,
                63.50002345534015
              ],
              [
                159.20065841063357,
                63.500040742984275
              ],
              [
                159.25,
                63.50000000000001
              ]
            ]
          ],
          [
            [
              [
                161.75000000000003,
                63.50000000000001
              ],
              [
                161.7994045483704,
                63.50004078217165
              ],
              [
                161.731955971794,
                63.500017223512145
              ],
              [
                161.75000000000003,
                63.50000000000001
              ]
            ]
          ],
          [
            [
              [
                160.25,
                63.50000000000001
              ],
              [
                160.27510226107935,
                63.500023231674184
              ],
              [
                160.20058587921307,
                63.500040788126924
              ],
              [
                160.25,
                63.50000000000001
              ]
            ]
          ],
          [
            [
              [
                161.25,
                63.50000000000001
              ],
              [
                161.27482926742988,
                63.50002300691707
              ],
              [
                161.200517793016,
                63.50004083046351
              ],
              [
                161.25,
                63.50000000000001
              ]
            ]
          ],
          [
            [
              [
                173.5,
                63.50000000000001
              ],
              [
                173.50004039642718,
                63.50000004155236
              ],
              [
                173.49963899481887,
                63.50000037085897
              ],
              [
                173.5,
                63.50000000000001
              ]
            ]
          ],
          [
            [
              [
                174.5,
                63.50000000000001
              ],
              [
                174.50231093549854,
                63.50000235546971
              ],
              [
                174.49973563014908,
                63.500000271691064
              ],
              [
                174.5,
                63.50000000000001
              ]
            ]
          ],
          [
            [
              [
                172.4970069921281,
                63.50000304228548
              ],
              [
                172.5,
                63.50000000000001
              ],
              [
                172.50034510468944,
                63.50000035454703
              ],
              [
                172.4970069921281,
                63.50000304228548
              ]
            ]
          ],
          [
            [
              [
                175.49943109494194,
                63.50000058394681
              ],
              [
                175.5,
                63.50000000000001
              ],
              [
                175.5048286515243,
                63.50000487167617
              ],
              [
                175.49943109494194,
                63.50000058394681
              ]
            ]
          ],
          [
            [
              [
                171.5,
                63.50000000000001
              ],
              [
                171.50064957721042,
                63.500000666536266
              ],
              [
                171.49452887730305,
                63.50000550540701
              ],
              [
                171.5,
                63.50000000000001
              ]
            ]
          ],
          [
            [
              [
                176.5,
                63.50000000000001
              ],
              [
                176.50720115152376,
                63.50000719500951
              ],
              [
                176.49912679706964,
                63.500000895196806
              ],
              [
                176.5,
                63.50000000000001
              ]
            ]
          ],
          [
            [
              [
                170.5,
                63.50000000000001
              ],
              [
                170.50095381181467,
                63.50000097751963
              ],
              [
                170.492193011497,
                63.500007780866056
              ],
              [
                170.5,
                63.50000000000001
              ]
            ]
          ],
          [
            [
              [
                177.49882273873055,
                63.500001205440576
              ],
              [
                177.5,
                63.50000000000001
              ],
              [
                177.5094392186521,
                63.50000934423262
              ],
              [
                177.49882273873055,
                63.500001205440576
              ]
            ]
          ],
          [
            [
              [
                169.48998890073685,
                63.50000988679857
              ],
              [
                169.5,
                63.50000000000001
              ],
              [
                169.50125780629386,
                63.500001287496644
              ],
              [
                169.48998890073685,
                63.50000988679857
              ]
            ]
          ],
          [
            [
              [
                178.5,
                63.50000000000001
              ],
              [
                178.51155259420142,
                63.500011335870134
              ],
              [
                178.4985189221546,
                63.5000015146777
              ],
              [
                178.5,
                63.50000000000001
              ]
            ]
          ],
          [
            [
              [
                168.5,
                63.50000000000001
              ],
              [
                168.50156155842174,
                63.50000159646687
              ],
              [
                168.4879070584167,
                63.50001183919073
              ],
              [
                168.5,
                63.50000000000001
              ]
            ]
          ],
          [
            [
              [
                167.5,
                63.50000000000001
              ],
              [
                167.50186506593056,
                63.500001904429844
              ],
              [
                167.48593888742008,
                63.50001365217739
              ],
              [
                167.5,
                63.50000000000001
              ]
            ]
          ],
          [
            [
              [
                166.48407657807357,
                63.50001533829369
              ],
              [
                166.5,
                63.50000000000001
              ],
              [
                166.50216832653678,
                63.50000221138502
              ],
              [
                166.48407657807357,
                63.50001533829369
              ]
            ]
          ],
          [
            [
              [
                165.48231302011916,
                63.500016908687485
              ],
              [
                165.5,
                63.50000000000001
              ],
              [
                165.50247133792567,
                63.50000251733199
              ],
              [
                165.48231302011916,
                63.500016908687485
              ]
            ]
          ],
          [
            [
              [
                164.5,
                63.50000000000001
              ],
              [
                164.50277409774176,
                63.500002822270204
              ],
              [
                164.48064172617353,
                63.500018373299426
              ],
              [
                164.5,
                63.50000000000001
              ]
            ]
          ],
          [
            [
              [
                163.5,
                63.50000000000001
              ],
              [
                163.50307660361966,
                63.50000312619919
              ],
              [
                163.47905676480252,
                63.50001974101678
              ],
              [
                163.5,
                63.50000000000001
              ]
            ]
          ],
          [
            [
              [
                162.5,
                63.50000000000001
              ],
              [
                162.50337885314755,
                63.50000342911842
              ],
              [
                162.47755270242655,
                63.50002101980432
              ],
              [
                162.5,
                63.50000000000001
              ]
            ]
          ],
          [
            [
              [
                173.9599744060485,
                63.50003458490332
              ],
              [
                174.0,
                63.50000000000001
              ],
              [
                174.0398644315175,
                63.50003447208606
              ],
              [
                173.9599744060485,
                63.50003458490332
              ]
            ]
          ],
          [
            [
              [
                172.96019386399453,
                63.50003443122527
              ],
              [
                173.0,
                63.50000000000001
              ],
              [
                173.0400835291827,
                63.500034625407025
              ],
              [
                172.96019386399453,
                63.50003443122527
              ]
            ]
          ],
          [
            [
              [
                175.0,
                63.50000000000001
              ],
              [
                175.0396439826349,
                63.5000343174208
              ],
              [
                174.95975631577042,
                63.50003473723095
              ],
              [
                175.0,
                63.50000000000001
              ]
            ]
          ],
          [
            [
              [
                172.0,
                63.50000000000001
              ],
              [
                172.04030125317945,
                63.50003477737534
              ],
              [
                171.96041466729028,
                63.500034276205085
              ],
              [
                172.0,
                63.50000000000001
              ]
            ]
          ],
          [
            [
              [
                176.0,
                63.50000000000001
              ],
              [
                176.03942220450102,
                63.500034161419336
              ],
              [
                175.9595396159877,
                63.50003488819965
              ],
              [
                176.0,
                63.50000000000001
              ]
            ]
          ],
          [
            [
              [
                170.96063679409625,
                63.50003411985083
              ],
              [
                171.0,
                63.50000000000001
              ],
              [
                171.0405175805491,
                63.500034927982426
              ],
              [
                170.96063679409625,
                63.50003411985083
              ]
            ]
          ],
          [
            [
              [
                176.95932433002773,
                63.50003503780068
              ],
              [
                177.0,
                63.50000000000001
              ],
              [
                177.03919911861098,
                63.500034004089585
              ],
              [
                176.95932433002773,
                63.50003503780068
              ]
            ]
          ],
          [
            [
              [
                170.0,
                63.50000000000001
              ],
              [
                170.0407324878226,
                63.500035077219486
              ],
              [
                169.96086022304127,
                63.50003396217034
              ],
              [
                170.0,
                63.50000000000001
              ]
            ]
          ],
          [
            [
              [
                178.0,
                63.50000000000001
              ],
              [
                178.03897474599984,
                63.500033845439255
              ],
              [
                177.9591104817412,
                63.50003518602504
              ],
              [
                178.0,
                63.50000000000001
              ]
            ]
          ],
          [
            [
              [
                169.0,
                63.50000000000001
              ],
              [
                169.0409459510048,
                63.50003522507742
              ],
              [
                168.96108493321046,
                63.50003380317126
              ],
              [
                169.0,
                63.50000000000001
              ]
            ]
          ],
          [
            [
              [
                167.96131090413976,
                63.500033642860984
              ],
              [
                168.0,
                63.50000000000001
              ],
              [
                168.04115794555793,
                63.500035371546936
              ],
              [
                167.96131090413976,
                63.500033642860984
              ]
            ]
          ],
          [
            [
              [
                167.0,
                63.50000000000001
              ],
              [
                167.04136844637634,
                63.50003551661842
              ],
              [
                166.96153811579342,
                63.5000334812468
              ],
              [
                167.0,
                63.50000000000001
              ]
            ]
          ],
          [
            [
              [
                166.0,
                63.50000000000001
              ],
              [
                166.0415774277864,
                63.50003566028202
              ],
              [
                165.96176654856646,
                63.500033318335724
              ],
              [
                166.0,
                63.50000000000001
              ]
            ]
          ],
          [
            [
              [
                165.0,
                63.50000000000001
              ],
              [
                165.041784863525,
                63.50003580252761
              ],
              [
                164.96199618324613,
                63.5000331541346
              ],
              [
                165.0,
                63.50000000000001
              ]
            ]
          ],
          [
            [
              [
                163.96222700104053,
                63.50003298865015
              ],
              [
                164.0,
                63.50000000000001
              ],
              [
                164.0419907267189,
                63.50003594334471
              ],
              [
                163.96222700104053,
                63.50003298865015
              ]
            ]
          ],
          [
            [
              [
                162.96245898354368,
                63.50003282188883
              ],
              [
                163.0,
                63.50000000000001
              ],
              [
                163.04219498985316,
                63.50003608272259
              ],
              [
                162.96245898354368,
                63.50003282188883
              ]
            ]
          ],
          [
            [
              [
                162.75,
                63.50000000000001
              ],
              [
                162.79948956874992,
                63.50004083503883
              ],
              [
                162.73167078791184,
                63.500017474217174
              ],
              [
                162.75,
                63.50000000000001
              ]
            ]
          ],
          [
            [
              [
                162.25,
                63.50000000000001
              ],
              [
                162.27455569824087,
                63.500022781070804
              ],
              [
                162.20045426249607,
                63.500040869932924
              ],
              [
                162.25,
                63.50000000000001
              ]
            ]
          ],
          [
            [
              [
                163.73138604131705,
                63.50001772386996
              ],
              [
                163.75,
                63.50000000000001
              ],
              [
                163.7995659809422,
                63.50004088250254
              ],
              [
                163.73138604131705,
                63.50001772386996
              ]
            ]
          ],
          [
            [
              [
                163.20039540180153,
                63.50004090647149
              ],
              [
                163.25,
                63.50000000000001
              ],
              [
                163.27428156057027,
                63.50002255413734
              ],
              [
                163.20039540180153,
                63.50004090647149
              ]
            ]
          ],
          [
            [
              [
                164.75,
                63.50000000000001
              ],
              [
                164.79963404200387,
                63.50004092473842
              ],
              [
                164.73110173697415,
                63.50001797246922
              ],
              [
                164.75,
                63.50000000000001
              ]
            ]
          ],
          [
            [
              [
                164.25,
                63.50000000000001
              ],
              [
                164.27400686136045,
                63.5000223261186
              ],
              [
                164.20034132893264,
                63.50004094001282
              ],
              [
                164.25,
                63.50000000000001
              ]
            ]
          ],
          [
            [
              [
                165.75,
                63.50000000000001
              ],
              [
                165.79969399883217,
                63.5000409619136
              ],
              [
                165.73081787993667,
                63.500018220013686
              ],
              [
                165.75,
                63.50000000000001
              ]
            ]
          ],
          [
            [
              [
                165.20029216588765,
                63.5000409704877
              ],
              [
                165.25,
                63.50000000000001
              ],
              [
                165.2737316074459,
                63.500022097016505
              ],
              [
                165.20029216588765,
                63.5000409704877
              ]
            ]
          ],
          [
            [
              [
                166.7305344753216,
                63.50001846650205
              ],
              [
                166.75,
                63.50000000000001
              ],
              [
                166.799746088725,
                63.50004099418698
              ],
              [
                166.7305344753216,
                63.50001846650205
              ]
            ]
          ],
          [
            [
              [
                166.25000000000003,
                63.50000000000001
              ],
              [
                166.27345580554743,
                63.50002186683287
              ],
              [
                166.20024803883794,
                63.50004099782398
              ],
              [
                166.25000000000003,
                63.50000000000001
              ]
            ]
          ],
          [
            [
              [
                167.75,
                63.50000000000001
              ],
              [
                167.79979053975703,
                63.5000410217099
              ],
              [
                167.73025152833924,
                63.50001871193293
              ],
              [
                167.75,
                63.50000000000001
              ]
            ]
          ],
          [
            [
              [
                167.25,
                63.50000000000001
              ],
              [
                167.27317946227316,
                63.5000216355695
              ],
              [
                167.2002090783406,
                63.50004102194629
              ],
              [
                167.25,
                63.50000000000001
              ]
            ]
          ],
          [
            [
              [
                168.2001754194733,
                63.50004104277605
              ],
              [
                168.25,
                63.50000000000001
              ],
              [
                168.27290258414055,
                63.5000214032282
              ],
              [
                168.2001754194733,
                63.50004104277605
              ]
            ]
          ],
          [
            [
              [
                168.72996904427012,
                63.500018956305
              ],
              [
                168.75,
                63.50000000000001
              ],
              [
                168.79982757130617,
                63.50004104462644
              ],
              [
                168.72996904427012,
                63.500018956305
              ]
            ]
          ],
          [
            [
              [
                178.25,
                63.50000000000001
              ],
              [
                178.2701057450228,
                63.50001902089396
              ],
              [
                178.20016383100074,
                63.5000410499454
              ],
              [
                178.25,
                63.50000000000001
              ]
            ]
          ],
          [
            [
              [
                169.25,
                63.50000000000001
              ],
              [
                169.2726251775415,
                63.50002116981068
              ],
              [
                169.20014720210213,
                63.50004106023116
              ],
              [
                169.25,
                63.50000000000001
              ]
            ]
          ],
          [
            [
              [
                169.75,
                63.50000000000001
              ],
              [
                169.79985739442003,
                63.50004106307394
              ],
              [
                169.72968702847604,
                63.500019199616844
              ],
              [
                169.75,
                63.50000000000001
              ]
            ]
          ],
          [
            [
              [
                177.72744843212237,
                63.50002110776717
              ],
              [
                177.75,
                63.50000000000001
              ],
              [
                177.7998593460206,
                63.50004106428087
              ],
              [
                177.72744843212237,
                63.50002110776717
              ]
            ]
          ],
          [
            [
              [
                177.20013588399055,
                63.500041067230654
              ],
              [
                177.25,
                63.50000000000001
              ],
              [
                177.27038763579904,
                63.50001926392456
              ],
              [
                177.20013588399055,
                63.500041067230654
              ]
            ]
          ],
          [
            [
              [
                170.25,
                63.50000000000001
              ],
              [
                170.27234724878593,
                63.50002093531865
              ],
              [
                170.20012457101595,
                63.50004107422589
              ],
              [
                170.25,
                63.50000000000001
              ]
            ]
          ],
          [
            [
              [
                170.75000000000003,
                63.50000000000001
              ],
              [
                170.79988021221408,
                63.50004107718323
              ],
              [
                170.72940548640892,
                63.50001944186704
              ],
              [
                170.75000000000003,
                63.50000000000001
              ]
            ]
          ],
          [
            [
              [
                176.75,
                63.50000000000001
              ],
              [
                176.79988047161982,
                63.500041077343624
              ],
              [
                176.72772649822855,
                63.500020872990646
              ],
              [
                176.75,
                63.50000000000001
              ]
            ]
          ],
          [
            [
              [
                176.20011488975237,
                63.50004108021135
              ],
              [
                176.25,
                63.50000000000001
              ],
              [
                176.27066905138898,
                63.50001950589316
              ],
              [
                176.20011488975237,
                63.50004108021135
              ]
            ]
          ],
          [
            [
              [
                171.2001076762265,
                63.500041084670634
              ],
              [
                171.25,
                63.50000000000001
              ],
              [
                171.27206880406393,
                63.5000206997538
              ],
              [
                171.2001076762265,
                63.500041084670634
              ]
            ]
          ],
          [
            [
              [
                175.75,
                63.50000000000001
              ],
              [
                175.79989582029117,
                63.500041086831985
              ],
              [
                175.72800507866333,
                63.50002063714172
              ],
              [
                175.75,
                63.50000000000001
              ]
            ]
          ],
          [
            [
              [
                171.75,
                63.50000000000001
              ],
              [
                171.79989622024476,
                63.500041087079204
              ],
              [
                171.72912442360104,
                63.500019683054134
              ],
              [
                171.75,
                63.50000000000001
              ]
            ]
          ],
          [
            [
              [
                175.25000000000003,
                63.50000000000001
              ],
              [
                175.27094998623963,
                63.500019746798266
              ],
              [
                175.20010065467014,
                63.50004108901083
              ],
              [
                175.25000000000003,
                63.50000000000001
              ]
            ]
          ],
          [
            [
              [
                172.20009667313616,
                63.50004109147175
              ],
              [
                172.25,
                63.50000000000001
              ],
              [
                172.2717898494861,
                63.50002046311774
              ],
              [
                172.20009667313616,
                63.50004109147175
              ]
            ]
          ],
          [
            [
              [
                174.72828416735422,
                63.50002040022203
              ],
              [
                174.75,
                63.49999999999999
              ],
              [
                174.79990523513447,
                63.50004109265114
              ],
              [
                174.72828416735422,
                63.50002040022203
              ]
            ]
          ],
          [
            [
              [
                172.75,
                63.50000000000001
              ],
              [
                172.79990560685945,
                63.50004109288089
              ],
              [
                172.72884384567027,
                63.50001992317669
              ],
              [
                172.75,
                63.50000000000001
              ]
            ]
          ],
          [
            [
              [
                174.25,
                63.50000000000001
              ],
              [
                174.27123043471127,
                63.50001998663842
              ],
              [
                174.2000929922485,
                63.5000410937467
              ],
              [
                174.25,
                63.50000000000001
              ]
            ]
          ],
          [
            [
              [
                173.25,
                63.50000000000001
              ],
              [
                173.2715103910652,
                63.50002022541208
              ],
              [
                173.20009172280965,
                63.50004109453124
              ],
              [
                173.25,
                63.50000000000001
              ]
            ]
          ],
          [
            [
              [
                173.72856375832075,
                63.50002016223317
              ],
              [
                173.75,
                63.50000000000001
              ],
              [
                173.79990855352568,
                63.50004109470203
              ],
              [
                173.72856375832075,
                63.50002016223317
              ]
            ]
          ],
          [
            [
              [
                -168.99999999999997,
                89.98999999998411
              ],
              [
                -180.0,
                89.24018308667353
              ],
              [
                -180.0,
                71.5380257231102
              ],
              [
                -179.69101600000002,
                71.57797900000001
              ],
              [
                -179.40205100000003,
                71.56665
              ],
              [
                -179.11157200000002,
                71.596191
              ],
              [
                -178.353564,
                71.52919899999999
              ],
              [
                -177.53217800000002,
                71.26308599999999
              ],
              [
                -177.498486,
                71.21914100000001
              ],
              [
                -177.52358399999997,
                71.166895
              ],
              [
                -177.821777,
                71.067578
              ],
              [
                -178.06269500000002,
                71.04194300000002
              ],
              [
                -179.41567399999997,
                70.918994
              ],
              [
                -180.0,
                70.99301800000003
              ],
              [
                -180.0,
                68.98344699999998
              ],
              [
                -180.0,
                68.738672
              ],
              [
                -179.99995100000004,
                68.98344699999998
              ],
              [
                -179.59541,
                68.906494
              ],
              [
                -179.47085000000004,
                68.912402
              ],
              [
                -179.27929699999999,
                68.82519500000001
              ],
              [
                -178.873877,
                68.75410200000002
              ],
              [
                -178.689307,
                68.67514600000001
              ],
              [
                -178.53852500000002,
                68.58564499999997
              ],
              [
                -178.751465,
                68.660449
              ],
              [
                -178.69262699999996,
                68.54599600000003
              ],
              [
                -178.09746100000004,
                68.424805
              ],
              [
                -178.018701,
                68.32275400000002
              ],
              [
                -178.055811,
                68.264893
              ],
              [
                -177.796777,
                68.337988
              ],
              [
                -178.373047,
                68.56567400000002
              ],
              [
                -177.527246,
                68.294385
              ],
              [
                -177.63935499999997,
                68.24121100000002
              ],
              [
                -177.589209,
                68.224219
              ],
              [
                -177.40751999999998,
                68.245166
              ],
              [
                -177.297412,
                68.22251000000001
              ],
              [
                -175.34521499999997,
                67.67807600000003
              ],
              [
                -175.23252000000002,
                67.44667999999999
              ],
              [
                -175.374707,
                67.357373
              ],
              [
                -175.15507800000003,
                67.365381
              ],
              [
                -175.00268599999998,
                67.4375
              ],
              [
                -174.849854,
                67.348877
              ],
              [
                -174.938135,
                67.093018
              ],
              [
                -174.78364299999998,
                66.91679700000002
              ],
              [
                -174.77119100000002,
                66.78432600000001
              ],
              [
                -174.870117,
                66.72490199999999
              ],
              [
                -174.924902,
                66.62314499999998
              ],
              [
                -174.67465800000002,
                66.60341799999999
              ],
              [
                -174.50376,
                66.53793900000001
              ],
              [
                -174.394092,
                66.344238
              ],
              [
                -174.20600600000003,
                66.452344
              ],
              [
                -174.08476600000003,
                66.473096
              ],
              [
                -174.017725,
                66.38251999999999
              ],
              [
                -174.065039,
                66.22959
              ],
              [
                -173.89995100000002,
                66.310498
              ],
              [
                -173.773975,
                66.434668
              ],
              [
                -173.920947,
                66.52177700000001
              ],
              [
                -174.101855,
                66.540625
              ],
              [
                -174.19633799999997,
                66.58071300000002
              ],
              [
                -174.23159199999998,
                66.63188500000001
              ],
              [
                -174.06059599999998,
                66.689795
              ],
              [
                -174.005518,
                66.77861300000002
              ],
              [
                -174.086426,
                66.94287100000001
              ],
              [
                -174.341846,
                67.039746
              ],
              [
                -174.518945,
                67.049072
              ],
              [
                -174.55009800000002,
                67.090625
              ],
              [
                -173.88403300000002,
                67.106445
              ],
              [
                -173.67968799999997,
                67.144775
              ],
              [
                -173.157813,
                67.069092
              ],
              [
                -173.32353499999996,
                66.95483399999999
              ],
              [
                -173.34736300000003,
                66.851367
              ],
              [
                -173.25893599999998,
                66.840088
              ],
              [
                -173.175391,
                66.8646
              ],
              [
                -173.22827100000003,
                66.96855500000001
              ],
              [
                -173.193018,
                66.993604
              ],
              [
                -173.14682599999998,
                66.998975
              ],
              [
                -172.962598,
                66.942139
              ],
              [
                -172.64057599999998,
                66.92500000000001
              ],
              [
                -172.520117,
                66.95249000000001
              ],
              [
                -173.00190400000002,
                67.03398400000003
              ],
              [
                -173.00752,
                67.064893
              ],
              [
                -172.27392600000002,
                66.965576
              ],
              [
                -172.03149399999998,
                66.973291
              ],
              [
                -171.795557,
                66.931738
              ],
              [
                -171.360498,
                66.676758
              ],
              [
                -170.92666000000003,
                66.529736
              ],
              [
                -170.50952100000003,
                66.343652
              ],
              [
                -170.473096,
                66.320264
              ],
              [
                -170.604443,
                66.248926
              ],
              [
                -170.301221,
                66.294043
              ],
              [
                -170.191943,
                66.20127000000002
              ],
              [
                -170.243945,
                66.169287
              ],
              [
                -169.88881800000001,
                66.163477
              ],
              [
                -169.777881,
                66.143115
              ],
              [
                -169.72915000000003,
                66.058105
              ],
              [
                -169.831689,
                65.998926
              ],
              [
                -170.003809,
                66.033496
              ],
              [
                -170.159424,
                66.00805700000001
              ],
              [
                -170.540674,
                65.86543
              ],
              [
                -170.560986,
                65.65625000000003
              ],
              [
                -170.666309,
                65.621533
              ],
              [
                -171.00146500000002,
                65.664893
              ],
              [
                -171.421533,
                65.81035200000001
              ],
              [
                -171.451172,
                65.794238
              ],
              [
                -171.40170900000004,
                65.751758
              ],
              [
                -171.13442399999997,
                65.62807600000001
              ],
              [
                -171.054248,
                65.54995099999998
              ],
              [
                -171.10585900000004,
                65.511035
              ],
              [
                -171.216016,
                65.502783
              ],
              [
                -171.46626000000003,
                65.533105
              ],
              [
                -171.90712899999997,
                65.495947
              ],
              [
                -171.95717799999997,
                65.54209
              ],
              [
                -172.28227500000003,
                65.582324
              ],
              [
                -172.43569300000001,
                65.66962900000001
              ],
              [
                -172.60771500000004,
                65.690039
              ],
              [
                -172.783301,
                65.68105499999999
              ],
              [
                -172.556543,
                65.612012
              ],
              [
                -172.353955,
                65.495996
              ],
              [
                -172.41777299999998,
                65.44956100000002
              ],
              [
                -172.232812,
                65.455713
              ],
              [
                -172.211572,
                65.42519500000002
              ],
              [
                -172.30927699999998,
                65.275635
              ],
              [
                -172.66191400000002,
                65.24853499999999
              ],
              [
                -172.286035,
                65.20571300000002
              ],
              [
                -172.21318399999998,
                65.048145
              ],
              [
                -172.592822,
                64.907959
              ],
              [
                -172.99912099999997,
                64.87661100000001
              ],
              [
                -173.085791,
                64.817334
              ],
              [
                -172.998047,
                64.837109
              ],
              [
                -172.801074,
                64.79052700000001
              ],
              [
                -172.92402299999998,
                64.704932
              ],
              [
                -172.90087899999997,
                64.62885700000001
              ],
              [
                -172.487402,
                64.544189
              ],
              [
                -172.37876,
                64.431543
              ],
              [
                -172.40146500000003,
                64.413916
              ],
              [
                -172.73915999999997,
                64.412256
              ],
              [
                -172.79150400000003,
                64.498926
              ],
              [
                -172.903174,
                64.526074
              ],
              [
                -172.949023,
                64.50737299999999
              ],
              [
                -172.91586899999996,
                64.36943400000003
              ],
              [
                -173.00913100000002,
                64.29746100000001
              ],
              [
                -173.157422,
                64.279736
              ],
              [
                -173.27548799999997,
                64.28964800000001
              ],
              [
                -173.37568400000004,
                64.354883
              ],
              [
                -173.37553700000004,
                64.4104
              ],
              [
                -173.309229,
                64.442676
              ],
              [
                -173.32749,
                64.539551
              ],
              [
                -173.603613,
                64.365479
              ],
              [
                -173.729736,
                64.36450200000002
              ],
              [
                -174.001367,
                64.448975
              ],
              [
                -174.318018,
                64.63764600000002
              ],
              [
                -174.570557,
                64.717773
              ],
              [
                -175.03603500000003,
                64.813672
              ],
              [
                -175.255908,
                64.793994
              ],
              [
                -175.44213900000003,
                64.816699
              ],
              [
                -175.853857,
                65.01084
              ],
              [
                -175.856152,
                65.23281199999998
              ],
              [
                -175.922949,
                65.35248999999999
              ],
              [
                -176.093262,
                65.471045
              ],
              [
                -177.05625,
                65.613623
              ],
              [
                -177.175244,
                65.60166
              ],
              [
                -177.48876999999996,
                65.503711
              ],
              [
                -178.41250000000002,
                65.495557
              ],
              [
                -178.504639,
                65.537207
              ],
              [
                -178.52592800000002,
                65.59301799999999
              ],
              [
                -178.502344,
                65.74043
              ],
              [
                -178.67915000000002,
                65.79536100000001
              ],
              [
                -178.791064,
                65.864746
              ],
              [
                -178.939063,
                66.032764
              ],
              [
                -178.746729,
                66.013672
              ],
              [
                -178.693799,
                66.124219
              ],
              [
                -178.586523,
                66.198437
              ],
              [
                -178.526563,
                66.401562
              ],
              [
                -178.86811500000002,
                66.18706100000001
              ],
              [
                -178.91552700000003,
                66.17993199999997
              ],
              [
                -179.10507800000002,
                66.231934
              ],
              [
                -179.143408,
                66.37504899999999
              ],
              [
                -179.192676,
                66.31254900000002
              ],
              [
                -179.340137,
                66.2875
              ],
              [
                -179.327197,
                66.162598
              ],
              [
                -179.616162,
                66.127881
              ],
              [
                -179.68330100000003,
                66.18413099999998
              ],
              [
                -179.78364299999998,
                66.017969
              ],
              [
                -179.78969699999996,
                65.900879
              ],
              [
                -179.72832,
                65.80380899999999
              ],
              [
                -179.36596700000004,
                65.638623
              ],
              [
                -179.344385,
                65.575244
              ],
              [
                -179.35210000000004,
                65.51674799999999
              ],
              [
                -179.70459,
                65.187207
              ],
              [
                -180.0,
                65.067236
              ],
              [
                -180.0,
                63.50002871830529
              ],
              [
                -178.75000000000003,
                63.50000000000001
              ],
              [
                -176.75,
                63.50000000000001
              ],
              [
                -174.74999999999997,
                63.50000000000001
              ],
              [
                -173.00000000000003,
                63.50000000000001
              ],
              [
                -171.81874969066882,
                63.50005127807254
              ],
              [
                -171.746387,
                63.703075999999996
              ],
              [
                -171.646484,
                63.72700199999997
              ],
              [
                -171.44785200000004,
                63.615674000000006
              ],
              [
                -171.034863,
                63.585498
              ],
              [
                -170.874609,
                63.593994
              ],
              [
                -170.67251000000002,
                63.668848
              ],
              [
                -170.43041999999997,
                63.69882799999999
              ],
              [
                -170.299365,
                63.68061500000001
              ],
              [
                -170.121826,
                63.61752900000001
              ],
              [
                -170.02646876351494,
                63.50002434750341
              ],
              [
                -168.99999999999997,
                63.50000000000001
              ],
              [
                -168.99999999999997,
                89.98999999998411
              ]
            ]
          ],
          [
            [
              [
                -171.00969212589797,
                63.5000095845078
              ],
              [
                -171.0,
                63.50000000000001
              ],
              [
                -170.95878449651718,
                63.50003541125052
              ],
              [
                -171.00969212589797,
                63.5000095845078
              ]
            ]
          ],
          [
            [
              [
                -170.25,
                63.50000000000001
              ],
              [
                -170.23934437677522,
                63.50001049505787
              ],
              [
                -170.29279375221194,
                63.50003648930626
              ],
              [
                -170.25,
                63.50000000000001
              ]
            ]
          ],
          [
            [
              [
                -171.24999999999997,
                63.50000000000001
              ],
              [
                -171.23751913849236,
                63.50001219904698
              ],
              [
                -171.29518073424322,
                63.500038080834784
              ],
              [
                -171.24999999999997,
                63.50000000000001
              ]
            ]
          ],
          [
            [
              [
                -171.50000000000003,
                63.50000000000001
              ],
              [
                -171.46720260748137,
                63.500029314793856
              ],
              [
                -171.54531613838805,
                63.50003816971047
              ],
              [
                -171.50000000000003,
                63.50000000000001
              ]
            ]
          ],
          [
            [
              [
                -170.54629832415623,
                63.5000388098741
              ],
              [
                -170.49999999999997,
                63.50000000000001
              ],
              [
                -170.46877561434042,
                63.500028110937116
              ],
              [
                -170.54629832415623,
                63.5000388098741
              ]
            ]
          ],
          [
            [
              [
                -170.78038585024495,
                63.50002746086602
              ],
              [
                -170.75000000000003,
                63.50000000000001
              ],
              [
                -170.70322613818476,
                63.50003911696479
              ],
              [
                -170.78038585024495,
                63.50002746086602
              ]
            ]
          ],
          [
            [
              [
                -171.75,
                63.50000000000001
              ],
              [
                -171.70240548140274,
                63.50003964254766
              ],
              [
                -171.7787660759685,
                63.50002618875673
              ],
              [
                -171.75,
                63.50000000000001
              ]
            ]
          ],
          [
            [
              [
                -180.0,
                71.17459333333333
              ],
              [
                -180.0,
                71.094336
              ],
              [
                -179.99995100000004,
                71.18422899999999
              ],
              [
                -180.0,
                71.464648
              ],
              [
                -180.0,
                71.17459333333333
              ]
            ]
          ]
        ]
      }
    }
  ]
}